No.,자음그룹,한자,대표훈음,원획수,뜻풀이(원문),자원오행,원본페이지,비고
1,가,加,더할 가,5,"더하다, 배불다, 입다, 쓸다, 처하다, 치다",水,12,
2,가,可,옳을 가,5,"옳다, 찬성하다, 듣다",水,12,
3,가,价,착할 개,6,"착하다, 크다, 심부름 꾼. 값 가",火,21,
4,가,伽,절 가,7,"절, 사찰, 가지",火,12,
5,가,佳,아름다울 가,8,"아름답다, 좋다, 좋아하다, 크다",火,12,
6,가,坷,평탄하지않을 가,8,"더하다, 베풀다, 입다, 쓸다, 처하다, 치다",土,12,
7,가,呵,꾸짖을 가,8,"꾸짖다, 웃다, 붐다, 비난하다",水,12,
8,가,岢,산 이름 가,8,땅이름. 산 이름 가,木,,"2024 보완전사(김기승 성명학 9,491자 기준본 대조 추가); 기준본 음(대표) 필드 오류로 뜻풀이 텍스트에서 재추출함"
9,가,柯,가지 가,9,"가지, 잎, 줄기, 자루, 밥그릇",木,12,
10,가,枷,도리깨 가,9,"도리깨, 횟대, 칼",木,12,
11,가,架,시렁 가,9,"시렁, 횟대, 말뚝, 잠자리",木,12,
12,가,泇,물 이름 가,9,땅이름. 물 이름 가,木,,"2024 보완전사(김기승 성명학 9,491자 기준본 대조 추가); 기준본 음(대표) 필드 오류로 뜻풀이 텍스트에서 재추출함"
13,가,牁,배말뚝 가,9,배말뚝. 배말뚝 가,木,,"2024 보완전사(김기승 성명학 9,491자 기준본 대조 추가); 기준본 음(대표) 필드 오류로 뜻풀이 텍스트에서 재추출함"
14,가,家,집 가,10,"집, 가정, 남편, 아내, 살다. 뛰어난 사람",木,12,
15,가,哥,노래 가,10,"노래, 소리, 노랫소리",水,12,
16,가,賀,옳을 가,10,"좋다, 옳다, 훌륭하다",水,12,
17,가,珂,옥이름 가,10,"옥 이름, 흰 마노, 말 굴레",金,12,
18,가,珈,머리꾸미개 가,10,"머리꾸미개, 떨잠",金,13,원획수 육필 수정(10)
19,가,哿,옳을 가,10,"옳다, 마땅하다(맞고 정당함을 이룸). 옳음이나 찬동을 나타내는 옛 표현, 문어적 용법(문헌적 사용)",水,,"2024 보완전사(김기승 성명학 9,491자 기준본 대조 추가)"
20,가,痂,상처 위에 생긴 딱지 가,10,상처 위에 생긴 딱지(가피). 피부에 생긴 마른 딱지나 궤양의 표면(의학적 용어로의 사용),水,,"2024 보완전사(김기승 성명학 9,491자 기준본 대조 추가)"
21,가,袈,가사 가,11,"가사, 승려의 옷",木,12,
22,가,茄,연줄기 가,11,"연 줄기, 연, 가지, 나라이름",木,12,
23,가,笳,갈잎피리 가,11,갈잎 피리,木,12,
24,가,苛,매울 가,11,"맵다, 꾸짖다, 독하다, 까다롭다",木,12,
25,가,舸,큰배 가,11,"배, 큰 배",木,12,
26,가,耞,도리깨 가,11,도리깨,木,12,
27,가,假,빌릴 가,11,"거짓, 빌리다, 빌려주다",火,12,
28,가,街,거리 가,12,"거리, 큰 길, 길",火,13,
29,가,軻,굴대 가,12,"굴대, 높다, 맹자의 이름",火,13,
30,가,斝,술잔 가,12,"술잔, 빌다",火,13,
31,가,迦,부처이름 가,12,"부처이름, 막다",土,13,
32,가,跏,책상다리 가,12,"책상다리, 도사리고 앉다",土,13,
33,가,訶,꾸짖을 가,12,"책망하다, 꾸짖다, 야단치다",金,13,
34,가,婽,고울 가,12,고울. 고울 가,木,,"2024 보완전사(김기승 성명학 9,491자 기준본 대조 추가); 기준본 음(대표) 필드 오류로 뜻풀이 텍스트에서 재추출함"
35,가,渮,강 이름 가,12,늪이름. 강 이름 가,木,,"2024 보완전사(김기승 성명학 9,491자 기준본 대조 추가); 기준본 음(대표) 필드 오류로 뜻풀이 텍스트에서 재추출함"
36,"가,하",徦,이를 가,12,이를. 이를 가. 멀 하,木,,"2024 보완전사(김기승 성명학 9,491자 기준본 대조 추가); 기준본 음(대표) 필드 오류로 뜻풀이 텍스트에서 재추출함"
37,가,暇,겨를 가,13,"겨를, 여유, 여가, 틈, 한가하다",火,13,
38,가,嫁,시집갈 가,13,"시집가다, 시집 보내다, 가다",土,13,
39,가,賈,값 가,13,"姓, 값, 사다, 팔다, 나라이름",金,13,
40,가,賈,장사 고,13,"장사, 상인, 상품, 사다, 팔다. 값, 값어치, 가격, 명성, 평판",金,37,
41,가,椵,나무 이름 가,13,유자. 나무 이름 가,木,,"2024 보완전사(김기승 성명학 9,491자 기준본 대조 추가); 기준본 음(대표) 필드 오류로 뜻풀이 텍스트에서 재추출함"
42,가,榎,오동나무 가,14,오동나무,木,13,뜻풀이 육필 수정
43,가,歌,노래할 가,14,"노래하다, 노래소리",金,13,
44,가,嘏,클 가,14,"클 하, 크다, 장대하다, 복받다",水,13,
45,가,嘉,아름다울 가,14,"아름답다, 착하다, 경사스럽다. 기뻐하다, 즐기다",水,13,
46,가,稼,심을 가,15,"심다, 농사, 익은 벼이삭",木,13,
47,가,葭,갈대 가,15,"갈대, 연잎, 갈잎피리",木,13,
48,가,價,값 가,15,"값, 가격, 많다, 역할",火,13,
49,가,駕,멍에 가,15,"멍에, 임금이 탄 수레, 능가하다. 보내다",火,13,
50,가,檟,오동나무 가,17,"오동나무, 매, 회초리, 茶의 일종",木,13,
51,가,謌,노래 가,17,"노래, 노래하다, 읊다",金,13,
52,각,各,서로 각,6,"각각, 서로, 따로",水,14,
53,각,角,견줄 각,7,"뿔, 모, 귀, 구석, 견주다, 총각",木,14,
54,각,却,물리칠 각,7,"물리치다, 물러나다, 뒤집다, 도리어, 되돌아가다",木,14,
55,각,刻,새길 각,8,"새기다, 깎다, 해하다, 모질다",金,14,
56,각,卻,물리칠 각,9,"물리치다, 물러나다, 그치다",木,14,
57,각,咯,토할 각,9,"토하다, 트림, 꿩 울음 소리",水,14,
58,각,恪,삼가할 각,10,"삼가다, 공경하다, 근신하다",火,14,
59,각,埆,험할 각,10,"험하다, 메마르다, 모자라다, 다투다",土,14,
60,각,珏,쌍옥 각,10,"쌍 옥, 사람이름",金,14,
61,"각,혹,학",隺,고상할 각,10,뜻고상할. 고상할 각. 오를 혹. 두루미 학,木,,"2024 보완전사(김기승 성명학 9,491자 기준본 대조 추가); 기준본 음(대표) 필드 오류로 뜻풀이 텍스트에서 재추출함"
62,각,桷,서까래 각,11,"서까래, 가지",木,14,
63,각,殼,껍질 각,12,"껍질, 씨앗",木,14,뜻풀이 육필 수정
64,각,搉,칠 각,13,"치다, 끌어 쓰다, 독차지하다, 생각, 대략",木,14,
65,각,脚,다리 각,13,"밟다, 다리, 몸둘 곳",水,14,
66,각,較,견줄 교,13,"견주다, 비교하다, 환하다, 조금. 차이 각, 견줄 각",火,49,
67,각,閣,누각 각,14,"누각, 대궐, 선반, 복도, 마을",木,14,
68,각,憨,삼가할 각,14,삼가하다,火,14,
69,각,慤,삼가할 각,15,"삼가하다, 바르다, 정성, 순박하다",火,14,
70,각,榷,나무다리 교,15,"외나무다리. 나무다리 각, 세금 각, 토의할 각",木,50,
71,각,愨,성실하고 정직할 각,15,"성실하고 정직하다, 바르고 부끄럼이 없다(성품의 뜻). 근엄하고 신중하다(언행이 삼가는 태도)",火,,"2024 보완전사(김기승 성명학 9,491자 기준본 대조 추가)"
72,각,擱,놓을 각,18,"놓다, 멎다",火,14,
73,각,覺,깨달을 각,20,"깨닫다, 나타내다, 높다, 크다, 곧다",火,14,
74,간,干,방패 간,3,"방패, 막다, 범하다, 구하다. 간여하다",木,14,
75,간,刊,새길 간,5,"새기다, 책을 펴내다, 베다, 깎다",金,14,
76,간,艮,견고할 간,6,"견고하다, 어긋나다, 머무르다. 괘이름",土,15,
77,간,奸,침범할 간,6,"침범하다, 간음하다, 간악, 간사하다",土,15,
78,간,杆,방패 간,7,"박달나무, 방패, 기둥, 쓰러진 나무",木,15,
79,간,忓,흔들 간,7,"요란하다, 흔들다",火,15,
80,간,忓,방해할 간,7,"방해하다, 어지럽다.",火,401,옥편 6획
81,간,秆,볏짚 간,8,"벼, 볏짚",木,15,
82,간,侃,강직할 간,8,"강직하다, 굳세다",火,15,
83,간,玕,옥돌 간,8,"아름다운 돌, 옥 돌, 나무이름",金,15,
84,간,矸,산돌 간,8,"희고 깨끗한 돌, 산돌",金,15,
85,간,竿,장대 간,9,"장대, 횃대, 범하다",木,15,
86,간,衎,기뻐할 간,9,"기뻐하다, 즐기다",火,15,
87,간,柬,가릴 간,9,"가리다, 분간하다, 편지",木,15,
88,간,看,볼 간,9,"보다, 분별하다, 지키다, 대접",木,15,
89,간,姦,간사할 간,9,"간사하다, 간음하다, 속이다, 훔치다",土,15,
90,간,肝,요긴할 간,9,"간, 마음, 충정, 요긴하다",水,15,
91,간,栞,표지 간,10,"표지, 도표, 나무를 베다",木,15,
92,간,迀,구할 간,10,"구하다, 앞으로 보내다, 가로막다",土,15,자형 확인요망(저해상도)
93,간,赶,달릴 간,10,"달리다, 쫓다",火,15,
94,간,桿,나무이름 간,11,"나무이름, 짚, 볏짚",木,15,
95,간,偘,강직할 간,11,"강직하다, 굳세고, 바르다, 화락하다",火,15,
96,간,涆,물 빨리 흐를 간,11,물빨리흐를. 물 빨리 흐를 간,木,,"2024 보완전사(김기승 성명학 9,491자 기준본 대조 추가); 기준본 음(대표) 필드 오류로 뜻풀이 텍스트에서 재추출함"
97,간,間,사이 간,12,"사이, 틈, 들어가다, 엿보다, 줄이다",木,15,
98,간,稈,볏짚 간,12,"짚, 볏짚, 보리짚",木,16,
99,간,莨,덩굴옷나무 간,12,"덩굴옻나무, 초오, 미나리아재비",木,16,
100,간,揀,가릴 간,13,"가리다, 가려뽑다, 분별하다. 구별하다",木,16,
101,간,幹,근본 간,13,"줄기, 근본, 천간, 재능, 등뼈, 말리다",木,16,
102,간,榦,근본 간,14,"기둥, 재능, 근본, 옆구리",木,16,
103,간,茛,마나리아재비 간,14,마나리아재비 간. 미나리아재비 간,木,,"2024 보완전사(김기승 성명학 9,491자 기준본 대조 추가)"
104,간,墾,밭갈 간,16,"밭 갈다, 개간하다, 다스리다. 힘쓰다",土,16,
105,간,諫,간할 간,16,"간하다, 충고하다, 벼슬이름",金,16,
106,간,澗,산골물 간,16,"산골 물, 큰 물, 강 이름",水,16,
107,간,慳,아낄 간,16,"아끼다, 절약하다(낭비하지 않음). 인색하다, 쩨쩨함을 나타냄(지나치게 쓰기를 꺼려함)",火,,"2024 보완전사(김기승 성명학 9,491자 기준본 대조 추가)"
108,간,懇,정성 간,17,"정성, 간절하다",火,16,
109,간,艱,어려울 간,17,"어렵다, 괴롭다, 힘들다",土,16,
110,간,磵,산골물 간,17,"산골 물, 큰 물, 강 이름. 澗과 동자",金,16,
111,간,癎,경풍 간,17,"경풍, 간질. 癇과 동자",水,16,
112,간,癇,간질 간,17,"간질(신경학적 발작 질환). 발작적 경련, 갑작스러운 경련 증상(광범위한 발작 상태를 이르는 말)",水,,"2024 보완전사(김기승 성명학 9,491자 기준본 대조 추가)"
113,간,簡,가릴 간,18,"글, 편지, 문서, 대쪽, 가리다. 검열하다",木,16,
114,간,齦,웃을 간,21,"물다, 뜯다, 잇몸",金,16,
115,갈,乫,땅이름 갈,6,"땅 이름, 음역자",木,16,
116,"갈,준",夋,천천히 걷는 모양 준,7,갈. 천천히 걷는 모양 준,金,,"2024 보완전사(김기승 성명학 9,491자 기준본 대조 추가); 1차 음의 뜻풀이 누락으로 타 음(준)의 훈으로 대표훈음 대체"
117,갈,曷,어찌 갈,9,"어찌, 어느 때, 인제",火,16,
118,갈,秸,볏짚 갈,11,"볏짚, 새 이름",木,16,
119,갈,喝,외칠 갈,12,"외치다, 부르다, 꾸짖다",水,17,페이지 상단 별도 박스 표기
120,갈,渴,목마를 갈,13,"목이 마르다, 갈증, 서두르다",水,16,
121,갈,楬,풋말 갈,13,"풋말, 악기이름, 산 이름, 꿈임없음",木,16,
122,갈,竭,다할 갈,14,"다하다, 물이 마르다, 엉기다",土,17,
123,갈,碣,비석 갈,14,"비석, 우뚝 솟다, 우뚝 솟은 돌",金,17,
124,갈,葛,칡 갈,15,"칡, 갈포, 넝쿨, 나라이름",木,17,
125,갈,褐,털옷 갈,15,"털 옷, 베 옷, 갈 옷, 갈 색",木,17,
126,갈,羯,불깐흑양 갈,15,불 깐 흑양,土,17,
127,갈,蝎,전갈 갈,15,"전갈, 수궁, 나무 굼벵이",木,17,
128,갈,嶱,산 험할 갈,15,돌우뚝할. 산 험할 갈,木,,"2024 보완전사(김기승 성명학 9,491자 기준본 대조 추가); 기준본 음(대표) 필드 오류로 뜻풀이 텍스트에서 재추출함"
129,갈,㗿(미상),꾸짖을 갈,16,"꾸짖다, 큰 소리, 고함치다",水,16,"자형 미상(저해상도, 획수만 육필수정 16 확인)"
130,갈,噶,맹세할 갈,16,"맹세하다, 굳게 약속하다(엄숙히 언약함). 단호히 말하다, 강하게 주장하다(엄중한 어조로 말함)",水,,"2024 보완전사(김기승 성명학 9,491자 기준본 대조 추가)"
131,갈,鞨,가죽신 갈,18,"가죽신, 말갈, 북방민족, 오랑캐",金,17,
132,갈,蠍,전갈 갈,19,,木,17,뜻풀이 육필 수정 있음(판독 불가)
133,감,甘,달 감,5,"달다, 달콤하다, 맛나다, 즐기다",土,17,
134,감,坎,구덩이 감,7,"구덩이, 험하다, 빠지다, 어렵다. 악기",土,17,
135,감,坩,도가니 감,8,"도가니, 쇠붙이를 녹이는 그릇",土,17,
136,감,柑,감자나무 감,9,"감자나무, 입을 다물다, 재갈 먹이다",木,17,
137,감,弇,깊을 감,9,"깊다, 덮다",木,17,
138,감,玲,옥이름 감,9,"옥 이름, 아름다운 옥",金,17,
139,감,泔,뜨물 감,9,"뜨물, 가득 차다, 담다, 강 이름",水,17,
140,감,疳,감질 감,10,"소화불량, 감질 병, 창 병",水,17,
141,감,紺,감색 감,11,"감색, 검푸른 색, 야청 빛",木,17,
142,감,勘,조사할 감,11,"헤아리다, 조사하다, 신문하다. 따지다",土,17,
143,감,塪,구덩이 감,11,"구덩이, 빠지다",土,17,
144,"감,함",埳,구덩이 감,11,구덩이 감. 빠질 함,土,,"2024 보완전사(김기승 성명학 9,491자 기준본 대조 추가)"
145,감,欿,서운할 감,12,"서운하다, 시름겹다",火,17,
146,감,邯,풍성할 감,12,"땅 이름, 성 이름, 풍성하다",土,18,
147,감,堪,견딜 감,12,"견디다, 뛰어나다, 감당하다, 맡다",土,18,
148,감,嵌,산깊을 감,12,"골짜기, 산이 깊다, 험하다",土,18,
149,감,嵁,험준할 감,12,험준하다,土,18,
150,감,敢,감히 감,12,"감히, 용맹스럽다, 굳세다, 함부로",金,18,
151,감,酣,즐길 감,12,"즐기다, 한창",金,18,
152,감,淦,고인물 감,12,"배에 괸 물, 진흙, 강 이름",水,18,
153,감,感,느낄 감,13,"느끼다, 감동하다, 감응하다, 깨닫다",火,18,
154,감,戡,평정할 감,13,"평정하다, 치다",金,18,
155,감,減,덜 감,13,"덜다, 줄다, 가볍게 하다, 적게 하다",水,18,
156,감,監,살필 감,14,"보다, 살피다, 본보기, 거울삼다. 감옥",金,18,
157,"감,짐",瑊,옥돌 감,14,옥돌. 옥돌 감. 옥돌 짐,木,,"2024 보완전사(김기승 성명학 9,491자 기준본 대조 추가); 기준본 음(대표) 필드 오류로 뜻풀이 텍스트에서 재추출함"
158,감,橄,감람나무 감,16,"감람나무, 상록교목",木,18,
159,감,憨,어리석을 감,16,"어리석다, 해치다",火,18,
160,감,澉,씻을 감,16,"씻다, 맛이 없다",水,18,
161,감,撼,흔들 감,17,흔들다,木,18,
162,감,瞰,굽어볼 감,17,"굽어보다, 내려다 보다",木,18,
163,감,憾,섭섭할 감,17,"한하다, 섭섭하다",火,18,
164,감,歁,바랄 감,17,"바라다, 바라고 빌다",火,18,
165,"감,함,렴",歛,줄 감,17,줄 감. 줄 함. 거둘 렴(염),火,,"2024 보완전사(김기승 성명학 9,491자 기준본 대조 추가)"
166,감,轗,가기힘들 감,20,"가기 힘들다, 어렵다",火,18,
167,감,鹹,소금기 감,21,"소금기, 덩어리 소금",水,18,
168,감,鹻,소금기 감,21,"소금기, 짠맛이 있음(염분이 많음). 염분이 많은 것과 관련된 상태나 장소(염전 등)",水,,"2024 보완전사(김기승 성명학 9,491자 기준본 대조 추가)"
169,감,龕,감실 감,22,"감실, 절탑, 불단",土,19,
170,감,鑑,거울 감,22,"거울, 보다, 본보기, 생각하다",金,19,
171,감,鑒,거울 감,22,"비치다, 밝다, 살피다, 경계하다",金,19,
172,감,矚,엿볼 감,25,엿보다,木,19,
173,감,矙,엿볼 감,25,"엿보다, 몰래 훔쳐보다(슬쩍 살피다). 세심히 관찰, 살피다(자세히 들여다봄)",木,,"2024 보완전사(김기승 성명학 9,491자 기준본 대조 추가)"
174,"감,공",灨,강 이름 감,28,물이름. 강 이름 감. 강 이름 공,木,,"2024 보완전사(김기승 성명학 9,491자 기준본 대조 추가); 기준본 음(대표) 필드 오류로 뜻풀이 텍스트에서 재추출함"
175,갑,甲,천간 갑,5,"첫 째, 시작하다, 갑옷, 우두머리. 김질",木,19,
176,갑,匣,갑 갑,7,"상자, 갑, 단위",木,19,
177,갑,岬,곳 갑,8,"바다로 뾰족하게 내민 땅, 산 허리",土,19,
178,갑,胛,어깻죽지 갑,11,"어깨 뼈, 견갑골, 어깻죽지",水,19,
179,갑,鉀,갑옷 갑,13,갑옷,金,19,페이지 상단 별도 박스 표기
180,갑,閘,수문 갑,13,"수문, 문을 여닫다, 빗장",木,19,
181,강,杠,깃대 강,7,"깃대, 다리, 들다, 수레덮개",木,19,
182,강,扛,들 강,7,"들다, 메다, 들어 올리다",木,19,
183,강,江,강 강,7,"강물, 물 이름, 큰 내",水,19,
184,강,忼,강개 강,8,"강개할 강, 비분강개하다",火,19,
185,강,羌,굳셀 강,8,"굳세다, 강하다, 종족이름, 오랑캐",土,19,
186,강,岡,산등성이 강,8,"언덕, 산등성이, 구릉, 산 봉우리",土,19,
187,강,玒,옥이름 강,8,"옥 이름, 공옥",金,19,
188,강,矼,징검다리 강,8,"돌다리, 징검다리, 성실하다",金,19,
189,강,舡,배 강,9,"배, 선박",木,19,
190,강,姜,성씨 강,9,"종족이름, 오랑캐, 티베트 족, 탄식",土,19,
191,강,㽘,지경 강,9,강. 지경 강. 소금밭 강,木,,"2024 보완전사(김기승 성명학 9,491자 기준본 대조 추가)"
192,강,豇,광저기 강,10,"동부 콩, 紅豆",木,19,
193,강,剛,굳셀 강,10,"굳세다, 억세다, 바야흐로",金,20,
194,"강,홍",䜫,골짜기 이름 강,10,강. 홍. 깊은 골짜기 홍. 골짜기 이름 강,木,,"2024 보완전사(김기승 성명학 9,491자 기준본 대조 추가)"
195,강,康,편안할 강,11,"편안하다, 화목하다, 즐겁다, 넓다",木,20,
196,강,罡,별이름 강,11,"북두칠성의 딴 이름, 별 이름",木,20,
197,강,堈,항아리 강,11,"언덕, 항아리, 독",土,20,
198,강,崗,언덕 강,11,"산등성이, 언덕. 岡의 속자",土,20,
199,강,強,굳셀 강,11,"강하다, 굳세다, 힘세다. 强의 속자",金,20,
200,강,缸,살촉 공,11,"살촉, 등잔 강, 등불 강",金,41,
201,강,絳,진홍색 강,12,"진홍색, 합치다, 땅이름",木,20,
202,강,茳,천궁 강,12,"천궁, 향초 이름, 천궁 모종",木,20,
203,강,傋,어리석을 강,12,"어리석다, 아첨하지 않다",火,20,
204,강,強,굳셀 강,12,"굳세다, 강하다, 힘쓰다, 포대기. 단단하다, 강요하다, 強과 동자","金,木",20,
205,강,控,당길 공,12,"당기다, 고하다, 아뢰다, 던지다. 칠 강, 두드릴 강",木,42,
206,강,强,힘이 셀 강,12,"힘이 세다, 강하다(강인함). 억지로 시키거나 밀어붙이다(강요하다) — 強의 이체자",木,,"2024 보완전사(김기승 성명학 9,491자 기준본 대조 추가)"
207,강,棡,가로대 강,12,강나무. 가로대 강,木,,"2024 보완전사(김기승 성명학 9,491자 기준본 대조 추가); 기준본 음(대표) 필드 오류로 뜻풀이 텍스트에서 재추출함"
208,강,焵,칼날 강,12,칼날벼슬. 칼날 강,木,,"2024 보완전사(김기승 성명학 9,491자 기준본 대조 추가); 기준본 음(대표) 필드 오류로 뜻풀이 텍스트에서 재추출함"
209,강,疆,지경 강,13,"경계, 끝, 나라, 국토, 벼슬이름. 한계, 굳세다, 강성하다",土,20,
210,강,跭,우뚝설 강,13,"우뚝 서다, 세우다, 우뚝 솟다. 세울 항",土,20,
211,강,畺,경계나 지경 강,13,경계나 지경(영역의 구분). 국경선이나 경작지의 경계선,土,,"2024 보완전사(김기승 성명학 9,491자 기준본 대조 추가)"
212,강,綱,다스릴 강,14,"벼리, 매다, 다스리다, 대강. 사물의근본",木,20,
213,강,嫝,편안할 강,14,"편안하다, 편안히 하다",土,20,
214,강,降,내릴 강,14,"내리다, 다다르다, 임하다, 물러나다",土,20,
215,강,腔,빈속 강,14,"빈 속, 가락, 곡조",水,20,
216,강,慷,강개할 강,15,"강개하다, 개탄하다",火,20,
217,강,僵,넘어질 강,15,"넘어지다, 쓰러지다, 뻣뻣해지다",火,20,
218,강,漮,빌 강,15,물빌. 빌 강,木,,"2024 보완전사(김기승 성명학 9,491자 기준본 대조 추가); 기준본 음(대표) 필드 오류로 뜻풀이 텍스트에서 재추출함"
219,강,穅,쌀겨 강,16,"굳세다, 억세다, 바야흐로",木,21,
220,강,壃,지경 강,16,"경계, 끝, 나라, 국토, 벼슬이름. 한계,굳세다, 강성하다",土,21,
221,강,彊,굳셀 강,16,"굳세다, 힘이 센 활. 서로 따르는 모양","金,木",21,
222,강,鋼,강철 강,16,"강철, 강하다, 굳세다",金,21,
223,강,繈,포대기 강,17,"포대기, 업다, 띠, 돈 꾸러미",木,21,
224,강,糠,겨 강,17,"겨, 매우 작은 것",木,21,
225,강,橿,나무이름 강,17,"나무이름, 감람나무, 굳센 모양. 성하다",木,21,
226,강,講,이야기할 강,17,"풀이하다, 이야기하다, 익히다. 강의, 꾀하다",金,21,
227,강,殭,굳어질 강,17,"굳어지다, 누에가 말라죽다. 죽어 썩지 않다",水,21,
228,강,襁,포대기 강,18,"포대기, 띠, 업다, 대 바구니",木,21,
229,강,鏳(미상),굳셀 강,18,"굳세다, 강하다, 힘쓰다, 단단하다. 강요하다, 鋼과 동자",金,21,"자형 확인요망(金+皿+正 조합, 저해상도)"
230,강,鎠,굳셀 강,18,굳셀 강. 강철 강,木,,"2024 보완전사(김기승 성명학 9,491자 기준본 대조 추가)"
231,강,薑,생강 강,19,생강,木,21,
232,강,疅,지경 강,19,"경계, 지경, 끝, 두둑. 경계를 정하다",土,21,
233,강,顜,밝을 강,19,밝다(빛나고 환함). 빛나거나 환한 상태를 이르는 고문적 표현,火,,"2024 보완전사(김기승 성명학 9,491자 기준본 대조 추가)"
234,강,鏹,돈꾸러미 강,20,"돈 꾸러미, 금",金,21,
235,강,韁,굴레 강,22,"고삐, 굴레",金,21,
236,강,鱇,천징어 강,22,"아귀, 볼락, 천징어",水,21,
237,개,介,도울 개,4,"끼리하다, 끼다, 돕다, 묶다, 갑옷",火,21,
238,"개,갈",匃,빌 개,5,빌 개. 빌 갈,木,,"2024 보완전사(김기승 성명학 9,491자 기준본 대조 추가)"
239,개,匄,빌릴 개,6,"빌리다, 구하다, 베풀다",金,21,
240,개,改,고칠 개,7,"고치다, 바로 잡다, 고쳐지다",金,21,
241,개,忋,믿을 개,7,믿을. 믿을 개,木,,"2024 보완전사(김기승 성명학 9,491자 기준본 대조 추가); 기준본 음(대표) 필드 오류로 뜻풀이 텍스트에서 재추출함"
242,개,皆,모두 개,9,"함께, 모두, 두루 미치다",金,22,
243,개,玠,홀 개,9,"큰 홀, 큰 서옥, 싱서로운 보석",火,22,
244,개,疥,옴 개,9,"옴, 학질, 더럽히다",水,22,
245,개,芥,먼지 개,10,"겨자, 먼지, 티끌",木,22,
246,개,個,낱 개,10,"낱, 개, 하나하나, 한 쪽, 치우치다",火,22,
247,"개,계",恝,여유없을 괄,10,"여유없음, 소홀하다, 푸대접. 근심없을 개, 산이름 계",火,45,
248,"개,해",衸,옷 폭 개,10,개. 해. 옷 폭 개. 잠방이 해,木,,"2024 보완전사(김기승 성명학 9,491자 기준본 대조 추가)"
249,개,盖,덮을 개,11,"덮다, 맞추다, 숭상하다. 蓋의 俗字",土,22,
250,개,勓,힘쓸 개,11,힘쓸. 힘쓸 개,木,,"2024 보완전사(김기승 성명학 9,491자 기준본 대조 추가); 기준본 음(대표) 필드 오류로 뜻풀이 텍스트에서 재추출함"
251,개,開,열 개,12,"열다, 열리다, 벌리다, 펴다. 깨우치다",木,22,
252,개,凱,즐길 개,12,"이기다, 즐거 하다, 함성. 싸움이 이기고 돌아오다",木,22,
253,개,剴,알맞을 개,12,"알맞다, 가르치다, 베다",金,22,
254,개,揩,문지를 개,13,"문지르다, 악기 이름, 세게 찌르다",木,22,
255,개,塏,높은땅 개,13,"높은 땅, 높고 건조한 땅",土,22,
256,"개,희",摡,씻을 개,13,거둘. 씻을 개. 취할 희,木,,"2024 보완전사(김기승 성명학 9,491자 기준본 대조 추가); 기준본 음(대표) 필드 오류로 뜻풀이 텍스트에서 재추출함"
257,"개,해",湝,출렁출렁 흐를 개,13,출렁출렁 흐를. 출렁출렁 흐를 개. 차가울 해,木,,"2024 보완전사(김기승 성명학 9,491자 기준본 대조 추가); 기준본 음(대표) 필드 오류로 뜻풀이 텍스트에서 재추출함"
258,개,箇,낱 개,14,"낱, 이 어 저 어조사. 個의 俗字",木,22,
259,개,愷,즐거울 개,14,"이기다, 즐거움, 승전가, 화락하다",火,22,
260,개,愾,성낼 개,14,"성내다, 차다, 가득하다, 한탄하다",火,22,
261,개,暟,비출 개,14,아름다울. 비출 개,木,,"2024 보완전사(김기승 성명학 9,491자 기준본 대조 추가); 기준본 음(대표) 필드 오류로 뜻풀이 텍스트에서 재추출함"
262,개,槪,대개 개,15,"대개, 대강, 절개, 평온함, 개탄하다",木,22,
263,개,槩,누를 개,15,"누르다, 평평하게하다, 저울. 평온하다, 절경, 경치",木,22,
264,개,慨,분개할 개,15,"분개하다, 슬퍼하다, 개탄하다",火,22,
265,개,漑,물댈 개,15,"물을 대다, 씻다, 닦다, 강. 물이 질펀하게 흐르다",水,22,
266,개,磕,북소리 개,15,"북소리, 돌 부딪는 소리",水,22,
267,개,䁗,밝을 개,15,개. 밝을 개,木,,"2024 보완전사(김기승 성명학 9,491자 기준본 대조 추가)"
268,개,蓋,덮을 개,16,"덮다, 숭상하다, 대개, 어찌, 덮개",木,23,
269,개,闓,열 개,18,"열다, 생각하다, 밝다, 즐기다. 시작하다, 문명하다",木,23,
270,개,鎧,갑옷 개,18,"갑옷, 갑옷을 입다, 무장하다",金,23,
271,객,客,손님 객,9,"손님, 나그네, 사람, 지난 세월. 여행. 붙어 살다",木,23,
272,객,喀,토할 객,12,"토하다, 뱉다, 구토하다",水,23,
273,갱,更,다시 갱,7,"다시, 재차, 또, 도리어. 고칠 경",火,23,
274,갱,坑,구덩이 갱,7,"구덩이, 입구, 구덩이에 묻다",土,23,
275,갱,硜,돌소리 갱,12,"돌 소리, 고집스럽다, 천박하다. 돌소리 경",金,23,
276,갱,粳,메벼 갱,13,"메 벼, 찰기가 없는 벼. 메버 경",木,23,
277,"갱,경",硻,굳을 갱,13,굳을. 굳을 갱. 돌 두드리는 소리 경,木,,"2024 보완전사(김기승 성명학 9,491자 기준본 대조 추가); 기준본 음(대표) 필드 오류로 뜻풀이 텍스트에서 재추출함"
278,갱,賡,이을 갱,15,"잇다, 계승하다, 보상하다",金,23,
279,갱,羹,국 갱,19,"국, 국 끓이다, 땅 이름",土,23,
280,갱,鏗,금옥소리 갱,19,"금 옥 소리, 맑고 낭랑한 소리",金,23,
281,거,巨,클 거,5,"크다, 많다, 이찌",火,23,
282,거,去,갈 거,5,"가다, 버리다, 떨어지다, 덜다. 쫓다, 떠나다","火,水",23,
283,거,車,수레 거,7,수레. 수레 차,火,23,
284,거,姖,산 이름 거,7,단정할. 산 이름 거,木,,"2024 보완전사(김기승 성명학 9,491자 기준본 대조 추가); 기준본 음(대표) 필드 오류로 뜻풀이 텍스트에서 재추출함"
285,거,岠,큰 산 거,7,큰산. 큰 산 거,木,,"2024 보완전사(김기승 성명학 9,491자 기준본 대조 추가); 기준본 음(대표) 필드 오류로 뜻풀이 텍스트에서 재추출함"
286,거,呿,하품 거,8,"하품하다, 입 벌리다",水,23,페이지 상단 별도 박스 표기
287,거,居,살 거,8,"살다, 살게 하다, 있다, 있다, 쌓다. 실림살이",木,23,
288,"거,구,궤",柜,느티나무 거,8,고리버들. 느티나무 거. 곱자 구. 궤 궤,木,,"2024 보완전사(김기승 성명학 9,491자 기준본 대조 추가); 기준본 음(대표) 필드 오류로 뜻풀이 텍스트에서 재추출함"
289,거,歫,막을 거,8,그칠. 막을 거,木,,"2024 보완전사(김기승 성명학 9,491자 기준본 대조 추가); 기준본 음(대표) 필드 오류로 뜻풀이 텍스트에서 재추출함"
290,거,拒,겨룰 거,9,"막다, 겨루다, 어기다, 방어",木,23,
291,거,炬,횃불 거,9,"횃 불, 등 불, 태우다",火,23,
292,거,昛,밝을 거,9,"밝다, 크다",火,23,
293,거,秬,검은기장 거,10,"검은 기장, 알이 검은 곡식",木,24,
294,거,倨,거만할 거,10,"거만하다, 걸터앉다, 불손하다",火,24,
295,거,祛,물리칠 거,10,"물리치다, 굳세다, 떨어 없애다",火,24,
296,거,袪,소매 거,11,"옷 소매, 굳센 모양, 들다, 가다",木,24,
297,거,苣,상추 거,11,"상추, 횃불, 검은 깨",木,24,
298,거,胠,열 거,11,"열다, 막다, 겨드랑이, 갈비",水,24,
299,거,据,일할 거,12,"일하다, 경영하는 모양, 일하는 모양",木,24,
300,거,距,멀어질 거,12,"떨어져 있다, 이르다, 뛰다, 겨루다. 크다",土,24,
301,거,莒,감자 거,13,"감자, 주나라 때 제후의 이름",木,24,
302,거,筥,광주리 거,13,"광주리, 통",木,24,
303,거,裾,옷깃 거,13,"옷깃, 옷자락, 옷이 크다, 찬란하다. 옷깃이 빳빳한 모양, 거만하다",木,24,
304,거,鉅,클 거,13,"크다, 강하다, 존귀한 사람, 어찌. 갈고리",金,24,
305,거,渠,도랑 거,13,"도랑, 개천, 크다, 우두머리, 옮기다",水,24,
306,거,腒,새포 거,14,"새의 포, 굽은 포, 절반",水,24,
307,거,駏,버새 거,15,버새. 양나귀와 숫말 사이에 태어난 트기,火,24,
308,거,踞,걸터앉을 거,15,"걸터앉다, 쭈그리고 앉다, 웅크리다",土,24,
309,거,鋸,자를 거,16,"자르다, 톱, 켜다",金,24,
310,거,據,의지할 거,17,"의지하다, 의거하다, 웅거하다. 기대다, 근원, 증거",木,24,
311,거,擧,들 거,18,"들다, 나다, 키우다, 일으키다, 모두. 올리다",木,24,
312,거,蕖,연꽃 거,18,"연꽃, 씨 토란, 풀 이름",木,24,
313,거,櫃,상자 궤,18,"상자, 궤, 함. 느티나무 거",木,59,
314,거,醵,추렴할 거,20,"술잔치, 술 추렴, 술 추렴하다. 추렴할 갹",金,23,획수 육필 수정(20)
315,거,遽,급할 거,20,"급히, 갑자기, 당황하다, 두려워하다. 놀래다",土,25,
316,거,欅,느티나무 거,21,느티나무. 느티나무 거,木,,"2024 보완전사(김기승 성명학 9,491자 기준본 대조 추가); 기준본 음(대표) 필드 오류로 뜻풀이 텍스트에서 재추출함"
317,거,籧,대자리 거,23,"대자리, 대 광주리, 천상바라기",木,25,
318,거,蘧,풀이름 거,23,"풀 이름, 술 패랭이꽃, 버섯",木,25,
319,건,巾,수건 건,3,"수건, 두건, 덮다, 헝겊",木,25,
320,건,件,물건 건,6,"사건, 물건, 조건, 구분하다, 가지",火,25,
321,"건,월",囝,아이 건,6,아이. 아이 건. 달 월,木,,"2024 보완전사(김기승 성명학 9,491자 기준본 대조 추가); 기준본 음(대표) 필드 오류로 뜻풀이 텍스트에서 재추출함"
322,건,建,세울 건,9,"세우다, 갈다, 열쇠, 길다, 엎지르다",木,25,
323,건,乹,하늘 건,9,乾. 하늘 건,木,,"2024 보완전사(김기승 성명학 9,491자 기준본 대조 추가); 기준본 음(대표) 필드 오류로 뜻풀이 텍스트에서 재추출함"
324,건,虔,정성 건,10,"정성스럽다, 배풀다, 굳다, 공경하다",木,25,
325,건,健,굳셀 건,11,"굳세다, 건강하다, 튼튼하다. 교만하다",火,25,
326,건,乾,하늘 건,11,"하늘, 임금, 굳세다, 부지런하다. 마르다, 말리다",金,25,
327,건,楗,빗장 건,13,"문빗장, 길다, 방죽",木,25,
328,건,揵,세울 건,13,"세우다, 메다, 들다, 문빗장, 걸다",木,25,
329,건,愆,허물 건,13,"허물, 잘질, 나쁜 병",火,25,
330,건,犍,불깐소 건,13,"불깐 소, 거세하다",土,25,
331,건,建(이체자),세울 건,13,"세우다, 길다, 걸어가는 모양. 建과 同字",土,25,建의 이체자(구체 자형 확인요망)
332,건,湕,물이름 건,13,물 이름,水,25,
333,"건,율",䢖,세울 건,13,건. 율. 걸어가는 모양 율. 세울 건. 엎지를 건,木,,"2024 보완전사(김기승 성명학 9,491자 기준본 대조 추가)"
334,건,搴,가질 건,14,"가지다, 걷다",木,25,
335,건,睷,눈으로셀 건,14,"눈으로 세다, 목측하다",木,25,
336,건,㨜,서로 도울 건,14,건. 서로 도울 건,木,,"2024 보완전사(김기승 성명학 9,491자 기준본 대조 추가)"
337,건,乾(이체자),하늘 건,15,"하늘, 임금, 굳세다, 부지런하다. 마르다, 말리다. 乾과 同字",水,25,"乾의 이체자(氵 변형, 구체 자형 확인요망)"
338,건,腱,힘줄 건,15,"힘줄, 힘줄 밑동, 큰 힘줄",水,25,
339,건,褰,출 건,16,"추다, 바지, 걷다",木,25,
340,건,踺,밝을 건,16,밝다,土,26,
341,건,漧,하늘 건,16,하늘 건. 마를 건,水,,"2024 보완전사(김기승 성명학 9,491자 기준본 대조 추가)"
342,건,蹇,절뚝거릴 건,17,"절뚝거리다, 굼뜨다, 고생하다, 절다",土,26,
343,건,鍵,열쇠 건,17,"열쇠, 비녀장, 건반",金,26,
344,건,謇,떠듬거릴 건,17,"떠듬다, 어렵다, 아~!",金,26,
345,건,鞬,동개 건,18,"동개, 활과 화살을 넣는 통",金,26,
346,건,騫,고개들 건,20,"고개들다, 이지러지다, 그르치다. 둔하다, 느리다, 손상하다",火,26,
347,건,攓,뽑을 건,21,걷을. 뽑을 건,木,,"2024 보완전사(김기승 성명학 9,491자 기준본 대조 추가); 기준본 음(대표) 필드 오류로 뜻풀이 텍스트에서 재추출함"
348,걸,乞,얻을 걸,3,"얻다, 구걸하다, 구하다, 빌다, 거지","木,水,金",26,
349,걸,乬,걷을 걸,6,"걷다, 걸음의 동작(걷는 행동). 걸음걸이, 발걸음의 모양(걸음의 상태)",木,,"2024 보완전사(김기승 성명학 9,491자 기준본 대조 추가)"
350,걸,杰,뛰어날 걸,8,"준걸, 뛰어나다, 훌륭하다. 傑의 俗字",火,26,
351,걸,桀,뛰어날 걸,10,"뛰어나다, 횃대, 걸다, 훌륭하다",木,26,
352,걸,傑,준걸 걸,12,"준걸, 뛰어나다, 훌륭하다. 杰과 同字",火,26,
353,걸,嵥,높을 걸,13,한없이높을. 높을 걸,木,,"2024 보완전사(김기승 성명학 9,491자 기준본 대조 추가); 기준본 음(대표) 필드 오류로 뜻풀이 텍스트에서 재추출함"
354,걸,榤,홰 걸,14,"홰, 횃대, 닭이나 새가 몰라 쉬는 곳",木,26,
355,걸,揭,헌걸찬 걸,14,"가다, 헌걸차다, 어찌, 왜",火,26,
356,"걸,흘",朅,갈 걸,14,갈 걸. 헌걸찰 흘,火,,"2024 보완전사(김기승 성명학 9,491자 기준본 대조 추가)"
357,검,芡,가시연 검,10,연 꽃의 한 종류,木,26,
358,검,鈐,자물쇠 검,12,"자물쇠, 비녀장, 열쇠, 도장찍다",金,26,
359,검,儉,검소할 검,15,"검소하다, 절약하다",火,26,
360,검,劍,칼 검,15,"칼, 비수, 찌르다, 죽이다. 劒과 同字",金,26,
361,검,黔,검을 검,16,"검다, 그을리다, 검은 빛",水,26,페이지 상단 별도 박스 표기
362,검,劒,죽일 검,16,"칼, 비수, 찌르다, 죽이다. 劍의 本字",金,26,
363,검,檢,검사할 검,17,"검사하다, 봉함, 법식, 행검, 조고. 초안, 조행",木,26,
364,검,撿,단속할 검,17,"단속하다, 조사하다, 맞춰보다",木,26,
365,검,瞼,눈꺼풀 검,18,"눈꺼풀, 고물",木,26,
366,겁,刦,겁탈할 겁,7,"겁탈하다, 겁주다, 으르다. 刧과 同字",金,27,
367,겁,刧,겁탈할 겁,7,"겁탈하다, 겁주다, 으르다. 劫과 同字",金,27,
368,겁,劫,겁탈할 겁,7,"겁탈하다, 겁주다, 으르다. 강도, 위협하다, 빼앗다",水,27,
369,"겁,거",抾,협박할 겁,9,가져갈. 협박할 겁. 잡을 거,木,,"2024 보완전사(김기승 성명학 9,491자 기준본 대조 추가); 기준본 음(대표) 필드 오류로 뜻풀이 텍스트에서 재추출함"
370,겁,怯,무서워할 겁,12,"겁내다, 무서워하다, 약하다, 피하다",火,27,
371,겁,迲,갈 겁,12,가다,土,27,
372,게,偈,쉴 게,11,"쉬다, 힘쓰다, 빠르다, 불경",火,27,
373,게,揭,높이들 게,13,"높이 들다, 걸다, 지다, 걷다",木,27,
374,게,憩,휴식할 게,16,"휴식하다, 쉬다",火,27,
375,격,格,이를 격,10,"이르다, 오르다, 바르다, 법. 격자, 자리",木,27,
376,격,挌,칠 격,10,"치다, 굳다, 마르다",木,27,
377,격,鬲,손잡이 격,10,"손잡이, 막다, 토하다, 솥",金,27,
378,격,覡,박수 격,14,"박수, 남자 무당",火,27,
379,격,毄,부딪칠 격,14,"부딪치다, 털다, 애쓰다",金,27,
380,격,鴃,때까치 격,15,"때까치, 백설조",火,27,
381,격,骼,뼈 격,16,"뼈, 골격, 치다, 때리다",金,27,
382,격,膈,흉격 격,16,"흉격, 횡격막, 막다",水,27,
383,격,檄,격문 격,17,"격문, 격서, 편지, 회문, 빼어나다",木,27,
384,격,闃,고요할 격,17,"고요하다, 조용하다, 인기척이 없다",木,27,
385,격,擊,칠 격,17,"치다, 부딪치다, 죽이다. 마주치다",木,27,
386,격,激,과격할 격,17,"빠르다, 과격하다, 격렬하다. 떨치다, 맑은 소리",水,27,
387,격,隔,막을 격,18,"막다, 사이가 뜨다, 막이. 이미, 이왕에",土,28,
388,견,犬,개 견,3,개,土,28,
389,견,見,볼 견,7,"보다, 보이다, 견해, 당하다. 나타날 현",火,28,
390,견,畎,밭도랑 견,9,"밭 도랑, 물 대다, 산골짜기",土,28,
391,견,肩,어깨 견,10,"어깨, 견디다, 곧다. 세 살 먹은 짐승",水,28,
392,견,堅,굳을 견,11,"굳다, 굳어지다, 견고하다. 갑주(갑옷과 투구)",土,28,
393,견,牽,이끌 견,11,"끌다, 이끌다, 거리끼다. 강요하다",土,28,
394,견,狷,성급할 견,11,"성급하다, 굽히지 아니하다. 의심하여 주저하다",土,28,
395,"견,현",涀,강 이름 견,11,작은도랑. 강 이름 견. 강 이름 현,木,,"2024 보완전사(김기승 성명학 9,491자 기준본 대조 추가); 기준본 음(대표) 필드 오류로 뜻풀이 텍스트에서 재추출함"
396,견,詃,꾈 견,12,꾀일. 꾈 견,木,,"2024 보완전사(김기승 성명학 9,491자 기준본 대조 추가); 기준본 음(대표) 필드 오류로 뜻풀이 텍스트에서 재추출함"
397,견,絹,비단 견,13,"명주, 비단",木,28,
398,견,筧,성급할 견,13,"대 홈통, 대나무의 종류",木,28,
399,"견,완",掔,끌 견,13,끌어갈. 끌 견. 팔뚝 완,木,,"2024 보완전사(김기승 성명학 9,491자 기준본 대조 추가); 기준본 음(대표) 필드 오류로 뜻풀이 텍스트에서 재추출함"
400,견,甄,밝힐 견,14,"밝히다, 교화하다, 굽다. 살피다, 나타내다",土,28,
401,견,鄄,땅 이름 견,15,땅이름. 땅 이름 견,木,,"2024 보완전사(김기승 성명학 9,491자 기준본 대조 추가); 기준본 음(대표) 필드 오류로 뜻풀이 텍스트에서 재추출함"
402,견,縳,명주 견,17,"명주, 장목, 고운 명주, 희다",木,28,
403,견,遣,보낼 견,17,"보내다, 시집을 보내다. 하사품, 원한을 풀다",土,28,
404,견,鵑,두견새 견,18,"두견새, 소쩍새. 진달래",火,28,
405,견,繭,누에고치 견,19,"고치, 누에고치, 솜옷, 실. 부르트다",木,28,
406,견,羂,올무 견,19,"올무, 올무를 써서 잡다. 짚어 매다",木,28,
407,견,繾,정성 견,20,"극진하다, 매우 정성스럽다",木,28,
408,견,譴,꾸짖을 견,21,"꾸짖다, 허물, 책망",金,28,
409,견,鰹,가물치 견,22,"가물치, 큰 가물치",土,28,
410,견,蠲,밝을 견,23,"밝다, 맑다, 병이 낫다, 제거하다",水,28,
411,결,抉,도려낼 결,8,"도려내다, 들추어 내다, 폭로하다. 파다, 파 헤치다, 구멍을 파다",木,29,
412,결,決,결단할 결,8,"결단하다, 판단하다, 결정하다. 반드시, 꼭",木,29,
413,"결,계",炔,불타기 시작할 결,8,연기 뭉게뭉게 일어날. 불타기 시작할 결. 연기 나는 모양 계,木,,"2024 보완전사(김기승 성명학 9,491자 기준본 대조 추가); 기준본 음(대표) 필드 오류로 뜻풀이 텍스트에서 재추출함"
414,결,㓞,깨끗할 결,9,"깨끗하다, 고결하다",土,29,
415,결,玦,패옥 결,9,"패옥, 활 깍지",金,29,
416,결,㛃,맑을 결,9,깨끗할. 맑을 결,木,,"2024 보완전사(김기승 성명학 9,491자 기준본 대조 추가); 기준본 음(대표) 필드 오류로 뜻풀이 텍스트에서 재추출함"
417,결,缺,없어질 결,10,"없어지다, 모자라다, 이지러지다. 떠나다",土,29,
418,결,觖,서운해할 결,11,"바라다, 들추어내다, 허를 차다",木,29,
419,결,訣,이별할 결,11,"이별하다, 헤어지다, 이별. 비결",金,29,
420,"결,열,견,연",焆,불빛 결,11,불빛 결. 불빛 열. 밝을 견. 불 모양 연,火,,"2024 보완전사(김기승 성명학 9,491자 기준본 대조 추가)"
421,결,洯,깨끗할 결,11,맑은물. 깨끗할 결,木,,"2024 보완전사(김기승 성명학 9,491자 기준본 대조 추가); 기준본 음(대표) 필드 오류로 뜻풀이 텍스트에서 재추출함"
422,결,結,맺을 결,12,"맺다, 맺히다, 매듭",木,29,
423,결,迼,뛸 결,13,"뛰다, 달리다",土,29,
424,결,潔,깨끗할 결,14,깨끗하다. 潔과 同字,水,29,
425,결,㓗,깨끗할 결,14,결. 깨끗할 결,木,,"2024 보완전사(김기승 성명학 9,491자 기준본 대조 추가)"
426,결,潔,깨끗할 결,16,"깨끗하다, 순결하다. 潔과 同字",水,29,
427,결,闋,마칠 결,17,"마치다, 문단다, 다하다",木,29,
428,결,䤿,새길 결,18,결. 새길 결,木,,"2024 보완전사(김기승 성명학 9,491자 기준본 대조 추가)"
429,겸,岭,산이름 겸,7,"산 이름, 높낮이가 있는 모양",土,29,
430,겸,岒,산이 작고 높을 겸,7,산이 작고 높을 겸. 산 작고 높을 겸,土,,"2024 보완전사(김기승 성명학 9,491자 기준본 대조 추가)"
431,겸,拑,입다물 겸,9,"입 다물다, 재갈을 물리다",木,29,
432,겸,兼,겸할 겸,10,"겸하다, 쌓다",金,29,
433,겸,傔,시중들 겸,12,"시중들다, 족하다, 시중꾼",火,29,
434,겸,鉗,칼 겸,13,"칼, 끼리다, 항쇄, 칼을 씌우다",金,29,
435,겸,嗛,겸손할 겸,13,"겸손하다, 싫어하다, 모자라다",水,29,
436,겸,嵰,산 높고 험한 모양 겸,13,험산높은모양. 산 높고 험한 모양 겸,木,,"2024 보완전사(김기승 성명학 9,491자 기준본 대조 추가); 기준본 음(대표) 필드 오류로 뜻풀이 텍스트에서 재추출함"
437,겸,槏,창틀 겸,14,창 틀,木,29,
438,겸,箝,재갈먹일 겸,14,"재갈 먹이다, 입을 다물다, 끼우다. 구하다, 탐구하다",木,30,
439,겸,慊,흡족할 겸,14,"좋다, 흡족하다, 찐덥지 않다",火,30,
440,겸,歉,흉년들 겸,14,"흉년 들다, 부족하다",火,30,
441,겸,縑,비단 겸,16,"비단, 합사비단",木,30,
442,겸,蒹,갈대 겸,16,갈대,木,30,
443,겸,謙,겸손할 겸,17,"겸손하다, 사양하다, 양보하다",金,30,
444,겸,黦,물이름 겸,17,"검다, 물 이름, 얕은 금향 빛",水,30,
445,"겸,금,감",黚,얕은 금향빛 겸,17,얕은 금향빛 겸. 검누를 겸. 검푸른빛 금. 검을 감,水,,"2024 보완전사(김기승 성명학 9,491자 기준본 대조 추가)"
446,겸,鎌,낫 겸,18,낫,金,30,
447,겸,鼸,두더쥐 겸,23,"두더지, 사향뒤쥐",木,30,
448,경,冂,멀 경,2,"멀다, 빌다, 밀다",火,30,
449,경,更,고칠 경,7,"고치다, 대신하다, 갚다, 잇다. 겪다, 지나다",火,30,
450,경,冏,빛날 경,7,"빛나다, 밝다",火,30,
451,경,巠,물줄기 경,7,"물줄기, 지하수, 물이 질펀하다",水,30,
452,경,冏,빛날 경,7,"빛나다, 밝다. 冏과 同字",火,30,획수 육필 수정(8→7)
453,경,囧,빛날 경,7,"빛날 경(빛나다, 환하다). 난처하거나 당황한 표정을 나타내는 이모티콘적 용법(현대적 사용)",水,,"2024 보완전사(김기승 성명학 9,491자 기준본 대조 추가)"
454,경,炅,빛날 경,8,"빛나다, 열, 밝다, 빛이 나타나다. 열기, 원기",火,30,
455,경,京,서울 경,8,"서울, 언덕, 크다, 수도. 가지런하다","火,土",30,
456,경,坰,들 경,8,"들, 교외, 성밖, 야외, 땅이름",土,30,
457,경,庚,천간 경,8,"천간, 고치다, 갚다, 나이. 별, 길",金,30,
458,경,灮,빛 광,8,"빛, 명예, 영화롭다, 문화, 크다. 넓다, 아름다움, 세월, 경치, 풍경",火,46,
459,경,徑,지름길 경,9,"지름길, 곧다, 빠르다, 곧바로",火,30,
460,경,亰,서울 경,9,"서울, 도읍, 수도, 언덕, 크다. 성하다, 京과 同字","土,火",30,
461,경,冱,차가울 경,9,"차다, 냉정하다, 차갑다",水,31,페이지 상단 별도 박스 표기
462,경,扃,빗장 경,9,"빗장, 문, 닫다. 밝다",木,31,
463,경,畊,밭갈 경,9,"밭 갈다, 농사에 힘쓰다, 고르다. 노력하다",土,31,
464,경,勁,굳셀 경,9,"굳세다, 강건하다, 세다",金,31,
465,경,剄,목벨 경,9,"목 베다, 치다, 굳세다",金,31,
466,경,㓏,싸늘할 경,9,경. 싸늘할 경,木,,"2024 보완전사(김기승 성명학 9,491자 기준본 대조 추가)"
467,"경,길",俓,지름길 경,9,"지름길 경(지름길, 바로 가는 길). 곧고 빠른 길, 직행로(바로 통하는 길)",火,,"2024 보완전사(김기승 성명학 9,491자 기준본 대조 추가)"
468,경,𠗊,찰 경,9,경. 찰 경,木,,"2024 보완전사(김기승 성명학 9,491자 기준본 대조 추가)"
469,경,徑,지름길 경,10,"지름길, 빠르다, 지나다, 곧다. 원의 지름",火,31,
470,경,耿,밝을 경,10,"빛, 밝다, 굳다, 편안치 않다",火,31,
471,경,倞,굳셀 경,10,"굳세다, 강하다, 겨루다",火,31,
472,경,耕,밭갈 경,10,"갈다, 밭 갈다, 농사짓다",土,31,
473,경,勍,강할 경,10,"세다, 강하다",土,31,
474,경,哽,막힐 경,10,"목이 매이다, 막히다, 더듬거리다",水,31,
475,경,苘,어저귀 경,10,어저귀. 어저귀 경,木,,"2024 보완전사(김기승 성명학 9,491자 기준본 대조 추가); 기준본 음(대표) 필드 오류로 뜻풀이 텍스트에서 재추출함"
476,"경,략,량",剠,자자할 경,10,자자할. 자자할 경. 노략질할 략(약). 취할 량(양),木,,"2024 보완전사(김기승 성명학 9,491자 기준본 대조 추가); 기준본 음(대표) 필드 오류로 뜻풀이 텍스트에서 재추출함"
477,경,竟,마침내 경,11,"마침내, 드디어, 극에 이름",金,31,
478,경,梗,가시나무 경,11,"가시나무, 굳세다, 곧다. 대강, 대개",木,31,
479,경,綗,엄할 경,11,"엄하다, 심하다, 꼴어 죄다. 홑 옷, 잡아 당기다",木,31,
480,경,烱,빛날 경,11,"빛나다, 밝다, 불 길, 불꽃 오르다",火,31,
481,경,頃,잠깐 경,11,"잠깐, 밭 넓이",火,31,
482,경,涇,통할 경,11,"통하다, 흐르다, 곧다. 월경",水,31,
483,경,絅,당겨 죌 경,11,당겨 죄다(끈이나 줄로 팽팽하게 하다). 단단히 매어 묶다(결박하거나 고정함),木,,"2024 보완전사(김기승 성명학 9,491자 기준본 대조 추가)"
484,경,桱,나무 이름 경,11,나무이름. 나무 이름 경,木,,"2024 보완전사(김기승 성명학 9,491자 기준본 대조 추가); 기준본 음(대표) 필드 오류로 뜻풀이 텍스트에서 재추출함"
485,경,挭,대개 경,11,대개. 대개 경,木,,"2024 보완전사(김기승 성명학 9,491자 기준본 대조 추가); 기준본 음(대표) 필드 오류로 뜻풀이 텍스트에서 재추출함"
486,경,浭,흐를 경,11,물이름. 흐를 경,木,,"2024 보완전사(김기승 성명학 9,491자 기준본 대조 추가); 기준본 음(대표) 필드 오류로 뜻풀이 텍스트에서 재추출함"
487,경,烴,따뜻할 경,11,탄화수소. 따뜻할 경,木,,"2024 보완전사(김기승 성명학 9,491자 기준본 대조 추가); 기준본 음(대표) 필드 오류로 뜻풀이 텍스트에서 재추출함"
488,경,卿,벼슬 경,12,"벼슬, 귀족, 남의 높임말, 경",木,31,
489,경,景,햇빛 경,12,"경치, 빛, 해, 태양, 별. 曍과 同字",火,31,
490,경,熒,외로울 경,12,"외롭다, 근심하다, 시름겨워하다. 주사위",火,31,
491,경,硬,단단할 경,12,"단단하다, 강하다, 굳다. 익숙하지 않다",金,31,
492,경,傾,기울 경,12,"기울다, 낮아지다, 눕다, 높다",火,31,
493,경,痙,경련 경,12,"경련, 목이 뻣뻣하다, 힘줄이 땅기다",水,32,
494,경,焭,근심할 경,12,"근심하다, 걱정하다(마음에 불꽃이 일듯 괴로워함). 마음속으로 애태우다(속을 태우며 염려하고 괴로워함)",火,,"2024 보완전사(김기승 성명학 9,491자 기준본 대조 추가)"
495,경,經,경서 경,13,"경서, 법, 도리, 지나다. 경영하다, 재다, 날실",木,32,
496,경,莖,줄기 경,13,"줄기, 버팀 목, 장대, 칼 자루",木,32,
497,경,綆,두레박줄 경,13,"두레박 줄, 기울다",木,32,
498,경,傾,기울 경,13,"기울다, 기울어지다, 기울이다. 다투다, 다치다",火,32,
499,경,惸,근심할 경,13,"근심하다, 우울해 하다, 형제가 없다. 독신자",火,32,
500,경,熒,외로울 경,13,"외롭다, 근심하다",火,32,
501,경,敬,공경 경,13,"공경하다, 정중하다, 삼가다. 공경",金,32,
502,경,脛,정강이 경,13,"정강이, 정강이 뼈, 걸음 보행",水,32,
503,경,煢,외롭고 쓸쓸할 경,13,외롭고 쓸쓸하다(홀로 있어 적적함). 홀로 있는 상태를 나타내며 고요하고 쓸쓸한 기분을 이르다(고독),火,,"2024 보완전사(김기승 성명학 9,491자 기준본 대조 추가)"
504,경,郠,고을 이름 경,13,고을이름. 고을 이름 경,木,,"2024 보완전사(김기승 성명학 9,491자 기준본 대조 추가); 기준본 음(대표) 필드 오류로 뜻풀이 텍스트에서 재추출함"
505,"경,강",傹,겨룰 경,13,다툴. 겨룰 경. 넘어질 강,木,,"2024 보완전사(김기승 성명학 9,491자 기준본 대조 추가); 기준본 음(대표) 필드 오류로 뜻풀이 텍스트에서 재추출함"
506,경,輕,가벼울 경,14,"가볍다, 가벼이 여기다, 경솔하다. 가벼이 하다",火,32,
507,경,境,경계 경,14,"경계, 장소, 형편, 상태. 경우, 곳",土,32,
508,경,逕,좁은길 경,14,"소로, 좁은 길, 지르다. 지름길, 곧장",土,32,
509,경,㷡,놀란 눈 모양 경,14,경. 놀란 눈 모양 경,木,,"2024 보완전사(김기승 성명학 9,491자 기준본 대조 추가)"
510,경,誙,똑똑할 경,14,말확실히. 똑똑할 경,木,,"2024 보완전사(김기승 성명학 9,491자 기준본 대조 추가); 기준본 음(대표) 필드 오류로 뜻풀이 텍스트에서 재추출함"
511,경,慶,경사 경,15,"경사, 선행, 상, 복, 축하하다. 경하드리다",火,32,
512,경,儆,경계할 경,15,"경계하다, 주의하다",火,32,
513,경,熲,빛날 경,15,빛나다,火,32,
514,경,駉,준마 경,15,"굳세다, 말이 살찌다, 준마",火,32,
515,"경,강",滰,거를 경,15,거를. 거를 경. 쌀 말릴 강,木,,"2024 보완전사(김기승 성명학 9,491자 기준본 대조 추가); 기준본 음(대표) 필드 오류로 뜻풀이 텍스트에서 재추출함"
516,경,幜,비단 경,15,비단. 비단 경,木,,"2024 보완전사(김기승 성명학 9,491자 기준본 대조 추가); 기준본 음(대표) 필드 오류로 뜻풀이 텍스트에서 재추출함"
517,경,褧,홑옷 경,16,홑 옷,木,32,
518,경,憬,깨달을 경,16,"깨닫다, 그리워하다, 알아 차리다",火,32,
519,경,㷰(미상),밝을 경,16,"밝다, 불꽃",火,32,자형 확인요망(저해상도)
520,경,頸,목 경,16,"목, 목 부위, 목덜미의 앞부분. 철성",火,32,
521,경,曔,밝을 경,16,"밝다, 환하다. 景과 同字",火,33,
522,경,磬,달릴 경,16,"경쇠, 달리다, 급하다, 목매다. 다하다, 굽히다",金,33,
523,경,暻,햇볕이 비치어 밝을 경,16,햇볕이 비치어 밝다(볕이 좋음). 밝게 빛나다(광채가 있음),火,,"2024 보완전사(김기승 성명학 9,491자 기준본 대조 추가)"
524,경,燛,밝을 경,16,밝을 경. 불 경,火,,"2024 보완전사(김기승 성명학 9,491자 기준본 대조 추가)"
525,경,漀,그릇에 물 따를 경,16,그릇에물따를. 그릇에 물 따를 경,木,,"2024 보완전사(김기승 성명학 9,491자 기준본 대조 추가); 기준본 음(대표) 필드 오류로 뜻풀이 텍스트에서 재추출함"
526,경,擏,도지개 경,16,받들. 도지개 경. 들 경. 경계할 경,木,,"2024 보완전사(김기승 성명학 9,491자 기준본 대조 추가); 기준본 음(대표) 필드 오류로 뜻풀이 텍스트에서 재추출함"
527,"경,영,편",鞕,단단할 경,16,硬. 단단할 경. 단단할 영. 채찍 편,木,,"2024 보완전사(김기승 성명학 9,491자 기준본 대조 추가); 기준본 음(대표) 필드 오류로 뜻풀이 텍스트에서 재추출함"
528,경,擎,들 경,17,"들다, 높다, 떠받치다",木,33,
529,경,檠,도지개 경,17,"도지개, 등불, 바로잡다. 활을 바로잡는 틀",木,33,
530,경,檠,등잔대 경,17,"도지개, 등잔대, 바로잡다",木,33,
531,경,曔,밝을 경,17,"밝다, 환하다",火,33,
532,경,晱(미상),밝을 경,17,"밝다, 마르다",火,33,자형 확인요망(저해상도)
533,경,顈(미상),홑옷 경,17,"홑 옷, 어저귀",火,33,자형 확인요망(저해상도)
534,경,憼,공경할 경,17,"공경하다, 공경하여 갖추다",火,33,
535,경,罄,다할 경,17,"비다, 다하다, 죄다",土,33,
536,경,璟,옥광채날 경,17,"옥 빛, 옥 광채가 나다",金,33,
537,경,㯳,도지개 경,17,경. 도지개 경,木,,"2024 보완전사(김기승 성명학 9,491자 기준본 대조 추가)"
538,"경,영",璄,옥빛 경,17,옥빛 경. 옥빛 영,木,,"2024 보완전사(김기승 성명학 9,491자 기준본 대조 추가)"
539,"경,현",顈,홑옷 경,17,홑옷 경. 이을 현,木,,"2024 보완전사(김기승 성명학 9,491자 기준본 대조 추가)"
540,경,璥,경옥 경,18,"경옥, 옥 이름",金,33,
541,경,謦,기침 경,18,"기침, 웃으며 속삭이다",金,33,
542,경,鯁,생선뼈 경,18,"생선 뼈, 곧다, 가시가 박히다. 재앙",水,33,
543,경,鵛,새 이름 경,18,새이름. 새 이름 경. 목 경,木,,"2024 보완전사(김기승 성명학 9,491자 기준본 대조 추가); 기준본 음(대표) 필드 오류로 뜻풀이 텍스트에서 재추출함"
544,경,檾,어저귀 경,18,어저귀. 어저귀 경,木,,"2024 보완전사(김기승 성명학 9,491자 기준본 대조 추가); 기준본 음(대표) 필드 오류로 뜻풀이 텍스트에서 재추출함"
545,경,鶊,꾀꼬리 경,19,꾀꼬리,火,33,
546,경,鏡,거울 경,19,"거울, 안경, 살피다",金,33,
547,경,鯨,고래 경,19,"고래, 수고래, 들다",水,33,
548,경,麖,큰 사슴 경,19,큰사슴. 큰 사슴 경,木,,"2024 보완전사(김기승 성명학 9,491자 기준본 대조 추가); 기준본 음(대표) 필드 오류로 뜻풀이 텍스트에서 재추출함"
549,경,藑,순채 경,19,풀이름. 순채 경,木,,"2024 보완전사(김기승 성명학 9,491자 기준본 대조 추가); 기준본 음(대표) 필드 오류로 뜻풀이 텍스트에서 재추출함"
550,경,競,겨룰 경,20,"겨루다, 굳세다, 쫓다, 나아가다. 나란히 서다",金,33,
551,경,瓊,아름다운옥 경,20,"아름다운 옥, 붉은 옥, 구슬",金,33,
552,경,警,경계할 경,20,"경계하다, 경찰, 경비. 총민하다, 깨닫다",金,34,
553,경,黥,형벌 경,20,"형벌, 이마에 글자를 새기는 벌. 묵형, 묵형을 가하다",水,34,
554,경,競,겨룰 경,22,"거루다, 나아가다, 굳세다",金,34,
555,경,竸,다툴 경,22,"다투다, 서로 겨루다(경쟁하다). 경연, 경기 따위로 능력이나 우열을 가리다",木,,"2024 보완전사(김기승 성명학 9,491자 기준본 대조 추가)"
556,경,驚,놀랄 경,23,"놀라다, 놀라게 하다, 경기, 경풍. 재앙",火,34,
557,계,系,실 계,7,"실, 끈, 핏줄, 실마리, 매다, 잇다",木,34,
558,계,戒,경계할 계,7,"경계하다, 경비하다, 삼가다. 타이르다, 이르다, 분부하다",金,34,
559,계,屆,이를 계,7,"이르다, 다다르다, 지극하다. 신고하다, 궁극, 극한, 차례",木,34,획수 육필 수정
560,계,呇,샛별 계,7,새벽별. 샛별 계,木,,"2024 보완전사(김기승 성명학 9,491자 기준본 대조 추가); 기준본 음(대표) 필드 오류로 뜻풀이 텍스트에서 재추출함"
561,계,季,계절 계,8,"계절, 철, 끝, 막내, 말년. 마지막, 젊다, 어리다",水,34,
562,계,契,맺을 계,9,"맺다, 계약서, 언약하다, 약속하다. 애쓸결, 부족이름글, 사람이름설",木,34,
563,계,係,이을 계,9,"잇다, 매다, 묶다, 끌다. 끈, 줄, 혈통, 조직의 가장 작은 단위",火,34,
564,계,界,지경 계,9,"경계, 지경, 둘레, 한계. 세계, 부근, 이웃하다",土,34,
565,계,計,꾀할 계,9,"계획, 세다, 셈하다, 셈. 꾀하다",金,34,
566,계,癸,북방 계,9,"북방, 천간, 북쪽, 겨울. 경도, 월경, 헤아리다",水,34,
567,계,桂,월계수 계,10,"계수나무, 월계수. 과거 급제자 명부",木,34,
568,계,烓,밝을 계,10,"밝다, 빛나다, 화덕. 작은 화덕",火,34,
569,"계,게,기",洎,물 부을 계,10,윤택할. 물 부을 계. 물 부을 게. 물 부을 기,木,,"2024 보완전사(김기승 성명학 9,491자 기준본 대조 추가); 기준본 음(대표) 필드 오류로 뜻풀이 텍스트에서 재추출함"
570,계,械,기계 계,11,"기계, 틀, 병장기. 형틀, 형틀을 채우다",木,34,
571,계,啓,가르칠 계,11,"일깨우다, 가르치다, 열다. 인도하다, 여쭙다",水,34,
572,계,棨,창 계,12,"창, 부절, 신표. 돌, 대나무, 옥 따위로 만든 신표",木,34,
573,계,悸,두근거릴 계,12,"두근거리다, 두려워하다, 늘어지다",火,34,
574,계,堺,지경 계,12,"지경, 경계, 세계. 界와 同字",土,34,
575,계,堦,사다리 계,12,"사다리, 섬돌, 실마리, 오르다. 벼슬의 품계, 등급, 인도하다",土,35,
576,계,嵠,시내 계,13,계. 시내 계,木,,"2024 보완전사(김기승 성명학 9,491자 기준본 대조 추가)"
577,계,禊,계제사 계,14,"계제사, 목욕재계하다. 액운을 떨기위해 물가에서 지내는 제",木,35,
578,계,綮,비단 계,14,"비단, 기치, 창. 발이 고운 비단",木,35,
579,계,誡,경계할 계,14,"경계하다, 훈계하다",金,35,
580,계,溪,시내 계,14,"시내, 시냇물, 산골짜기",水,35,
581,계,瘈,미칠 계,14,"미치다, 경풍, 미친 개",水,35,
582,계,磎,시내 계,15,"시내, 계곡, 골짜기. 谿와 同字",金,35,
583,계,稽,상고할 계,16,"상고하다, 헤아리다, 조사하다. 논의하다, 머무르다, 멈추다",木,35,
584,계,繋,맬 계,16,"매다, 매달다, 줄, 매듭. 죄수",木,35,
585,계,髻,상투 계,16,"상투, 묶은 머리. 부엌 귀신, 조왕신",火,35,
586,계,縘,끈이나 줄로 묶을 계,16,끈이나 줄로 묶다(매다). 띠나 끈으로 단단히 감아 고정하다,木,,"2024 보완전사(김기승 성명학 9,491자 기준본 대조 추가)"
587,계,鍥,새길 결,17,"새기다, 조각하다, 자르다, 절단하다. 새길 계",金,29,
588,계,階,층계 계,17,"섬돌, 층계, 사다리, 층. 벼슬, 버슬 등급",土,35,
589,계,谿,비단 계,17,"시내, 시냇물, 산골짜기, 텅 비다. 磎와 同字",水,35,
590,계,罽,융단 계,18,"융단, 양탄자. 물고기 그물",木,35,
591,계,雞,닭 계,18,"폐백의 하나. 산 이름, 물 이름",火,35,
592,계,繫,맬 계,19,"매다, 묶다, 머무르다",木,35,
593,계,薊,삽주 계,19,"엉겅퀴, 삽주, 풀 이름, 굳은 가시. 나라 이름",木,35,
594,계,繼,이을 계,20,"잇다, 계속하다, 지속하다",木,35,
595,계,鷄,닭 계,21,"닭, 폐백의 하나. 산 이름, 물 이름, 성씨",火,35,
596,계,瀱,우물 계,21,우물물. 우물 계,木,,"2024 보완전사(김기승 성명학 9,491자 기준본 대조 추가); 기준본 음(대표) 필드 오류로 뜻풀이 텍스트에서 재추출함"
597,고,古,옛 고,5,"예전, 선조, 예스럽다. 오래 묵다",水,35,
598,고,尻,엉덩이 고,5,"엉덩이, 꽁무니, 뿌리, 밑 바닥. 엉덩이를 땅에 대다","水,木",35,
599,고,叩,두드릴 고,5,"두드리다, 때리다, 조아리다. 정성스러운 모양, 물어보다",水,36,
600,고,攷,생각할 고,6,"생각하다, 상고하다, 오르다. 이루다, 맞다, 考의 古字","土,金",36,
601,고,估,값 고,7,"값, 가격, 상인",火,36,페이지 상단 별도 박스 표기
602,고,告,고할 고,7,"고하다, 찾다, 묻다, 말미",水,36,
603,고,杲,밝을 고,8,"밝다, 높다",木,36,
604,고,姑,시어미 고,8,"시어머니, 고모, 여자, 부녀자. 잠시 동안",土,36,
605,고,考,상고할 고,8,"생각하다, 상고하다, 오르다. 이루다, 치다, 두드리다, 마치다",土,36,
606,고,刳,가를 고,8,"가르다, 쪼개다, 파다",金,36,
607,고,固,굳을 고,8,"굳다, 단단하다, 굳히다, 완고하다. 진실로, 참으로, 평온하다",水,36,
608,고,孤,외로울 고,8,"외롭다, 고아, 홀로, 저버리다. 벼슬 이름",水,36,
609,고,呱,울 고,8,"울다, 갓난 아이 우는 소리",水,36,
610,고,枯,마를 고,9,"마르다, 마른 나무, 말리다. 고목",木,36,
611,고,牯,암소 고,9,"암소, 거세한 숫소",土,36,
612,고,故,옛 고,9,"옛, 연고, 사유, 도리. 까닭, 이유, 원래, 관례",金,36,
613,고,沽,팔 고,9,"팔다, 매매하다",水,36,
614,고,栲,북나무 고,10,북나무,木,36,페이지 상단 별도 박스 표기
615,고,拷,매때릴 고,10,"매 때리다, 치다, 두드리다. 도려내다, 빼앗다",木,36,
616,고,庫,곳집 고,10,"곳집, 창고, 곳간",木,36,
617,고,高,높을 고,10,"높다, 높이다, 뽐내다, 높은 곳. 높은 자리, 높이, 髙의 本字","火,土,水",36,
618,고,羔,새끼양 고,10,"새끼 양, 검은 양",土,36,
619,고,涸,얼 고,10,"얼다, 얼어붙다",水,36,
620,고,股,넓적다리 고,10,"넓적다리, 정강이, 허벅지",水,37,
621,고,羖,검은암양 고,10,"검은 암양, 불깐 양",土,37,페이지 하단 별도 박스 표기
622,"고,호",凅,얼 고,10,얼 고. 얼 호,水,,"2024 보완전사(김기승 성명학 9,491자 기준본 대조 추가)"
623,고,峼,산 모양 고,10,산이름. 산 모양 고,木,,"2024 보완전사(김기승 성명학 9,491자 기준본 대조 추가); 기준본 음(대표) 필드 오류로 뜻풀이 텍스트에서 재추출함"
624,고,苦,괴로울 고,11,"괴롭다, 쓰다, 애쓰다, 힘쓰다. 깊이, 심히",木,37,
625,고,罟,그물 고,11,"그물, 물고기 그물, 규칙",木,37,
626,고,菰,줄풀 고,11,"줄 풀, 볏과의 여러 해 살이 풀. 깊이, 심히",木,37,
627,고,高,높을 고,11,"높다, 뛰어나다, 크다, 고상하다. 髙의 俗字, 제주 고씨",火,37,
628,고,袴,바지 고,12,바지,木,37,
629,고,觚,술잔 고,12,"술잔, 모, 네모. 법, 대쪽, 홀로",木,37,
630,고,稾,볏짚 고,12,볏짚,木,37,
631,고,詁,해석 고,12,"주석, 해석",金,37,
632,고,辜,반드시 고,12,"반드시, 틀림없이, 재난, 환난. 허물, 대강, 대략",金,37,
633,고,酤,계명주 고,12,"계명주 술, 빼앗다, 사다, 팔다. 진날 담가 다음날 새벽닭울때 먹는술",金,37,
634,고,稁,볏짚 고,12,볏짚(벼의 짚). 짚으로 만든 묶음이나 건초,木,,"2024 보완전사(김기승 성명학 9,491자 기준본 대조 추가)"
635,고,靠,기댈 고,13,"기대다, 의지하다, 어긋나다. 배반하다",木,37,
636,고,鼓,북 고,13,"북, 북 치다, 맥박. 두드리다",金,37,
637,고,鈷,다리미 고,13,"다리미, 祭器 이름, 끊다. 금강저",金,37,
638,고,瘑,고질병 고,13,"고질병, 어린아이의 입 병",水,37,
639,고,跨,타넘을 과,13,"넘다, 넘어 가다, 타넘다, 자랑하다. 걸터앉을 고",土,42,
640,"고,병",痼,고질적인 병 고,13,고질적인 병(만성 질환). 오래되어 잘 고쳐지지 않는 습관이나 병폐,水,,"2024 보완전사(김기승 성명학 9,491자 기준본 대조 추가)"
641,"고,과",苽,줄 고,13,줄 고. 줄풀 고. 오이 과,木,,"2024 보완전사(김기승 성명학 9,491자 기준본 대조 추가)"
642,고,鼔,북을 칠 고,13,북을 치다(타악기로 연주하거나 신호를 보냄). 비유적으로 격려하거나 선동하다,木,,"2024 보완전사(김기승 성명학 9,491자 기준본 대조 추가)"
643,고,槀,마를 고,14,"마르다, 말리다, 치다, 화살대",木,38,
644,고,菰,줄풀 고,14,"줄 풀, 풀 이름, 다년생 수초",木,38,
645,고,箍,둘레 고,14,"둘레, 테, 테두리",木,38,
646,고,睾,불알 고,14,"불알, 고환, 봉긋한 모양, 높은 모양. 모두, 죄다",木,38,
647,고,暠,흴 고,14,"희다, 깨끗하다, 흰 모양. 밝다",火,38,
648,고,郜,나라이름 고,14,"나라 이름, 고을 이름, 성 이름",土,38,
649,고,敲,두드릴 고,14,"두드리다, 치다, 때리다",金,38,
650,고,誥,고할 고,14,"고하다, 경계하다, 가르침",金,38,
651,고,槁,바싹 마를 고,14,바싹 마르다(건조해지다). 말라서 시들거나 부스러지기 쉬운 상태가 되다,木,,"2024 보완전사(김기승 성명학 9,491자 기준본 대조 추가)"
652,고,稿,볏짚 고,15,"짚, 볏 짚",木,38,
653,고,篙,상앗대 고,16,"상앗대, 배를 젓다. 물가에서 배를 댈 때 미는 장대",木,38,
654,고,糕,떡 고,16,"떡, 가루 떡",木,38,
655,고,鴣,자고 고,16,꿩과의 새,火,38,
656,고,錮,막을 고,16,"막다, 땜질하다, 가로막다. 단단하다",金,38,
657,고,膏,기름 고,16,"기름, 윤택하다, 살찌다. 기름진 땅, 맛이 좋다, 명치 끝",水,38,
658,고,橋,다리 교,16,"다리, 교량, 배, 선박, 가마, 시렁. 썰매, 높다, 빠를 고",木,50,
659,고,橭,만연할 고,16,무고나무. 만연할 고,木,,"2024 보완전사(김기승 성명학 9,491자 기준본 대조 추가); 기준본 음(대표) 필드 오류로 뜻풀이 텍스트에서 재추출함"
660,고,翱,날 고,17,"날다, 날개를 치며 날다, 비상하다",火,38,
661,고,瞽,소경 고,18,"소경, 눈 먼 사람. 남의 마음을 잘 읽지 못하는 사람",木,38,
662,고,鹽,거칠 고,18,"거칠다, 마시다, 무르다, 잠깐. 굵은 소금, 소금 연못",土,38,
663,고,盬,염지 고,18,염지 고. 빨아먹을 고,木,,"2024 보완전사(김기승 성명학 9,491자 기준본 대조 추가)"
664,고,翺,높이 날을 고,18,"높이 날다, 솟구치다(비행, 활공). 빙빙 도는 듯이 날아다니다(회전 비행)",火,,"2024 보완전사(김기승 성명학 9,491자 기준본 대조 추가)"
665,고,橐,활집 고,19,"활 집, 갑옷을 넣는 전대",木,38,
666,고,櫜,활집 고,19,"활집(화살을 넣는 집, 화살통). 화살이나 작은 무기를 넣어 휴대하는 용기",木,,"2024 보완전사(김기승 성명학 9,491자 기준본 대조 추가)"
667,고,藁,짚 고,20,"볏 짚, 마른 나무, 마르다. 건조하다, 원고, 초고",木,38,
668,고,顧,돌아볼 고,21,"돌아보다, 도리어, 다만, 생각건대",火,38,
669,고,鵠,새이름 고,23,비둘기의 한 종류,火,39,
670,고,蠱,벌레먹을 고,23,"벌레 먹다, 기생충, 곡식벌레, 해독. 굿",水,39,
671,고,鷱,작은 비둘기 고,23,작은 비둘기(새 이름). 비둘기류의 한 종류로서의 명칭,火,,"2024 보완전사(김기승 성명학 9,491자 기준본 대조 추가)"
672,곡,曲,굽을 곡,6,"굽다, 굽히다, 구석, 마을, 부락. 가락, 노래",土,39,
673,곡,谷,골짜기 곡,7,"골, 골짜기, 경혈, 곤궁, 막히다. 東風 키우다, 성장시키다",水,39,
674,곡,哭,울 곡,10,"울다, 곡하다. 노래하다",水,39,
675,곡,梏,쇠고랑 곡,11,"쇠고랑, 수갑, 묶다, 붙잡다. 크다",木,39,
676,곡,斛,헤아릴 곡,11,"헤아리다, 재다. 취·월 말의 용량",火,39,
677,곡,穀,곡식 곡,15,"곡식, 복록, 복, 녹미. 좋다, 기르다, 살다",木,39,
678,곡,槲,떡갈나무 곡,16,떡갈나무,木,39,
679,"곡,결",縠,주름 잡은 비단 곡,16,"주름 잡은 비단(얇게 주름진 옷감). 비단의 결, 무늬(짠결이나 가로세로 무늬를 이르는 말)",木,,"2024 보완전사(김기승 성명학 9,491자 기준본 대조 추가)"
680,곡,觳,뿔잔 곡,17,"뿔 잔, 살촉, 견주다, 다하다. 곱송그리다",木,39,
681,곡,轂,수레 곡,17,"수레, 바퀴 통, 곡식, 묶다. 모으다, 통괄하다",火,39,
682,곡,嚳,고할 곡,20,"고하다, 급히 아뢰다. 제왕의 이름",水,39,
683,곤,丨,뚫을 곤,1,곤. 뚫을 곤,木,,"2024 보완전사(김기승 성명학 9,491자 기준본 대조 추가)"
684,곤,困,지칠 곤,7,"곤하다, 지치다, 괴롭다. 피곤하다, 가난하다, 어렵다",水,39,
685,곤,坤,땅 곤,8,"땅, 대지, 황후",土,39,
686,곤,卷,책 권,8,"책, 두루마리, 두르다, 말다, 접다. 주역, 굽히다, 굽다, 곤룡포 곤",木,57,
687,곤,袞,곤룡포 곤,10,"곤룡포, 삼공과 상공의 예복. 크다, 띠, 袤,襃과 同字",木,40,획수 육필 수정(12→10)
688,곤,捆,두드릴 곤,11,"두드리다, 두드려 단단하게 하다. 묶다, 동여매다",木,39,
689,곤,悃,정성 곤,11,"정성, 거짓이 없는 마음",火,39,
690,곤,崑,곤륜산 곤,11,"산 이름. 오랑캐, 얼굴 검은 사람",土,39,
691,곤,崐,산이름 곤,11,산 이름. 시의 한 형태인 서곤의 약칭,土,39,
692,곤,梱,문지방 곤,11,"문지방, 가지런하다, 치다",木,39,페이지 하단 별도 박스 표기
693,곤,堃,땅 곤,11,"땅, 괘 이름, 왕후, 왕비. 서남 쪽, 유순함",土,40,
694,곤,袞,곤룡포 곤,11,"곤룡포, 삼공과 삼공의 예복. 상공, 袤,襃과 同字",木,40,획수 육필 수정(13→11)
695,곤,衮,곤룡포 곤,11,"곤룡포(임금이나 고관이 입는 특별한 예복, 의복). 화려한 비단의 관복 또는 관복의 장식적 요소",木,,"2024 보완전사(김기승 성명학 9,491자 기준본 대조 추가)"
696,곤,棍,곤장 곤,12,"곤장, 몽둥이, 묶다, 동여매다. 일으키다",火,40,
697,곤,褌,걷어올릴 곤,13,"걷어 올리다, 두드리어 죄다",木,40,
698,곤,髡,머리깎을 곤,13,"머리를 깎다, 가지를 치다. 승려",火,40,
699,곤,琨,옥돌 곤,13,"옥, 아름다운 옥, 패옥",金,40,
700,곤,裍,옷자락을 걷어 올릴 곤,13,"옷자락을 걷어 올리다(소매나 치마를 끌어올림). 옷자락을 말아 올리거나 고정하는 동작, 수법",木,,"2024 보완전사(김기승 성명학 9,491자 기준본 대조 추가)"
701,곤,緄,띠 곤,14,"띠, 곤룡포, 새끼, 다발. 꿰매다",木,40,
702,곤,褌,잠방이 곤,15,"잠방이, 속 옷",木,40,
703,곤,閫,문지방 곤,15,"문지방, 문턱. 황후가 거처 하는 곳",木,40,
704,곤,滾,흐를 곤,15,"흐르다, 물이 세차게 흐르는 모양. 샘솟다",水,40,
705,곤,錕,붉은쇠 곤,16,"붉은 쇠, 바퀴의 통쇠. 산 이름",金,40,
706,곤,璭,광낼 곤,17,금옥을광낼. 광낼 곤,木,,"2024 보완전사(김기승 성명학 9,491자 기준본 대조 추가); 기준본 음(대표) 필드 오류로 뜻풀이 텍스트에서 재추출함"
707,곤,鵾,댓닭 곤,19,"댓 닭, 닭의 한 종류. 큰 물고기, 악곡의 한 종류",火,40,
708,곤,鯤,곤이 곤,19,"곤어, 곤이(물고기 알). 상상 속의 큰 물고기",水,40,
709,곤,鶤,봉황새 곤,20,"봉황의 딴 이름, 댓 닭",火,40,
710,곤,齫,이빨솟을 곤,22,"이 솟아나다, 이 빠지다. 물다",金,40,
711,골,汩,다스릴 골,8,"다스리다, 골몰하다, 통하게 하다. 물에 잠기다, 어지럽히다",水,40,
712,골,骨,뼈 골,8,"뼈, 뼈대",金,40,
713,"골,율,멱",汨,골몰할 골,9,골몰할 골. 흐를 율. 물 이름 멱,水,,"2024 보완전사(김기승 성명학 9,491자 기준본 대조 추가)"
714,골,搰,힘쓸 골,14,"힘쓰다, 파다, 파헤치다",木,40,
715,골,榾,등걸 골,14,"등걸, 나무 밑동. 나무 이름",木,40,
716,골,滑,다스릴 골,14,"다스리다, 어지럽다, 미끄럽다, 익살. 부드럽게 하다, 흐르다, 미끄러울 활",水,41,
717,골,鶻,송골매 골,21,"송골매, 산 비둘기. 나라 이름, 위그로 홀",火,41,
718,"곳,처",処,곳 처,5,곳. 곳 처,金,,"2024 보완전사(김기승 성명학 9,491자 기준본 대조 추가); 1차 음의 뜻풀이 누락으로 타 음(처)의 훈으로 대표훈음 대체"
719,공,工,장인 공,3,"장인, 공업, 공직, 벼슬아치. 일, 공교하다",火,41,
720,공,廾,받들 공,3,두손으로받들. 받들 공,木,,"2024 보완전사(김기승 성명학 9,491자 기준본 대조 추가); 기준본 음(대표) 필드 오류로 뜻풀이 텍스트에서 재추출함"
721,공,公,존칭 공,4,"존칭, 임금, 제후, 벼슬, 관청, 주인. 공평하다, 공적인것, 드러내다, 귀인",金,41,
722,공,孔,구멍 공,4,"구멍, 깊다, 비다, 크다, 성대하다. 공자의 약칭, 공작, 아름답다, 매우",水,41,
723,공,功,공로 공,5,"공로, 공적, 보람, 성적, 일, 사업. 입적, 튼튼하다, 정교하다",土,41,
724,공,共,한가지 공,6,"한가지, 함께, 같이, 공경하다. 향하다, 공손하다, 베풀다, 바치다",金,41,
725,"공,륵,도",忇,생각할 륵,6,공. 생각할 륵(늑). 근심할 도,火,,"2024 보완전사(김기승 성명학 9,491자 기준본 대조 추가); 1차 음의 뜻풀이 누락으로 타 음(륵)의 훈으로 대표훈음 대체"
726,공,攻,공격할 공,7,"치다, 때리다, 다스리다. 거세하다, 책망하다",金,41,
727,공,供,이바지할 공,8,"받들다, 모시다, 베풀다, 올리다. 주다, 바치다",火,41,
728,공,空,허공 공,8,"비다, 없다, 헛되다, 공허하다, 구멍. 쓸쓸하다, 하늘, 공중, 통하게 하다",水,41,
729,공,羾,날아올 공,9,날아올. 날아올 공,木,,"2024 보완전사(김기승 성명학 9,491자 기준본 대조 추가); 기준본 음(대표) 필드 오류로 뜻풀이 텍스트에서 재추출함"
730,공,栱,두공 공,10,"말뚝, 두공",木,41,
731,공,拱,아름 공,10,"두르다, 껴안다, 팔짱 끼다. 거두다, 마주 잡다, 보옥",木,41,
732,공,恭,공손할 공,10,"공손하다, 예의 바르다, 삼가다. 받들다, 섬기다, 높이다, 크다",火,41,
733,공,倥,어리석을 공,10,"어리석다, 몽매하다, 곤궁하다. 바쁘다, 괴롭다",火,41,
734,공,恐,두려워할 공,10,"두렵다, 공갈하다, 위협하다. 으르다, 맺다, 오랑캐 옷",火,41,
735,공,貢,바칠 공,10,"바치다, 이바지하다, 천거하다. 고하다, 공물",金,41,
736,공,蚣,지네 공,10,지네,水,41,
737,공,崆,산이름 공,11,"산 이름, 산이 높은 모양. 산이 높고 험하다",土,41,
738,공,珙,옥 공,11,"옥 이름, 옥, 큰 구슬",金,41,
739,"공,강",釭,살촉 공,11,살촉 공. 등잔 강,木,,"2024 보완전사(김기승 성명학 9,491자 기준본 대조 추가)"
740,공,悾,정성 강,12,"정성, 진심, 참된 마음, 어리석다. 정성 공",火,20,
741,공,蛬,귀뚜라미 공,12,"말똑, 두공",水,42,
742,공,蛩,메뚜기 공,12,"메뚜기, 매미의 허물. 그리마",水,42,
743,공,跫,발소리 공,13,"발 소리, 발자국 소리",土,42,
744,공,羫,양갈비 강,14,"양갈빗대, 양갈비 포. 양고기포 공",土,20,
745,공,箜,공후 공,14,공후-하프와 비슷한 악기,木,42,
746,공,槓,지렛대 공,14,"지렛대, 작은 다리, 깃대",木,42,
747,공,鞏,묶을 공,15,"묶다, 단단하다",火,42,페이지 상단 별도 박스 표기
748,공,龔,공손할 공,22,"공손하다, 이바지하다, 받들다",土,42,
749,공,贛,줄 공,24,"주다, 하사하다, 미련하다",金,42,
750,곶,串,익숙할 관,7,"익숙하다, 꿰다, 버릇, 습관. 꼬챙이, 수표, 어음 첨, 땅이름 곶","金,土,木",44,
751,과,戈,창 과,4,"창, 싸움, 전쟁",金,42,
752,과,瓜,오이 과,5,"오이, 참외, 모과",木,42,
753,과,果,열매 과,8,"과실, 나무 열매, 날래다. 해내다",木,42,
754,과,侉,자랑할 과,8,"자랑하다, 뽐내다, 사치하다. 자만하다, 아름답다, 겨루다",火,42,
755,과,科,품등 과,9,"품등, 과거시험, 과정",木,42,
756,과,胯,사타구니 고,12,"사타구니, 살, 부드러운 살. 사타구니 과",水,37,
757,과,堝,도가니 과,12,도가니,土,42,
758,과,猓,긴꼬리원숭 과,12,긴 꼬리 원숭이,土,42,
759,과,敤,연마할 과,12,다스릴. 연마할 과,木,,"2024 보완전사(김기승 성명학 9,491자 기준본 대조 추가); 기준본 음(대표) 필드 오류로 뜻풀이 텍스트에서 재추출함"
760,과,稞,보리 과,13,"보리, 알곡식",木,42,
761,과,窠,보금자리 과,13,"보금자리, 방, 꽃송이. 꽃을 세는 단위",水,42,
762,과,誇,자랑할 과,13,"자랑하다, 친절하다",金,43,페이지 상단 별도 박스 표기
763,과,菓,과일 과,14,"과일, 과실, 과자. 果의 俗字",木,43,
764,과,寡,홀어미 과,14,"적다, 약하다, 과부. 홀어미가 되다",木,43,
765,과,裹,쌀 과,14,"싸다, 싸매다, 꾸러미, 꽃송이",木,43,
766,과,銙,허리띠쇠 과,14,허리띠에 다는 쇠 장식. 帶鉤,金,43,
767,과,踝,복사뼈 과,15,복사뼈,土,43,
768,과,課,살필 과,15,"시험하다, 살피다, 매기다, 차례. 일, 몫, 부서",金,43,
769,과,蝌,올챙이 과,15,올챙이,水,43,
770,과,過,지나칠 과,16,"지나다, 넘치다, 경과하다, 넘다. 들르다, 왕래하다, 돌이켜보다",土,43,
771,과,顆,낟알 과,17,"낟알, 둘레. 머리통이 작은 머리",火,43,
772,과,鍋,솥 과,17,"솥, 노구 솥, 냄비, 바퀴 통",金,43,
773,과,撾,북칠 과,18,"북을 치다, 두드리다",木,43,
774,과,騧,암말 과,18,"암말, 알의 암컷",火,43,
775,과,騍,암말 과,18,"암말(암컷 말). 말과 관련된 명칭으로 쓰이는 문자, 품종명으로 쓰임",火,,"2024 보완전사(김기승 성명학 9,491자 기준본 대조 추가)"
776,곽,椁,덧널 곽,12,"관을 담는 궤, 덧널 외곽, 외관",木,43,
777,곽,廓,요새 곽,14,"둘레, 외성, 외곽, 울타리, 크다. 성, 요새 따위를 두른 울타리",木,43,
778,곽,郭,둘레 곽,15,"둘레, 성곽, 성씨",土,43,페이지 상단 별도 박스 표기
779,곽,槨,외곽 곽,15,"관을 담는 궤, 덧널 외곽, 외관",木,43,
780,곽,攉,빠를 곽,16,"빠르다, 사라지다, 두루미, 학. 곽란, 고을이름 사","水,火",43,
781,"곽,사",霍,빠를 곽,16,빠를 곽. 고을 이름 사,水,,"2024 보완전사(김기승 성명학 9,491자 기준본 대조 추가)"
782,곽,鞹,가죽 곽,20,"무두질한 가죽, 생가죽. 가죽으로 싸다",金,43,
783,곽,癨,곽란 곽,21,"곽란, 급성 위장병",水,43,
784,곽,藿,콩 곽,22,"콩, 콩 잎, 풀 이름, 미역",木,43,
785,곽,钁,괭이 곽,28,괭이. 괭이 곽,木,,"2024 보완전사(김기승 성명학 9,491자 기준본 대조 추가); 기준본 음(대표) 필드 오류로 뜻풀이 텍스트에서 재추출함"
786,관,串,곶 곶,7,"땅 이름, 꿸 관, 꿰미 천. 꿸 관, 꿰미 천, 꼬챙이 찬","金,土,木",42,
787,관,官,벼슬 관,8,"벼슬, 관직, 벼슬아치, 본받다. 기능, 마을",木,44,
788,관,冠,갓 관,9,"갓, 관례, 관례를 올린 성인, 쓰다. 우두머리, 뛰어나다, 닭의 볏",木,44,
789,관,倌,수레 모는 사람 관,10,낮은벼슬아치. 수레 모는 사람 관,木,,"2024 보완전사(김기승 성명학 9,491자 기준본 대조 추가); 기준본 음(대표) 필드 오류로 뜻풀이 텍스트에서 재추출함"
790,"관,완,환",梡,도마 관,11,도마 관. 도마 완. 문지를 환,木,,"2024 보완전사(김기승 성명학 9,491자 기준본 대조 추가)"
791,관,棺,널 관,12,"널, 입관하다. 엄하다",木,44,
792,관,款,정성 관,12,"정성, 성의, 친분, 사귀다, 사랑하다. 항목, 조목, 인장, 돈, 경비",金,44,
793,관,祼,강신제 관,13,"내림 굿, 강신제. 내림굿을 하다",木,44,
794,관,筦,다스릴 관,13,"다스리다, 구라다, 열쇠. 피리",木,44,
795,관,琯,옥돌 관,13,"옥돌, 옥 피리, 옥 퉁소",金,44,
796,관,涫,끓을 관,13,끓다(액체가 끓는 상태). 액체가 거세게 흐르거나 솟구치다(비유적 용법 포함),水,,"2024 보완전사(김기승 성명학 9,491자 기준본 대조 추가)"
797,관,管,붓대 관,14,"관, 붓대, 피리, 열쇠, 주관하다. 집, 저택, 피리 불다",木,44,
798,관,菅,골풀 관,14,"골풀, 등골나무, 난초, 거적. 주린 얼굴빛",木,44,
799,관,綰,얽을 관,14,"얽다, 꿰뚫다, 매다, 옭가미",木,44,
800,관,寬,너그러울 관,14,"너그럽다, 관대하다, 도량이 크다. 크다, 넓다, 광활하다, 사랑하다",木,44,
801,관,盥,끓을 관,14,"끓다, 세수하다. 대야, 동글넓적한 그릇",水,44,
802,관,寛,너그러울 관,15,"너그럽다, 관대하다, 도량이 크다. 크다, 넓다, 광활하다, 사랑하다",木,44,
803,관,慣,버릇 관,15,"버릇, 익숙하다",火,44,
804,관,轄,줏대 관,15,"줏대, 주요한 곳, 중요한 부분. 비녀장",火,44,
805,관,輨,줏대 관,15,줏대 관. 휘갑쇠 관,火,,"2024 보완전사(김기승 성명학 9,491자 기준본 대조 추가)"
806,관,舘,객사 관,16,"집, 객사, 관사, 학교, 별관. 상점, 가게, 마을, 묵다","木,火",44,
807,관,盥,대야 관,16,"대야, 깨끗하다. 강신제","水,土",45,
808,관,錧,쟁기 관,16,"비녀장, 쟁기, 보습. 轄과 同字",金,45,
809,관,館,집 관,17,"집, 객사, 관사, 학교, 별관. 상점, 가게, 마을, 묵다. 舘의 本字","木,水",45,
810,관,窾,빌 관,17,"비다, 공허하다, 마르다. 구멍, 움푹 들어간 곳, 법규, 규칙",水,45,
811,"관,환",雚,황새 관,18,황새 관. 박주가리 환,火,,"2024 보완전사(김기승 성명학 9,491자 기준본 대조 추가)"
812,관,關,문빗장 관,19,"문빗장, 잠그다, 관문. 꿰다, 참여하다",木,45,
813,관,爟,봉화 관,22,"봉화, 횃불. 처음 불을 일으킨 사람",火,45,
814,관,灌,물댈 관,22,"물 대다, 따르다, 흘러 들다. 씻다, 닦다, 마시다, 익다, 주조하다",水,45,
815,관,瓘,옥이름 관,23,"옥 이름, 서옥",金,45,
816,관,罐,두레박 관,24,두레박,土,45,
817,관,觀,볼 관,25,"보다, 나타내다, 보이다. 황새, 용모, 생각, 모양, 괘 이름",火,45,
818,관,髖,허리뼈 관,25,"허리 뼈, 엉덩이 뼈, 사타구니. 살",金,45,
819,관,鑵,두레박 관,26,두레박,金,45,
820,관,顴,광대뼈 관,27,"광대 뼈, 관골",火,45,
821,관,鱹,사람 이름 관,28,관. 사람 이름 관,木,,"2024 보완전사(김기승 성명학 9,491자 기준본 대조 추가)"
822,관,鸛,황새 관,29,"황새, 구관조",火,45,
823,괄,刮,도려낼 괄,8,"긁다, 깎다, 도려내다. 파헤치다, 폭로하다",金,45,
824,괄,括,묶을 괄,10,"묶다, 동여매다, 담다, 찾다, 묶음. 궁구하다, 모이다, 모여들다, 이르다",木,45,
825,괄,筈,아첨할 괄,12,"아첨하다, 작은 소리, 풀 이름. 오늬(화살의 머리를 시위에 끼도록)",木,46,
826,괄,聒,떠들썩할 괄,12,"떠들썩하다, 어리석은 모양",火,46,
827,괄,髺,머리묶을 괄,16,묶다. 비뚜러질 활,金,46,
828,괄,鴰,재두루미 괄,17,"재두루미, 왜가리",火,46,
829,광,丱,쌍상투 관,5,"쌍상투, 어린아이, 어린 시절. 어리다, 총각, 첫돌 광","金,木,土",44,
830,광,広,넓을 광,5,"넓다, 넓히다, 빛나다, 넓이. 비다, 공허하다",木,46,
831,광,光,빛날 광,6,"빛, 명예, 영화롭다, 문화, 크다. 넓다, 아름다움, 세월, 경치, 풍경",火,46,
832,광,侊,클 광,8,"크다, 성하다, 성대하다, 진수성찬",火,46,
833,광,咣,비칠 광,8,"빛, 비치다, 세월, 명예, 기세. 넓다, 아름다움, 세월, 경치, 풍경",火,46,
834,광,狂,미칠 광,8,"미치다, 사납다, 경망하다, 광인. 개달릴 곽",土,46,
835,광,炚,불빛 광,8,"불빛, 광채(타오르는 빛). 불꽃, 타는 기운(작은 불의 모양이나 빛나는 불)",火,,"2024 보완전사(김기승 성명학 9,491자 기준본 대조 추가)"
836,"광,화",炛,빛 광,8,빛 광. 밝을 화,火,,"2024 보완전사(김기승 성명학 9,491자 기준본 대조 추가)"
837,광,垙,길 광,9,길거리. 길 광,木,,"2024 보완전사(김기승 성명학 9,491자 기준본 대조 추가); 기준본 음(대표) 필드 오류로 뜻풀이 텍스트에서 재추출함"
838,광,姯,아름다울 광,9,환할. 아름다울 광,木,,"2024 보완전사(김기승 성명학 9,491자 기준본 대조 추가); 기준본 음(대표) 필드 오류로 뜻풀이 텍스트에서 재추출함"
839,광,桄,광랑나무 광,10,"문지방, 가지런하다, 치다",木,46,페이지 상단 별도 박스 표기
840,광,框,문틀 광,10,"문틀, 볼기, 문테. 널의 문",木,46,
841,광,恇,겁낼 광,10,"겁내다, 두려워하다, 허약하다",水,46,
842,광,洭,땅 이름 광,10,땅이름. 땅 이름 광,木,,"2024 보완전사(김기승 성명학 9,491자 기준본 대조 추가); 기준본 음(대표) 필드 오류로 뜻풀이 텍스트에서 재추출함"
843,광,珖,옥피리 광,11,"옥 피리, 옥 이름",金,46,
844,광,硄,돌소리 광,11,돌빛윤택할. 돌소리 광,木,,"2024 보완전사(김기승 성명학 9,491자 기준본 대조 추가); 기준본 음(대표) 필드 오류로 뜻풀이 텍스트에서 재추출함"
845,광,絖,솜 광,12,고운 솜,木,46,
846,광,茪,결명초 광,12,"결명초, 마름, 초결명",木,46,
847,광,筐,광주리 광,12,"광주리, 침상, 작은 비녀",木,46,
848,광,胱,오줌보 광,12,"오줌보, 오줌통, 방광",木,46,
849,광,誆,속일 광,13,"속이는 말, 거짓말",金,47,
850,광,僙,위엄스러울 광,13,위험스러울. 위엄스러울 광,木,,"2024 보완전사(김기승 성명학 9,491자 기준본 대조 추가); 기준본 음(대표) 필드 오류로 뜻풀이 텍스트에서 재추출함"
851,광,誑,기만할 광,14,"속이다, 기만하다, 호리다",金,47,
852,광,銧,라듐 광,14,라듐. 라듐 광,木,,"2024 보완전사(김기승 성명학 9,491자 기준본 대조 추가); 기준본 음(대표) 필드 오류로 뜻풀이 텍스트에서 재추출함"
853,광,廣,넓을 광,15,"결명초, 마름, 초결명",木,47,
854,광,撗,채울 광,15,채울. 채울 광,木,,"2024 보완전사(김기승 성명학 9,491자 기준본 대조 추가); 기준본 음(대표) 필드 오류로 뜻풀이 텍스트에서 재추출함"
855,"광,황",磺,쇳돌 광,17,쇳돌 광. 유황 황,木,,"2024 보완전사(김기승 성명학 9,491자 기준본 대조 추가)"
856,광,壙,구덩이 광,18,"텅 비다, 들, 들판, 넓다. 공허하다, 뫼 구덩이",土,47,
857,광,獷,사나울 광,19,"사납다, 추악하다, 족제비. 사나운 개",土,47,
858,광,曠,빌 광,19,빌 광. 밝을 광,火,,"2024 보완전사(김기승 성명학 9,491자 기준본 대조 추가)"
859,광,懬,빌 광,19,뜻못이룰. 빌 광,木,,"2024 보완전사(김기승 성명학 9,491자 기준본 대조 추가); 기준본 음(대표) 필드 오류로 뜻풀이 텍스트에서 재추출함"
860,광,纊,솜 광,21,"솜, 솜옷, 누에고치, 넓다",木,47,
861,광,鑛,쇳돌 광,23,"쇳돌, 철광석, 조광 원석",金,47,
862,괘,卦,점괘 괘,8,"점괘, 걸다, 걸치다, 매달다, 입다. 건너다, 통과하다",木,47,
863,괘,挂,걸 괘,10,"걸다, 입다, 걸치다, 매달다",木,47,
864,괘,掛,걸 괘,12,"걸다, 입다, 걸치다, 매달다",木,47,
865,괘,罫,걸 괘,12,"걸다, 입다, 걸치다, 매달다. 마음에 걸리다",木,47,
866,"괘,과",絓,걸릴 괘,12,걸릴. 걸릴 괘. 풀솜실 과,木,,"2024 보완전사(김기승 성명학 9,491자 기준본 대조 추가); 기준본 음(대표) 필드 오류로 뜻풀이 텍스트에서 재추출함"
867,괘,詿,그르칠 괘,13,"그리치다, 속이다, 훼방하다",金,47,
868,괘,罣,줄 괘,14,"선, 줄, 가로 세로 교차선. 바둑판 정간",木,47,
869,괴,乖,어그러질 괴,8,"어그러지다, 배반하다, 거스르다. 떨어지다, 기르다",火,47,
870,괴,拐,속일 괴,9,"속이다, 유괴하다, 꾀어내다",木,47,
871,괴,怪,기이할 괴,9,"기이하다, 의심하다, 도깨비. 요괴, 의심스럽다",火,47,
872,괴,傀,클 괴,12,"크다, 허수아비, 꼭두각시, 하늘. 성하다, 괴이하다, 좋다, 아름답다",火,47,
873,괴,塊,덩어리 괴,13,"덩어리, 흙, 흙덩이, 뭉치, 홀로. 편안하다, 크다, 우뚝하다, 드리다",土,48,
874,괴,媿,부끄러울 괴,13,"부끄럽다, 창피를 주다, 모욕하다. 탓하다, 책망하다",土,48,
875,괴,槐,회화나무 괴,14,"회화나무, 느티나무, 풀 이름. 삼공, 삼공의 자리",木,48,
876,괴,愧,부끄러울 괴,14,"부끄럽다, 창피를 주다, 모욕하다. 탓하다, 책망하다",火,48,
877,괴,魁,우두머리 괴,14,"우두머리, 장원, 으뜸, 괴수, 크다. 근본, 북두칠성의 첫째 별",火,48,
878,괴,瑰,구슬이름 괴,15,"구슬이름, 크다, 아름답다. 동글고 모양이 좋은 옥",金,48,
879,괴,蒯,황모 괴,16,"황모, 풀 이름, 땅이름. 흙덩이, 새끼줄로 묶다",木,48,
880,괴,璝,구슬이름 괴,17,"구슬이름, 크다, 아름답다. 진귀하다, 동글고 모양이 좋은 옥",金,48,
881,괴,襘,띠매듭 괴,18,띠 매듭. 옷고름 매는 자리,木,48,
882,괵,硅,규소 규,11,"규소, 실리콘. 깨뜨릴 괵",金,60,
883,굉,宏,넓을 굉,7,"크다, 넓다, 광대하다, 포용하다. 두루, 널리, 감싸다",木,48,
884,굉,訇,큰소리 굉,9,"큰 소리, 성의 하나, 속이다",金,48,
885,굉,紘,갓끈 굉,10,"갓끈, 굵은 줄, 크다, 넓다",木,48,
886,굉,肱,팔뚝 굉,10,팔뚝,水,48,
887,굉,泓,용솟음할 굉,11,용솟음하다. 빨리 흐르다,水,48,
888,굉,閎,마을문 굉,12,"마을 문, 하늘의 문, 크다, 넓다. 문설주, 안이 넓다, 공허하다",木,48,
889,굉,觥,뿔잔 굉,13,"뿔잔, 강직한 모양, 크다",木,48,
890,"굉,황",鍠,종고 소리 굉,17,병기. 종고 소리 굉. 종고 소리 황,木,,"2024 보완전사(김기승 성명학 9,491자 기준본 대조 추가); 기준본 음(대표) 필드 오류로 뜻풀이 텍스트에서 재추출함"
891,굉,轟,울릴 굉,21,"울리다, 떠들썩하다, 쏟다. 수레소리",火,48,
892,교,巧,공교로울 교,5,"공교롭다, 예쁘다, 아름답다, 재주. 솜씨, 재치, 책략, 교묘하게",火,49,
893,교,交,사귈 교,6,"사귀다, 교제하다, 오고 가다, 우정. 벗, 무역, 거래, 서로, 건네다, 성교","火,土,水",49,
894,교,佼,예쁠 교,8,"예쁘다, 교활하다, 어지럽다. 간사하다, 업신여기다",火,49,
895,교,糾,모을 규,8,"모으다, 얽히다, 꼬다, 살피다. 공손하다, 규명하다, 바로잡다",木,60,
896,교,姣,아리따울 교,9,"아리땁다, 요염하다, 사랑스럽다. 뽐내다, 가늘고 맑다, 미녀, 젊은 여",土,49,
897,교,校,학교 교,10,"학교, 장교, 부대, 가르치다, 갚다. 헤아리다, 본받다, 모방하다, 빠르다",木,49,
898,교,晈,달빛 교,10,"달이 밝다, 희다, 밝다, 깨끗하다. 달빛, 햇빛, 결백하다",火,49,
899,교,狡,간교할 교,10,"교활하다, 간교하다, 재빼르다. 사납다, 예쁘다, 음란하다, 미치다",土,49,
900,교,敎,가르칠 교,11,"가르치다, 본받다, 가르침, 종교. 임금의 명령",金,49,
901,교,教,가르칠 교,11,"가르치다, 본받다, 가르침, 종교. 임금의 명령",金,49,
902,교,皎,달빛 교,11,"달이 밝다, 희다, 밝다, 깨끗하다. 달빛, 햇빛, 결백하다",火,49,
903,교,珓,옥 산통 교,11,옥산통. 옥 산통 교,木,,"2024 보완전사(김기승 성명학 9,491자 기준본 대조 추가); 기준본 음(대표) 필드 오류로 뜻풀이 텍스트에서 재추출함"
904,교,喬,높을 교,12,"높다, 높이 솟다, 창, 갈고리. 뛰어나다, 교활하다, 교만하다",木,49,
905,교,蛟,교룡 교,12,"교룡, 뿔 없는 용, 상어",水,49,
906,교,郊,들 교,13,"들, 야외, 교외, 근교, 시골, 성 밖. 천지의 제사",土,49,
907,교,曒,밝을 교,14,"밝다, 깨끗이 나뉘다",火,49,
908,교,僑,더부살이 교,14,"더부살이, 타관 살이, 임시 거처. 높다, 길다",火,49,
909,교,鉸,가위 교,14,"가위, 가위로 재단하다, 장식",金,49,
910,"교,규",嘄,웃는 소리 교,14,웃는 소리 교. 부르짖을 규,水,,"2024 보완전사(김기승 성명학 9,491자 기준본 대조 추가)"
911,교,暞,밝을 교,14,밝다(눈부시게 빛남). 햇빛이나 빛깔이 환하다(빛의 강함),火,,"2024 보완전사(김기승 성명학 9,491자 기준본 대조 추가)"
912,"교,료",嵺,우뚝 솟을 교,14,산불끈솟을. 우뚝 솟을 교. 쓸쓸할 료(요),木,,"2024 보완전사(김기승 성명학 9,491자 기준본 대조 추가); 기준본 음(대표) 필드 오류로 뜻풀이 텍스트에서 재추출함"
913,교,嬌,아리따울 교,15,"아리땁다, 맵시 있다, 사랑하다",土,50,
914,교,嶠,높을 교,15,"뾰족하다, 높다, 산마루, 산길. 악곡의 이름",土,50,
915,교,餃,경단 교,15,"경단, 엿. 가루를 반죽하여 엿물을 바른 떡",水,50,
916,교,撟,들 교,16,"들다, 안마하다, 바로잡다",木,50,
917,교,憍,교만할 교,16,"교만하다, 방자하다",火,50,
918,교,骹,정강이 교,16,"다리, 정강이",金,50,
919,교,嗷,울 교,16,"울다, 부르짖다, 주둥이",水,50,
920,"교,효",燆,불꽃 교,16,불번쩍일. 불꽃 교. 불 번득일 효,木,,"2024 보완전사(김기승 성명학 9,491자 기준본 대조 추가); 기준본 음(대표) 필드 오류로 뜻풀이 텍스트에서 재추출함"
921,교,嬓,사람 이름 교,16,사람이름. 사람 이름 교,木,,"2024 보완전사(김기승 성명학 9,491자 기준본 대조 추가); 기준본 음(대표) 필드 오류로 뜻풀이 텍스트에서 재추출함"
922,교,鵁,해오라기 교,17,"해오라기, 백로",火,50,
923,교,矯,바로잡을 교,17,"교정하다, 바로잡다, 굳세다. 용감하다, 속이다, 들다",金,50,
924,교,磽,메마른땅 교,17,"메마르다, 딱딱하다. 단단하다, 나쁘다",金,50,
925,교,膠,굳을 교,17,"아교, 갖풀을 칠하다, 굳다. 붙다, 어그러지다",水,50,
926,교,鮫,상어 교,17,"상어, 교룡",水,50,
927,교,趫,재빠를 교,17,"재빠르다, 용감하다, 건장하다",火,50,
928,교,鄡,고을 이름 교,17,땅이름. 고을 이름 교,木,,"2024 보완전사(김기승 성명학 9,491자 기준본 대조 추가); 기준본 음(대표) 필드 오류로 뜻풀이 텍스트에서 재추출함"
929,교,穚,벼 이삭 팰 교,17,벼이삭. 벼 이삭 팰 교,木,,"2024 보완전사(김기승 성명학 9,491자 기준본 대조 추가); 기준본 음(대표) 필드 오류로 뜻풀이 텍스트에서 재추출함"
930,교,蕎,메밀 교,18,메밀,木,50,
931,교,翹,날개 교,18,"꼬리 날개, 들다, 발돋움",火,50,
932,교,嚙,깨물 교,18,"깨물다, 뼈를 씹다",水,51,
933,교,轎,가마 교,19,"가마, 교자",火,51,
934,교,蹻,발돋움할 교,19,"발돋움하다, 교만하다, 굳세다",土,51,
935,교,齩,깨물 교,21,"깨물다, 뼈를 씹다",金,51,
936,교,驕,굳셀 교,22,"굳세다, 사납다, 교만",火,51,페이지 상단 별도 박스 표기
937,교,攪,흔들 교,24,"흔들다, 어지럽다, 뒤섞다. 휘젓다",木,51,
938,구,久,오래될 구,3,"오래다, 길다, 오래 기다리다, 막다. 오랫동안, 오래 된, 옛날의, 시간",水,51,
939,구,口,입 구,3,"입, 아가리, 어귀, 입구, 구멍. 인구, 자루, 말하다",水,51,
940,구,仇,원수 구,4,"원수, 적, 쓰리다, 해치다, 죽이다. 짝, 동반자, 원망하다, 거만하다",火,51,
941,구,勾,갈고리 구,4,"갈고리, 굽다",金,51,
942,"구,유",厹,세모창 구,4,세모창 구. 발자국 유,水,,"2024 보완전사(김기승 성명학 9,491자 기준본 대조 추가)"
943,구,勼,모을 구,4,모을. 모을 구,木,,"2024 보완전사(김기승 성명학 9,491자 기준본 대조 추가); 기준본 음(대표) 필드 오류로 뜻풀이 텍스트에서 재추출함"
944,구,丘,언덕 구,5,"언덕, 구릉, 마을, 촌락. 맏이, 분묘, 종, 하인, 공허하다",土,51,
945,구,咎,소리높일 구,5,"소리를 높이다, 크게 하다, 세모창",水,51,
946,구,句,글귀 귀,5,"글귀, 구절, 문장, 마디, 올가미. 함정, 유혹하다, 구절 구, 몰가미 구",水,59,
947,구,叴,소리 높일 구,5,소리 높일 구. 오기 구. 세모창 구,水,,"2024 보완전사(김기승 성명학 9,491자 기준본 대조 추가)"
948,구,臼,절구 구,6,"절구, 별 이름, 나무 이름, 확. 절구질하다",土,51,
949,구,氿,샘 궤,6,"샘, 곁 구멍애서 솟는 샘. 물기 구",水,58,
950,"구,궤",朹,산사나무 구,6,산사나무. 산사나무 구. 궤 궤,木,,"2024 보완전사(김기승 성명학 9,491자 기준본 대조 추가); 기준본 음(대표) 필드 오류로 뜻풀이 텍스트에서 재추출함"
951,구,灸,뜸 구,7,"뜸질하다, 굽다, 사르다. 지지다, 버티다, 지탱하다",火,51,
952,구,佝,곱추 구,7,"꼽추, 어리석다, 악하다",火,51,
953,구,究,연구 구,7,"연구하다, 궁구하다, 다하다, 극, 끝. 헤아리다, 굴, 동굴",水,51,
954,구,求,구할 구,7,"구하다, 청하다, 취하다, 탐하다. 모으다, 모이다, 빌다, 가리다, 끝",水,51,
955,구,扣,두드릴 구,7,"두드리다, 딩기다, 덜다, 묻다",木,51,
956,구,劬,바쁠 구,7,"바쁘다, 수고하다, 애쓰다",土,51,페이지 하단 별도 박스 표기
957,"구,거,가",佉,나라 이름 구,7,땅이름. 나라 이름 구. 물리칠 거. 신 이름 가,木,,"2024 보완전사(김기승 성명학 9,491자 기준본 대조 추가); 기준본 음(대표) 필드 오류로 뜻풀이 텍스트에서 재추출함"
958,구,坵,언덕 구,8,"언덕, 구릉, 마을, 크다",土,52,페이지 상단 별도 박스 표기
959,구,玖,옥돌 구,8,"옥돌, 패옥",金,52,페이지 상단 별도 박스 표기
960,구,垢,때 구,8,"때묻다, 때, 티끌, 수치",土,52,
961,구,峋,산꼭대기 구,8,"산꼭대기, 봉우리",土,52,
962,구,具,갖출 구,8,"갖추다, 차림, 모두, 갖추어지다. 온전하다, 구비하다, 함께, 다 같이",金,52,
963,구,咎,허물 구,8,"허물, 재앙, 미워하다. 순 임금의 신하",水,52,
964,구,疚,오랜병 구,8,"오래 된 병, 병으로 오래 눕다",水,52,
965,구,虯,규룡 규,8,"규룡, 뿔 없는 용. 양쪽 뿔이 있는 새끼 용, 규룡 구",水,60,
966,구,㚱,여자의 자 구,8,구. 여자의 자 구,木,,"2024 보완전사(김기승 성명학 9,491자 기준본 대조 추가)"
967,"구,때",坸,때 구,8,때(더러움). 표면에 붙은 이물질이나 때,土,,"2024 보완전사(김기승 성명학 9,491자 기준본 대조 추가)"
968,구,岣,산꼭대기 구,8,산꼭대기. 험준한 바위로 이루어진 봉우리,土,,"2024 보완전사(김기승 성명학 9,491자 기준본 대조 추가)"
969,구,枸,구기자 구,9,"구기자, 구기자 나무, 굽다",木,52,
970,구,韭,부추 구,9,"부추, 산부추",木,52,
971,구,拘,거리낄 구,9,"붙잡다, 거리끼다, 개",木,52,
972,구,柩,널 구,9,"널, 관",木,52,
973,구,俅,공손할 구,9,"공손하다, 정중하다, 입다",火,52,
974,구,昫,따뜻할 구,9,"따뜻하다, 햇볕, 현명",火,52,
975,구,姤,만날 구,9,"만나다, 우아하다, 추하다",土,52,
976,구,垢,때 구,9,"때, 티끌, 때묻다",土,52,
977,구,狗,개 구,9,"개, 강아지",土,52,
978,구,玖,옥돌 구,9,"옥돌, 패옥",金,52,
979,구,䜪,정자 이름 구,9,구. 정자 이름 구,木,,"2024 보완전사(김기승 성명학 9,491자 기준본 대조 추가)"
980,구,韝,짤 구,10,"짜다, 쌓다, 방. 수의 단위",木,52,
981,구,俱,함께 구,10,"함께, 모두, 동반하다, 갖추다",火,52,
982,구,矩,곱자 구,10,"곱자, 오, 네모, 모서리",金,52,
983,구,珂,옥돌 구,10,"옥돌, 패옥",金,52,
984,구,痀,곱사등이 구,10,곱사등이,水,52,
985,구,冓,짤 구,10,"짜다, 만들다(조직, 구성하다). 부품, 부분을 짜 맞추어 조립하거나 형성하다",木,,"2024 보완전사(김기승 성명학 9,491자 기준본 대조 추가)"
986,구,竘,다듬을 구,10,다듬을. 다듬을 구,木,,"2024 보완전사(김기승 성명학 9,491자 기준본 대조 추가); 기준본 음(대표) 필드 오류로 뜻풀이 텍스트에서 재추출함"
987,구,寇,도둑 구,11,"떼도둑, 겁탈하다, 원수, 난리",木,53,
988,구,苟,진실로 구,11,"진실로, 한 때, 가령",木,53,
989,구,捄,담을 구,11,"담다, 길다, 송이",木,53,
990,구,毬,공 구,11,"공, 둥근 것",火,53,
991,구,耇,오래살 구,11,"오래 살다, 늙다, 노인",土,53,
992,구,耈,오래살 구,11,"오래 살다, 늙다, 나이가 많다. 기다리다, 耇,耈와 同字",土,53,
993,구,救,구원할 구,11,"구원하다, 돕다, 치료하다, 고치다. 구원, 막다, 금지하다",金,53,
994,구,釦,금테두를 구,11,"금테 두르다, 주옥을 박아 꾸미다. 단추, 떠들다",金,53,
995,구,蚯,지렁이 구,11,지렁이,水,53,
996,구,馗,광대뼈 규,11,"광대뼈, 길거리, 한길, 솟다, 귀신. 길거리 구, 버섯이름 구",水,60,
997,구,玽,옥돌 구,11,"옥돌, 옥 같은 보석돌. 장식용 작은 옥조각(장신구의 재료)",木,,"2024 보완전사(김기승 성명학 9,491자 기준본 대조 추가)"
998,구,耉,늙을 구,11,늙을. 늙을 구,木,,"2024 보완전사(김기승 성명학 9,491자 기준본 대조 추가); 기준본 음(대표) 필드 오류로 뜻풀이 텍스트에서 재추출함"
999,구,梂,도토리받침 구,11,도토리받침. 도토리받침 구,木,,"2024 보완전사(김기승 성명학 9,491자 기준본 대조 추가); 기준본 음(대표) 필드 오류로 뜻풀이 텍스트에서 재추출함"
1000,구,夠,모을 구,11,모을. 모을 구,木,,"2024 보완전사(김기승 성명학 9,491자 기준본 대조 추가); 기준본 음(대표) 필드 오류로 뜻풀이 텍스트에서 재추출함"
1001,구,邱,언덕 구,12,"언덕, 구릉, 무덤, 분묘",土,53,
1002,구,球,공 구,12,"공, 옥, 구슬, 둥근 것. 옥으로 만든 경쇠",金,53,
1003,구,晷,그림자 귀,12,"그림자, 햇빛, 빛. 그림자 구",火,59,
1004,구,椇,헛개나무 구,12,호깨나무. 헛개나무 구,木,,"2024 보완전사(김기승 성명학 9,491자 기준본 대조 추가); 기준본 음(대표) 필드 오류로 뜻풀이 텍스트에서 재추출함"
1005,구,絿,급박할 구,13,"급박하다, 작다, 구하다",木,53,
1006,구,裘,모피 구,13,갖옷. 짐승의 털가죽으로 안을 댄 옷,木,53,
1007,구,鳩,비둘기 구,13,"비둘기, 모이다, 모으다. 편안하다",火,53,
1008,구,傴,구부릴 구,13,"구부리다, 공경하는 모양. 곱사등이",火,53,
1009,구,舅,시아버지 구,13,"시아버지, 장인, 외삼촌",土,53,
1010,구,彀,당길 구,13,"당기다, 활을 쏘다. 활을 소기에 알맞은 거리",金,53,
1011,구,鉤,당길 구,13,"갈고리, 당기다, 낫, 창, 걸옹 쇠",金,53,
1012,구,詬,꾸짖을 구,13,"꾸짖다, 욕보이다",金,54,
1013,"구,후,춘",胊,포 구,13,포 구. 후연 후. 고을 이름 춘,水,,"2024 보완전사(김기승 성명학 9,491자 기준본 대조 추가)"
1014,구,構,얽을 구,14,"얽다, 맺다, 일으키다. 자세를 갖추다",木,54,
1015,구,搆,차릴 구,14,"차리다, 끌다, 일으키다. 이해 못하다",木,54,
1016,구,榘,곱자 구,14,"곱자, 네모, 모, 법, 땅, 폭과 길이. 가을",木,54,
1017,구,廐,벼슬 구,14,"벼슬이름, 모이다, 마구간. 廐과 同字",木,54,
1018,구,廏,벼슬 구,14,"벼슬이름, 모이다, 마구간. 廐과 同字",木,54,
1019,구,嶇,험할 구,14,"험하다, 평탄치 않다",土,54,
1020,구,嫗,할미 구,14,"할미, 여자. 안아서 따뜻하게 하다",土,54,
1021,구,媾,화친할 구,14,"화친하다, 총애하다, 겹혼인. 성교하다",土,54,
1022,구,逑,짝 구,14,"짝, 모으다, 구하다, 급박하다",土,54,
1023,구,嘔,게울 구,14,"게우다, 기꺼워하다, 노래하다",水,54,
1024,구,溝,도랑 구,14,"붓도랑, 시내, 하수도, 덜어지다",水,54,
1025,구,煹,불 들을 구,14,봉화. 불 들을 구,木,,"2024 보완전사(김기승 성명학 9,491자 기준본 대조 추가); 기준본 음(대표) 필드 오류로 뜻풀이 텍스트에서 재추출함"
1026,구,摳,끌어올릴 구,15,"끌어올리다, 조숙하다",木,54,페이지 상단 별도 박스 표기
1027,구,歐,구라파 구,15,"노래하다, 토하다, 뱉다. 구라파, 유럽",火,54,
1028,구,駒,망아지 구,15,"망아지, 말, 젊은이",火,54,
1029,구,毆,때릴 구,15,"때리다, 쥐어박다. 구라파, 유럽",金,54,
1030,구,銶,끌 구,15,"끌, 나무에 구멍을 뚫는 연장",金,54,
1031,구,漚,담글 구,15,"담그다, 거품, 강이름. 향기가 짙다, 갈매기",水,54,
1032,구,蒟,구장 구,16,"시밭, 중밭, 악기, 땅 이름",木,54,
1033,구,篝,배롱 구,16,"배롱, 부담농, 모닥불, 대그릇. 화로에 씌워놓고 그 위에 옷을 말릴때",木,54,
1034,구,糗,볶은쌀 구,16,"볶은 쌀, 미숫가루. 볶은 쌀로 끓인 죽",木,54,
1035,구,甌,사발 구,16,"사발, 종발, 악기, 땅 이름. 종족이름",土,55,
1036,구,璆,아름다운옥 구,16,"아름다운 옥, 옥경쇠, 옥이름",金,55,
1037,구,窶,가난할 구,16,"가난하다, 높고 좁은 곳",水,55,
1038,"구,균",龜,거북 귀,16,"거북, 거북 껍데기, 등골뼈, 본뜨다. 나라 이름 구, 터질 균",水,60,
1039,구,颶,폭풍 구,17,"폭풍, 맹렬한 폭풍",木,55,
1040,구,覯,만날 구,17,"만나다, 합치다, 혼인하다. 이루다",火,55,
1041,구,遘,만날 구,17,"만나다, 남녀가 교접하다. 치리다",土,55,
1042,구,購,구할 구,17,"구하다, 사다, 풀리다, 진하다. 화해하다, 길다, 화친",金,55,
1043,구,屨,사발 구,17,"신, 짚신, 가죽신, 신다. 자주, 여러 빈",水,55,
1044,구,瞿,볼 구,18,"보다, 놀라다, 두려워하다. 가슴이 두근거리다",木,55,
1045,구,舊,옛 구,18,"옛날, 옛일, 친구, 늙은이. 오래되다, 낡다",土,55,
1046,구,謳,노래 구,18,"노래, 힘창하다, 품다. 기뻐하다",金,55,
1047,구,軀,몸 구,18,"몸, 신체",水,55,
1048,구,韝(미상),깍지 구,19,"깍지, 팔찌",金,55,자형 확인요망(저해상도)
1049,구,匵,널 구,20,"널, 관",木,55,페이지 하단 별도 박스 표기
1050,구,匶,널 구,20,"널(판자, 널빤지). 널판지로 된 판재, 목재 판자",木,,"2024 보완전사(김기승 성명학 9,491자 기준본 대조 추가)"
1051,구,鷇,기를 구,21,"기르다, 깨다, 새 새끼",火,55,
1052,구,驅,쫓을 구,21,"몰다, 쫓다, 쫓아 보내다",水,55,
1053,구,戳,창 구,22,"창, 네갈래 진 창",金,55,페이지 상단 별도 박스 표기
1054,구,懼,두려워할 구,22,"두려워하다, 무서워하다, 으르다",火,55,
1055,구,鷗,갈매기 구,22,갈매기,火,55,
1056,"구,국",㩴,잎 무성할 구,22,구. 움켜쥘 국. 잎 무성할 구,木,,"2024 보완전사(김기승 성명학 9,491자 기준본 대조 추가)"
1057,구,戵,창 구,22,"창(긴 찌르는 무기, 작은 창). 찌르거나 꽂는 용도의 무기",木,,"2024 보완전사(김기승 성명학 9,491자 기준본 대조 추가)"
1058,구,灈,물 이름 구,22,물이름. 물 이름 구,木,,"2024 보완전사(김기승 성명학 9,491자 기준본 대조 추가); 기준본 음(대표) 필드 오류로 뜻풀이 텍스트에서 재추출함"
1059,구,癯,여윌 구,23,"여위다, 파리하다",水,55,페이지 하단 별도 박스 표기
1060,구,衢,갈림길 구,24,"네 거리, 갈림길",火,55,페이지 상단 별도 박스 표기
1061,구,鬮,제비뽑기 구,26,"제비뽑기(제비). 제비로 결정함, 추첨하여 정함",木,,"2024 보완전사(김기승 성명학 9,491자 기준본 대조 추가)"
1062,구,鸙(미상),제비 구,27,"제비, 추첨, 쟁취하다. 손에 쥐다",金,55,자형 확인요망(저해상도)
1063,구,鸜,구관조 구,29,구관조,火,55,
1064,국,局,재능 국,7,"마을, 관청, 재능, 웃는 모양, 모임. 바둑판, 장기판, 구분, 구획",木,56,
1065,국,匊,움켜뜰 국,8,"움켜 뜨다, 손바닥. 두 손을 함한 모양",金,56,
1066,국,国,나라 국,8,"나라, 국가, 서울, 나라를 세우다. 國의 略字",水,56,
1067,국,國,나라 국,11,"나라, 국가, 서울, 도읍, 고향. 세상, 세계, 나라를 세우다",水,56,
1068,국,梮,징 국,11,나막신. 징 국,木,,"2024 보완전사(김기승 성명학 9,491자 기준본 대조 추가); 기준본 음(대표) 필드 오류로 뜻풀이 텍스트에서 재추출함"
1069,국,挶,들것 국,11,들것. 들것 국,木,,"2024 보완전사(김기승 성명학 9,491자 기준본 대조 추가); 기준본 음(대표) 필드 오류로 뜻풀이 텍스트에서 재추출함"
1070,국,掬,움킬 국,12,"움켜 쥐다, 손바닥, 용량의 단위",木,56,
1071,국,淗,얼룩거릴 국,12,물결얼룩거릴. 얼룩거릴 국,木,,"2024 보완전사(김기승 성명학 9,491자 기준본 대조 추가); 기준본 음(대표) 필드 오류로 뜻풀이 텍스트에서 재추출함"
1072,국,椈,노송나무 국,12,측백나무. 노송나무 국,木,,"2024 보완전사(김기승 성명학 9,491자 기준본 대조 추가); 기준본 음(대표) 필드 오류로 뜻풀이 텍스트에서 재추출함"
1073,"국,곡",輂,수레 국,13,마차. 수레 국. 수레 곡,木,,"2024 보완전사(김기승 성명학 9,491자 기준본 대조 추가); 기준본 음(대표) 필드 오류로 뜻풀이 텍스트에서 재추출함"
1074,국,菊,국화 국,14,"국화, 대국",木,56,
1075,국,踘,구부릴 국,14,"구부리다, 굽다. 한쪽 발을 들다",土,56,
1076,국,跼,몸이나 다리를 굽힐 국,14,몸이나 다리를 굽히다(쪼그리고 앉다). (비유) 자세나 상태가 굽혀지듯 갑갑하고 좁은 상태가 되다(궁색함),土,,"2024 보완전사(김기승 성명학 9,491자 기준본 대조 추가)"
1077,국,𥮗,대 뿌리 국,14,국. 대 뿌리 국,木,,"2024 보완전사(김기승 성명학 9,491자 기준본 대조 추가)"
1078,"국,구",趜,곤궁할 국,15,궁구할. 곤궁할 국. 발 뻗어지지 않을 구,木,,"2024 보완전사(김기승 성명학 9,491자 기준본 대조 추가); 기준본 음(대표) 필드 오류로 뜻풀이 텍스트에서 재추출함"
1079,국,鋦,꺾쇠 국,15,철로동일. 꺾쇠 국,木,,"2024 보완전사(김기승 성명학 9,491자 기준본 대조 추가); 기준본 음(대표) 필드 오류로 뜻풀이 텍스트에서 재추출함"
1080,국,麯,누룩 국,17,누룩,木,56,
1081,국,鞠,공 국,17,"공, 가죽 공, 국화, 굽히다, 성씨. 국문하다, 사랑하다, 고하다, 알리다",金,56,
1082,국,鞫,다할 국,18,"다하다, 국문하다, 심문하다. 기르다, 양육하다, 곤궁하다",金,56,
1083,군,君,임금 군,7,"임금, 군자, 임금의 아들, 형제. 우두머리, 남편, 그 대",水,56,
1084,군,軍,군사 군,9,"군사, 군부, 군대, 진치다",火,56,
1085,군,宭,여럿이 살 군,10,모여살. 여럿이 살 군,木,,"2024 보완전사(김기승 성명학 9,491자 기준본 대조 추가); 기준본 음(대표) 필드 오류로 뜻풀이 텍스트에서 재추출함"
1086,군,捃,주울 군,11,"줍다, 주워 가지다",木,56,
1087,군,桾,고욤나무 군,11,고욤나무,木,56,
1088,군,涒,클 군,11,도포증날. 클 군,木,,"2024 보완전사(김기승 성명학 9,491자 기준본 대조 추가); 기준본 음(대표) 필드 오류로 뜻풀이 텍스트에서 재추출함"
1089,군,窘,군색할 군,12,"군색하다, 가난하다, 곤궁하다. 고생하다, 궁하다, 얽매이다, 괴롭다",水,56,
1090,군,珺,아름다운 옥 군,12,옥이름. 아름다운 옥 군,木,,"2024 보완전사(김기승 성명학 9,491자 기준본 대조 추가); 기준본 음(대표) 필드 오류로 뜻풀이 텍스트에서 재추출함"
1091,군,裙,치마 군,13,"치마, 속옷",木,56,
1092,군,群,무리 군,14,"무리, 떼, 동아리, 동료, 많다, 벗. 모이다, 모으다, 떼를 짓다",土,56,
1093,군,郡,고을 군,14,"고을, 관청, 관아, 군, 떼. 무리, 쌓다",土,56,
1094,군,皸,틀 군,14,"손 발이 트다, 얼어 터지다, 틈. 살갗이 트다, 얼음 박히다",金,56,
1095,군,攈,주울 군,20,주울. 주울 군,木,,"2024 보완전사(김기승 성명학 9,491자 기준본 대조 추가); 기준본 음(대표) 필드 오류로 뜻풀이 텍스트에서 재추출함"
1096,굴,倔,고집셀 굴,10,"고집 세다, 굽다, 몸을 일으키다",火,57,
1097,굴,堀,팔 굴,11,"굴, 토굴, 파다, 먼지가 일어나다",土,57,
1098,굴,崛,우뚝솟을 굴,11,"우뚝 솟다, 산이 홀로 우뚝 솟다",土,57,
1099,"굴,동",硐,갈 동,11,굴. 갈 동,火,,"2024 보완전사(김기승 성명학 9,491자 기준본 대조 추가); 1차 음의 뜻풀이 누락으로 타 음(동)의 훈으로 대표훈음 대체"
1100,굴,淈,흐릴 굴,12,"흐리다, 다하다, 다스리다",水,57,
1101,"굴,출,눌",詘,굽힐 굴,12,굽힐 굴. 내칠 출. 말 더듬을 눌,木,,"2024 보완전사(김기승 성명학 9,491자 기준본 대조 추가)"
1102,굴,窟,동굴 굴,13,"굴, 동굴, 움집, 토굴, 소굴. 둥지를 틀다, 혈거하다",水,57,
1103,궁,弓,활 궁,3,"활, 활 모양, 궁술, 활의 길이. 여덟 자, 길이의 단위, 구부정하게","火,金,木",57,
1104,궁,穹,하늘 궁,8,"하늘, 활꼴, 궁형, 막다르다, 깊이. 크다",木,57,
1105,궁,芎,궁궁이 궁,9,"궁궁이, 천궁. 산미나리과의 여러해 살이 풀",木,57,
1106,궁,宮,대궐 궁,10,"궁궐, 대궐, 집, 궁전, 종묘. 후궁",木,57,
1107,궁,躬,몸 궁,10,"몸, 몸소, 신체, 자기, 자신. 직접, 곤궁하다, 활",水,57,
1108,궁,殑,까무라칠 궁,11,"까무러치다, 유령이 나타나다.",水,66,
1109,궁,躳,몸 궁,14,"몸, 몸소, 신체, 자기, 자신. 직접, 곤궁하다, 활",水,57,
1110,궁,兢,떨릴 궁,14,"떨리다, 삼가다, 두려워하다. 굳다, 굳세다.",水,66,
1111,궁,窮,다할 궁,15,"다하다, 극에 달하다, 마치다, 크다. 중단하다, 좁다, 작다, 얕다",水,57,
1112,권,券,문서 권,8,"문서, 증서, 화폐, 계약서, 어음. 언약하다, 분명하다, 일치하다","金,木",57,
1113,권,劵,게으를 권,8,게으를. 게으를 권,木,,"2024 보완전사(김기승 성명학 9,491자 기준본 대조 추가); 기준본 음(대표) 필드 오류로 뜻풀이 텍스트에서 재추출함"
1114,권,拳,주먹 권,10,"주먹, 주먹질, 권법, 힘, 힘쓰다. 부지런하다, 공손하다, 사랑하다",木,57,
1115,권,倦,문서 권,10,"문서, 언약하다, 계약서, 분명하다. 어음, 화폐, 게으르다, 고달프다",火,57,
1116,권,勧,권할 권,10,"권하다, 권장하다, 게으르다. 눈짓하다, 진력나다, 고달프다",土,57,
1117,권,勌,게으를 권,10,게으를 권. 힘쓸 권,土,,"2024 보완전사(김기승 성명학 9,491자 기준본 대조 추가)"
1118,권,眷,돌볼 권,11,"돌보다, 보살피다, 베풀다, 사모하다. 그리워하다, 겨레붙이, 권속, 은총",木,58,
1119,권,圈,우리 권,11,"우리, 술잔, 동그라미, 나라, 경계. 울타리, 감방, 가두다, 감금하다",水,58,
1120,권,婘,예쁠 권,11,어여쁠. 예쁠 권. 살붙이 권,木,,"2024 보완전사(김기승 성명학 9,491자 기준본 대조 추가); 기준본 음(대표) 필드 오류로 뜻풀이 텍스트에서 재추출함"
1121,권,捲,기세 권,12,"힘쓰다, 분발하다, 거두다, 말다. 돌돌 감아 말다, 용기를 내다, 힘쓰다",木,58,
1122,권,棬,힘쓸 권,12,"힘쓰다, 나무그릇, 쇠코뚜레",木,58,
1123,권,惓,삼갈 권,12,"비단 이름, 삼가다, 정성스럽다. 충성스럽다, 싫증나다, 간절하다",火,58,
1124,권,港,물흐를 권,12,"물 돌아 흐르다, 물, 물모양",水,58,
1125,권,睠,돌볼 권,13,"돌보다, 보살피다, 베풀다, 권속. 사모하다, 그리워하다, 은총",木,58,
1126,권,淃,물 돌아 흐를 권,13,물 돌아 흐를 권. 물 돌아 흐르는 모양 권,水,,"2024 보완전사(김기승 성명학 9,491자 기준본 대조 추가)"
1127,권,蜷,구부릴 권,14,"구부리다, 굼틀굼틀 가다, 나무좀. 지렁이",水,58,
1128,권,權,권세 권,15,"권세, 권력, 권한, 권리, 저울, 방편. 계량하다, 당분간, 임기응변, 꾀하다. 權의 俗字",木,58,
1129,권,権,권세 권,15,권세 권. 저울추 권,木,,"2024 보완전사(김기승 성명학 9,491자 기준본 대조 추가)"
1130,권,錈,쇠 굽을 권,16,쇠말릴. 쇠 굽을 권,木,,"2024 보완전사(김기승 성명학 9,491자 기준본 대조 추가); 기준본 음(대표) 필드 오류로 뜻풀이 텍스트에서 재추출함"
1131,권,勸,권할 권,20,"권하다, 권장하다, 힘쓰다, 즐기다. 좋아하다, 가르치다, 따르다, 권고",土,58,
1132,권,權,권세 권,22,"권세, 권력, 권한, 권리, 저울, 방변. 계량하다, 당분간, 임기응변, 꾀하다. 權의 本字",木,58,
1133,궐,屈,굽힐 굴,8,"굽히다, 굽다, 오그라들다, 쇠하다. 강하다, 굳세다, 솟아나다, 옷이름 궐",木,57,
1134,"궐,졸",掘,우뚝 굴,12,"파다, 우뚝하다, 움푹 패다, 다하다. 뚫을 궐, 서투를 졸",木,57,
1135,궐,厥,발굴할 궐,12,"그것, 발굴하다, 짧다, 다하다. 오랑캐, 피가 머리로 몰리는 병",土,58,
1136,궐,劂,조각칼 궤,14,"새김 칼, 조각 칼. 새김 칼 궐",金,59,
1137,궐,獗,날뛸 궐,16,"날뛰다, 날래다",土,58,
1138,"궐,게",撅,옷걸 궤,16,"공격하다, 파내다, 꺾다, 뽑히다. 파낼 궐, 옷 걷을 게",木,59,
1139,궐,闕,대궐 궐,18,"대궐, 대궐문, 조정, 파다, 뚫다. 이지러지다",木,58,
1140,궐,蕨,고사리 궐,18,"고비, 고시리, 이름, 수초이름",木,58,
1141,궐,蹶,넘어질 궐,19,"넘어지다, 쓰러지다",土,58,페이지 상단 별도 박스 표기
1142,궤,佹,괴이할 궤,8,"괴이하다, 어그러지다, 속이다. 거스르다, 포개다, 겹치다",火,58,
1143,궤,軌,바퀴자국 궤,9,"수레, 바퀴자국, 궤도, 길, 도로. 바퀴 굴대, 법도, 규범, 제도, 따름",火,59,
1144,"궤,기",攱,실을 기,9,궤. 기. 실을 기,木,,"2024 보완전사(김기승 성명학 9,491자 기준본 대조 추가); 1차 음의 뜻풀이 누락으로 타 음(기)의 훈으로 대표훈음 대체"
1145,궤,麂,고라니 궤,13,"큰 노루, 큰 순록, 고라니",土,59,
1146,궤,跪,꿇어앉을 궤,13,"꿇어 앉다, 무릎 꿇고 절하다. 발, 집게발",土,59,
1147,궤,詭,속일 궤,13,"속이다, 꾸짖다, 어기다, 위배하다. 무너지다, 깨뜨리다, 비꾸다, 헐뜯다",金,59,
1148,"궤,의",銌,쟁기 귀,14,"쟁기, 삽, 가래. 두견새, 뻐꾸기, 삽 궤, 줄 의",金,60,
1149,궤,樻,나무이름 궤,16,"나무 이름, 영수목",木,59,
1150,궤,匱,다할 궤,16,"다하다, 없다, 결핍되다, 탕진하다. 상자, 함, 삼태기",木,59,
1151,궤,憒,심란할 궤,16,"심란하다, 마음이 어지럽다. 어둡다, 어리석다",火,59,
1152,궤,簋,제기이름 궤,17,"제기 이름, 기장과 피를 담는 그릇",木,59,
1153,궤,餽,먹일 궤,19,"음식을 보내다, 권하다, 먹이다. 식사, 선사",水,59,
1154,궤,闠,저자 궤,20,"성시 바깥 문, 길, 저자. 식사, 선사",木,59,
1155,궤,鐀,다할 궤,20,궤. 다할 궤. 상자 궤,木,,"2024 보완전사(김기승 성명학 9,491자 기준본 대조 추가)"
1156,궤,饋,먹일 궤,21,"음식을 보내다, 권하다, 먹이다. 식사, 선사",水,59,
1157,귀,句,글귀 구,5,"글귀, 마디, 구절, 올가미, 갈고리. 네모, 함정, 넉넉하다, 많다, 지우다",水,51,
1158,귀,奎,별 규,9,"별, 별 이름, 글, 문장, 가량이. 걷는 모양 귀",木,60,
1159,귀,鬼,귀신 귀,10,"귀신, 도깨비, 별 이름. 혼백, 지혜롭다, 멀다, 교활하다",火,59,
1160,귀,貴,귀할 귀,12,"귀하다, 높다, 숭상하다, 공경하다. 비싸다, 중요하다, 높임말, 지위",金,59,
1161,"귀,궤",䤥,삽 귀,14,귀. 삽 궤. 삽 귀,木,,"2024 보완전사(김기승 성명학 9,491자 기준본 대조 추가)"
1162,"귀,균",龜,땅이름 구,16,"거북, 땅 이름, 나라이름. 점치다, 거북 귀, 터질 균, 갈라질 균",水,55,
1163,귀,撌,당길 귀,16,당길. 당길 귀,木,,"2024 보완전사(김기승 성명학 9,491자 기준본 대조 추가); 기준본 음(대표) 필드 오류로 뜻풀이 텍스트에서 재추출함"
1164,귀,歸,돌아갈 귀,18,"돌아가다, 돌아오다, 따르다, 맡기다. 시집가다, 적합하다, 선물하다",土,60,
1165,규,九,아홉 구,2,"아홉, 많은 수, 남방, 남쪽. 양효, 오래된 것, 늙다, 모을 규",水,51,
1166,규,叫,부르짖을 규,5,"부르짖다, 외치다, 물다, 절규. 불다, 연주하다",水,60,
1167,규,圭,홀 규,6,"서옥, 홀, 저울 눈, 용량 단위. 결백하다, 깨끗하다",土,60,
1168,규,糺,모을 규,7,"끌어 모으다, 거두다, 얽히다, 꼬다. 공손하다, 규명하다, 바로잡다",木,60,
1169,규,刲,찌를 규,8,"찌르다, 잡다, 죽이다, 베어 가르다. 취하다, 빼앗아 가지다",金,60,
1170,규,赳,굳셀 규,9,"굳세다, 헌걸차다, 용맹스럽다. 재능, 씩씩하다",土,60,
1171,규,規,법 규,11,"법, 법칙, 꾀, 책략, 바로잡다. 본, 동그라미, 모범으로 삼다, 경계하다",火,60,
1172,규,珪,서옥 규,11,"서옥, 홀, 저울눈, 모서리, 모서리. 결백하다, 깨끗하다",金,60,
1173,규,楏,감탕나무 규,12,"호미자루, 감탕나무",木,60,
1174,규,茥,딸기 규,12,딸기,木,60,
1175,규,揆,헤아릴 규,13,"헤아리다, 가늠하다, 관장하다, 법도. 도리, 꾀, 계략, 벼슬, 재상, 대신",木,60,
1176,규,煃,불꽃 규,13,불꽃,火,60,
1177,규,邽,고을이름 규,13,"고을이름, 보옥",土,60,
1178,규,暌,어긋날 규,13,"어긋나다, 서로 떨어져 따로 있다(사이, 관계가 멀어짐). 만나지 못하고 헤어져 있거나 일정한 간격을 두다(떨어져 있음)",火,,"2024 보완전사(김기승 성명학 9,491자 기준본 대조 추가)"
1179,"규,설",跬,반걸음 규,13,반걸음 규. 지칠 설,土,,"2024 보완전사(김기승 성명학 9,491자 기준본 대조 추가)"
1180,규,頍,머리를 들을 규,13,머리를 들다(고개를 올리다). 거만하거나 기세 있게 고개를 든 태도(자세를 취함),火,,"2024 보완전사(김기승 성명학 9,491자 기준본 대조 추가)"
1181,규,楑,망치 규,13,방망이. 망치 규. 헤아릴 규,木,,"2024 보완전사(김기승 성명학 9,491자 기준본 대조 추가); 기준본 음(대표) 필드 오류로 뜻풀이 텍스트에서 재추출함"
1182,규,噭,웃는소리 교,14,"기쁘게 웃는 소리, 짐승 이름. 부르짖을 규, 부를 규, 연주할 규",水,50,
1183,"규,수",嫢,가는 허리 규,14,가는 허리 규. 허술치 않은 모양 수,土,,"2024 보완전사(김기승 성명학 9,491자 기준본 대조 추가)"
1184,규,湀,물이 솟아 흐를 규,14,물이 솟아 흐를 규. 물 솟아 흐를 규,水,,"2024 보완전사(김기승 성명학 9,491자 기준본 대조 추가)"
1185,"규,기,계",睽,사팔눈 규,14,사팔눈 규. 반목할 규. 움푹 들어간 모양 기. 부릅뜬 모양 계,木,,"2024 보완전사(김기승 성명학 9,491자 기준본 대조 추가)"
1186,규,閨,안방 규,14,"안방, 내실(집안의 안쪽 방, 특히 여성의 방). 여성의 사생활이나 내실을 가리키는 말(집 안쪽 공간의 의미)",木,,"2024 보완전사(김기승 성명학 9,491자 기준본 대조 추가)"
1187,규,嬀,성씨 규,15,성씨 규. 물 이름 규,土,,"2024 보완전사(김기승 성명학 9,491자 기준본 대조 추가)"
1188,규,槻,물푸레나무의 이름으로 쓰이는 나무 규,15,"물푸레나무의 이름으로 쓰이는 나무(목재로 쓰이는 활엽수). 단단한 목재를 얻는 큰 나무(가구, 건축재로 사용됨)",木,,"2024 보완전사(김기승 성명학 9,491자 기준본 대조 추가)"
1189,규,樛,굽어진 가지 규,15,"굽어진 가지, 휘어진 나뭇가지(구부러진 모양). 구부러진 물체나 굽은 형상(휜 모양을 이르는 말)",木,,"2024 보완전사(김기승 성명학 9,491자 기준본 대조 추가)"
1190,규,鄈,땅 이름 규,15,땅이름. 땅 이름 규,木,,"2024 보완전사(김기승 성명학 9,491자 기준본 대조 추가); 기준본 음(대표) 필드 오류로 뜻풀이 텍스트에서 재추출함"
1191,규,窺,엿볼 규,16,"엿보다, 슬쩍 들여다보다(몰래 살피다). 살펴보다, 관찰하여 정보를 얻다(염탐, 관찰의 뜻)",水,,"2024 보완전사(김기승 성명학 9,491자 기준본 대조 추가)"
1192,"규,위",潙,강 이름 규,17,강 이름 규. 물 이름 위,水,,"2024 보완전사(김기승 성명학 9,491자 기준본 대조 추가)"
1193,규,葵,해바라기류로 쓰이는 식물 규,17,"해바라기류로 쓰이는 식물(일부 문헌에서의 명칭). 아욱과, 큰꽃을 피우는 한해살이풀의 한 종류(꽃, 식물명)",木,,"2024 보완전사(김기승 성명학 9,491자 기준본 대조 추가)"
1194,"규,곳",竅,구멍 규,18,"구멍, 구멍이 뚫린 곳(통로나 틈). 사물의 이치나 요점(비유적으로 핵심, 요령을 이르는 말)",水,,"2024 보완전사(김기승 성명학 9,491자 기준본 대조 추가)"
1195,규,逵,큰길 규,18,"큰길, 넓은 도로(주요 길). 길이나 거리를 이끄는 중심 통로(간선 도로의 뜻)",土,,"2024 보완전사(김기승 성명학 9,491자 기준본 대조 추가)"
1196,규,闚,엿볼 규,19,"엿보다, 몰래 들여다보다(훔쳐봄). 훔쳐보아 살피다, 감시하다(관찰의 뜻)",木,,"2024 보완전사(김기승 성명학 9,491자 기준본 대조 추가)"
1197,규,騤,끌밋할 규,19,건장할. 끌밋할 규,木,,"2024 보완전사(김기승 성명학 9,491자 기준본 대조 추가); 기준본 음(대표) 필드 오류로 뜻풀이 텍스트에서 재추출함"
1198,"규,귀",巋,가파를 규,21,가파를 규. 높고 험한 모양 규. 우뚝 설 귀,土,,"2024 보완전사(김기승 성명학 9,491자 기준본 대조 추가)"
1199,규,䲅,복어 규,22,규. 복어 규,木,,"2024 보완전사(김기승 성명학 9,491자 기준본 대조 추가)"
1200,"균,윤",勻,고를 균,4,고를 균. 나눌 윤,木,,"2024 보완전사(김기승 성명학 9,491자 기준본 대조 추가)"
1201,"균,윤",匀,고를 균,4,고를. 고를 균. 나눌 윤,木,,"2024 보완전사(김기승 성명학 9,491자 기준본 대조 추가); 기준본 음(대표) 필드 오류로 뜻풀이 텍스트에서 재추출함"
1202,균,囷,곳집 균,8,"곳집, 곡식을 쌓아 두는 창고(곡물 저장고). 곡식을 쌓아 둔 더미나 저장 공간(곡물 저장의 의미)",水,,"2024 보완전사(김기승 성명학 9,491자 기준본 대조 추가)"
1203,"균,윤",畇,개간할 균,9,개간할 균. 개간할 윤,土,,"2024 보완전사(김기승 성명학 9,491자 기준본 대조 추가)"
1204,균,袀,군복 균,10,군복. 군복 균,木,,"2024 보완전사(김기승 성명학 9,491자 기준본 대조 추가); 기준본 음(대표) 필드 오류로 뜻풀이 텍스트에서 재추출함"
1205,균,鈞,무게 단위 균,12,"무게 단위(전통적으로 일정량의 무게를 이르는 말, 약 ‘근’과 관련). 균형, 조화의 뜻으로 쓰이는 말(고르게 함, 균등함을 이르는 의미)",木,,"2024 보완전사(김기승 성명학 9,491자 기준본 대조 추가)"
1206,균,筠,대나무 균,13,"대나무, 작은 대나무(죽류를 가리키는 명칭). 대나무 재질(대나무로 만든 물건이나 재목을 이르는 말)",木,,"2024 보완전사(김기승 성명학 9,491자 기준본 대조 추가)"
1207,균,綣,정다울 권,14,"정답다, 곡진하다, 털가죽 목도리. 다발로 묶을 균",木,58,
1208,균,覠,크게 볼 균,14,"크게 보다, 유심히 살피다(관찰을 강조). 주목하여 살피다(중요하게 보는 행위)",火,,"2024 보완전사(김기승 성명학 9,491자 기준본 대조 추가)"
1209,균,菌,균류 균,16,"균류, 버섯, 곰팡이 같은 생물(버섯류). 미시적 생물체로서의 균(병원균, 미생물의 뜻으로 확대 사용)",木,,"2024 보완전사(김기승 성명학 9,491자 기준본 대조 추가)"
1210,균,麏,노루 균,18,노루(작은 사슴류). 사슴과 동물의 한 종류를 가리키는 명칭(작고 뿔이 있는 동물),土,,"2024 보완전사(김기승 성명학 9,491자 기준본 대조 추가)"
1211,귤,橘,귤,16,귤(감귤류 과일). 귤나무(감귤나무) 또는 그 열매,木,,"2024 보완전사(김기승 성명학 9,491자 기준본 대조 추가); 1차 음의 뜻풀이 누락, 대체 가능한 훈도 없어 음만 기재"
1212,극,克,이길 극,7,"이기다, 극복하다(장애나 적을 물리침). 능히 해내다, 어떤 일을 감당할 힘이 있음(가능, 능력의 뜻)",木,,"2024 보완전사(김기승 성명학 9,491자 기준본 대조 추가)"
1213,"극,기",亟,빠를 극,9,빠를 극. 자주 기,木,,"2024 보완전사(김기승 성명학 9,491자 기준본 대조 추가)"
1214,극,剋,이길 극,9,"이기다, 극복하다(장애를 이김, 克의 이체자). (능력, 역량을 나타내며) 해낼 수 있음 또는 제압함(통제, 억제의 뜻)",木,,"2024 보완전사(김기승 성명학 9,491자 기준본 대조 추가)"
1215,극,尅,이길 극,10,"이기다, 극복하다(같은 뜻의 이체자). 억제하거나 제압함(어떤 힘을 눌러 제어함)",土,,"2024 보완전사(김기승 성명학 9,491자 기준본 대조 추가)"
1216,극,屐,나막신 극,10,"나막신, 목제 신발(나무로 만든 신발). 발을 보호하거나 소리를 내기 위한 신발의 한 종류(의례, 실용적 용도)",木,,"2024 보완전사(김기승 성명학 9,491자 기준본 대조 추가)"
1217,"극,급,겁",㭲,극진할 극,11,극. 급. 길마 겁. 극진할 극. 다할 극,木,,"2024 보완전사(김기승 성명학 9,491자 기준본 대조 추가)"
1218,극,戟,장창 극,12,"장창, 창과 도끼가 결합된 무기(창의 일종, 교차형 무기). 창끝과 도끼날, 갈고리 등이 결합된 폴암형 무기(공격과 찌르기, 베기 기능을 겸함)",木,,"2024 보완전사(김기승 성명학 9,491자 기준본 대조 추가)"
1219,극,棘,가시 극,12,가시(식물의 가시). 곤란이나 난처함을 비유적으로 이르는 말(골칫거리),木,,"2024 보완전사(김기승 성명학 9,491자 기준본 대조 추가)"
1220,극,極,극진할 극,13,극진할 극. 다할 극,木,,"2024 보완전사(김기승 성명학 9,491자 기준본 대조 추가)"
1221,극,劇,심함 극,15,"심함, 극심함(강렬함). 연극, 극(무대에서 하는 공연이나 극작)",木,,"2024 보완전사(김기승 성명학 9,491자 기준본 대조 추가)"
1222,극,郄,틈 극,17,"틈, 사이(벌어진 자리). (문헌) 좁은 갈라진 자리나 틈새를 이르는 말(고어적 용례)",土,,"2024 보완전사(김기승 성명학 9,491자 기준본 대조 추가)"
1223,"극,흠",隙,틈 극,22,"틈, 사이(빈틈). 약점이나 기회가 되는 흠(그 틈을 타는 상황)",土,,"2024 보완전사(김기승 성명학 9,491자 기준본 대조 추가)"
1224,근,斤,근 근,4,근 근. 도끼 근,木,,"2024 보완전사(김기승 성명학 9,491자 기준본 대조 추가)"
1225,근,劤,힘 근,6,힘 근. 힘셀 근,土,,"2024 보완전사(김기승 성명학 9,491자 기준본 대조 추가)"
1226,근,伒,도울 근,6,서로. 도울 근,木,,"2024 보완전사(김기승 성명학 9,491자 기준본 대조 추가); 기준본 음(대표) 필드 오류로 뜻풀이 텍스트에서 재추출함"
1227,근,巹,술잔 근,9,술잔 근. 받들 근,土,,"2024 보완전사(김기승 성명학 9,491자 기준본 대조 추가)"
1228,근,觔,힘줄 근,9,"힘줄(근육과 연결된 섬유조직). 근력, 힘(육체적 힘을 이르는 말)",木,,"2024 보완전사(김기승 성명학 9,491자 기준본 대조 추가)"
1229,근,根,뿌리 근,10,"뿌리(식물의 뿌리). 근본, 기초(사물의 바탕이나 본질)",木,,"2024 보완전사(김기승 성명학 9,491자 기준본 대조 추가)"
1230,근,堇,진흙 근,11,제비꽃. 진흙 근. 조금 근,木,,"2024 보완전사(김기승 성명학 9,491자 기준본 대조 추가); 기준본 음(대표) 필드 오류로 뜻풀이 텍스트에서 재추출함"
1231,근,筋,힘줄 근,12,"힘줄, 근육(근육을 이루는 섬유 조직). 요점, 골자(사물의 핵심이나 중심)",木,,"2024 보완전사(김기승 성명학 9,491자 기준본 대조 추가)"
1232,근,芹,미나리 근,12,"미나리(식물명). 식용, 약용으로 쓰이는 채소(요리나 한방에서의 이용)",木,,"2024 보완전사(김기승 성명학 9,491자 기준본 대조 추가)"
1233,"근,은",釿,도끼 근,12,도끼 근. 대패 은,木,,"2024 보완전사(김기승 성명학 9,491자 기준본 대조 추가)"
1234,근,僅,겨우 근,13,"겨우, 간신히(근근이 이루어짐). 조금, 근소함(수량이나 정도가 적음)",火,,"2024 보완전사(김기승 성명학 9,491자 기준본 대조 추가)"
1235,근,勤,부지런할 근,13,부지런할 근. 근심할 근,土,,"2024 보완전사(김기승 성명학 9,491자 기준본 대조 추가)"
1236,근,靳,가슴걸이 근,13,"가슴걸이, 옷의 가슴 부분을 여미는 장치(의복 부속). 성씨(성씨로 쓰임)",木,,"2024 보완전사(김기승 성명학 9,491자 기준본 대조 추가)"
1237,"근,일",墐,매흙질할 근,14,"매흙질하다(흙으로 벽을 바름). 흙으로 덧칠하거나 보수하는 일(건축, 수리의 한 방법)",土,,"2024 보완전사(김기승 성명학 9,491자 기준본 대조 추가)"
1238,근,嫤,여자 근,14,"여자(여성을 가리키는 글자, 문헌적 용례). 여성과 관련된 명칭이나 호칭으로 쓰임(문헌어)",土,,"2024 보완전사(김기승 성명학 9,491자 기준본 대조 추가)"
1239,근,廑,겨우 근,14,겨우 근. 노력할 근,木,,"2024 보완전사(김기승 성명학 9,491자 기준본 대조 추가)"
1240,"근,기",近,가까울 근,14,가까울 근. 어조사 기,土,,"2024 보완전사(김기승 성명학 9,491자 기준본 대조 추가)"
1241,근,槿,무궁화 근,15,"무궁화(식물명, 목본 관목). 관상용 또는 상징적으로 쓰이는 식물(국화와 구별되는 꽃)",木,,"2024 보완전사(김기승 성명학 9,491자 기준본 대조 추가)"
1242,근,慬,근심할 근,15,근심할. 근심할 근,木,,"2024 보완전사(김기승 성명학 9,491자 기준본 대조 추가); 기준본 음(대표) 필드 오류로 뜻풀이 텍스트에서 재추출함"
1243,근,漌,맑을 근,16,맑다(물빛이나 상태가 맑음). 청명하다(빛이나 기운이 밝고 깨끗함을 이르는 말),水,,"2024 보완전사(김기승 성명학 9,491자 기준본 대조 추가)"
1244,근,菫,진흙 근,16,진흙 근. 제비꽃 근,木,,"2024 보완전사(김기승 성명학 9,491자 기준본 대조 추가)"
1245,"근,옥",瑾,빛나는 옥 근,17,빛나는 옥(아름다운 옥석). 고결한 덕행이나 훌륭한 품성(비유적으로 쓰임),木,,"2024 보완전사(김기승 성명학 9,491자 기준본 대조 추가)"
1246,"근,함",懃,근면하고 성실함 근,18,근면하고 성실함(부지런함). 정성스럽고 꾸준히 함(열심히 힘씀),火,,"2024 보완전사(김기승 성명학 9,491자 기준본 대조 추가)"
1247,근,覲,"(임금 등을) 뵙다, 알현하다(경어적 용법) · 삼가 뵘이나 존경의 뜻을 나타내는 말(문헌적 경어) 근",18,"(임금 등을) 뵙다, 알현하다(경어적 용법). 삼가 뵘이나 존경의 뜻을 나타내는 말(문헌적 경어)",火,,"2024 보완전사(김기승 성명학 9,491자 기준본 대조 추가)"
1248,근,謹,삼갈 근,18,"삼가다, 조심하다(신중히 행동함). 공손하고 신중한 태도(예의를 갖춘 행동)",木,,"2024 보완전사(김기승 성명학 9,491자 기준본 대조 추가)"
1249,근,饉,굶주림 근,20,"굶주림, 기근(먹을 것이 부족한 상태). 흉년이나 식량부족으로 인한 재난(집단적 굶주림)",水,,"2024 보완전사(김기승 성명학 9,491자 기준본 대조 추가)"
1250,글,㔕,뜻 글,6,글. 뜻 글,木,,"2024 보완전사(김기승 성명학 9,491자 기준본 대조 추가)"
1251,금,今,지금 금,4,"지금, 현재(이 시점). 이제(이때부터 또는 바로 지금을 가리키는 말)",火,,"2024 보완전사(김기승 성명학 9,491자 기준본 대조 추가)"
1252,"금,혐,첨,함",妗,외숙모 금,7,외숙모 금. 웃는 모양 혐. 싱글벙글할 첨. 방정맞을 함,土,,"2024 보완전사(김기승 성명학 9,491자 기준본 대조 추가)"
1253,금,昑,밝을 금,8,"밝다(빛이 밝음). 환하고 뚜렷함(광채나 명료함을 이르는 말, 문헌적 용례)",火,,"2024 보완전사(김기승 성명학 9,491자 기준본 대조 추가)"
1254,"금,잠,함",笒,첨대 금,10,첨대 금. 대 이름 잠. 속이 찬 대 함,木,,"2024 보완전사(김기승 성명학 9,491자 기준본 대조 추가)"
1255,"금,함",肣,거둘 금,10,겨둘. 거둘 금. 혀 함,木,,"2024 보완전사(김기승 성명학 9,491자 기준본 대조 추가); 기준본 음(대표) 필드 오류로 뜻풀이 텍스트에서 재추출함"
1256,금,耹,소리 금,10,소리. 소리 금,木,,"2024 보완전사(김기승 성명학 9,491자 기준본 대조 추가); 기준본 음(대표) 필드 오류로 뜻풀이 텍스트에서 재추출함"
1257,"금,음",唫,입 다물 금,11,입 다물 금. 읊을 음,水,,"2024 보완전사(김기승 성명학 9,491자 기준본 대조 추가)"
1258,금,衾,이불 금,11,이불(잠자리를 덮는 침구). 포근한 덮개나 침구류(잠자리를 따뜻하게 하는 물건),木,,"2024 보완전사(김기승 성명학 9,491자 기준본 대조 추가)"
1259,금,衿,옷깃 금,11,옷깃(의복의 목둘레를 감싸는 부분). 겉모습이나 체면을 비유적으로 이르는 말(문학적 용법),木,,"2024 보완전사(김기승 성명학 9,491자 기준본 대조 추가)"
1260,금,惍,이할 금,12,이할. 이할 금,木,,"2024 보완전사(김기승 성명학 9,491자 기준본 대조 추가); 기준본 음(대표) 필드 오류로 뜻풀이 텍스트에서 재추출함"
1261,금,琴,거문고 금,14,"거문고(전통 현악기). 거문고의 소리나 연주, 또는 거문고와 유사한 현악기",木,,"2024 보완전사(김기승 성명학 9,491자 기준본 대조 추가)"
1262,금,禁,금지할 금,14,"금지하다(어떤 행위나 출입을 막다). 법률, 규칙으로 제한하거나 제재하다(공식적으로 허용하지 않음)",木,,"2024 보완전사(김기승 성명학 9,491자 기준본 대조 추가)"
1263,"금,산",嶔,높고 험한 산 금,15,"높고 험한 산, 절벽(험준한 지형). 험준하고 가파른 모양을 비유적으로 이르는 말(위태로운 상태)",土,,"2024 보완전사(김기승 성명학 9,491자 기준본 대조 추가)"
1264,금,噤,입을 다물을 금,16,"입을 다물다(말하지 않다, 침묵을 지키다). 두려움이나 긴장으로 말하지 못하거나 침묵하는 상태",水,,"2024 보완전사(김기승 성명학 9,491자 기준본 대조 추가)"
1265,금,錦,비단 금,16,비단(광택 있고 무늬 있는 고급 직물). 비단처럼 화려하거나 아름다운 것(비유적으로 찬란함을 이르는 말),木,,"2024 보완전사(김기승 성명학 9,491자 기준본 대조 추가)"
1266,금,黅,누런빛 금,16,누런빛(황색 계열의 색). 황갈색이나 누렇게 도는 빛깔을 이르는 말(색의 명칭),土,,"2024 보완전사(김기승 성명학 9,491자 기준본 대조 추가)"
1267,금,檎,능금나무 금,17,"능금나무(사과나무). 그 나무의 열매(능금, 사과)",木,,"2024 보완전사(김기승 성명학 9,491자 기준본 대조 추가)"
1268,금,擒,사로잡을 금,18,"사로잡다(붙잡아 포박하다). 적이나 범인을 포획, 체포하다(군사적, 법적 의미의 포획)",木,,"2024 보완전사(김기승 성명학 9,491자 기준본 대조 추가)"
1269,"금,류",鎏,금속 류,18,금. 금속 류(유),火,,"2024 보완전사(김기승 성명학 9,491자 기준본 대조 추가); 1차 음의 뜻풀이 누락으로 타 음(류)의 훈으로 대표훈음 대체"
1270,금,襟,옷깃 금,19,"옷깃(의복의 목둘레 부분). 마음, 가슴(내면이나 인품을 비유적으로 이르는 말)",木,,"2024 보완전사(김기승 성명학 9,491자 기준본 대조 추가)"
1271,급,及,닿을 급,4,"닿다, 도달하다(어떤 범위나 지점에 미치다). 어떤 범위에 포함되거나 포괄하다(미치다, 범위를 나타냄)",水,,"2024 보완전사(김기승 성명학 9,491자 기준본 대조 추가)"
1272,"급,파",伋,속일 급,6,속일 급. 움직이는 모양 파,火,,"2024 보완전사(김기승 성명학 9,491자 기준본 대조 추가)"
1273,급,圾,위태로울 급,7,위태로울 급(위험하거나 불안정한 상태). 조심하지 않으면 위험할 정도로 험하거나 불안정함을 이르는 말,土,,"2024 보완전사(김기승 성명학 9,491자 기준본 대조 추가)"
1274,"급,핍,벽,향",皀,고소할 급,7,고소할 급. 향기로울 급. 향기로울 핍. 향기로울 벽. 향기로울 향,木,,"2024 보완전사(김기승 성명학 9,491자 기준본 대조 추가)"
1275,"급,흡,삽",扱,미칠 급,9,미칠 급. 거둘 흡. 꽂을 삽,木,,"2024 보완전사(김기승 성명학 9,491자 기준본 대조 추가)"
1276,급,汲,물을 긷을 급,9,물을 긷다(우물 등에서 물을 길어 올리다). (비유) 어떤 자원이나 도움을 끌어 모아 공급하다,水,,"2024 보완전사(김기승 성명학 9,491자 기준본 대조 추가)"
1277,급,急,긴급할 급,10,긴급하다(시간적 여유가 없어 서둘러야 하다). 급격하거나 심하다(정도가 갑작스럽고 심함),火,,"2024 보완전사(김기승 성명학 9,491자 기준본 대조 추가)"
1278,"급,겁",笈,책 상자 급,10,책 상자 급. 길마 급. 길마 겁,木,,"2024 보완전사(김기승 성명학 9,491자 기준본 대조 추가)"
1279,급,級,등급 급,10,"등급, 단계(서열이나 수준을 나누는 단위). 수준을 나타내는 단위나 급(학급, 계급 등에서의 구분)",木,,"2024 보완전사(김기승 성명학 9,491자 기준본 대조 추가)"
1280,급,給,줄 급,12,"주다, 공급하다(물자나 급여 등을 내어 주다). 지급하다(임금, 보조금을 내놓다)",木,,"2024 보완전사(김기승 성명학 9,491자 기준본 대조 추가)"
1281,급,芨,말오줌나무 급,12,"말오줌나무(식물의 이름). 그 식물과 관련된 것(식물체, 약재, 재료로서의 이용을 가리킴)",木,,"2024 보완전사(김기승 성명학 9,491자 기준본 대조 추가)"
1282,"급,업",礏,산 우뚝 솟을 급,18,산 우뚝 솟을 급. 산 우뚝 솟을 업,木,,"2024 보완전사(김기승 성명학 9,491자 기준본 대조 추가)"
1283,긍,亙,뻗칠 긍,6,"뻗치다, 펼쳐지다(널리 이어지다). (시간적, 범위적으로) 계속되다, 길게 이어지다",火,,"2024 보완전사(김기승 성명학 9,491자 기준본 대조 추가)"
1284,"긍,근,관",矜,자랑할 긍,9,자랑할 긍. 창 자루 근. 앓을 관,木,,"2024 보완전사(김기승 성명학 9,491자 기준본 대조 추가)"
1285,긍,肯,즐길 긍/개,10,"즐기다, 들어주다, 수긍하다, 감히. 뼈 사이에 붙은 살 개.",水,66,
1286,"기,범",几,안석 궤,2,"기대다, 안석, 책상, 왕성한 모양. 자주 기, 평범할 범",木,58,
1287,기,己,몸 기,3,"몸, 자기, 자아, 다스리다. 사욕, 어조사.","土,火",66,
1288,기,丌,책상 기,3,받침대. 책상 기. 그 기,木,,"2024 보완전사(김기승 성명학 9,491자 기준본 대조 추가); 기준본 음(대표) 필드 오류로 뜻풀이 텍스트에서 재추출함"
1289,"기,걸",气,기운 기,4,기운. 기운 기. 빌 걸,木,,"2024 보완전사(김기승 성명학 9,491자 기준본 대조 추가); 기준본 음(대표) 필드 오류로 뜻풀이 텍스트에서 재추출함"
1290,"기,예",机,책상 궤,6,"책상, 느타나무. 기계 기, 받침 예",木,58,
1291,기,企,도모할 기,6,"꾀하다, 도모하다, 발돋움하다. 계획하다, 기대하다, 마음을 두다.",火,66,
1292,기,伎,재주 기,6,"재주, 재간, 재능, 배우, 음악, 광대. 천천히 걷다, 느긋하게 걷다.",火,66,
1293,기,屺,민둥산 기,6,"민둥산, 헐벗은 산, 독산.",土,66,
1294,기,杞,구기자 기/시,7,"구기자, 소태나무, 육포. 쟁기 시, 삼태기 시.",木,66,
1295,기,弃,버릴 기,7,"버리다, 그만두다, 돌보지 않다, 잊다. 흰 쌀, 물리치다, 거리다.","木,水",66,
1296,기,庋,시렁 기,7,"시렁, 갈무리 해두다.",木,66,
1297,기,忌,꺼릴 기,7,"꺼리다, 질투, 시기, 원망, 증오. 기일, 공경하다, 경계하다, 생각, 뜻.",火,66,
1298,기,岐,갈림길 기,7,"갈림길, 산 이름, 높다, 날아가다. 자라나다, 갈래짓다.",土,66,
1299,기,圻,경기 기/은,7,"경기, 왕도 주위 오백리 이내의 땅. 영토, 서울, 경계, 들, 지경 은.",土,66,
1300,기,妓,미녀 기,7,"미녀, 미인, 기녀, 기생. 창녀, 갈보.",土,66,
1301,기,技,재주 기,8,"재주, 재능, 재간, 능력, 기술, 장인. 솜씨, 방술, 짐작하다, 헤아리다.",木,66,옥편7획
1302,기,祁,성할 기,8,"성하다, 많다, 크다, 조용하다. 기운이나 세력이 한창 왕성하다.",木,66,
1303,기,奇,기이할 기/의,8,"기이하다, 기특하다, 괴상하다, 뛰어남. 새롭다, 기만하다, 홀수, 의지할 의.",木,66,
1304,기,炁,기운 기/희,8,"기운, 기백, 기세, 힘, 숨, 공기바람. 냄새, 기후, 날씨, 음식물 회.",火,66,
1305,기,忮,해칠 기,8,"해치다, 거스르다, 원망하다.",火,66,옥편7획
1306,기,歧,갈림길 기,8,"갈림길, 가다, 힘쓰다, 천천히 걷다. 발돋움하다, 날아가는 모양.",土,66,
1307,기,忯,사랑할 기,8,"사랑하다, 공경하다, 믿다.",火,66,옥편7획; 여백 별기
1308,기,其,그 기,8,"그, 그것, 만약, 만일, 어지, 아마도. 장차, 바야흐로, 마땅히, 어찌, 그래서",金,67,
1309,기,玘,패옥 기,8,"노리개, 패옥.",金,67,옥편7획
1310,기,汽,"김 기/흡,헐",8,"김, 증기, 수증기. 거의 흡, 소금 못 헐.",水,67,옥편7획
1311,기,沂,물이름 기/은,8,"물 이름, 고을 이름. 변두리 은, 변방 은, 지경 은.",水,67,옥편7획
1312,기,肌,피부 기,8,"피부, 살 가죽, 살.",水,67,옥편6획
1313,기,祈,"빌 기,궤",9,"기원하다, 빌다, 구하다, 기도하다, 갈다. 보답하다, 고하다, 산제사 궤.",木,67,
1314,기,紀,벼리 기,9,"세월, 해, 지질 연대, 터, 규율, 도덕. 벼리, 실마리, 단서, 밑바탕.",木,67,
1315,기,祇,클 기/지,9,"크다, 편안하다, 토지 신. 다만 자, 마침내 지.",木,67,
1316,기,豈,즐길 개,10,"즐기다, 화락하다, 개선가. 어찌 기",木,22,
1317,기,芰,마름 기,10,마름. 바늘 꽃 과에 속하는 한해살이 풀,木,67,옥편8획
1318,기,芪,황기 기,10,"황기, 단너삼.",木,67,옥편8획
1319,기,起,일어날 기,10,"일어나다, 시작하다, 하늘의 문, 서풍. 대궐 문, 우뚝 솟다, 일으키다, 거듭.",火,67,
1320,기,旗,깃발 기,10,용을 그린 깃발. 날아오르는 용과 내려오는 용을 그린.,土,67,
1321,기,耆,즐길 기/지,10,"즐기다, 좋아하다, 어른, 스승. 늙다, 억세다, 사납다, 이룰 지.",土,67,
1322,기,記,기록할 기,10,"기록하다, 적다, 쓰다, 기억하다. 외우다, 암송하다, 도장, 인장.",金,67,
1323,기,剞,새김칼 기,10,"새김 칼, 위협하다, 노략질 하다.",金,67,
1324,기,氣,기운 기/희,10,"기운, 기백, 기세, 힘, 공기, 숨. 냄새, 날씨, 기후, 자연현상, 보낼 희.",水,67,
1325,기,豈,어찌 기/개,10,"어찌, 어찌하여, 그. 화락할 개, 개선할 개.",水,67,
1326,기,忻,공경할 기,10,"공경하다, 삼가다.",水,67,옥편8획
1327,기,旂,깃발 기,10,"깃발, 기(의례, 군사용 깃발). 상징, 표지로서의 깃발(단체, 군대의 상징)",土,,"2024 보완전사(김기승 성명학 9,491자 기준본 대조 추가)"
1328,"기,지,제",衹,가사 기,10,마침. 가사 기. 마침 지. 명주 제,金,,"2024 보완전사(김기승 성명학 9,491자 기준본 대조 추가); 기준본 음(대표) 필드 오류로 뜻풀이 텍스트에서 재추출함"
1329,기,倛,탈 기,10,방상탈. 탈 기,木,,"2024 보완전사(김기승 성명학 9,491자 기준본 대조 추가); 기준본 음(대표) 필드 오류로 뜻풀이 텍스트에서 재추출함"
1330,기,剘,이길 기,10,이길. 이길 기,木,,"2024 보완전사(김기승 성명학 9,491자 기준본 대조 추가); 기준본 음(대표) 필드 오류로 뜻풀이 텍스트에서 재추출함"
1331,기,寄,부칠 기,11,"부치다, 보내다, 이르다, 맡기다. 위임하다, 기대다, 의지하다, 임무.",木,67,
1332,기,基,터 기,11,"터, 기초, 토대, 근본, 사업, 일주년. 꾀, 꾀하다, 자리를 잡다, 비롯하다.",土,67,
1333,기,跂,발돋움 기,11,"발돋움하다, 나아가다, 가다, 힘쓰다. 꾸물꾸물, 천천히 달리다.",土,68,
1334,기,埼,갑 기,11,"갑, 해안 머리, 옥 이름.",土,68,
1335,기,崎,험할 기,11,"산세가 험하다, 인심이 사납다. 어려움을 겪다, 비스듬, 불안한 모양.",土,68,
1336,기,旣,이미 기,11,"이미, 벌써, 본디, 원래, 다하다. 이윽고.",水,68,
1337,기,飢,주릴 기,11,"주리다, 굶주리다, 모자라다, 결핍. 기근, 흉년 들다, 굶기다.",水,68,
1338,기,㠱,키 기,11,기. 키 기. 나라 이름 기,木,,"2024 보완전사(김기승 성명학 9,491자 기준본 대조 추가)"
1339,기,婍,고울 기,11,고울. 고울 기,木,,"2024 보완전사(김기승 성명학 9,491자 기준본 대조 추가); 기준본 음(대표) 필드 오류로 뜻풀이 텍스트에서 재추출함"
1340,기,棄,버릴 기,12,"버리다, 그만두다, 물리치다, 잊다. 돌보지 않다, 포기하다.",木,68,
1341,기,棋,바둑 기,12,"바둑, 장기.",木,68,
1342,기,朞,돌아올 기,12,"돌아오다, 돌, 1주년, 기복.",水,68,
1343,기,掎,끌 기,12,"끌다, 끌어 당기다, 뽑다.",木,68,옥편11획
1344,기,棊,바둑 기,12,"바둑, 바둑을 두다, 장기.",木,68,
1345,기,幾,자주 기,12,"때, 기회, 자주, 종종, 조짐, 기미. 몇, 얼마, 거의, 어찌, 시작하다.",火,68,
1346,기,敧,기울 기,12,"기울다, 높이 솟다.",土,68,
1347,기,猉,강아지 기,12,"끌다, 끌어 당기다, 뽑다.",土,68,옥편11획
1348,기,欺,속일 기,12,"속이다, 멸하다, 어슴푸레하다, 거짓. 허위, 기만, 업신여기다, 장시, 잠깐.",金,68,
1349,기,期,기약할 기,12,"기약하다, 기다리다, 약속하다, 기회. 때, 돌, 1주년, 기한, 기간, 백 살.",水,68,
1350,기,淇,강이름 기,12,"강 이름, 물 이름.",水,68,옥편11획
1351,기,攲,기울을 기,12,"기울다, 비스듬해지다(한쪽으로 기울어지다). 편향되다, 치우치다(공정성, 중심에서 벗어남)",土,,"2024 보완전사(김기승 성명학 9,491자 기준본 대조 추가)"
1352,"기,근",肵,도마 기,12,도마 기. 공경할 근,水,,"2024 보완전사(김기승 성명학 9,491자 기준본 대조 추가)"
1353,기,掑,단단히 잡을 기,12,단단히잡을. 단단히 잡을 기,木,,"2024 보완전사(김기승 성명학 9,491자 기준본 대조 추가); 기준본 음(대표) 필드 오류로 뜻풀이 텍스트에서 재추출함"
1354,기,祺,상서로울 기,13,"상서롭다, 길하다, 편안하다, 복. 행복, 길조, 편안한 모양.",木,68,
1355,기,稘,일주년 기,13,"일주년, 돌, 짚, 볏짚, 콩대. 콩줄기.",木,68,
1356,"기,간",頎,헌걸찬 기/간,13,"헌걸차다, 풍채가 좋고 당당하다. 아름답다, 지극할 간",火,68,
1357,기,畸,기이할 기,13,"기이하다, 뙈기 밭, 거스름, 병신.",土,68,
1358,기,琦,옥이름 기,13,"옥 이름, 기이하다, 진기하다, 크다. 훌륭하다, 뛰어나다",金,69,옥편12획
1359,기,琪,옥이름 기,13,"옥 이름, 옥처럼 아름다운 나무.",金,69,옥편12획
1360,기,碁,바둑 기,13,바둑.,金,69,
1361,기,嗜,즐길 기,13,"즐기다, 좋아하다, 취미.",水,69,
1362,기,萁,콩깍지 기,13,콩대. 콩깍지 기,木,,"2024 보완전사(김기승 성명학 9,491자 기준본 대조 추가); 기준본 음(대표) 필드 오류로 뜻풀이 텍스트에서 재추출함"
1363,기,旗,깃발 기,14,"곰과 범을 그린 기, 깃발, 군대. 표지, 표, 별 이름",木,69,
1364,기,綺,비단 기,14,"비단, 곱다, 아름답다. 무늬, 광택, 무늬 좋은 비단.",木,69,
1365,기,箕,키 기,14,"키, 삼태기, 별 이름. 바람 귀신.",木,69,
1366,기,綥,연둣빛비단 기,14,"연둣빛 비단, 무늬 비단, 빛깔 이름. 바탕, 물 이름, 지극하다.",木,69,
1367,기,細,연둣빛 기,14,연둣빛. 둘레끈,木,69,원문 자형 그대로(이체자)
1368,기,榿,오리나무 기,14,오리나무. 자작나뭇과의 낙엽 활엽 교목,木,69,
1369,기,愭,공손할 기,14,"공손하다, 두렵다, 공경하다.",火,69,옥편13획
1370,기,僛,춤출 기,14,춤추다. 취하여 춤 추다.,火,69,
1371,기,暣,날씨 기,14,"날씨, 일기, 별 기. 발 뒤꿈치",火,69,
1372,기,墍,맥질할 기,14,"맥질하다, 벽을 칠하다, 꾸미다. 취하다, 가지다, 휴식하다.",土,69,
1373,기,基,방게 기,14,방게. 왕거머리.,水,69,"원문 자형 그대로(터기 基와 동자형, 이체 용례)"
1374,기,綦,연한 녹색 비단 기,14,연한 녹색 비단(연둣빛 비단). 고급스러운 색감을 띤 비단의 명칭,木,,"2024 보완전사(김기승 성명학 9,491자 기준본 대조 추가)"
1375,기,蜝,방게 기,14,방게(작은 게의 이름). 게와 비슷한 갑각류를 가리키는 말,水,,"2024 보완전사(김기승 성명학 9,491자 기준본 대조 추가)"
1376,기,畿,서울 기,15,"경기-왕도 주위 오백리 이내의 땅. 서울, 영토, 경계, 문안, 들.",土,69,
1377,기,嵌,높을 기,15,"높다, 펼쳐지다.",土,69,원문 자형 그대로(이체자)
1378,"기,감",㠌,높을 기,15,기. 높을 기. 산골짜기 감,木,,"2024 보완전사(김기승 성명학 9,491자 기준본 대조 추가)"
1379,기,諆,속일 기,15,상의할. 속일 기,木,,"2024 보완전사(김기승 성명학 9,491자 기준본 대조 추가); 기준본 음(대표) 필드 오류로 뜻풀이 텍스트에서 재추출함"
1380,기,機,기계 기,16,"기계, 틀, 베틀, 재치, 기교, 기회. 권세, 시기, 계기, 갈림길, 분기점.",木,69,
1381,기,禥,길할 기,16,"길하다, 상서롭다, 편안하다. 복, 행복, 길조.",木,69,
1382,기,暨,함께 기,16,"및, 함께, 굳센 모양, 다다르다. 미치다, 성씨.",火,69,
1383,기,冀,바랄 기,16,"바라다, 바라건대, 지명.",土,70,
1384,기,璂,꾸미개옥 기,16,꾸미개 옥.,金,70,옥편15획
1385,기,錤,호미 기,16,호미.,金,70,
1386,기,錡,솥 기,16,"솥, 톱, 끌.",金,70,
1387,기,器,그릇 기,16,"그릇, 접시, 도구, 생물체의 기관. 그릇으로 쓰다, 존중하다.",水,70,
1388,"기,글",曁,및 기,16,및 기. 성씨 글,火,,"2024 보완전사(김기승 성명학 9,491자 기준본 대조 추가)"
1389,기,禨,조짐 기,17,"조짐, 좋은 조짐, 제사.",木,70,여백 별기
1390,기,覬,바랄 기,17,"바라다, 넘겨보다, 늘어지다. 분에 넘치는 일을 바라다.",火,70,
1391,기,璣,구슬 기,17,"구슬, 모난 구슬, 별 이름. 선기-천문기계.",金,70,옥편16획
1392,기,磯,물가 기,17,"물가, 자갈 밭, 수애.",金,70,
1393,기,簊,대나무 기,17,대나무. 대나무 기,木,,"2024 보완전사(김기승 성명학 9,491자 기준본 대조 추가); 기준본 음(대표) 필드 오류로 뜻풀이 텍스트에서 재추출함"
1394,기,耭,밭갈 기,18,"경작하다, 밭을 갈다, 논을 갈다.",木,70,
1395,기,騎,말탈 기,18,"말을 타다, 걸터앉다, 기병, 기사. 기마, 말 탄 사람, 타는 말, 필.",火,70,
1396,"기,개,해",隑,"사다리 기/개,해",18,"사다리, 굽은 언덕. 기댈 개, 굽은 언덕 해.",土,70,옥편13획
1397,기,蟣,서캐 기,18,"서캐, 이의 알. 거머리, 수질.",水,70,
1398,기,騏,준마 기,18,"준마, 검푸른 말.",火,70,여백 별기
1399,기,麒,기린 기,19,"경작하다, 밭을 갈다, 논을 갈다.",土,70,
1400,기,譏,나무랄 기,19,"나무라다, 원망하다, 싫어하다.",金,70,
1401,기,夔,조심할 기,20,"조심하다, 뛰다, 외발짐승. 나라 이름, 사람 이름, 상가는 모양.",土,70,
1402,기,璣,모난구슬 기,20,모난 구슬.,金,70,옥편19획
1403,"기,자",鬐,갈기 기/자,20,"갈기, 무지개의 구부정한 모양. 등지느러미, 굳셀 자.",金,70,
1404,기,㼄,모난 구슬 기,20,기. 모난 구슬 기,木,,"2024 보완전사(김기승 성명학 9,491자 기준본 대조 추가)"
1405,기,鰭,지느러미 기,21,"지느러미, 등지느러미.",水,70,
1406,기,饑,주릴 기,21,"주리다, 굶주림, 흉년.",水,70,
1407,"기,근",蘄,풀이름 기/근,22,"풀 이름, 승검초, 재갈, 나무 이름. 당귀 근.",木,70,옥편20획
1408,기,羈,나그네 기,23,"굴레, 말고삐, 나그네, 객지살이. 얽매이다, 구속 받다, 견제하다.",木,71,옥편22획
1409,기,羇,나그네 기,25,"굴레, 말고삐, 나그네, 객지살이. 얽매이다, 구속 받다, 견제하다.",木,71,옥편24획
1410,기,虁,조심할 기,26,"조심하다, 뛰다, 외발짐승. 나라 이름, 사람 이름, 상가는 모양.",木,71,옥편24획
1411,기,驥,천리마 기,26,"천리마, 뛰어난 인물.",火,71,
1412,긴,緊,요긴할 긴,14,"긴하다, 요긴하다, 굳다, 팽팽하다. 단단하다, 오그라들다, 긴축하다.",木,71,
1413,길,吉,길할 길,6,"운이 좋다, 상서롭다, 좋다, 아름답다. 착하다, 복, 행복, 제사, 융력초하루.",水,71,
1414,길,佶,헌걸찰 길,8,"헌걸차다, 씩씩하다, 솟구쳐 오르다. 당당하다, 솟다.",火,71,
1415,길,姞,삼갈 길,9,"삼가다, 몸가짐이나 언행을 조심하다. 성씨의 하나.",土,71,
1416,"길,힐,갈",咭,웃는 모양 길,9,웃음소리. 웃는 모양 길. 웃는 모양 힐. 쥐 우는 소리 갈,木,,"2024 보완전사(김기승 성명학 9,491자 기준본 대조 추가); 기준본 음(대표) 필드 오류로 뜻풀이 텍스트에서 재추출함"
1417,"길,갈",拮,일할 길/갈,10,"일하다, 바쁘게 일하다, 버티다. 들다, 들어 올리다, 겨루다. 때릴 갈.",木,71,옥편9획
1418,길,桔,도라지 길,10,"도라지, 높고 험준한 모양. 두레박 틀, 두레박질 하다.",木,71,
1419,"길,성",偗,길 성,11,길. 길 성,金,,"2024 보완전사(김기승 성명학 9,491자 기준본 대조 추가); 1차 음의 뜻풀이 누락으로 타 음(성)의 훈으로 대표훈음 대체"
1420,길,蛣,장구벌레 길,12,"장구벌레, 풍뎅이, 매미. 나무좀벌레, 쇠똥구리.",水,71,
1421,"길,결",趌,성내어 달릴 길,13,성내고달아날. 성내어 달릴 길. 뛰는 모양 결,木,,"2024 보완전사(김기승 성명학 9,491자 기준본 대조 추가); 기준본 음(대표) 필드 오류로 뜻풀이 텍스트에서 재추출함"
1422,"김,금",金,성씨 김/금,8,성씨. 쇠 금.,金,71,
1423,"끌,휴",攜,이끌 휴,22,끌. 이끌 휴,土,,"2024 보완전사(김기승 성명학 9,491자 기준본 대조 추가); 1차 음의 뜻풀이 누락으로 타 음(휴)의 훈으로 대표훈음 대체"
1424,끽,喫,먹을 끽,12,"먹다, 마시다, 생활하다, 당하다. 담배를 피우다.",水,71,
1425,"나,내",奈,어찌 나/내,8,"어찌, 능금나무, 나락. 柰와 同字, 견딜 내, 능금나무 내.","火,木",71,
1426,"나,내",柰,어찌 나/내,9,"어찌, 능금나무, 나락. 奈와 同字, 견딜 내, 능금나무 내.",木,71,
1427,"나,라",挐,붙잡을 나(라),9,"붙잡다, 잡아 당기다, 맞당기다. 누르다, 뒤섞다. 拏와 同字",木,71,
1428,"나,라",剌,가지칠 나(라),9,"치다, 가지 치다. 가지칠 라.",金,71,
1429,"나,라",剆,가지 칠 나,9,가지 칠 나. 칠 라(나),火,,"2024 보완전사(김기승 성명학 9,491자 기준본 대조 추가)"
1430,나,哪,역귀 쫓는 소리 나,9,어찌. 역귀 쫓는 소리 나. 어찌 나,火,,"2024 보완전사(김기승 성명학 9,491자 기준본 대조 추가); 기준본 음(대표) 필드 오류로 뜻풀이 텍스트에서 재추출함"
1431,나,拿,붙잡을 나,10,"붙잡다, 손에 넣다, 얻다, 장악하다. 사로잡다, 헤아리다. 拏와 同字",木,71,
1432,"나,여,요",挈,"붙잡을 나/여,요",10,"붙잡다, 손에 쥐다. 당길 여. 배 젖는 노 요.",木,71,
1433,"나,라,과",倮,알몸 나(라)/과,10,"벗다, 벌거벗다, 알몸, 발가숭이. 좁을 과.",火,71,
1434,나,娜,아리따울 나,10,"아름답다, 아리땁다, 날씬하다. 휘청휘청하다, 노골노골하다.",土,72,
1435,"나,라",砢,돌쌓일 나(라),10,"돌이 쌓이다, 서로 돕다, 맺히다. 훌륭한 사람의 모습.",金,72,
1436,나,拏,붙잡을 나,10,"붙잡다, 움켜잡다(손으로 잡아 붙듦). 끌어당기거나 제압하다(잡아서 제어함, 체포의 의미로도 쓰임)",木,,"2024 보완전사(김기승 성명학 9,491자 기준본 대조 추가)"
1437,"나,염",𡖔,많을 나,10,나. 많을 나. 많을 염,火,,"2024 보완전사(김기승 성명학 9,491자 기준본 대조 추가)"
1438,나,梛,나무이름 나,11,나무이름. 수정란 전체가 세포로 분할되는 난할.,木,72,
1439,나,挪,옮길 나,11,"옮기다, 비비다, 문지르다, 유용하다.",木,72,옥편10획
1440,"나,내",那,어찌 나/내,11,"어찌, 어찌하여, 많다, 편안하다. 어느, 비가 오다, 어찌하리오, 어떤.",土,72,옥편7획
1441,나,旎,깃발날릴 나,12,깃발 날리다.,火,72,
1442,나,肜,성길 나,12,"성기다, 드문드문하다.",水,72,
1443,"나,라",喇,나팔 나(라),12,"나팔, 승려, 중, 라마교. 말을 급히 하다.",水,72,
1444,"나,치,다",䏧,성길 나,12,나. 살찔 치. 살찔 다. 성길 나,火,,"2024 보완전사(김기승 성명학 9,491자 기준본 대조 추가)"
1445,나,𣃽,깃발 날릴 나,12,나. 깃발 날릴 나,火,,"2024 보완전사(김기승 성명학 9,491자 기준본 대조 추가)"
1446,나,詉,붙잡을 나,13,"붙잡다, 서로 당기다.",金,72,
1447,나,䛔,붙잡을 나,13,나. 붙잡을 나,火,,"2024 보완전사(김기승 성명학 9,491자 기준본 대조 추가)"
1448,"나,라",裸,알몸 나(라),14,"벗다, 벌거벗다, 알몸, 발가숭이. 나체, 무일푼, 털, 날개가 없는벌레.",木,72,옥편13획
1449,나,稬,찰벼 나,14,찰벼. 찰벼 나,火,,"2024 보완전사(김기승 성명학 9,491자 기준본 대조 추가); 기준본 음(대표) 필드 오류로 뜻풀이 텍스트에서 재추출함"
1450,"나,라",攞,정돈할 나(라),15,"정돈하다, 포개어 쌓다, 쌓아올리다.",木,72,옥편14획
1451,"나,예",誽,떠볼 나,15,떠볼. 떠볼 나. 엿볼 예,火,,"2024 보완전사(김기승 성명학 9,491자 기준본 대조 추가); 기준본 음(대표) 필드 오류로 뜻풀이 텍스트에서 재추출함"
1452,"나,라",蓏,열매 나(라),16,"열매, 향하다, 가다, 보내다, 과거. 옛날, 이따금, 일찍, 언제나, 이후.",木,72,옥편14획
1453,"나,라",瘰,연주창 나(라),16,"연주창, 옴, 가죽이 두꺼워 지는 일. 갑상선종이 헐어서 터진 부스럼.",水,72,
1454,"나,라",摞,정돈할 나,16,정돈할 나. 맬 라(나),木,,"2024 보완전사(김기승 성명학 9,491자 기준본 대조 추가)"
1455,나,橠,나무 무성할 나,16,나무무성할. 나무 무성할 나,火,,"2024 보완전사(김기승 성명학 9,491자 기준본 대조 추가); 기준본 음(대표) 필드 오류로 뜻풀이 텍스트에서 재추출함"
1456,나,懦,나약할 나,18,"나약하다, 무기력하다, 낮다. 낮아지다.",火,72,옥편17획
1457,"나,라",覶,자세할 나(라),19,"자세하다, 매우 정성스럽다, 차례. 즐겁게 보다, 기쁜 표정으로 보다.",火,72,
1458,"나,라",羅,비단 나(라),20,"비단, 그물, 벌이다, 늘어 서다, 징. 두르다, 망라하다, 포괄하다, 막다.",木,72,옥편19획
1459,"나,난",糯,찰벼 나/난,20,찰벼. 찰벼 난.,木,72,
1460,"나,라,뢰",懶,"게으를 나(라),뢰",20,"게으르다, 나른하다, 놉다, 의욕저하. 미워할 뢰.",火,72,옥편19획
1461,나,儺,공손할 나,21,"공손하다, 절도 있게 걷다. 역귀를 쫓다, 푸닥거리.",火,72,
1462,"나,라",騾,노새 나(라),21,노새. 암말과 수나귀 사이에 태어난 튀기.,火,73,
1463,"나,라",儸,재간있을 나(라),21,"재간과 능력 있음, 재치 있게 처리함.",火,73,
1464,"나,라",癩,문둥이 나(라),21,"문둥이, 문둥병, 나병, 나균, 천형. 약물중독 랄.",水,73,
1465,"나,라",囉,소리섞일 나(라),22,"소리가 섞이다, 얽히다, 잔말 하다. 노래가 꺾이다, 가락을 돕는 소리.",水,73,
1466,"나,라",曪,햇빛없을 나(라),23,"햇빛이 없다, 어둡다. 태양이 빛을 잃었다.",火,73,
1467,"나,라",驘,노새 나(라),23,노새. 암말과 수나귀 사이에 태어난 튀기.,火,73,
1468,"나,라",臝,벌거벗을 나(라),24,"벌거벗다, 알몸, 나귀, 노새. 소라, 박과의 여러 해 살이 풀.",水,73,옥편22획
1469,"나,라",蘿,쑥 나(라),25,"쑥, 무, 여라, 풀가사리, 울타리. 담쟁이덩굴",木,73,옥편23획
1470,"나,라",邏,순라 나(라),26,"순라, 순찰, 순찰하다, 순행하다. 막다, 차단하다.",土,73,옥편23획
1471,"나,라",鑼,징 나(라),27,"징. 동발, 자바라, 제금, 향발.",金,73,
1472,"낙,락",烙,지질 낙(락),10,"불로 지지다, 단근질.",火,73,
1473,"낙,락",洛,물이름 낙(락),10,"물 이름, 강 이름, 물방울 듣는 소리. 서울 이름, 잇닿다, 잇다.",水,73,
1474,"낙,락",珞,구슬목걸이 낙(락),11,"구슬 목걸이, 단단한 모양. 조약돌 력.",金,73,옥편10획
1475,"낙,락",絡,이을 낙(락),12,"잇다, 얽다, 묶다, 두르다, 줄, 고삐. 근육, 포괄하다, 맥락, 띠, 사리분별.",木,73,
1476,"낙,락",酪,쇠젖 낙(락),13,"우유, 타락, 술, 과즙, 죽. 식초.","金,水",73,
1477,"낙,락",酪,유즙 낙(락),13,"진한 유즙, 식초, 술, 과즙.",水,73,원문 자형 그대로(이체 표기)
1478,"낙,락",嗠,진한 유즙 낙,13,진한 유즙 낙. 타락 락(낙),水,,"2024 보완전사(김기승 성명학 9,491자 기준본 대조 추가)"
1479,"낙,락",犖,밝을 낙(락),14,"밝다, 명백하다, 뛰어나다, 훌륭하다. 환하다, 얼룩소.",土,73,
1480,"낙,락",落,떨어잘 낙(락),15,"떨어지다, 떨어뜨리다, 이루다, 준공. 두르다, 낙엽, 마을, 울타리, 빗방울.",木,73,옥편13획
1481,"낙,락,요",樂,"즐거울 낙(락),요",15,"즐기다, 즐거워하다, 즐거움. 노래 악, 풍류 악, 좋아할 요.",火,73,
1482,"낙,락",駱,낙타 낙(락),16,"낙타, 약대. 이어지다, 닿리다.",火,73,
1483,낙,諾,대답할 낙,16,"대답하다, 승낙하다, 허락하다.",金,74,
1484,"난,란",丹,꽃이름 난(란),4,"꽃 이름, 붉다, 정성스럽다, 남쪽. 성심, 모란, 거란, 붉을 단.","火,木",74,
1485,"난,란",卵,알 난(란),7,"알, 고환. 기르다, 자라게 하다, 크다, 굵다.",水,74,
1486,난,偄,연약할 난,11,"연약하다, 공순하다.",火,74,
1487,난,赧,얼굴붉힐 난,12,"얼굴을 붉히다, 부끄럽다, 무안하다. 두려워 하다.",火,74,
1488,"난,란",亂,어지러울 난(란),13,"어지럽다, 다스리다, 음란하다. 가득 차다, 무도하다, 풍류, 악장.",木,74,
1489,난,暖,따뜻할 난,13,"따뜻하다, 온화하다, 부드럽다.",火,74,
1490,난,煖,따뜻할 난,13,"따뜻하다, 불 김, 불 기운, 날씨.",火,74,
1491,난,煗,따뜻할 난,13,"따뜻하다, 온화하다, 따뜻하게 하다.",火,74,
1492,"난,란",闌,가로막을 난(란),17,"가로막다, 방지하다, 다하다, 잃다. 마음대로, 늦다, 난간, 드물다.",木,74,
1493,난,餪,잔치할 난,18,"음식을 대접하다, 음식을 보내다. 결혼한지 3일만에 하는 잔치(풀보기).",水,74,
1494,난,難,어려울 난,19,"어렵다, 힘들다, 괴로워하다, 재앙. 난리, 근심하다, 곤란하다.",火,74,
1495,"난,란",嬾,게으를 난(란),19,"게으르다, 태만하다, 엎드리다. 꽤 나른하다, 놉다.",土,74,
1496,"난,란,련,연",䜌,어지러울 련,19,난. 란. 련. 연. 어지러울 련(연). 어지러울 란(난),火,,"2024 보완전사(김기승 성명학 9,491자 기준본 대조 추가); 1차 음의 뜻풀이 누락으로 타 음(련)의 훈으로 대표훈음 대체"
1497,"난,란",幱,내리닫이 난(란),20,"내리닫이, 바지와 저고리를 붙인 옷. 난삼, 생원 진사에 합격해 입던 옷.",木,74,
1498,"난,란,연",欄,"난간 난(란),연",21,"난간, 외양간, 신문 잡지의 칼럼 난. 나무 이름 련.",木,74,
1499,"난,란",攔,막을 난(란),21,"막다, 차단하다, 칸막이. 심다, 씨 뿌리다.",木,74,옥편20획
1500,"난,란",爛,빛날 난(란),21,"빛나다, 밝다, 화려하다, 곱다. 무르익다, 흐드러지다, 많은 모양.",火,74,
1501,"난,란",瀾,물결 난(란),21,"물결, 잔잔한 물결, 큰 파도, 뜨물. 물결이 일다, 색채가 선명하다.",水,74,옥편20획
1502,"난,란",瓓,옥광채 난(란),22,"옥 광채, 옥 무늬.",金,74,옥편21획
1503,"난,란",蘭,난초 난(란),23,"난초, 목련.",木,74,옥편21획
1504,"난,란",襴,내리닫이 난(란),23,"내리닫이, 난상. 바지와 저고리를 한데 붙인 아이 옷.",木,75,옥편22획
1505,"난,란",欒,나무이름 난(란),23,"나무이름, 가름대, 모감주 나무. 둥근 모양, 모이다.",木,75,
1506,"난,란",灤,새어흐를 난(란),23,"새어 흐르다, 적시다.",水,75,
1507,"난,란",灓,새어 흐를 난,24,새어 흐를 난. 새어 흐를 란(난),水,,"2024 보완전사(김기승 성명학 9,491자 기준본 대조 추가)"
1508,"난,란",欗,나무 이름 란,24,난. 란. 나무 이름 란(난),火,,"2024 보완전사(김기승 성명학 9,491자 기준본 대조 추가); 1차 음의 뜻풀이 누락으로 타 음(란)의 훈으로 대표훈음 대체"
1509,"난,란,거",鑾,"방울 난(란),거",27,"난새, 봉황, 방울, 천자의 수레. 보습 거.",金,75,
1510,"난,란",鸞,난새 난(란),30,"난새, 봉황, 방울, 천자의 수레.",火,75,
1511,"날,랄",剌,발랄할 날(랄),9,"발랄하다, 어그러지다, 어지럽다. 수라 라.",金,75,
1512,"날,랄",埒,담장 날(랄),10,"담장, 울타리, 경계, 뽑다, 모양. 담장 렬.",土,75,
1513,날,捏,꾸밀 날,11,"꾸미다, 반죽하다, 꿰어맞추다. 이기다, 붙잡다, 억누르다.",木,75,옥편10획
1514,날,捺,도장찍을 날,12,"날인, 도장 찍다, 지장 찍다. 누르다.",木,75,옥편11획
1515,"날,랄",辣,매울 날(랄),14,맵다. 언행이 몹시 엄혹하다.,金,75,
1516,"날,랄",辢,매울 날(랄),14,맵다. 언행이 몹시 엄혹하다.,金,75,
1517,"날,건,헌",鶱,훨훨 날 건,21,날. 훨훨 날 건. 훨훨 날 헌,木,,"2024 보완전사(김기승 성명학 9,491자 기준본 대조 추가); 1차 음의 뜻풀이 누락으로 타 음(건)의 훈으로 대표훈음 대체"
1518,남,男,사내 남,7,"사내, 아들, 남자, 남북. 남작.",土,75,
1519,남,枏,녹나무 남,8,녹나무. 봄철에 노란 꽃이 피는 상록 교목.,木,75,
1520,"남,나",南,"남녘 남,나",9,"남쪽, 풍류, 임금, 벼슬 이름. 남쪽 나라, 나무(南無) 나.",火,75,원본 인쇄 자원오행 木 → 수기 정정 火
1521,남,侽,사내 남,9,男. 사내 남,火,,"2024 보완전사(김기승 성명학 9,491자 기준본 대조 추가); 기준본 음(대표) 필드 오류로 뜻풀이 텍스트에서 재추출함"
1522,남,娚,재잘거릴 남,10,말소리. 재잘거릴 남. 오라비 남,火,,"2024 보완전사(김기승 성명학 9,491자 기준본 대조 추가); 기준본 음(대표) 필드 오류로 뜻풀이 텍스트에서 재추출함"
1523,"남,람",婪,예쁠 남(람),11,"탐하다, 탐내다, 차갑다. 떨릴 림.",土,75,
1524,"남,람",惏,탐할 남(람),11,"탐하다, 탐내다, 욕심부리다. 삼가지 않다.",土,75,
1525,"남,람",㛦,예쁠 람,11,남. 람. 예쁠 람(남),火,,"2024 보완전사(김기승 성명학 9,491자 기준본 대조 추가); 1차 음의 뜻풀이 누락으로 타 음(람)의 훈으로 대표훈음 대체"
1526,"남,람,림",惏,"탐할 남(람),림",12,"탐하다, 탐내다, 차갑다. 떨릴 림.",火,75,옥편11획
1527,"남,람",嵐,남기 남(람),12,"산 이름, 산바람. 남기:산 속에 생기는 아지랑이 같은.",土,75,
1528,남,喃,글읽는소리 남,12,"글 읽는 소리, 수다스럽다. 재잘 거리다.",水,75,
1529,남,婻,예쁠 남,12,몸퉁퉁할. 예쁠 남,火,,"2024 보완전사(김기승 성명학 9,491자 기준본 대조 추가); 기준본 음(대표) 필드 오류로 뜻풀이 텍스트에서 재추출함"
1530,남,楠,녹나무 남,13,녹나무. 봄철에 노란 꽃이 피는 상록 교목.,木,75,
1531,남,瀻,강이름 남,13,"강 이름, 물 이름. 추장.",水,76,
1532,남,暔,나라 이름 남,13,나라이름. 나라 이름 남,火,,"2024 보완전사(김기승 성명학 9,491자 기준본 대조 추가); 기준본 음(대표) 필드 오류로 뜻풀이 텍스트에서 재추출함"
1533,남,揇,잡을 남,13,잡을. 잡을 남,火,,"2024 보완전사(김기승 성명학 9,491자 기준본 대조 추가); 기준본 음(대표) 필드 오류로 뜻풀이 텍스트에서 재추출함"
1534,"남,람",𢱯,가질 람,14,남. 람. 가질 람(남),火,,"2024 보완전사(김기승 성명학 9,491자 기준본 대조 추가); 1차 음의 뜻풀이 누락으로 타 음(람)의 훈으로 대표훈음 대체"
1535,"남,람",湳,과실짱아찌 남(람),15,"과실 짱아찌, 감을 우리다. 귀갑을 태웠을 때 나타난 점괘 이름.",水,76,옥편14획
1536,"남,람",漤,과실 짱아찌 남,16,과실 짱아찌 남. 절인 과일 람(남),水,,"2024 보완전사(김기승 성명학 9,491자 기준본 대조 추가)"
1537,남,諵,수다스러울 남,16,수다스러울. 수다스러울 남,火,,"2024 보완전사(김기승 성명학 9,491자 기준본 대조 추가); 기준본 음(대표) 필드 오류로 뜻풀이 텍스트에서 재추출함"
1538,"남,람",擥,가질 남(람),18,"가지다, 손에 쥐다, 따다, 보다. 취하다, 잡아 당기다.",木,76,
1539,"남,람",燫,불번질 남(람),18,"불이 번지다, 세력이 강하다. 세찬 불길이 번져 나가다.",火,76,
1540,"남,람,함",濫,"넘칠 남(람),함",18,"넘치다, 범람하다, 탐하다, 퍼지다. 목욕통 함, 동이 함.",水,76,옥편17획
1541,"남,람",爁,불 번질 남,18,불 번질 남. 불 번질 람(남),火,,"2024 보완전사(김기승 성명학 9,491자 기준본 대조 추가)"
1542,"남,람",瓕,옥이름 남(람),19,옥 이름.,金,76,옥편18획
1543,"남,람,감",藍,"쪽 남(람),감",20,"쪽, 남 빛, 진한 푸른 빛. 절, 사찰, 남루하다, 누더기.",木,76,옥편18획
1544,"남,람",襤,누더기 남(람),20,"헌 누더기, 해진 옷, 남루한 옷.",木,76,옥편19획
1545,"남,람",籃,대바구니 남(람),20,"대 바구니, 대 광주리, 바구니. 채통, 아름다운 색깔로 꾸민 바구니.",木,76,
1546,"남,람",璼,옥 이름 남,20,옥 이름 남. 옥 이름 람(남),火,,"2024 보완전사(김기승 성명학 9,491자 기준본 대조 추가)"
1547,"남,람",覽,볼 남(람),21,"보다, 두루 보다, 바라보다, 전망하다. 대강 훑어보다, 전망, 경관.",火,76,
1548,"남,람",灆,물 맑을 남,23,물 맑을 남. 물 맑을 람(남),水,,"2024 보완전사(김기승 성명학 9,491자 기준본 대조 추가)"
1549,"남,람",攬,가질 남(람),25,"가지다, 따다, 손에 쥐다. 보다, 잡아 당기다.",木,76,옥편24획
1550,"남,람",欖,감람나무 남(람),25,감람나무. 올리브.,木,76,
1551,"남,람",纜,닻줄 남(람),27,닻 줄.,木,76,
1552,"납,랍",拉,끌 납(랍),9,"끌다, 잡아 가다, 끌고 가다, 꺾다. 당기다, 부러뜨리다, 바람 소리.",木,76,옥편8획
1553,납,衲,기울 납,10,"깁다, 중, 승려, 장삼, 승려의 옷. 젖은 모양",木,76,옥편9획
1554,납,納,들일 납,10,"수확하다, 받다, 바치다, 접수하다. 헌납, 납부, 누리다, 즐기다, 채용.",木,76,
1555,"납,랍",臘,섣달 납(랍),21,"섣달, 쌍날로 된 칼. 납향, 득도한 이후 햇수.",水,76,옥편19획
1556,"납,랍",蠟,밀 납(랍),21,"밀랍, 밀초, 양초, 밀랍을 바르다. 고통, 괴로움.",木,76,
1557,"납,랍",鑞,땜납 납(랍),23,"납땜, 주석, 백철. 백철:납과 주석의 합금.",金,76,
1558,"낫,삼,섬",釤,낫 삼,11,낫. 낫 삼. 날카로울 섬,金,,"2024 보완전사(김기승 성명학 9,491자 기준본 대조 추가); 1차 음의 뜻풀이 누락으로 타 음(삼)의 훈으로 대표훈음 대체"
1559,"낭,랑",庈,높을 낭(랑),10,"높다, 그릇.",木,76,
1560,"낭,랑",娘,아가씨 낭(랑),10,"여자, 아가씨, 각시, 어미.",土,77,
1561,"낭,랑",㢃,높을 랑,10,낭. 랑. 높을 랑(낭),火,,"2024 보완전사(김기승 성명학 9,491자 기준본 대조 추가); 1차 음의 뜻풀이 누락으로 타 음(랑)의 훈으로 대표훈음 대체"
1562,"낭,랑",狼,이리 낭(랑),11,"이리, 늑대, 별 이름, 사납다. 어지럽다, 거칠다.",土,77,옥편10획
1563,"낭,랑",烺,밝을 낭(랑),11,"밝다, 빛나다, 맑고 환하다.",火,77,
1564,"낭,랑",朗,밝을 낭(랑),11,"밝다, 빛나다, 맑고환하다, 또랑또랑. 깨끗하다, 유쾌하다, 활달하다.",火,77,
1565,"낭,랑",浪,물결 낭(랑),11,"물결, 파도, 물결이 일다, 함부로. 표랑하다, 유랑하다.",水,77,옥편10획
1566,"낭,랑",稂,강아지풀 낭(랑),12,강아지 풀.,木,77,
1567,"낭,랑",琅,옥돌 낭(랑),12,"옥돌, 금옥 소리, 문고리, 고을이름. 구더기.",金,77,옥편11획
1568,"낭,랑",硠,돌부딪칠 낭(랑),12,"돌이 부딪는 소리, 우레 소리. 단단하다.",金,77,
1569,"낭,랑",廊,사랑채 낭(랑),13,"사랑채, 딴채, 곁채, 행랑, 복도.",木,77,
1570,"낭,랑",莨,수크령 낭(랑),13,"조, 수크령.",木,77,옥편11획
1571,"낭,랑",蜋,사마귀 낭(랑),13,"사마귀, 버마재비. 쇠똥구리 량, 풍뎅이 량.",水,77,
1572,"낭,랑",榔,나무이름 낭(랑),14,"나무이름, 빈랑나무.",木,77,
1573,"낭,랑",郎,남편 낭(랑),14,"남편, 신랑, 사내, 아들, 주인. 벼슬 이름, 행랑채.",土,77,옥편10획
1574,"낭,랑",瑯,옥돌 낭(랑),15,"옥돌, 금옥 소리, 문고리. 고을 이름.",金,77,옥편14획
1575,"낭,랑",閬,솟을대문 낭(랑),15,"솟을대문, 높은 모양, 넓다, 해자. 성씨, 불알, 고환.",木,77,
1576,"낭,랑",螂,사마귀 낭(랑),16,사마귀. 쇠똥구리.,水,77,
1577,"낭,랑",駺,꼬리흰말 낭(랑),17,꼬리 흰 말.,火,77,
1578,"낭,랑",郞,사내 낭,18,사내 낭. 사내 랑(낭),土,,"2024 보완전사(김기승 성명학 9,491자 기준본 대조 추가)"
1579,낭,曩,접때 낭,21,"접때, 이전(과거의 어느 때). 옛날, 이전에 있던 일이나 시기",火,,"2024 보완전사(김기승 성명학 9,491자 기준본 대조 추가)"
1580,낭,囊,자루 낭,22,"자루, 주머니, 불알.",水,77,여백 별기
1581,"내,애",乃,이에 내/애,2,"이에, 곧, 그래서, 더구나, 비로소. 의외로, 만일, 다만, 노젓는소리 애.",金,77,
1582,"내,납",內,안 내/납,4,"안, 속, 뱃속, 아내, 대궐, 조정. 부녀자, 몰래, 바밀히, 들일 납.","木,土",77,
1583,내,奶,젖 내,5,"젖, 유모, 어머니, 기르다, 양육하다. 젖을 먹이다, 낮잠.",土,77,
1584,"내,래",来,올 내(래),7,"오다, 돌아오다, 부르다, 그 후, 이래. 앞으로, 미래, 후세, 보리.",木,78,
1585,"내,나",奈,어찌 내/나,8,"어찌, 큰 집, 올림, 능금나무, 지옥. 대처하다, 대응하다, 견디어 내다.",木,78,
1586,"내,래",來,올 내(래),8,"오다, 돌아오다, 부르다, 그 후, 이래. 앞으로, 미래, 후세, 보리.","火,木",78,
1587,"내,나",柰,능금나무 내/나,9,"능금나무, 말리, 쟈스민, 어찌. 어떻게, 어찌하랴, 어찌 나.",木,78,
1588,"내,능",耐,견딜 내/능,9,"견디다, 참다, 감당하다. 구레나룻을 깎는 형벌, 감당할 능.",水,78,
1589,"내,래",徠,올 내(래),11,"오다, 도래하다, 오게 하다. 위로하다, 위무하다.",火,78,
1590,"내,래",崍,산이름 내(래),11,산 이름.,土,78,
1591,"내,래",淶,강이름 내(래),12,강 이름. 고을 이름,水,78,옥편11획
1592,"내,천",迺,이에 내/천,13,"이에, 곧, 너, 비로소, 처음으로. 옮길 천.",土,78,옥편10획
1593,"내,래",萊,명아주 내(래),14,"명아주, 잡초, 거칠다, 깎다. 묵정 밭, 밭을 묵히다.",木,78,옥편12획
1594,내,鼐,가마솥 내,15,"가마솥, 큰 솥.",金,78,
1595,"내,래",𧼛,올 래,15,내. 래. 올 래(내),火,,"2024 보완전사(김기승 성명학 9,491자 기준본 대조 추가); 1차 음의 뜻풀이 누락으로 타 음(래)의 훈으로 대표훈음 대체"
1596,내,嬭,젖 내,17,"젖, 유모, 어머니, 양육하다, 기르다. 낮잠",土,78,
1597,"내,래",騋,큰 말 내(래),18,"큰 말, 키가 칠 척인 말.",火,78,
1598,"냉,랭",冷,찰 냉(랭),7,"차다, 한랭하다, 쌀쌀하다, 일다. 낯설다, 생소하다, 한가하다.",水,78,
1599,"넙,엽",揑,누를 넙(엽),12,"누르다, 막다, 틀어막다, 찍다. 비틀 념(염).",木,79,옥편11획
1600,"녀,여",女,여자 녀(여),3,"여자, 처녀, 딸, 너, 별 이름. 시집 보내다, 짝짓다, 작고 연약한.",土,78,
1601,"녀,여",女,여자 녀(여),3,"여자, 처녀, 딸, 너, 별 이름. 시집 보내다, 짝짓다, 작고 연약한.",土,235,
1602,"녁,역",惄,출출할 녁(역),12,"허출하다, 근심하다, 생각하다. 굶주려서 허기진 모양.",水,78,
1603,"녁,역",惄,출출할 녁(역),12,"허출하다, 근심하다, 생각하다. 굶주려서 허기진 모양.",火,238,
1604,"년,연",年,해 년(연),6,"해, 나이, 때, 시대, 새해, 신년. 연령, 잘 익은 오곡, 콧마루, 익다.",木,78,
1605,"년,연",年,해 년(연),6,"해, 나이, 때, 시대, 새해, 신년. 연령, 잘 익은 오곡, 콧마루, 익다.",木,239,
1606,"년,연,녕,영",秊,"해 년(연),녕,영",7,"해, 나이, 때, 시대, 새해, 신년. 연령, 잘 익은 오곡, 아침할녕/영.",木,78,
1607,"년,연,녕,영",秊,"해 년(연),녕,영",7,"해, 나이, 때, 시대, 새해, 신년. 연령, 잘 익은 오곡, 아첨할 녕/영",木,239,
1608,"년,연",碾,맷돌 년(연),15,"맷돌, 돌절구, 롤러. 맷돌에 갈다, 수차의 힘으로 갈다.",金,78,
1609,"년,연",碾,맷돌 년(연),15,"맷돌, 돌절구, 롤러. 맷돌에 갈다, 수차의 힘으로 갈다.",金,241,
1610,"년,연",撚,비틀 년(연),16,"비틀다, 손 끝으로 비비다, 꼬다. 반죽하다, 이기다.",木,78,옥편15획
1611,"년,연",撚,비틀 년(연),16,"비틀다, 손 끝으로 비비다, 꼬다. 반죽하다, 이기다.",木,241,옥편 15획
1612,"념,염",念,생각할 념(염),8,"생각, 생각하다, 잠깐, 기억하다. 스물, 이십, 외우다, 귀여워하다.",火,79,
1613,"념,염",念,생각할 념(염),8,"생각, 생각하다, 잠깐, 기억하다. 스물, 이십, 외우다, 귀여워하다.",火,243,
1614,"념,염,점",拈,집을 념(염)/점,9,"집다, 집어 들다, 집어 비틀다. 무게를 달 점.",木,79,
1615,"념,염,점",拈,집을 념(염)/점,9,"집다, 집어 들다, 집어 비틀다. 무게를 달 점.",木,244,옥편 8획
1616,"념,염",恬,편안할 념(염),10,"편안하다, 평온하다, 담담하다. 고요하다, 조용하다, 안일하다.",火,79,옥편9획
1617,"념,염",恬,편안할 념(염),10,"편안하다, 평온하다, 담담하다. 고요하다, 조용하다, 안일하다.",火,244,옥편 9획
1618,"념,염,엽",捻,비틀 념(염)/엽,12,"비틀다, 비꼬다, 집다, 붙잡다. 누를 녑(엽).",木,79,옥편11획
1619,"념,염,엽",捻,비틀 념(염)/엽,12,"비틀다, 비꼬다, 집다, 붙잡다. 누를 녑(엽)",木,244,옥편 11획
1620,"녑,엽",捻,누를 녑(엽),12,"누르다, 막다, 틀어막다, 찍다. 비틀 념(염).",木,245,옥편 11획
1621,"녕,영",佞,말잘할 녕(영),7,"말 잘하다, 말재주, 재능, 아첨하다. 아첨하다, 간사하다, 미혹하다.",火,79,
1622,"녕,영",佞,말잘할 녕(영),7,"말 잘하다, 말재주, 재능, 아첨하다. 아첨하다, 간사하다, 미혹하다.",火,246,
1623,"녕,영",甯,편안할 녕(영),13,"편안하다, 문안하다, 친정에 가다. 어찌, 차라리. 寧과 同字",木,79,
1624,"녕,영",甯,편안할 녕(영),13,"편안하다, 문안하다, 친정에 가다. 어찌, 차라리. 寧과 同字",木,247,
1625,"녕,영",寧,편안할 녕(영),14,"편안하다, 문안하다, 친정에 가다. 어찌, 차라리, 甯과 同字.","木,火",79,
1626,"녕,영",寧,편안할 녕(영),14,"편안하다, 문안하다, 친정에 가다. 어찌, 차라리. 甯과 同字.","木,火",248,
1627,"녕,영",儜,약할 녕(영),16,"약하다, 서로 부르는 소리. 괴로워하다.",火,79,
1628,"녕,영",儜,약할 녕(영),16,"약하다, 서로 부르는 소리. 괴로워하다.",火,248,
1629,"녕,영",嚀,간곡할 녕(영),17,"간곡하다, 간절하다, 곡진하다. 정중히 당부하다, 매우 정성스럽다.",水,79,
1630,"녕,영",嚀,간곡할 녕(영),17,"간곡하다, 간절하다, 곡진하다. 정중히 당부하다, 매우 정성스럽다.",水,249,
1631,"녕,영",獰,사나울 녕(영),18,"사납다, 모질다, 영악하다. 십살개의 털, 흉악하다.",土,79,
1632,"녕,영",濘,질펀할 녕(영),18,"진창, 질척하다, 땅이 질다. 얕은 내, 물이 끓는 모양.",水,79,옥편17획
1633,"녕,영",獰,사나울 녕(영),18,"사납다, 모질다, 영악하다. 삽살개의 털, 흉악하다.",土,249,
1634,"녕,영",濘,질펀할 녕(영),18,"진창, 질척하다, 땅이 질다. 얕은 내, 물이 끓는 모양.",水,249,옥편 17획
1635,노,奴,종 노,5,"종, 노비, 저(자신을 낮추는 말). 놈, 종으로 부리다.",土,79,
1636,"노,로",老,늙을 노(로),6,"늙다, 노련하다, 숙달하다, 공경하다. 오래되다, 대접하다, 어른, 부모.",土,79,
1637,"노,로",老,늙을 노(로),6,"늙다, 노련하다, 숙달하다, 공경하다. 오래되다, 대접하다, 어른, 부모.",土,115,
1638,노,努,힘쓸 노,7,"힘쓰다, 부지런히 일하다. 내려 긋는 획, 뾰족 솟다.",土,79,
1639,노,弩,큰활 노,8,"큰 활, 쇠뇌, 군사 이름. 힘쓰다, 벌레 이름.","火,金",79,
1640,노,孥,자식 노,8,"자식, 처자, 종.",水,79,
1641,노,呶,떠들썩할 노,8,"떠들썩하다, 지껄이다. 말을 많이 하다하다.",水,79,
1642,"노,로",怒,성낼 노(로),9,"성내다, 화내다, 꾸짖다, 나무라다. 세차다, 기세가 오르다, 힘쓰다.",火,79,
1643,"노,로",牢,우리 노(로),9,"우리, 상의하다, 감옥, 곳간, 희생. 안온하다, 문의하다, 갇다, 여물다.","木,水",79,
1644,"노,로",怒,성낼 노(로),9,"성내다, 화내다, 꾸짖다, 나무라다. 세차다, 기세가 오르다, 힘쓰다.",火,115,
1645,"노,로",牢,우리 노(로),9,"우리, 상의하다, 감옥, 곳간, 희생. 안온하다, 문의하다, 갇다, 여물다.","木,水",115,
1646,노,峱,산 이름 노,10,산 이름(지명으로 쓰이는 산). 특정 봉우리나 산지를 가리키는 명칭으로 쓰이는 말,土,,"2024 보완전사(김기승 성명학 9,491자 기준본 대조 추가)"
1647,"노,나",笯,새장 노/나,11,새장. 새장 나.,木,80,
1648,"노,로",玈,검을 노(로),11,"검다, 검은 빛, 검은 칠을 한 활. 나그네.",火,80,
1649,노,猛,산이름 노,11,"산 이름, 개.",土,80,옥편10획
1650,"노,로",鹵,소금 노(로),11,"소금, 소금 밭, 개펄, 황무지, 방패. 어리석음, 우둔하다, 짠 땅.",水,80,
1651,"노,로",玈,검을 노(로),11,"검다, 검은 빛, 검은 칠을 한 활. 나그네.",火,115,
1652,"노,로",鹵,소금 노(로),11,"소금, 소금 밭, 개펄, 황무지, 방패. 어리석음, 우둔하다, 짠 땅.",水,115,
1653,"노,로",勞,일할 노(로),12,"일하다, 애쓰다, 수고롭다, 위로하다. 노고, 공로, 공적, 고단하다, 지치다.","火,土",80,
1654,"노,로",勞,일할 노(로),12,"일하다, 애쓰다, 수고롭다, 위로하다. 노고, 공로, 공적, 고단하다, 지치다.",火,115,
1655,"노,로",虜,사로잡을 노(로),13,"사로잡다, 생포하다, 포로. 오랑캐, 종, 노복.",木,80,
1656,"노,로",輅,수레 노(로),13,"수레, 크다. 골 락, 작은 수레 락.",火,80,
1657,"노,로",路,길 노(로),13,"길, 통행, 크다, 바르다, 도리, 도의. 지위, 요처, 즐기다, 길손, 방도, 방법",土,80,
1658,노,猱,원숭이 노,13,"원숭이, 희롱거리다. 거문고를 타는 법의 하나.",土,80,
1659,"노,로",虜,사로잡을 노(로),13,"사로잡다, 생포하다, 포로. 오랑캐, 종, 노복.",木,115,
1660,"노,로,낙,아,핵",輅,"수레 노(로)/낙,아,핵",13,"수레, 크다, 끌 락. 작은수레 락(낙), 수레앞가로나무 핵.",火,115,
1661,"노,로",路,길 노(로),13,"길, 통행, 크다, 바르다, 도리, 도의. 지위, 요처, 즐기다, 길손, 방도, 방법",土,115,
1662,노,瑙,마노 노,14,"옥돌, 마노(석영의 일종). 무늬가 있는 돌.",金,80,옥편13획
1663,노,誮,기뻐할 노,14,기뻐하다. 수수께끼,金,80,
1664,노,駑,둔한말 노,15,"둔한 말, 느리다, 무디다. 재능이 없고 미련한 모양.",火,80,
1665,"노,로",魯,노나라 노(로),15,"노 나라, 성씨, 나라 이름. 미련하다, 노둔하다.",水,80,
1666,"노,로",滷,소금밭 노(로),15,"소금 밭, 짠 물, 짜다, 간수. 짠 땅, 간을 치다.",水,80,옥편14획
1667,"노,로",魯,노나라 노(로),15,"노 나라, 성씨, 나라 이름. 미련하다, 노둔하다.",水,115,
1668,"노,로",滷,소금밭 노(로),15,"소금 밭, 짠 물, 짜다, 간수. 짠 땅, 간을 치다.",水,115,옥편14획
1669,"노,로",撈,건질 노(로),16,"건지다, 잡다. 긍게.",木,80,옥편15획
1670,"노,로",盧,성씨 노(로),16,"성씨, 밥그릇, 눈동자, 창 자루, 화로. 목로, 가마우지, 나라 이름, 개이름.",水,80,
1671,"노,로",澇,큰물결 노(로),16,"큰 물결, 장마, 강 이름.",水,80,옥편15획
1672,"노,로,료",潦,"큰비 노(로),료",16,"큰 비, 장마, 적시다, 담그다, 수해. 잠기다, 담그다. 큰비, 장마 료(요).",水,80,
1673,"노,로",撈,건질 노(로),16,"건지다, 잡다. 긍게.",木,115,옥편15획
1674,"노,로",盧,성씨 노(로),16,"성씨, 밥그릇, 눈동자, 창자루, 화로. 목로, 가마우지, 나라 이름, 개이름","水,土,金",115,
1675,"노,로",澇,큰물결 노(로),16,"큰 물결, 장마, 강 이름.",水,115,옥편15획
1676,"노,로,료",潦,"큰비 노(로),료",16,"큰 비, 장마, 적시다, 담그다, 수해. 장기다, 담그다. 큰비, 장마 료(요).",水,115,
1677,"노,로",擄,빼앗을 노(로),17,"빼앗다, 노획하다, 거둬들이다. 사로잡다, 문지르다, 노략질하다.",水,80,옥편16획
1678,"노,로",潞,강이름 노(로),17,"강 이름, 종족 이름, 고을 이름. 지치다, 피로해지다, 여위다.",水,80,옥편16획
1679,"노,로",癆,중독 노(로),17,"중독, 아픔, 폐결핵. 중독되어 아프다.",水,81,
1680,"노,로",擄,빼앗을 노(로),17,"빼앗다, 노획하다, 거둬들이다. 사로잡다, 문지르다, 노략질하다.",水,115,옥편16획
1681,"노,로",潞,강이름 노(로),17,"강 이름, 종족 이름, 고을 이름. 지치다, 피로해지다, 여위다.",水,115,옥편16획
1682,"노,로",癆,중독 노(로),17,"중독, 아픔, 폐결핵. 중독되어 아프다.",水,115,
1683,"노,로",璐,아름다운옥 노(로),18,아름다운 옥.,金,81,옥편17획
1684,"노,로",璐,아름다운옥 노(로),18,아름다운 옥.,金,115,옥편17획
1685,"노,로",櫓,방패 노(로),19,"방패, 망루, 배 젓는 노, 상앗대.",木,81,
1686,"노,로",蕗,감초 노(로),19,"감초, 물감 나무.",木,81,옥편17획
1687,"노,로",壚,검은흙 노(로),19,"흑토, 화로, 향로, 주막, 술집. 목로, 황흑색의 흙.",土,81,
1688,"노,로",嚧,웃을 노(로),19,웃다.,水,81,
1689,"노,로",櫨,두공 노(로),20,두공-기둥 위의 방형의 나무. 과실-레몬의 일종,木,81,
1690,"노,로",爐,화로 노(로),20,화로.,火,81,
1691,"노,로",瀘,강이름 노(로),20,강 이름.,水,81,
1692,"노,로",鑪,칼자루 노(로),20,"칼 자루, 아교 그릇, 부레 그릇.",金,81,
1693,"노,로",艪,배젓는 노(로),21,"노, 상앗대.",木,81,
1694,"노,로",瓐,비취옥 노(로),21,비취 옥.,金,81,옥편20획
1695,"노,로",露,이슬 노(로),21,"이슬, 좋은 술, 드러나다, 나타나다. 러시아, 은혜를 베풀다, 고달프다.",水,81,
1696,"노,로",艫,뱃머리 노(로),22,"뱃머리, 고물, 운송선.",木,81,
1697,"노,로",蘆,냉이 노(로),22,"갈대, 냉이.",水,81,옥편20획
1698,"노,이,난,눈,유",臑,팔꿈치 노,22,팔꿈치 노. 삶을 이. 따뜻할 난. 육장 눈. 팔뼈 유,水,,"2024 보완전사(김기승 성명학 9,491자 기준본 대조 추가)"
1699,"노,로",轤,도르레 노(로),23,"도르레, 화차.",火,81,
1700,"노,로",鷺,해오라기 노(로),24,해오라기.,火,81,
1701,"노,로",鑪,화로 노(로),24,"화로, 향로, 풀무, 띠약별, 목로.",金,81,
1702,"노,로",顱,머리뼈 노(로),25,"머리뼈, 두개골, 해골.",金,81,
1703,"노,로",髗,머리뼈 노(로),26,"머리뼈, 두개골, 해골.",金,81,
1704,"노,로",鱸,농어 노(로),27,농어.,水,82,
1705,"녹,록",录,본디 녹(록),8,"본디, 원래, 근본. 나무를 새기다.",火,117,
1706,"녹,록",鹿,사슴 녹(록),11,"사슴, 목적물, 곳간, 산기슭. 거칠다, 조잡하다, 제왕의 자리.",火,117,
1707,"녹,록",淥,맑아질 녹(록),12,"맑아지다, 거르다, 거른 물, 거른 술. 강 이름, 술 이름, 성씨.",水,117,옥편11획
1708,"녹,록",祿,행복 녹(록),13,"행복, 복, 봉급, 녹봉, 녹을 주다. 복을 내리다.",木,117,
1709,"녹,록",碌,푸른돌 녹(록),13,"푸른 돌, 푸른 빛, 구리에 낀 녹. 용렬하다, 무능하다.",金,117,
1710,"녹,록",菉,기록할 녹(록),14,"기록하다, 적다, 푸르다. 조개풀.",木,117,옥편12획
1711,"녹,록",綠,푸를 녹(록),14,"푸르다, 푸르게 하다, 검고 아름답다. 초록빛 초록빛 비단, 검은 빛, 조개풀",木,117,
1712,"녹,록",漉,거를 녹(록),15,"거르다, 밭다, 치다, 다하다. 양금을 치다.",水,117,옥편14획
1713,"녹,록",錄,기록할 녹(록),16,"기록하다, 적다, 기재하다, 나타나다. 단속하다, 녹음하다, 보존하다, 기록",金,117,조사할 려
1714,"녹,록",簏,상자 녹(록),17,대나무 상자.,木,117,
1715,"녹,록",騄,말이름 녹(록),18,말의 이름. 녹이-주 나라 목왕의 팔준마 중 하나,火,117,
1716,"녹,록",轆,도르레 녹(록),18,"도르레, 녹로, 수레의 요란한 소리. 작은 바퀴나 고리.",火,117,
1717,"녹,록",麓,산기슭 녹(록),19,"산기슭, 산을 맡은 관리.",木,117,
1718,"논,론",論,논할 논(론),15,"논하다, 논의하다, 서술하다, 말하다. 의견, 견해, 학설, 토론하다.",金,82,
1719,"논,론",論,논할 논(론),15,"논하다, 논의하다, 서술하다, 말하다. 의견, 견해, 학설, 토론하다.",金,117,
1720,"놀,유,퇴,대",瀢,물고기 떼지어 놀,19,물고기 떼지어 놀. 떼지어 놀 유. 모래 밀릴 퇴. 모래 밀릴 대,土,,"2024 보완전사(김기승 성명학 9,491자 기준본 대조 추가)"
1721,"농,롱",弄,희롱할 농(롱),7,"희롱하다, 가지고 놀다, 업신여기다. 즐기다, 좋아하다, 노리개, 장난감.","金,木",82,
1722,"농,롱",弄,희롱할 농(롱),7,"희롱하다, 가지고 놀다, 업신여기다. 즐기다, 좋아하다, 노리개, 장난감.","木,水",117,
1723,농,農,농사 농,13,"농사, 농부, 힘쓰다, 노력하다.",土,82,
1724,농,儂,나 농,15,"나, 저, 너, 당신, 영감의 높임 말. 민족의 이름.",火,82,
1725,농,噥,소곤거릴 농,16,"소곤거리다, 맛이 짙다. 소곤거리는 모양, 헛소리.",水,82,
1726,농,濃,짙을 농,17,"색이 짙다, 음식이 진하고 맛이좋다. 이슬이 맺힌 모양, 의리가 두텁다.",水,82,옥편16획
1727,농,穠,무성할 농,18,"꽃나무가 무성하다, 짙다, 깊다.",木,82,
1728,"농,롱,룡",儱,미숙할 농(롱)/룡,18,"미숙한 모양, 불우하다, 뒤떨어지다. 덜되다, 흐지부지하다, 걷지못할 룡.",火,82,
1729,"농,롱",儱,미숙할 농(롱),18,"미숙하다, 불우하다, 흐지부지하다. 뒤떨어지다, 덜되다. 걷지 못할 룡.",火,117,
1730,"농,롱",壟,밭두둑 농(롱),19,"밭두둑, 밭이랑, 언덕, 구릉, 무덤. 뫼, 돈대.",土,82,
1731,농,膿,진할 농,19,"진한 국물, 살찐 모양. 고름, 짓무르다, 썩어 문드러지다.",水,82,옥편18획
1732,"농,롱",壟,언덕 농(롱),19,"언덕, 구릉, 밭두둑, 밭이랑. 무덤, 돈대.",土,117,
1733,"농,롱",攏,누를 농(롱),20,"누르다, 쓰다듬다, 묶다, 합하다. 배를 정박시키다, 빗다, 어루만지다.",木,82,옥편19획
1734,"농,롱",曨,해돋을 농(롱),20,"해가 돋다, 먼동이 트다, 어스레하다. 먼동이 틀 무렵.",火,82,
1735,"농,롱",朧,흐릿할 농(롱),20,"흐리다, 흐릿하다, 달이 지다. 달빛이 희미하다.",火,82,
1736,농,醲,진한술 농,20,"진한 술, 후하다, 두텁다.",金,82,
1737,"농,롱,상",瀧,비내릴 농(롱)/상,20,"비가 오다, 적시다, 담그다, 물소리. 비가 오는 모양, 물 이름 상, 여울 랑.",水,82,옥편19획
1738,"농,롱",攏,합할 농(롱),20,"합하다, 묶다, 누르다, 묶다. 쓰다듬다, 어루만지다.",木,117,옥편19획
1739,"농,롱",曨,해돋을 농(롱),20,"해 돋다, 먼동 트다, 어스레하다. 동틀 무렵의 어둑어둑함.",火,117,
1740,"농,롱",朧,흐릿할 농(롱),20,"흐릿하다, 흐리다, 달이 지다. 달빛이 희미하다, 분명하지 않다.",火,117,
1741,"농,롱,랑,낭,상",瀧,"비올 농(롱)/랑,낭,상",20,"비 오다, 적시다, 물소리. 빨리 흐를 랑(낭), 물 이름 상.",水,118,옥편19획
1742,"농,롱",瓏,옥소리 농(롱),21,"옥 소리, 환한 모양, 환하다. 환히 보이는 모양.",金,82,옥편20획
1743,"농,롱",礱,숫돌 농(롱),21,"숫돌에 갈다, 숫돌, 맷돌, 찧다.",金,82,
1744,"농,롱",瓏,옥소리 농(롱),21,"옥 소리, 바람소리, 환하다. 환히 보이다, 환한 모양.",金,118,옥편20획
1745,"농,롱",礱,맷돌 농(롱),21,"맷돌, 숫돌, 숫돌에 갈다, 찧다.",金,118,
1746,"농,롱",蘢,개여뀌 농(롱),22,"개여뀌, 우거지다, 나무가 우거지다. 모이는 모양, 덮어 가린 모양.",木,82,옥편20획
1747,"농,롱",籠,대바구니 농(롱),22,"대바구니, 대그릇, 새장, 채롱, 전롱. 싸다, 싸이다, 싸서 넣다.",木,82,
1748,"농,롱",聾,귀먹을 농(롱),22,"귀먹다, 캄캄하다, 어리석다. 무지하다, 우매하다, 귀머거리.",火,83,
1749,"농,롱",蘢,우거질 농(롱),22,"우거지다, 모이는 모양, 덮어 가린다. 개여뀌.",木,118,옥편20획
1750,"농,롱",籠,뒤덮을 농(롱),22,"싸다, 덮다, 뒤덮다, 한데 뭉치다. 포괄하다, 웅성대다, 대바구니, 대그릇",木,118,
1751,"농,롱",聾,귀먹을 농(롱),22,"귀먹다, 캄캄하다, 어리석다. 우매하다, 무지하다, 귀머거리.",火,118,
1752,"농,롱",隴,언덕 농(롱),23,"언덕, 고개, 땅 이름, 산 이름. 성씨, 중국 섬서성의 딴 이름.",土,118,옥편19획
1753,"농,롱",隴,땅이름 농(롱),24,"땅 이름, 고개 이름, 산 이름, 언덕. 두둑, 성씨.",土,83,옥편19획
1754,"뇌,뢰",耒,가래 뇌(뢰),6,"가래, 쟁기, 굽정이, 쟁깃 술.",木,83,
1755,"뇌,뢰",耒,가래 뇌(뢰),6,"가래, 쟁기, 굽정이, 쟁깃 술.",木,118,
1756,"뇌,뢰",牢,우리 뇌(뢰),7,"우리, 감옥, 에워싸다, 쓸쓸하다. 벌레가 기어가다, 안온하다.",土,83,
1757,"뇌,뢰",牢,우리 뇌(뢰),7,"우리, 감옥, 에워싸다, 쓸쓸하다. 벌레가 기어가다, 안온하다.",木,118,
1758,뇌,惱,괴로울 뇌,13,"괴롭다, 번뇌하다, 화내다, 성내다. 괴롭히다, 원망하다, 괴로움.",火,83,옥편12획
1759,"뇌,뢰",誄,애도할 뇌(뢰),13,"애도하다, 빌다, 기원하다, 弔文. 조문을 읽다.",金,83,
1760,"뇌,뢰",賂,선물 뇌(뢰),13,"선물, 재물, 뇌물, 증정하다. 재화.",金,83,
1761,"뇌,뢰",酹,술부을 뇌(뢰),13,"술을 땅에 붓고 신에게 제사를 지내다. 붓다, 강신하다, 祭酒.",金,83,
1762,"뇌,뢰",雷,우레 뇌(뢰),13,"우레, 천둥, 북을 치다, 사나운 모양. 큰 소리, 위임 있는 모양, 돌굴리다.",水,83,
1763,"뇌,뢰",誄,애도할 뇌(뢰),13,"애도하다, 빌다, 기원하다, 弔文. 조문을 읽다.",金,118,
1764,"뇌,뢰",賂,선물 뇌(뢰),13,"선물, 재물, 뇌물, 증정하다. 재화.",金,118,
1765,"뇌,뢰",酹,술부을 뇌(뢰),13,"술을 땅에 붓고 신에게 제사를 지내다. 붓다, 강신하다, 祭酒.",金,118,
1766,"뇌,뢰",雷,우레 뇌(뢰),13,"우레, 천둥, 북을 치다, 사나운 모양. 큰 소리, 위엄 있는 모양, 돌굴리다.",水,118,
1767,"뇌,뢰",賚,위로할 뇌(뢰),15,"위로하다, 하사한 물건, 주다, 사물. 엉클어지다.",金,83,
1768,"뇌,뢰",磊,돌무더기 뇌(뢰),15,"돌무더기, 돌이 쌓이다, 헌칠하다. 큰 모양, 뜻이 크다.",金,83,
1769,뇌,腦,머리 뇌,15,"골, 뇌, 머리, 마음, 정신, 중심. 두목, 우두머리.",水,83,옥편13획
1770,"뇌,뢰",賚,위로할 뇌(뢰),15,"위로하다, 하사한 물건, 주다, 사물. 엉클어지다.",金,118,
1771,"뇌,뢰",磊,돌무더기 뇌(뢰),15,"돌무더기, 돌이 쌓이다, 헌칠하다. 큰 모양, 뜻이 크다.",金,118,
1772,"뇌,뢰",賴,의뢰할 뇌(뢰),16,"의뢰하다, 의지하다, 힘 입다, 얻다. 이득, 의뢰, 마침, 다행히, 버티다.",金,83,
1773,"뇌,뢰",頼,의뢰할 뇌(뢰),16,"의뢰하다, 의지하다, 힘 입다, 얻다. 이득, 의뢰, 마침, 다행히, 버티다.",金,83,
1774,뇌,餒,굶주릴 뇌,16,"주리다, 굶주리다, 썩다, 굶주림.",水,83,
1775,"뇌,뢰",賴,의뢰할 뇌(뢰),16,"의뢰하다, 의지하다, 힘 입다, 얻다. 이득, 의뢰, 마침, 다행히, 버티다.",金,118,
1776,"뇌,뢰",頼,의뢰할 뇌(뢰),16,"의뢰하다, 의지하다, 힘 입다, 얻다. 이득, 의뢰, 마침, 다행히, 버티다.",金,118,
1777,"뇌,뢰",儽,쇠퇴할 뇌(뢰),17,"쇠퇴하다, 쇠락하다, 야위다. 꼭두각시, 허수아비, 망석중이.",火,83,
1778,"뇌,뢰",儽,쇠퇴할 뇌(뢰),17,"쇠퇴하다, 쇠락하다, 야위다. 꼭두각시, 허수아비, 망석중이.",火,118,
1779,"뇌,뢰",礌,바위 뇌(뢰),18,"바위, 바위의 모양. 돌을 굴려 떨어뜨리다.",金,83,
1780,"뇌,뢰",礌,바위 뇌(뢰),18,"바위, 바위의 모양. 돌을 굴려 떨어뜨리다.",金,118,
1781,"뇌,뢰",攂,문지를 뇌(뢰),19,"갈다, 문지르다, 치다, 돌 굴리다. 북을 두드리다, 고무래.",木,83,옥편18획
1782,"뇌,뢰",蕾,꽃봉오리 뇌(뢰),19,꽃 봉오리.,木,83,옥편17획
1783,"뇌,뢰",攂,문지를 뇌(뢰),19,"갈다, 문지르다, 치다, 돌 굴리다. 북을 두드리다, 고무래.",木,118,옥편18획
1784,"뇌,뢰",蕾,꽃봉오리 뇌(뢰),19,꽃 봉오리.,木,119,옥편17획
1785,"뇌,뢰",礧,바위 뇌(뢰),20,"바위, 바위의 모양, 포개어지다. 돌을 굴려 떨어뜨리다.",金,83,
1786,"뇌,뢰",瀨,여울 뇌(뢰),20,"여울, 급류, 물 이름. 부탁하다, 의뢰하다.",水,84,옥편19획
1787,"뇌,뢰",礧,바위 뇌(뢰),20,"바위, 바위의 모양, 포개어지다. 돌을 굴려 떨어뜨리다.",金,119,
1788,"뇌,뢰",瀨,여울 뇌(뢰),20,"여울, 급류, 물 이름. 부탁하다, 의뢰하다.",水,119,옥편19획
1789,"뇌,뢰",纇,실마리 뇌(뢰),21,"실 마디, 맺힌 실, 흠, 잘못, 깊다. 꽃 봉오리, 어그러지다, 치우치다.",木,84,
1790,"뇌,뢰,루",罍,"달아날 뇌(뢰),루",21,"별안간 달아나다, 달리다, 넘어지다. 술독, 대야, 술그릇 루.",土,84,
1791,"뇌,뢰",纇,실마리 뇌(뢰),21,"실 마디, 맺힌 실, 흠, 잘못, 깊다. 꽃 봉오리, 어그러지다, 치우치다.",木,119,
1792,"뇌,뢰,루",罍,"달아날 뇌(뢰),루",21,"별안간 달아나다, 달리다, 넘어지다. 술독, 대야, 술그릇 루.",土,119,
1793,"뇌,뢰",籟,소리 뇌(뢰),22,"소리, 울림. 세 구멍 통소.",木,84,
1794,"뇌,뢰",籟,소리 뇌(뢰),22,"소리, 울림. 세 구멍 통소.",木,119,
1795,"뇨,요",尿,오줌 뇨(요),7,"오줌, 소변, 오줌 누다.",水,84,
1796,"뇨,요",尿,오줌 뇨(요),7,"오줌, 소변, 오줌 누다.",水,262,
1797,"뇨,요",鬧,시끄러울 뇨(요),11,"시끄럽다, 지껄이다, 흐트러지다. 성하다, 난만하다, 함부로. 鬩의 俗字",木,84,
1798,"뇨,요",閙,시끄러울 뇨(요),11,"시끄럽다, 지껄이다, 흐트러지다. 성하다, 난만하다, 함부로. 鬧의 俗字",木,262,
1799,"뇨,요",淖,진흙 뇨(요),12,"진흙, 진창, 젖다, 빠지다. 온화하다, 보드랍다.",水,84,옥편11획
1800,"뇨,요",淖,진흙 뇨(요),12,"진흙, 진창, 젖다, 빠지다. 온화하다, 보드랍다.",水,263,옥편 11획
1801,"뇨,요",嫋,예쁠 뇨(요),13,"예쁘다, 아리땁다, 가냘픈 모양. 바람에 산들산들 흔들리는 모양.",土,84,
1802,"뇨,요",嫋,예쁠 뇨(요),13,"예쁘다, 아리땁다, 가냘픈 모양. 바람에 산들산들 흔들리는 모양.",土,263,
1803,"뇨,요",鬧,시끄러울 뇨(요),15,"시끄럽다, 지껄이다, 흐트러지다. 성하다, 난만하다, 함부로. 鬧의 本字",木,84,
1804,"뇨,요",鬧,시끄러울 뇨(요),15,"시끄럽다, 지껄이다, 흐트러지다. 성하다, 난만하다, 함부로. 鬧의 本字","木,金",263,
1805,"뇨,요",嬈,번거로울 요(료),15,"아름다운 모양, 가냘프다, 어지럽다. 괴로워하다, 번거로울 뇨, 아리따울 뇨",土,263,
1806,"뇨,요,효",撓,요란할 뇨(요)/효,16,"요란하다, 어지럽다, 흔들리다. 구를 효, 부드러울 효.",木,84,옥편15획
1807,"뇨,요,효",撓,요란할 뇨(요)/효,16,"요란하다, 어지럽다, 흔들리다. 구를 효, 부드러울 효.",木,264,옥편 15획
1808,"뇨,요",嬲,희롱할 뇨(요),17,"희롱하다, 놀리다, 흩트리다. 어지럽게 하다.",土,84,
1809,"뇨,요",嫽,희롱할 뇨(요),17,"희롱하다, 놀리다, 흩트리다. 어지럽게 하다.",土,264,
1810,"뇨,요",鐃,징 뇨(요),20,"징, 동발, 떠들썩하다. 곱하다, 휘다.",金,84,
1811,"뇨,요",鐃,징 뇨(요),20,"징, 동발, 떠들썩하다. 굽히다, 휘다.",金,265,
1812,"누,루,라",累,여러 누(루)/라,11,"여러, 자주, 묶다, 포개다, 연좌. 벌거벗을 라(나), 땅이름 렵(엽).",木,84,
1813,"누,루",婁,별이름 누(루),11,"별 이름, 끌다, 거두다, 성기다. 드문드문하다, 아로새기다.",土,84,
1814,"누,루",婁,별이름 누(루),11,"별 이름, 끌다, 거두다, 성기다. 드문드문하다, 아로새기다.",土,120,
1815,누,啂,젖을 먹일 누,11,젖을 먹이다(아이에게 젖을 먹이는 일). 젖을 빨다(젖을 빨아먹는 행위),水,,"2024 보완전사(김기승 성명학 9,491자 기준본 대조 추가)"
1816,누,呦,젖먹을 누,12,"젖을 먹다, 젖을 주다.",水,84,
1817,"누,루,려",淚,눈물 누(루)/려,12,"눈물, 촛농, 울다, 촛농이 떨어지다. 쓸쓸할 려, 적적할 려.",水,84,옥편11획
1818,"누,루,려",淚,"눈물 누(루),려",12,"눈물, 촛농, 울다, 촛농이 떨어지다. 쓸쓸할 려, 적적할 려.",水,120,옥편11획
1819,"누,루",僂,영리할 누(루),13,"영리하다, 공경하는 모양, 구부리다. 재빨리 움직이다, 굽다, 곱다.",火,84,
1820,"누,루",僂,영리할 누(루),13,"영리하다, 공경하는 모양, 구부리다. 재빨리 움직이다, 굽다, 곱다.",火,120,
1821,"누,루",屢,여러 누(루),14,"여러, 자주, 언제나, 빨리, 번거롭다. 번잡하다, 창문, 수효가 많은.",水,84,
1822,"누,루",陋,더러울 누(루),14,"더럽다, 못생겼다, 천하다, 추하다. 작다, 왜소하다, 볼품없다, 거칠다.",土,84,
1823,"누,루",嶁,봉우리 누(루),14,"봉우리, 산 봉우리 이름, 산곡대기.",土,85,
1824,"누,루",嘍,시끄러울 누(루),14,"시끄럽다, 말이 많다, 새 소리. 번거로운 모양, 도둑, 어조사.",水,85,
1825,"누,루",屢,여러 누(루),14,"여러, 자주, 언제나, 빨리, 번거롭다. 번잡하다, 창문, 수효가 많은.",水,120,
1826,"누,루",陋,더러울 누(루),14,"더럽다, 못생겼다, 천하다, 추하다. 작다, 왜소하다, 볼품없다, 거칠다.",土,120,
1827,"누,루",嶁,봉우리 누(루),14,"봉우리, 산 봉우리 이름, 산곡대기.",土,120,
1828,"누,루",嘍,시끄러울 누(루),14,"시끄럽다, 말이 많다, 새 소리. 번거로운 모양, 도둑, 어조사.",水,120,
1829,"누,루",樓,다락 누(루),15,"다락, 망루, 층집, 점포. 집 대마루.",木,85,
1830,"누,루",慺,기쁠 누(루),15,"기쁘다, 정성스럽다.",水,85,옥편14획
1831,"누,루",熡,불꽃 누(루),15,불꽃.,火,85,
1832,"누,루",漏,샐 누(루),15,"새다, 틈이 나다, 구멍, 빠뜨리다. 물시계, 번뇌.",水,85,옥편14획
1833,"누,루",樓,다락 누(루),15,"다락, 망루, 층집, 점포. 집 대마루.",木,121,
1834,"누,루",慺,기쁠 누(루),15,"기쁘다, 정성스럽다.",水,121,옥편14획
1835,"누,루",熡,불꽃 누(루),15,불꽃.,火,121,
1836,"누,루",漏,샐 누(루),15,"새다, 틈이 나다, 구멍, 빠뜨리다. 물시계, 번뇌",水,121,옥편14획
1837,누,耨,김맬 누,16,"김매다, 없애다, 호미, 괭이. 나쁜 일을 덜어 없애다.",木,84,
1838,"누,루",瘻,부스럼 누(루),16,"부스럼, 흑, 고질병, 곱사등이. 몸이 붓다.",水,85,
1839,"누,루",瘻,부스럼 누(루),16,"부스럼, 흑, 고질병, 곱사등이. 몸이 붓다.",水,121,
1840,"누,루",縷,명주실 누(루),17,"명주, 실, 올, 줄기, 가닥, 차근차근. 상세하게, 하나하나, 실마리를 찾다.",木,85,
1841,"누,루",褸,누더기 누(루),17,"헌 누더기, 해진 옷, 깁다, 꿰매다. 남루하다.",木,85,옥편16획
1842,"누,루",耬,밭갈 누(루),17,"논 밭을 갈다, 씨 뿌리는 기구. 흙을 부드럽게 하다.",木,85,
1843,"누,루",蔞,산쑥 누(루),17,"산 쑥, 풀이 자란 모양, 성씨의 하나. 수레바퀴 굽은 것을 바로잡는 기구.",木,85,옥편15획
1844,"누,루",螻,땅강아지 누(루),17,"땅강아지, 청개구리, 악취. 악취를 품기다.",水,85,
1845,"누,루,뢰",壘,"보루 누(루),뢰",17,"보루, 작은 성, 포개다, 겹치다, 쌓다. 귀신 이름 뢰.",土,85,
1846,"누,루",縷,명주실 누(루),17,"명주, 실, 올, 줄기, 가닥, 차근차근. 상세하게, 하나하나, 실마리를 찾다.",木,121,
1847,"누,루",褸,누더기 누(루),17,"헌 누더기, 해진 옷, 깁다, 꿰매다. 남루하다.",木,121,옥편16획
1848,"누,루",耬,밭갈 누(루),17,"논 밭을 갈다, 씨 뿌리는 기구. 흙을 부드럽게 하다.",木,121,
1849,"누,루",蔞,산쑥 누(루),17,"산 쑥, 풀이 자란 모양, 성씨의 하나. 수레바퀴 굽은 것을 바로잡는 기구.",木,121,옥편15획
1850,"누,루",螻,땅강아지 누(루),17,"땅강아지, 청개구리, 악취. 악취를 품기다.",水,121,
1851,"누,루,뢰",壘,"보루 누(루),뢰",17,"보루, 작은 성, 포개다, 겹치다, 쌓다. 귀신 이름 뢰.",土,121,
1852,"누,루",鏤,새길 누(루),19,"새기다, 박아 꾸미다, 소통시키다. 강철, 쇠붙이 장식.",金,85,
1853,"누,루",鏤,새길 누(루),19,"새기다, 박아 꾸미다, 소통시키다. 강철, 쇠붙이 장식.",金,121,
1854,"누,루",髏,해골 누(루),21,"해골, 두개골.",金,85,
1855,"누,루",髏,해골 누(루),21,"해골, 두개골.",金,121,
1856,눈,嫩,어릴 눈,14,"어리다, 연약하다, 미숙하다, 엷다. 경미하다, 단단하지 않다.",土,85,
1857,"눌,납",吶,말더듬을 눌/납,7,"말을 더듬다, 느리게 하다. 경미하다, 단단하지 않다.",土,85,
1858,눌,肭,살찔 눌,10,"살찌다, 물개.",水,85,옥편8획
1859,눌,訥,말더듬을 눌,11,"말을 더듬다, 입이 무겁다. 말을 제대로 하지 않는다.",金,85,
1860,"뉴,유,육",忸,익을 뉴(유)/육,8,"익다, 익히다, 익숙해지다. 부끄러울 육, 교만 방자하다.",火,86,
1861,"뉴,유,육",忸,익을 뉴(유)/육,8,"익다, 익히다, 익숙해지다. 부끄러울 육, 교만 방자하다.",火,277,
1862,"뉴,뉵,유,육",沑,물결 뉴,8,뉴. 뉵. 유. 물결 뉴(유). 진흙 육,火,,"2024 보완전사(김기승 성명학 9,491자 기준본 대조 추가)"
1863,"뉴,추",杻,감탕나무 뉴/추,10,"감탕나무, 사철나무(동청). 수갑, 쇠고랑 추.",木,85,
1864,"뉴,유",紐,맺을 뉴(유),10,"맺다, 매다, 묶다, 관여하다. 매듭, 인끈.",木,86,
1865,"뉴,유",紐,맺을 뉴(유),10,"맺다, 애다, 묶다, 관여하다. 애듭, 인끈.",木,278,
1866,"뉴,유",𧘥,옷 부드러울 뉴,10,뉴. 유. 옷 부드러울 뉴(유),火,,"2024 보완전사(김기승 성명학 9,491자 기준본 대조 추가)"
1867,"뉴,유,추",鈕,손잡이 뉴(유)/추,12,"손잡이, 단추, 도장, 성씨. 칼, 수갑 추.",金,86,
1868,"뉴,유,추",鈕,손잡이 뉴(유)/추,12,"손잡이, 단추, 도장, 성씨. 칼, 수갑 추.",金,279,
1869,"뉵,육",忸,익을 뉵(육),8,"익다, 익히다, 익숙해지다. 부끄러울 육, 교만 방자하다.",火,86,
1870,"뉵,육",忸,익을 뉵(육),8,"익다, 익히다, 익숙해지다. 부끄러울 육, 교만 방자하다.",火,283,
1871,뉵,衄,코피 뉵,10,코피 뉵. 코피 뉵(육),水,,"2024 보완전사(김기승 성명학 9,491자 기준본 대조 추가)"
1872,"능,릉",倰,속일 능(릉),10,"속이다, 넘다, 건너다, 길다. 고달프다, 업신여기다, 거문고 소리.",木,86,
1873,"능,릉",凌,능가할 능(릉),10,"능가하다, 건너다, 범하다, 심하다. 떨다, 업신여기다, 얼음, 얼음창고.",水,86,
1874,"능,릉",倰,속일 능(릉),10,"속이다, 넘다, 건너다, 길다. 고달프다, 업신여기다, 거문고 소리.",火,124,
1875,"능,릉",凌,능가할 능(릉),10,"능가하다, 건너다, 떨다, 심하다. 범하다, 업신여기다, 얼음, 얼음창고.",水,124,
1876,"능,내",能,능할 능/내,12,"능하다, 능히 할 수 있다, 재능, 기량. 인재, 에너지, 곰, 견딜 내.",水,86,
1877,"능,릉",稜,모날 능(릉),13,"모나다, 모서리, 서슬. 논두렁, 이랑.",木,86,
1878,"능,릉",楞,네모 능(릉),13,"네모, 네모지다, 모서리, 위엄.",木,86,
1879,"능,릉",稜,모날 능(릉),13,"모나다, 모서리, 서슬. 논두렁, 이랑.",木,124,
1880,"능,릉",楞,네모 능(릉),13,"네모, 네모지다, 모서리, 위엄.",木,124,
1881,"능,릉",菱,마름 능(릉),14,"마름, 각지다, 모나다, 모.",木,86,옥편12획
1882,"능,릉",綾,비단 능(릉),14,"비단, 무늬가 있는 비단.",木,86,
1883,"능,릉",菱,마름 능(릉),14,"마름, 각지다, 모나다, 모.",木,124,옥편12획
1884,"능,릉",綾,비단 능(릉),14,"비단, 무늬가 있는 비단.",木,124,
1885,"능,릉",陵,언덕 능(릉),16,"큰 언덕, 능, 무덤, 넘다, 오르다. 가벼이 여기다, 업신여기다, 범하다.",木,86,옥편11획
1886,"능,릉",陵,언덕 능(릉),16,"큰 언덕, 능, 무덤, 넘다, 오르다. 가벼이 여기다, 업신여기다, 범하다.",木,124,옥편11획
1887,"능,릉",薐,마름 능(릉),17,"마름, 각지다, 모나다, 모.",木,86,옥편15획
1888,"능,릉",薐,마름 능(릉),17,"마름, 각지다, 모나다, 모.",木,124,옥편15획
1889,"니,이,닐",尼,여승 니(이)/닐,5,"여승, 화평하다, 성씨. 정지할 닐, 가까울 닐.","水,木",86,
1890,"니,이,닐",尼,여승 니(이)/닐,5,"여승, 화평하다, 성씨. 정지할 닐, 가까울 닐.",水,290,
1891,"니,이",呢,소곤거릴 니(이),8,"소곤거리다, 지저귀다, 의문 조사. 모직물의 한 가지.",水,86,
1892,"니,이",呢,소곤거릴 니(이),8,"소곤거리다, 지저귀다, 의문 조사. 모직물의 한 가지.",水,290,
1893,"니,이",柅,무성할 니(이),9,"무성하다, 살피다. 수레바퀴를 멈추게 하는 고동목.",木,86,
1894,"니,이,닐",怩,"부끄러울 니(이),닐",9,"부끄러워하다, 겸연쩍어하다.",火,86,옥편8획
1895,"니,이,녈",泥,진흙 니(이)/녈,9,"진흙, 진창, 수렁, 벌레이름, 윤기. 물들일 녈(열).",水,86,옥편8획
1896,"니,이",柅,무성할 니(이),9,"무성하다, 살피다. 수레바퀴를 멈추게 하는 고동목.",木,291,
1897,"니,이,닐",怩,"부끄러울 니(이),닐",9,"부끄러워하다, 겸연쩍어하다.",火,291,옥편 8획
1898,"니,이,녈",泥,진흙 니(이)/녈,9,"진흙, 진창, 수렁, 벌레이름, 윤기. 물들일 녈(열).",水,291,옥편 8획
1899,"니,이,녜",祢,아비사당 니(이)/녜,10,"아비 사당, 사당에 모신 아버지. 신주, 아비 사당 녜.",木,86,
1900,"니,이,녀",祢,사당 니(이)/녀,10,"아비 사당, 사당에 모신 아버지. 신주, 아비 사당 녀.",木,291,
1901,"니,이",膩,진한향기 니(이),14,"진한 향기, 향기롭다.",木,86,
1902,"니,이",馞,진한향기 니(이),14,"진한 향기, 향기롭다.",木,293,
1903,"니,이",恧,마음좋을 니(이),16,마음이 좋다.,火,87,옥편15획
1904,"니,이",愵,착할 니(이),16,마음이 좋다..,火,293,옥편 15획
1905,"니,이",㦐,마음 좋을 니,16,니. 이. 마음 좋을 니(이),火,,"2024 보완전사(김기승 성명학 9,491자 기준본 대조 추가)"
1906,"니,이,미,려",瀰,"많을 니(이)/미,려",18,"많다, 덮다, 총괄하다, 판단하다. 넘칠 미, 흔들 별, 물가 려.",水,87,옥편17획
1907,"니,이",膩,기름질 니(이),18,"기름지다, 매끄럽다, 반지르르 하다. 때, 기름 때",水,87,옥편16획
1908,"니,이",膱,기름질 니(이),18,"기름지다, 매끄럽다, 반지르르 하다. 때, 기름 때",水,294,옥편 16획
1909,"니,이,미,려",瀰,"많을 니(이)/미,려",18,"많다, 덮다, 총괄하다, 판단하다. 넘칠 미, 흔들 별, 물가 려.",水,294,옥편 17획
1910,"니,이,녜",禰,아비사당 니(이)/녜,19,"아비 사당, 사당에 모신 아버지. 신주, 아비 사당 녜.",木,87,
1911,"니,이,녜",禰,사당 니(이)/녜,19,"아비 사당, 사당에 모신 아버지. 신주, 아비 사당 녜.",木,294,
1912,"닉,익,특",匿,숨길 닉(익)/특,11,"숨기다, 감추다, 도피하다, 숨은 죄. 사악할 특, 간특할 특.","水,土,木",87,
1913,"닉,익,특",匿,숨길 닉(익)/특,11,"숨기다, 감추다, 도피하다, 숨은 죄. 사악할 특, 간특할 특.","水,土,木",294,
1914,"닉,익,뇨,요,약",溺,"빠질 닉(익)/뇨,요,약",14,"빠지다, 그르치다, 지나치다. 오줌 뇨, 오줌 요, 연약할 약.",水,87,
1915,"닉,익,뇨,요",溺,"빠질 닉(익)/뇨,요",14,"빠지다, 그르치다, 지나치다. 오줌 뇨. 오줌 요, 연약할 약.",水,295,
1916,"닐,일,녜,예,직",昵,"친할 닐(일)/녜,예,직",9,"친하다, 친절하다, 사랑하는 사람. 아버지 사당 녜(예), 아교 직.",火,87,
1917,"닐,일,녜,예,직",昵,"친할 닐(일)/녜,예,직",9,"친하다, 친절하다, 사랑하는 사람. 아버지 사당 녜(예), 아교 직.",火,298,
1918,"닐,일",暱,친할 닐(일),15,"친하다, 친절하다, 사랑하는 사람. 사사로움, 친할 일.",火,87,
1919,"닐,일",曎,친할 닐(일),15,"친하다, 친절하다, 사랑하는 사람. 사사로움, 친할 일.",火,298,
1920,다,多,많을 다,6,"많다, 낫다, 더 좋다, 두텁다, 넓다. 크다, 남다, 공훈, 전공, 다만, 마침.",水,87,
1921,다,夛,많을 다,6,많다(多의 이체자). 여러 가지가 많음(다수의 상태),水,,"2024 보완전사(김기승 성명학 9,491자 기준본 대조 추가)"
1922,다,爹,아버지 다,10,"아버지, 아비, 아빠. 웃 어른에 대한 존칭.",木,87,
1923,"다,차",茶,차 다(차),12,"차, 차나무, 동백나무, 다갈색. 차를 마시다, 소년에 대한 미칭.",木,87,옥편10획
1924,다,荼,마름 다,12,"마름, 남녘 오랑캐.",木,87,옥편10획
1925,다,奓,깊을 다,12,깊다.,木,87,
1926,다,𥥸,깊은 모양 다,12,다. 깊은 모양 다,火,,"2024 보완전사(김기승 성명학 9,491자 기준본 대조 추가)"
1927,"다,기",茤,마름 다,14,마름 다. 이민족 이름 다. 마름 기,木,,"2024 보완전사(김기승 성명학 9,491자 기준본 대조 추가)"
1928,"다,도",𣘻,차 다,15,다. 차 다. 개오동나무 도,火,,"2024 보완전사(김기승 성명학 9,491자 기준본 대조 추가)"
1929,다,觰,클 다,16,"크다, 뿔 밑동, 쇠뿔이 가로로난 것.",木,87,
1930,"단,란",丹,붉을 단/란,4,"붉다, 붉게 칠하다, 성심, 남쪽, 단사. 정성스리울 란, 거란 란.","火,木",87,
1931,단,旦,아침 단,5,"아침, 해 돋을 무렵, 환한 모양. 정성스러운 모양, 밤을 새우다.",火,87,
1932,"단,탄",但,다만 단/탄,7,"다만, 오직, 그러나, 그렇지만. 기탄없이, 거리낌없이, 거짓 탄.",火,87,
1933,"단,걸,담",担,"떨칠 단/걸,담",9,"떨치다, 들다, 에다, 올리다, 성씨. 들어 올릴 걸, 맡을 담.",木,87,옥편8획
1934,단,旲,밝을 단,9,밝다.,火,87,
1935,"단,시",彖,판단할 단/시,9,"판단하다, 토막, 단락, 정치다. 괘명, 돼지 달아나다, 돌 시.","火,水",87,
1936,"단,전",耑,끝 단/전,9,"끝, 한계, 처음, 시초, 실마리. 단서, 오로지 전.",土,88,
1937,단,段,층계 단,9,"층계, 단, 구분, 단락, 종류, 방법. 단련, 치다, 끊다, 나누다, 덩어리.",金,88,
1938,단,㫜,밝을 단,9,단. 밝을 단,火,,"2024 보완전사(김기승 성명학 9,491자 기준본 대조 추가)"
1939,단,砃,흰 돌 단,9,흰돌. 흰 돌 단,火,,"2024 보완전사(김기승 성명학 9,491자 기준본 대조 추가); 기준본 음(대표) 필드 오류로 뜻풀이 텍스트에서 재추출함"
1940,"단,탄",袒,벗을 단/탄,11,"웃통 벗다, 소매를 걷어 올리다, 열다. 가세하다, 편들다, 벌어질 탄.",木,88,옥편10획
1941,"단,담,달",胆,"벗을 단/담,달",11,"웃통 벗다, 어깨 벗다, 침. 쓸개 담, 담력 담, 살찔 달.",水,88,옥편9획
1942,단,蛋,새알 단,11,"새알, 해녀, 오랑캐 이름.",水,88,
1943,"단,제,전",剬,벨 단,11,똑같이자를. 벨 단. 판가름할 제. 잘게 가를 전,火,,"2024 보완전사(김기승 성명학 9,491자 기준본 대조 추가); 기준본 음(대표) 필드 오류로 뜻풀이 텍스트에서 재추출함"
1944,단,偳,적을 단,11,적을. 적을 단,火,,"2024 보완전사(김기승 성명학 9,491자 기준본 대조 추가); 기준본 음(대표) 필드 오류로 뜻풀이 텍스트에서 재추출함"
1945,단,短,짧을 단,12,"짧다, 작다, 가깝다, 숨이 가쁘다. 모자라다, 어리석다, 헐뜯다, 흉보다.",金,88,
1946,"단,선",單,홀로 단/선,12,"홀, 하나, 혼자, 참, 정성, 외롭다. 다하다, 큰 모양, 오랑캐이름 선.",水,88,
1947,단,椴,자작나무 단,13,자작나무. 무궁화 나무.,木,88,
1948,단,煓,빛날 단,13,"빛나다, 불꽃이 성하다. 기운이나 세력이 왕성하다.",火,88,
1949,"단,전,선",亶,"믿을 단/전,선",13,"믿다, 충실하다, 평탄하다, 많다, 다만. 머뭇거릴 전, 산 이름 선.","土,火,水",88,
1950,단,湍,여울 단,13,"여울, 급류, 빠르다, 소용돌이 치다.",水,88,옥편12획
1951,"단,연",蜑,새알 단/연,13,"새 알, 오랑캐 이름. 구불구불할 연.",水,88,
1952,"단,천,전",端,"끝 단/천,전",14,"끝, 한계, 처음, 시초, 단위, 단서. 바르다, 살피다, 헐떡일 천, 홀 전.",金,88,
1953,단,團,둥글 단,14,"둥글다, 모이다, 덩어리, 모임, 단체. 통치하다, 덩어리, 굴러가다, 경단.",木,88,
1954,단,瑖,옥돌 단,14,옥돌. 옥돌 단,火,,"2024 보완전사(김기승 성명학 9,491자 기준본 대조 추가); 기준본 음(대표) 필드 오류로 뜻풀이 텍스트에서 재추출함"
1955,단,緞,비단 단,15,"비단, 헝겊. 신 뒤축에 붙인 헝겊.",木,88,
1956,"단,박",慱,근심할 단/박,15,"근심하다, 둥글다, 속을 태우다. 넓을 박, 도박, 노름 박.",火,88,옥편14획
1957,단,溥,이슬많을 단,15,"이슬 많다, 둥글다. 이슬이 많이 내린 모양.",水,88,옥편14획
1958,단,腶,육포 단,15,육포. 약포:마른 고기를 두들겨 + 생강계피,水,88,옥편13획
1959,"단,탄,선",壇,"제단 단/탄,선",16,"제단, 단, 터, 기초, 강단, 장소, 뜰. 평탄할 탄, 청소할 선.",土,88,
1960,"단,전",漙,많을 단,16,많을 단. 이슬 많을 단. 강 이름 전,水,,"2024 보완전사(김기승 성명학 9,491자 기준본 대조 추가)"
1961,단,檀,박달나무 단,17,"박달나무, 아름다운모양, 참빗살나무. 자단, 베풀다, 도와주다, 혜택 받다.",木,88,
1962,단,鍛,두드릴 단,17,"두드리다, 쇠를 불리다, 익히다, 숫돌. 때리다, 대장간 일, 약포.",金,89,
1963,"단,다",癉,앓을 단/다,17,"앓다, 괴롭히다, 노여워하다, 학질. 황달, 악성 부스럼, 고달플 다.",水,89,
1964,단,簞,소쿠리 단,18,"소쿠리, 밥그릇, 상자, 호리병 박.",木,89,
1965,단,斷,끊을 단,18,"끊다, 결단하다, 나누다, 결단, 단연. 조각, 한결같다.",金,89,
1966,단,鄲,서울 단,19,"조 나라의 서울, 나라 이름, 현이름.",土,89,옥편15획
1967,"달,탄",妲,여자이름 달/탄,8,"여자의 이름, 여자의 자. 허황할 탄.",土,89,
1968,"달,단",怛,"슬플 달,단",9,"슬프다, 슬퍼하다, 근심하다, 놀라다. 경악하다, 애타우다, 방자할 단.",火,89,옥편8획
1969,달,羍,어린 양 달,9,새끼양. 어린 양 달,火,,"2024 보완전사(김기승 성명학 9,491자 기준본 대조 추가); 기준본 음(대표) 필드 오류로 뜻풀이 텍스트에서 재추출함"
1970,달,疸,황달 달,10,"황달, 달병.",水,89,
1971,"달,단",靼,가죽 달/단,14,"다룸가죽, 부드럽다, 오랑캐 이름. 다룸가죽 단.",金,89,
1972,달,達,통달할 달,16,"통달하다, 통하다, 이르다, 도달하다. 전달하다, 현달하다, 통용되다, 갖총.",土,89,옥편13획
1973,달,橽,물 샐 달,16,달. 물 샐 달,火,,"2024 보완전사(김기승 성명학 9,491자 기준본 대조 추가)"
1974,달,撻,때릴 달,17,"때리다, 매질하다, 종아리를 치다. 빠르다.",土,89,옥편16획
1975,달,澾,미끄러울 달,17,"미끄럽다, 미끄러지다.",水,89,옥편16획
1976,달,獺,수달 달,20,"수달, 족제비.",土,89,옥편19획
1977,"달,건",闥,문 달,21,문 달. 문빗장 건,木,,"2024 보완전사(김기승 성명학 9,491자 기준본 대조 추가)"
1978,달,韃,배부를 달,22,"배 불리 먹다, 종족 이름. 종족 이름, 치다.",金,89,
1979,"담,단",坍,무너질 담/단,7,"무너지다, 물이 언덕을 치다. 무너질 단.",土,89,
1980,"담,염",炎,아름다울 담/염,8,"아름답다, 아름답고 성한 모양. 불꽃, 더위, 불탈 염.",火,89,
1981,담,倓,고요할 담,10,"고요하다, 움직이다. 속죄하다, 돈, 속죄하는 재화.",火,89,
1982,담,聃,나라이름 담,11,"주 나라 이름, 老子의 이름. 귓바퀴가 없는 모양.",火,89,
1983,담,埮,평평한땅 담,11,평평한 땅.,土,89,
1984,담,啖,씹을 담,11,"씹다, 씹어 먹다, 먹이다, 속이다. 싱겁다, 담백하다, 탐내다, 욕심내다.",水,89,
1985,담,啗,먹을 담,11,"먹다, 먹이다, 지니다, 포함하다. 미끔다, 꾀다, 속이다.",水,90,
1986,담,毯,담요 담,12,"담요, 모포, 털로 짠 깔개.",火,90,
1987,"담,염",覃,깊을 담/염,12,"깊다, 깊고 넓다, 크다, 고요하다. 길다, 퍼지다, 안정하다, 예리할 염.",金,90,
1988,"담,염",淡,맑을 담/염,12,"맑다, 엷다, 싱겁다, 묽다, 담백하다. 거친 음식, 맛없는 음식, 흐를 염.",水,90,옥편11획
1989,담,啿,넉넉할 담,12,"넉넉하다, 많다, 먹다, 넉넉한 모양.",水,90,
1990,"담,미",堳,담 미,12,담. 담 미,水,,"2024 보완전사(김기승 성명학 9,491자 기준본 대조 추가); 1차 음의 뜻풀이 누락으로 타 음(미)의 훈으로 대표훈음 대체"
1991,"담,침,잠,음",湛,"괼 담,침/잠,음",13,"괴다, 즐기다, 탐닉하다, 더디다. 잠길 침, 맑을 잠, 담글 점, 넘칠 음.",水,90,옥편12획
1992,담,痰,가래 담,13,"가래, 천식, 위병, 위영.",水,90,
1993,담,緂,선명할 담,14,유록빛. 선명할 담,火,,"2024 보완전사(김기승 성명학 9,491자 기준본 대조 추가); 기준본 음(대표) 필드 오류로 뜻풀이 텍스트에서 재추출함"
1994,담,儋,멜 담,15,"에다, 항아리, 두 섬. 성 씨.",火,90,
1995,담,罎,술단지 담,15,"술 단지, 항아리, 술병.",土,90,
1996,담,郯,나라이름 담,15,"나라 이름, 성씨.",土,90,옥편11획
1997,담,談,말씀 담,15,"말씀, 담화, 이야기, 언론, 농담하다. 기리다, 깊고 으슥하다.",金,90,
1998,"담,함",噉,먹을 담/함,15,"먹다, 먹이다, 씹다, 탐하다. 연하다, 속일 함.",金,90,
1999,담,墰,술단지 담,15,"술단지, 항아리(술을 담아 두는 큰 그릇). 곡식이나 액체를 저장하는 토기, 저장용기",土,,"2024 보완전사(김기승 성명학 9,491자 기준본 대조 추가)"
2000,담,嘾,가득 삼킬 담,15,꿀꺽삼킬. 가득 삼킬 담,火,,"2024 보완전사(김기승 성명학 9,491자 기준본 대조 추가); 기준본 음(대표) 필드 오류로 뜻풀이 텍스트에서 재추출함"
2001,담,曇,흐릴 담,16,"흐리다, 구름이 끼다, 먹구름이 끼다. 佛法, 광동성에 사는 독이 있는 새.",火,90,
2002,"담,섬",錟,창 담/섬,16,날카로운 창. 찌를 섬.,金,90,
2003,"담,심",潭,연못 담/심,16,"연못, 못, 깊다, 소, 북소리의 형용. 물가 심.",水,90,옥편15획
2004,담,擔,멜 담,17,"메다, 지다, 부담하다.",木,90,옥편16획
2005,담,禫,고요할 담,17,"고요하다, 편안하다. 담제:대상을 치룬 후 丁日, 亥日제사",木,90,
2006,담,憺,참담할 담,17,"참담하다, 편안하다, 평온하다. 결정하다, 조용하다.",火,90,옥편16획
2007,"담,섬",澹,맑을 담/섬,17,"맑다, 싱겁다, 담백하다, 조용하다. 넉넉할 섬.",水,90,옥편16획
2008,"담,심",蕁,지모 담/심,18,"쐐기 풀, 지모-백합과의 여러해살이. 쐐기풀 심.",木,90,옥편16획
2009,담,薝,치자나무 담,19,치자나무.,木,91,옥편17획
2010,담,壜,항아리 담,19,"항아리, 술 단지, 술병.",土,91,
2011,담,譚,클 담,19,"크다, 깊다, 편안하다, 이야기하다. 느긋하다, 느릿하다.",金,91,
2012,담,膽,쓸개 담,19,"쓸개, 담, 배짱, 기백, 담력, 마음. 담대하다, 씻다, 닦다, 문지르다.",木,91,옥편17획
2013,"담,심,탐",黕,"검을 담/심,탐",21,"검다, 새까맣다, 사시로움. 오디 심, 어두울 탐.",水,91,
2014,담,罈,항아리 담,22,"항아리, 술 단지, 술병.",土,91,
2015,담,黮,문신할 담,25,"문신하다, 때가 묻다, 더러워지다. 검게 칠하다.",水,91,
2016,담,黵,문신할 담,25,문신하다(피부에 무늬를 새기다). 피부에 점이나 얼룩을 새기듯 표시하거나 장식하다,水,,"2024 보완전사(김기승 성명학 9,491자 기준본 대조 추가)"
2017,답,沓,겹칠 답,8,"겹치다, 중첩하다, 합하다, 탐하다. 끓다, 솟구치다, 빨리 가다, 북치다.",水,91,
2018,답,畓,논 답,9,"논, 수전(水田).",水,91,
2019,답,答,대답 답,12,"대답, 회답, 답하다, 갚다, 보답하다. 응대하다, 합당하다, 응낙하다.",木,91,
2020,답,踏,밟을 답,15,"밟다, 디디다, 걷다, 밟고 가다. 조사하다, 살피다, 신발, 발판.",土,91,
2021,답,遝,모일 답,17,"모이다, 뒤 섞이다, 미치다. 따라 붙다.",土,91,옥편14획
2022,당,唐,당나라 당,10,"당나라, 나라 이름, 길, 도로, 통로. 둑, 제방, 새삼, 허풍, 크다, 넓다.",水,91,
2023,"당,상",倘,빼어날 당/상,10,"빼어나다, 뛰어나다, 갑자기, 별안간. 만일, 혹시, 적어도, 배회할 상.",火,91,
2024,당,堂,집 당,11,"집, 사랑채, 마루, 대청, 근친, 친족. 남의 어머니, 관아, 명당, 문설주.",土,91,
2025,당,棠,산사자 당,12,"산사자, 아가위 풀, 팥배나무. 산앵두나무.",木,91,
2026,당,當,마땅할 당,13,"마땅, 응당, 저당, 주관하다, 갑자기. 맡다, 짝하다, 필적하다, 방어하다.",土,91,
2027,당,塘,못 당,13,"못, 연못, 방죽, 둑, 제방.",土,91,
2028,당,搪,뻗을 당,14,"뻗다, 찌르다, 막다, 모면하다.",木,91,옥편13획
2029,당,溏,진창 당,14,"진창, 진흙, 못.",水,91,옥편13획
2030,"당,동",幢,깃발 당/동,15,"기, 깃발, 들다, 들리다, 막, 장막. 휘장, 깨우치다, 아뢰다, 모양 동.",木,92,
2031,당,瑭,옥이름 당,15,옥 이름.,金,92,옥편14획
2032,"당,창",䣊,마을 당,15,당. 마을 당. 땅 이름 창,火,,"2024 보완전사(김기승 성명학 9,491자 기준본 대조 추가)"
2033,"당,탕",糖,엿 당/탕,16,"엿, 사탕, 설탕, 캔디, 탄수화물. 엿 탕.",木,92,
2034,당,撞,칠 당,16,"치다, 찌르다, 부딪치다, 충돌하다. 돌진하다, 절구질 하다.",木,92,옥편15획
2035,당,瞠,볼 당,16,"보다, 똑바로 보다. 눈을 휘둥그레 뜨고 보다.",木,92,
2036,당,檔,의자 당,17,"의자, 나무 침대, 문틀. 문서",木,92,
2037,당,螳,사마귀 당,17,"사마귀, 버마재비.",水,92,
2038,당,璫,귀고리옥 당,18,"귀고리 옥, 관의 꾸미개, 서옥꾸미개. 패옥이 울리는 소리.",金,92,옥편17획
2039,당,磄,밑바닥 당,18,"밑 바닥, 찰싹 소리.",金,92,
2040,당,餳,엿 당,18,"엿, 굳힌 엿, 쌀 강정.",水,92,
2041,당,礑,밑바닥 당,18,"밑바닥(아래쪽의 바닥). 기초, 토대(건물, 구조의 아래 부분을 이르는 말)",火,,"2024 보완전사(김기승 성명학 9,491자 기준본 대조 추가)"
2042,당,幍,잠방이 당,19,잠방이-가랑이를 무릎까지 내린 바지. 배자-부녀자 저고리 위에 입는 조끼,木,92,옥편18획
2043,당,鏜,종고소리 당,19,종과 북 소리. 물건을 꿰다.,金,92,
2044,당,餹,엿 당,19,"엿, 굳힌 엿, 쌀강정.",水,92,
2045,당,螗,사마귀 당,19,"사마귀, 버마재비.",水,92,
2046,당,蟷,사마귀 당,19,사마귀(곤충). 螳와 같은 뜻으로 쓰이는 이체자 또는 곤충명으로서의 용법,水,,"2024 보완전사(김기승 성명학 9,491자 기준본 대조 추가)"
2047,당,黨,무리 당,20,"무리, 한동아리, 마을, 향리, 일가. 친척, 돕다, 접하다, 착하다, 바르다.",水,92,
2048,당,襠,잠방이 당,20,"잠방이(남성 속바지). 바지의 가랑이 부분(의복의 앞가랑이, 속옷의 해당 부분)",木,,"2024 보완전사(김기승 성명학 9,491자 기준본 대조 추가)"
2049,"당,쟁",鐺,쇠사슬 당/쟁,21,"쇠 사슬, 솥, 종고 소리, 꿰다. 노구 솥 쟁.",金,92,
2050,당,儻,빼어날 당,22,"빼어나다, 뛰어나다, 갑자기. 별안간, 멋대로, 마음대로.",火,92,
2051,당,爣,밝을 당,24,밝을. 밝을 당,火,,"2024 보완전사(김기승 성명학 9,491자 기준본 대조 추가); 기준본 음(대표) 필드 오류로 뜻풀이 텍스트에서 재추출함"
2052,당,㿩,밝을 당,25,당. 밝을 당,火,,"2024 보완전사(김기승 성명학 9,491자 기준본 대조 추가)"
2053,당,讜,곧은말 당,27,"곧은 말, 바른 말, 직언, 맞다. 선언.",金,92,
2054,당,戇,어리석을 당,28,"어리석다, 우직하다, 외고집.",火,92,
2055,"닻,정",矴,닻 정,7,닻. 닻 정,金,,"2024 보완전사(김기승 성명학 9,491자 기준본 대조 추가); 1차 음의 뜻풀이 누락으로 타 음(정)의 훈으로 대표훈음 대체"
2056,"대,태,다",大,"큰 대/태,다",3,"크다, 심하다, 높다, 존귀하다, 많다. 훌륭하다, 뛰어나다, 클 태, 극도 다.",木,92,
2057,대,代,큰 대,5,"대신하다, 대리하다, 교체하다, 시대. 일생, 세대, 계승의 차례, 번갈아.",火,93,"원본 훈음 인쇄 불명확, 수기 표기 큰 반영"
2058,"대,영",昮,햇빛 대/영,7,"햇빛, 날빛. 클 영.",火,93,
2059,대,汏,씻을 대,7,"씻다, 쌀을 일다, 지나치다, 넘다. 교만하다, 물결, 파도.",水,93,옥편6획
2060,대,坮,집터 대,8,"집 터, 터.",土,93,
2061,대,岱,대산 대,8,"크다, 대산-오악의 하나. 큼직하다.",土,93,
2062,대,垈,무대 대,8,"대, 돈대, 무대, 탁자, 마을, 성문. 방송국, 능, 어른, 존칭, 횟수.",土,93,
2063,"대,태",抬,올릴 대/태,9,"올리다, 쳐들다, 들어 올리다, 메다. 애질할 태.",木,93,옥편8획
2064,대,待,기다릴 대,9,"기다리다, 대비하다, 대접하다, 시중. 모시다, 돕다, 거들다, 기대, 때.",火,93,
2065,대,柋,누에시렁 대,9,누에시렁. 누에시렁 대,火,,"2024 보완전사(김기승 성명학 9,491자 기준본 대조 추가); 기준본 음(대표) 필드 오류로 뜻풀이 텍스트에서 재추출함"
2066,대,玳,대모 대,10,대모-바다거북의 한 종류.,金,93,옥편9획
2067,대,袋,자루 대,11,"자루, 부대, 포대, 가방, 전대.",木,93,
2068,대,帶,띠 대,11,"띠, 뱀, 근처, 띠를 두르다, 꾸미다. 차다, 데리고 있다, 붙어 다니다.",木,93,
2069,"대,특",貸,빌릴 대/특,12,"빌리다, 꾸다, 주다, 용서하다, 느슨. 어긋날 특.",金,93,
2070,대,曼,해솟을 대,13,해가 돋다.,火,93,
2071,대,碓,방아 대,13,"방아, 디딜방아, 망치, 방망이.",金,93,
2072,대,㬃,해 돋을 대,13,대. 해 돋을 대,火,,"2024 보완전사(김기승 성명학 9,491자 기준본 대조 추가)"
2073,대,對,대할 대,14,"대하다, 마주하다, 대답하다, 상대. 맞수, 짝, 배우자, 쌍, 벌, 대하여.",木,93,
2074,대,臺,대 대,14,"대, 돈대, 무대, 방송국, 받침대, 능. 성문, 탁자, 어른, 남의 존칭, 횟수.",土,93,
2075,대,䚟,뿔심 대,15,대. 뿔심 대. 몹쓸 대,火,,"2024 보완전사(김기승 성명학 9,491자 기준본 대조 추가)"
2076,대,儓,하인 대,16,"하인, 심부름꾼, 집사, 가신, 농부. 농사꾼, 어리석다.",火,93,
2077,"대,추,수",隊,"무리 대/추,수",17,"무리, 군대, 떼, 군대의 대오. 떨어질 추, 길 수.",土,93,옥편12획
2078,대,黛,검푸를 대,17,"검푸르다, 검푸른 빛, 눈썹 연필. 눈썹 먹, 여자의 눈 썹.",水,93,
2079,대,擡,들 대,18,"들다, 들어 올리다, 메다. 쳐들다, 치켜들다.",木,93,옥편17획
2080,대,憝,원망할 대,18,"원망하다, 원한을 품다, 고민하다. 근심하다, 위배되다, 도리에 어긋남.",火,94,
2081,대,瞂,무성할 대,18,무성하다.,火,94,원본 자형 판독 곤란(대조 필요)
2082,대,戴,받들 대,18,"받들다, 들다, 머리에 이다, 느끼다. 생각하다, 만나다, 탄식하다.",土,94,
2083,대,㬣,무성할 대,18,대. 무성할 대,火,,"2024 보완전사(김기승 성명학 9,491자 기준본 대조 추가)"
2084,"대,추",懟,원망할 대,19,원망할 대. 원망할 추,火,,"2024 보완전사(김기승 성명학 9,491자 기준본 대조 추가)"
2085,"대,돈",鐓,철퇴 대/돈,20,"철퇴, 쇠 방망이, 창고달. 창 끝 돈.",金,94,
2086,"댁,택,탁",宅,"집 댁/택,탁",6,"집, 남의 집의 높임말, 택호. 집 택, 터질 탁.",木,94,
2087,덕,悳,큰 덕,12,"크다, 덕, 은덕, 복, 행복, 은혜, 선행. 베풀다, 고맙게 생각하다, 현자.",火,94,德의 古字
2088,덕,㥁,클 덕,13,덕. 클 덕. 덕 덕,火,,"2024 보완전사(김기승 성명학 9,491자 기준본 대조 추가)"
2089,덕,徳,큰 덕,14,"크다, 덕, 은덕, 복, 행복, 은혜, 선행. 베풀다, 고맙게 생각하다, 현자.",火,94,德의 俗字
2090,덕,德,큰 덕,15,"크다, 덕, 은덕, 복, 행복, 은혜, 선행. 베풀다, 고맙게 생각하다, 현자.",火,94,"惠, 德의 本字"
2091,"덕,적,득",㯖,더기 덕,16,덕. 적. 더기 덕. 나무 이름 득,火,,"2024 보완전사(김기승 성명학 9,491자 기준본 대조 추가)"
2092,도,刀,칼 도,2,"칼, 화폐의 이름, 종이 100장. 무게 단위, 갈치, 거룻배.",金,94,
2093,"도,본",弢,나아갈 도/본,5,"나아가다, 빨리나가다, 왔다갔다하다. 근본 바탕 근원 마음 본성 본.",木,94,
2094,도,叨,탐낼 도,5,"탐내다, 참, 진실, 정성, 함부로. 외람되이, 함부로 차지하다.",水,94,
2095,"도,토,본",夲,나아갈 도,5,나아갈 도. 나아갈 토. 근본 본,木,,"2024 보완전사(김기승 성명학 9,491자 기준본 대조 추가)"
2096,도,忉,근심할 도,6,"근심하다, 걱정하다, 수다스럽다. 속을 태우다, 우울해하다.",火,94,옥편5획
2097,도,弢,활집 도,8,"활집, 감추다, 숨기다, 속박. 깃발을 넣어두는 주머니-정낭.","火,金,木",94,
2098,"도,탁",度,법도 도/탁,9,"법도, 법제, 법, 자, 횟수, 온도기량. 태양, 때, 기준, 풍채, 가락, 꾀할 탁.",木,94,
2099,도,桃,복숭아 도,10,"복숭아, 복숭아 나무, 열매. 대나무의 한 가지.",木,94,
2100,도,挑,돋울 도,10,"돋우다, 꾀다, 가려내다, 취하다. 뜯다, 튀기다, 폭로하다, 후비다.",木,94,옥편9획
2101,도,倒,넘어질 도,10,"넘어지다, 실패하다, 뒤집다, 도산. 후퇴하다, 역으로, 거꾸로, 바꾸다.",火,94,
2102,도,徒,무리 도,10,"무리, 동아리, 동류, 제자, 문하생. 맨손, 맨발, 홀로, 다만, 헛되다.",火,94,
2103,도,島,섬 도,10,섬.,土,94,
2104,도,到,이를 도,10,"이르다, 도달하다, 닿다, 미치다. 가다, 주밀하다, 세말하다, 거꾸로.",金,94,
2105,"도,조",洮,씻을 도/조,10,"씻다, 강 이름, 지명, 호수 이름. 씻을 조.",水,95,옥편9획
2106,도,峹,산 이름 도,10,산이름. 산 이름 도,火,,"2024 보완전사(김기승 성명학 9,491자 기준본 대조 추가); 기준본 음(대표) 필드 오류로 뜻풀이 텍스트에서 재추출함"
2107,도,涂,칠할 도,11,"칠하다, 지우다, 칠하여 없애다. 더럽히다, 도로, 길, 진흙, 진창.",水,95,옥편10획
2108,"도,터",捈,궁굴릴 도,11,궁굴릴. 궁굴릴 도. 펼 터,火,,"2024 보완전사(김기승 성명학 9,491자 기준본 대조 추가); 기준본 음(대표) 필드 오류로 뜻풀이 텍스트에서 재추출함"
2109,도,掉,흔들 도,12,"흔들다, 요동하다, 움직이게 하다. 바로잡다, 정돈하다, 떨치다, 상앗대.",木,95,옥편11획
2110,"도,탁",棹,노 도/탁,12,"배 젓는 노, 노를 젓다, 배. 책상 탁.",木,95,
2111,도,稌,찰벼 도,12,"찰 벼, 메 벼, 마, 서여.",木,95,
2112,도,悼,슬퍼할 도,12,"슬퍼하다, 마음아파하다, 두려워하다. 가엽게 여기다, 떨다, 어린이의 죽음",火,95,옥편11획
2113,"도,자",堵,담 도/자,12,"담, 담장, 거처, 이것, 저것, 막다. 편안히 살다, 악기의 틀, 산이름 자.",土,95,
2114,도,盜,도둑 도,12,"도둑, 비적, 도둑질, 훔치다. 미투리.",金,95,
2115,도,屠,죽일 도,12,"죽이다, 잡다, 찢어 죽이다, 백정. 도살장, 무찌르다, 흉노 왕의 칭호.",水,95,
2116,도,淘,쌀씻을 도,12,"쌀을 씻다, 쌀을 일다. 씻다.",水,95,옥편11획
2117,도,㭸,개오동나무 도,12,도. 개오동나무 도,火,,"2024 보완전사(김기승 성명학 9,491자 기준본 대조 추가)"
2118,"도,서",暏,새벽 도,12,도. 새벽 도. 새벽 서,火,,"2024 보완전사(김기승 성명학 9,491자 기준본 대조 추가)"
2119,도,掏,가릴 도,13,"가리다, 골라 잡다, 꺼내다, 더듬다. 파내다, 떠내다, 소매치기하다, 파다.",木,95,옥편12획
2120,도,祹,복 도,13,"복, 행복, 신(神)",木,95,
2121,도,道,길 도,13,"길, 도리, 이치, 재주, 방법, 근원. 제도, 주의, 사상, 기예, 도교, 기능.",土,95,
2122,"도,조",跳,뛸 도/조,13,"뛰다, 뛰어 넘다, 솟구치다, 도약하다. 도전하다, 빨리 달리다. 뛸 조.",土,95,
2123,도,塗,칠할 도,13,"칠하다, 칠하여 없애다, 지우다, 진흙. 진창, 도로, 길, 두텁고 많다, 섣달.",土,95,
2124,도,逃,도망할 도,13,"도피, 도망하다, 벗어나다, 회피하다. 숨다, 떠나다, 숨기다, 면하다.",土,95,옥편10획
2125,도,渡,건널 도,13,"물을 건너다, 건네다, 건너게 하다. 지나가다, 가설하다, 가설하다, 나루.",水,95,옥편12획
2126,도,嘟,칭찬할 도,13,입나올. 칭찬할 도,火,,"2024 보완전사(김기승 성명학 9,491자 기준본 대조 추가); 기준본 음(대표) 필드 오류로 뜻풀이 텍스트에서 재추출함"
2127,도,搗,찧을 도,14,"찧다, 다듬이질하다, 두드리다. 고치다, 나타내다.",木,95,옥편13획
2128,도,萄,포도 도,14,"포도, 머루.",木,95,옥편12획
2129,도,睹,볼 도,14,"보다, 분간하다, 가리다, 분별하다. 알다, 예견하다, 자세히 보다, 國命.",木,95,
2130,도,掐,꺼낼 도,14,"꺼내다, 퍼내다, 뽑다, 뽑아내다. 치다, 때리다.",木,96,옥편13획
2131,"도,토",菟,호랑이 도/토,14,"호랑이, 고을 이름, 성씨의 하나. 토끼 토.",木,96,옥편12획
2132,도,途,길 도,14,"길, 도로.",木,96,옥편11획
2133,도,慆,기뻐할 도,14,"기뻐하다, 탐하다, 지나다, 흘러가다. 방자하다, 오래되다, 감추다, 숨기다",火,96,옥편13획
2134,도,醄,술밑 도,14,"술밑, 거르지 않은 술, 주모.",金,96,
2135,도,嶋,섬 도,14,섬.,土,96,옥편12획
2136,도,韜,노도 도,14,"국밥. 소고-악기, 노도-악기",金,96,
2137,도,滔,물넘칠 도,14,"물 넘치다, 넓다, 움직이다, 모이다. 모으다, 게을리하다, 업신여기다.",水,96,옥편13획
2138,도,圖,그림 도,14,"그림, 도장, 서적, 책, 규칙, 그리다. 베끼다, 꾀하다, 계산하다, 얻다.",水,96,
2139,도,酴,술밑 도,14,"술밑, 발효 중인 술의 찌꺼기나 술의 원재료와 관련된 것(술밑). 전통주와 관련된 명칭이나 재료로 쓰임",火,,"2024 보완전사(김기승 성명학 9,491자 기준본 대조 추가)"
2140,도,鞀,노 도,14,"노(배를 젓는 노와 관련된 것), 노와 관계된 물건(노와 관련 표시). 고문헌에서 장비, 무기명 등 특정 물건을 가리키는 명칭으로 쓰임",火,,"2024 보완전사(김기승 성명학 9,491자 기준본 대조 추가)"
2141,도,稻,벼 도,15,벼. 쌀을 일다.,木,96,
2142,도,搯,꺼낼 도,15,꺼낼 도(안에 있는 것을 밖으로 끄집어냄). 드러내다(숨겨진 것을 나타내게 함),木,,"2024 보완전사(김기승 성명학 9,491자 기준본 대조 추가)"
2143,도,瑫,옥 이름 도,15,아름다운옥. 옥 이름 도,火,,"2024 보완전사(김기승 성명학 9,491자 기준본 대조 추가); 기준본 음(대표) 필드 오류로 뜻풀이 텍스트에서 재추출함"
2144,도,噵,길 도,15,이를. 길 도,火,,"2024 보완전사(김기승 성명학 9,491자 기준본 대조 추가); 기준본 음(대표) 필드 오류로 뜻풀이 텍스트에서 재추출함"
2145,도,導,인도할 도,16,"인도하다, 이끌다, 소통하다, 통하다. 행하다, 간하다, 유도, 안내, 지도.",木,96,
2146,도,蓎,향기날 도,16,향기롭다.,木,96,
2147,도,覩,볼 도,16,"보다, 가리다, 분간하다, 예견하다. 알다, 자세히 보다, 國命.",火,96,
2148,"도,지",都,도읍 도/지,16,"도읍, 서울, 도시, 마을, 동네, 나라. 수령, 우아, 모두, 크다, 쌓다, 못지",木,96,옥편12획
2149,"도,요",陶,질그릇 도/요,16,"질그릇, 빚어 만들다, 도공, 파다. 기뻐하다, 즐거워하다, 사람이름 요.",木,96,옥편11획
2150,도,賭,내기 도,16,"내기, 노름, 도박, 걸다, 내기하다.",金,96,
2151,도,鋾,쇳덩이 도,16,쇳덩이.,金,96,
2152,도,馟,향기로울 도,16,향기로울 도(좋은 냄새가 나다). 향기를 풍기다(기분 좋게 냄새를 내어 맡게 함),木,,"2024 보완전사(김기승 성명학 9,491자 기준본 대조 추가)"
2153,"도,사",闍,망루 도/사,17,"망루, 성곽, 성곽의 문. 사리 사.",木,96,
2154,"도,신",蹈,밟을 도/신,17,"밟다, 구르다, 따르다, 행하다, 가다. 떠나가다, 이용하다, 슬퍼할 신.",土,96,
2155,도,壔,성채 도,17,"성채, 보루, 돈대, 언덕, 둑, 기둥.",土,96,
2156,도,鍍,도금할 도,17,도금하다.,金,97,
2157,"도,주",擣,찧을 도/주,18,"찧다, 찌르다, 두드리다, 근심하다. 닿다, 속을 태우다, 모일 주.",木,97,옥편17획
2158,도,檮,등걸 도,18,"나무 등걸, 산 이름, 나무 이름. 어리석다.",木,97,
2159,도,櫂,노 도,18,"노, 상앗대, 배, 상앗대질하다.",木,97,
2160,도,燾,비칠 도,18,"비치다, 비추다, 가리다, 덮다.",火,97,
2161,"도,주",濤,물결 도/주,18,"물결, 물결치다, 물결이 일다, 비추다. 조수 주.",水,97,옥편17획
2162,도,禱,빌 도,19,"빌다, 기원하다, 화목하다, 기도하다. 소망하다, 바라다, 원하다.",木,97,
2163,도,韜,감출 도,19,"감추다, 느슨하다, 바르다, 칼 전대. 활 팔찌, 활집, 비결.",金,97,
2164,도,韜,감출 도,19,"감추다, 느슨하다, 바르다, 칼 전대. 활 팔찌, 활집, 비결.",金,97,
2165,도,鼕,소고 도,19,소고-작은 북. 땡땡이-북 치는 구슬이 달린작은 북.,金,97,
2166,도,鞱,감출 도,19,감출 도(보이거나 드러나지 않게 하다). 은닉하다(물건이나 사실을 숨겨 보관하거나 감춤),火,,"2024 보완전사(김기승 성명학 9,491자 기준본 대조 추가)"
2167,"도,북",鼗,땡땡이 도,19,"땡땡이 도(북을 치는 둥둥거리는 소리). 작은 북, 타악기(의례나 신호에 쓰이는 악기)",火,,"2024 보완전사(김기승 성명학 9,491자 기준본 대조 추가)"
2168,도,饕,탐할 도,22,"탐하다, 과도하다, 사납다. 광포하다, 악한 짐승의 이름.",水,97,
2169,독,禿,대머리 독,7,"대머리, 대머리가 되다, 민둥민둥하다. 모자라게 되다.",木,97,
2170,독,毒,독 독,8,"독, 해악, 비참하고 참혹한 방법. 거칠다, 미워하다, 한탄하다, 원망.",土,97,
2171,독,督,감독할 독,13,"감독하다, 살피다, 살펴보다, 가운데. 통솔하다, 거느리다, 재촉하다.",木,97,
2172,독,篤,도타울 독,16,"도탑다, 두터이 하다, 단단하다. 진심이 깃들어있다, 위독하다, 매우.",木,97,
2173,독,獨,홀로 독,17,"홀로, 혼자, 다만, 오직, 장차, 어느. 홀몸, 홀어미, 외로운 사람, 외롭다.",土,97,옥편16획
2174,독,匵,함 독,19,"나무로 짠 궤, 관, 궤. 음식을 차리는 상, 신주를 넣는 궤.",木,97,
2175,독,牘,서찰 독,19,"서찰, 서판, 문서. 글씨 쓰는 나무조각.",木,97,
2176,독,犢,송아지 독,19,송아지.,土,97,
2177,"독,두",瀆,도랑 독/두,19,"도랑, 매우 좁고 작은 개울, 갈보다. 고랑 두.",水,97,옥편18획
2178,독,櫝,함 독,19,"함 독(물건을 넣어 보관하는 상자). 보관용 상자, 용기(귀중품을 넣어 간수하는 용기)",木,,"2024 보완전사(김기승 성명학 9,491자 기준본 대조 추가)"
2179,"독,두",讀,읽을 독/두,22,"읽다, 이해하다, 세다, 계산하다. 읽기. 이두 두.",金,98,
2180,"독,도",纛,깃발 독/도,25,"기, 깃발, 임금의 가마 앞 의장기. 군대 대장 앞에 세우던 큰 의장기.",木,98,
2181,독,黷,더럽힐 독,27,"검다, 검푸른 모양, 더럽히다. 더러워지다.",水,98,
2182,돈,旽,밝을 돈,8,"밝다, 친밀하다, 정이 도탑다.",火,98,
2183,"돈,전",沌,엉길 돈/전,8,"엉기다, 사리에 어둡다, 흔탁, 우매함. 물결치는 모양, 빙빙돌다, 내이름 전.",水,98,옥편7획
2184,돈,弴,활 돈,11,"활, 붉은 옷 칠을 한 활.",木,98,
2185,돈,豚,돼지 돈,11,"돼지, 돼지 새끼, 자기 아들의 겸칭. 혼돈스러운 모양, 숨다, 은둔하다.",水,98,
2186,돈,惇,도타울 돈,12,"도탑다, 후하게 대하다, 숭상하다. 진심, 애쓰다, 힘쓰다, 노력하다.",火,98,옥편11획
2187,돈,焞,어스름할 돈,12,"귀갑을 지지는 불, 어스레하다. 성한모양 퇴, 밝을 순.",火,98,
2188,돈,敦,도타울 돈,12,"도탑다, 후하게 대하다, 노력하다. 힘쓰다, 다스릴 퇴, 쟁반 대, 모일 단.",金,98,
2189,돈,頓,조아릴 돈,13,"조아리다, 넘어지다, 머무르다 갑자기. 둔할 둔, 흉노왕 이름 돌.",火,98,
2190,돈,墩,돈대 돈,15,"돈대, 흙무더기, 앉은 자리, 걸상.",土,98,
2191,돈,暾,아침해 돈,16,"아침 해, 해 처음 돋다, 비추다. 따스하다, 수더분하다.",火,98,
2192,돈,燉,불빛 돈,16,"불 빛, 불이 이글이글하다. 따스하다.",火,98,
2193,돈,潡,큰물 돈,16,"큰 물, 물 깊고 넓다.",水,98,옥편15획
2194,"돈,차",鎈,금빛 차,17,돈. 금빛 차,金,,"2024 보완전사(김기승 성명학 9,491자 기준본 대조 추가); 1차 음의 뜻풀이 누락으로 타 음(차)의 훈으로 대표훈음 대체"
2195,돈,躉,거룻배 돈,20,"거룻배, 작은 배, 뱃머리.",土,98,
2196,돌,乭,이름 돌,6,"이름, 돌.",金,98,
2197,돌,咄,꾸짖을 돌,8,"꾸짖다, 시끄럽다. 놀라 지르는 소리, 어이~!",水,98,
2198,돌,突,갑자기 돌,9,"갑자기, 갑작스럽다, 쑥 나오다. 내밀다, 부딪치다, 굴뚝, 사나운 말.",水,98,
2199,돌,堗,굴뚝 돌,12,"굴뚝, 부엌 창, 구들.",土,98,
2200,동,仝,한가지 동,5,"한가지, 함께, 합치다, 회합하다. 모이다, 회동하다, 같다, 같이하다.",火,99,同의 古字
2201,동,冬,겨울 동,5,"겨울, 겨울을 지내다, 동면하다. 북소리, 소리의 형용.",水,99,
2202,동,同,한가지 동,6,"한가지, 함께, 합치다, 화합하다. 모이다, 회동하다, 같다, 같이하다.",水,99,仝의 本字
2203,동,彤,붉을 동,7,"붉다, 붉게 칠하다, 붉은 칠. 빨강.",火,99,
2204,동,東,동녘 동,8,"동녘, 동쪽, 오른 쪽. 주인, 동쪽으로 가다.",木,99,
2205,"동,통",侗,정성 동/통,8,"정성, 거짓이 없음, 참되다, 곧다. 클 통.",火,99,
2206,동,垌,항아리 동,9,"항아리, 단지, 동막이.",土,99,
2207,동,峒,산이름 동,9,"산 이름, 산굴. 중국 만족이 살던 곳.",土,99,
2208,동,恫,큰말할 동,9,"큰 말하다, 큰 소리치다. 허풍 떨다.",水,99,
2209,동,哃,크게 말할 동,9,크게 말하다. 소리 높여 외치거나 부르짖다,水,,"2024 보완전사(김기승 성명학 9,491자 기준본 대조 추가)"
2210,동,姛,곧을 동,9,계집성품 곧을. 곧을 동,火,,"2024 보완전사(김기승 성명학 9,491자 기준본 대조 추가); 기준본 음(대표) 필드 오류로 뜻풀이 텍스트에서 재추출함"
2211,동,桐,오동나무 동,10,"오동나무, 거문고, 땅 이름. 어린이.",木,99,
2212,동,烔,뜨거울 동,10,"뜨겁다, 뜨거운 모양, 태우다. 열기가 대단한 모양, 사르다.",火,99,
2213,"동,통",洞,"고을 동,통",10,"골, 골짜기, 고을, 마을, 동네, 굴. 깊다, 그윽하다, 치솟다, 밝을 통.",水,99,
2214,동,凍,얼 동,10,"얼다, 춥다, 차다, 얼음. 소나기.",水,99,
2215,"동,등",疼,아플 동/등,10,"아프다, 몸이 쑤시다, 욱신거리다. 귀여워하다, 아플 등.",水,99,
2216,동,挏,끌 동,10,당겼다밀었다할. 끌 동,火,,"2024 보완전사(김기승 성명학 9,491자 기준본 대조 추가); 기준본 음(대표) 필드 오류로 뜻풀이 텍스트에서 재추출함"
2217,동,倲,어리석을 동,10,어리석을. 어리석을 동,火,,"2024 보완전사(김기승 성명학 9,491자 기준본 대조 추가); 기준본 음(대표) 필드 오류로 뜻풀이 텍스트에서 재추출함"
2218,동,苳,겨우살이 동,11,겨우살이. 겨우살잇과의 상록 관목.,木,99,옥편9획
2219,동,動,움직일 동,11,"움직이다, 흔들리다, 옮기다, 일하다. 동요하다, 감응하다, 느끼다, 변하다.",土,99,
2220,동,凍,소나기 동,11,"소나기, 물에 젖다. 얼다.",水,99,옥편10획
2221,"동,통",䆚,굴 동,11,동. 굴 동. 통할 통,火,,"2024 보완전사(김기승 성명학 9,491자 기준본 대조 추가)"
2222,동,崠,산등성이 동,11,땅이름. 산등성이 동,火,,"2024 보완전사(김기승 성명학 9,491자 기준본 대조 추가); 기준본 음(대표) 필드 오류로 뜻풀이 텍스트에서 재추출함"
2223,동,浵,물 깊을 동,11,물깊을. 물 깊을 동,火,,"2024 보완전사(김기승 성명학 9,491자 기준본 대조 추가); 기준본 음(대표) 필드 오류로 뜻풀이 텍스트에서 재추출함"
2224,동,秱,벼 무성할 동,11,벼무성할. 벼 무성할 동,火,,"2024 보완전사(김기승 성명학 9,491자 기준본 대조 추가); 기준본 음(대표) 필드 오류로 뜻풀이 텍스트에서 재추출함"
2225,동,棟,용마루 동,12,"용마루, 마룻대. 용마루 밑에 서까래가 걸리게 된도리",木,99,
2226,동,茼,쑥갓 동,12,쑥갓.,木,99,옥편10획
2227,"동,종",童,어린아이 동/종,12,"아이, 눈동자, 성한 모양, 종, 노복. 땅 이름 종.",金,99,
2228,동,胴,큰창자 동,12,"큰 창자, 대장, 곧은 모양. 몸통.",水,100,옥편10획
2229,동,絧,베 이름 동,12,동베. 베 이름 동,火,,"2024 보완전사(김기승 성명학 9,491자 기준본 대조 추가); 기준본 음(대표) 필드 오류로 뜻풀이 텍스트에서 재추출함"
2230,동,䞒,붉을 동,13,동. 붉을 동,火,,"2024 보완전사(김기승 성명학 9,491자 기준본 대조 추가)"
2231,"동,비",涷,소나기 동,13,소나기. 잠깐 내리는 갑작스러운 비,水,,"2024 보완전사(김기승 성명학 9,491자 기준본 대조 추가)"
2232,동,鉖,낚싯바늘 동,13,낚시바늘. 낚싯바늘 동,火,,"2024 보완전사(김기승 성명학 9,491자 기준본 대조 추가); 기준본 음(대표) 필드 오류로 뜻풀이 텍스트에서 재추출함"
2233,동,働,일할 동,13,일할. 일할 동,火,,"2024 보완전사(김기승 성명학 9,491자 기준본 대조 추가); 기준본 음(대표) 필드 오류로 뜻풀이 텍스트에서 재추출함"
2234,동,菄,채소 이름 동,13,흰산국화. 채소 이름 동,火,,"2024 보완전사(김기승 성명학 9,491자 기준본 대조 추가); 기준본 음(대표) 필드 오류로 뜻풀이 텍스트에서 재추출함"
2235,동,僮,아이 동,14,"아이, 완고하다, 어리석다. 어린이, 하인, 두려워하며 삼가다.",火,100,
2236,동,勭,자랄 동,14,"자라다, 움직이다, 어른.",土,100,
2237,동,銅,구리 동,14,"구리, 동전, 구리로 만든 그릇.",金,100,
2238,동,蝀,무지개 동,14,무지개.,水,100,
2239,"동,종,독",董,"감독할 동/종,독",15,"감독하다, 깊이 간직하다, 견고하다. 움직이다, 연근, 짧을 종, 바를 독.",木,100,옥편13획
2240,"동,충",橦,나무이름 동/충,16,"나무 이름. 병거 충, 찌를 충, 장대 장.",木,100,
2241,동,憧,동경할 동,16,"동경하다, 그리워하다, 그리움. 둔하다, 무디다.",火,100,옥편15획
2242,동,曈,동틀 동,16,동트다. 동이 트면서 훤해지는 모양.,火,100,
2243,동,朣,달뜰 동,16,"달 뜨다, 달빛이 훤히 치밀다. 떠오르다, 어렴풋하다, 흐리다.",火,100,
2244,"동,종",潼,물이름 동/종,16,"물 이름, 높다, 성하다, 많다. 끈적끈적할 종.",水,100,옥편15획
2245,동,瞳,눈동자 동,17,"눈동자, 무심히 보다, 어리석다.",木,100,
2246,"동,총,당",艟,"배 동/총,당",18,"배. 싸움 배 총, 짧은 배 당.",木,100,
2247,동,董,감독할 동,18,"감독하다, 독촉하다, 격려하다. 연근, 연뿌리.",木,100,옥편16획
2248,동,蕫,동독할 동,20,동독할 동. 사초 동,木,,"2024 보완전사(김기승 성명학 9,491자 기준본 대조 추가)"
2249,"되,승",枡,되 승,8,되. 되 승,金,,"2024 보완전사(김기승 성명학 9,491자 기준본 대조 추가); 1차 음의 뜻풀이 누락으로 타 음(승)의 훈으로 대표훈음 대체"
2250,"두,투",斗,말 두/투,4,"말, 별이름, 갑자기, 자루달린 바가지. 싸울 투","火,木",100,
2251,두,杜,막을 두,7,"막다, 닫다, 팥배나무.",木,100,
2252,두,豆,콩 두,7,"콩, 제사 지낼 때 그릇, 재료. 술 그릇, 식기",木,100,
2253,"두,규",蚪,올챙이 두/규,7,올챙이. 규룡 규-양쪽 뿔이 있는 새끼 용.,水,101,
2254,두,抖,떨 두,8,"떨다, 떨어 흔들다, 구하다. 들어 올리다.",木,100,옥편7획
2255,"두,주",枓,두공 두/주,8,두공-기둥 위의 방형의 나무. 술 푸는 국자 주.,木,100,
2256,두,肚,복부 두,9,"배, 복부, 밥통, 위. 마음.",水,100,옥편7획
2257,두,紏,고할 두,10,고할. 고할 두. 노랑실 두,火,,"2024 보완전사(김기승 성명학 9,491자 기준본 대조 추가); 기준본 음(대표) 필드 오류로 뜻풀이 텍스트에서 재추출함"
2258,"두,도",兜,투구 두/도,11,"투구, 두건, 쓰개, 갈팡질팡, 미혹하다. 도솔천 도-욕육천의 넷 째 하늘",木,101,
2259,두,浢,강 이름 두,11,옆갯고랑. 강 이름 두,火,,"2024 보완전사(김기승 성명학 9,491자 기준본 대조 추가); 기준본 음(대표) 필드 오류로 뜻풀이 텍스트에서 재추출함"
2260,두,阧,높을 두,12,"높다, 가파르다.",土,101,옥편7획
2261,두,痘,역질 두,12,"역질, 천연두, 마마.",水,101,
2262,두,荰,민족두리풀 두,12,두형풀. 민족두리풀 두,火,,"2024 보완전사(김기승 성명학 9,491자 기준본 대조 추가); 기준본 음(대표) 필드 오류로 뜻풀이 텍스트에서 재추출함"
2263,두,荳,콩 두,13,"콩, 수레 이름, 가볍고 작은 수레.",木,101,옥편11획
2264,두,脰,목 두,13,"목, 목줄기, 목구멍, 정강이. 어긋나다, 고기 반찬.",水,101,옥편11획
2265,두,逗,머무를 두,14,"머무르다, 피하다.",土,101,옥편11획
2266,두,陡,험할 두,15,"험하다, 높이 솟다, 땅 이름. 갑자기.",土,101,옥편10획
2267,"두,투",鋀,술그릇 두,15,놋쇠. 술그릇 두. 유석 투,火,,"2024 보완전사(김기승 성명학 9,491자 기준본 대조 추가); 기준본 음(대표) 필드 오류로 뜻풀이 텍스트에서 재추출함"
2268,두,頭,머리 두,16,"머리, 꼭대기, 최상부, 우두머리, 앞. 처음, 시초, 첫째, 변두리, 근처지혜",火,101,
2269,"두,역",斁,섞을 두/역,17,"섞다, 깨다, 부수다, 정도, 한계한도. 싫어할 역, 선택할 역.",金,101,
2270,"두,독",竇,구멍 두/독,20,"구멍, 쪽문, 지하실, 도랑, 물길. 개천 독.",水,101,
2271,"두,독",讀,구절 두/독,22,"구절, 구두점, 이두. 읽을 독, 이해할 독.",金,101,
2272,두,蠹,좀 두,24,"좀, 나무 좀, 쐐기-불나방 애벌레. 좀먹다, 해치다.",水,101,
2273,"둑,경,갱",埂,구덩이 경,10,둑. 구덩이 경. 구덩이 갱,木,,"2024 보완전사(김기승 성명학 9,491자 기준본 대조 추가); 1차 음의 뜻풀이 누락으로 타 음(경)의 훈으로 대표훈음 대체"
2274,"둔,준",屯,진칠 둔/준,4,"진치다, 수비하다, 병영, 언덕, 구릉. 험난할 준.",木,101,
2275,둔,窀,무덤 둔,9,"무덤, 구덩이, 두텁다, 길다. 후하게 장사 지내다. 시체 놓이는 곳",水,101,
2276,"둔,춘",芚,싹날 둔/춘,10,"싹이 나오다, 나무의 싹, 채소 이름. 어리석을 춘.",木,101,옥편8획
2277,둔,迍,머뭇거릴 둔,11,"망설이다, 머뭇거리다.",土,101,옥편8획
2278,둔,鈍,둔할 둔,12,"둔하다, 무디다, 우둔하다, 미련하다. 굼뜨다, 무디게 하다, 무디어지다.",金,101,
2279,"둔,준",遁,숨을 둔/준,16,"숨다, 달아나다, 피하다, 도망치다. 뒷걸음질 칠 준.",土,101,옥편13획
2280,"둔,준",遯,숨을 둔/준,18,"숨다, 달아나다, 피하다, 도망치다. 회피하다.",土,101,옥편15획
2281,둔,臀,볼기 둔,19,"볼기, 궁둥이, 밑, 바닥.",水,102,옥편17획
2282,둘,乧,음역자 둘,5,음역자(외래어나 소리를 옮겨 적을 때 쓰임). 문헌에 드물게 보이는 특수 표기용 글자,木,,"2024 보완전사(김기승 성명학 9,491자 기준본 대조 추가)"
2283,둘,乻,음역자 둘,11,음역자-소리를 본따 만든 글자.,"火,水",102,
2284,득,得,얻을 득,11,"얻다, 손에 넣다, 깨닫다, 만족하다. 알다, 이르다, 도달하다, 덕, 덕행.",火,102,
2285,"들,강",掆,들어올릴 강,12,들. 들어올릴 강,木,,"2024 보완전사(김기승 성명학 9,491자 기준본 대조 추가); 1차 음의 뜻풀이 누락으로 타 음(강)의 훈으로 대표훈음 대체"
2286,등,等,무리 등,12,"무리, 부류, 등급, 순위, 계단, 저울. 같다, 기다리다, 가지런하다, 나누다.",木,102,
2287,등,登,오를 등,12,"오르다, 나가다, 기재하다, 익다.",火,102,
2288,등,凳,걸상 등,14,걸상. 등상-발돋움이나 걸상으로 쓰는 의자.,木,102,
2289,등,嶝,고개 등,15,"고개, 오르막 길, 비탈길. 나즈막한 고개.",土,102,
2290,등,墱,비탈길 등,15,"비탈길, 자드락 길, 잔도, 각도. 산기슭에 나 있는 돌 층계.",土,102,
2291,등,滕,물솟을 등,15,"물 솟다, 물이 끓어 오르다. 나라 이름, 방언하다, 말 보내다.",水,102,
2292,등,橙,귤 등,16,"귤, 오렌지, 풀 이름, 등자나무. 길상.",木,102,
2293,등,縢,봉할 등,16,"봉하다, 노, 끈, 줄, 행전. 주머니.",木,102,
2294,등,燈,등불 등,16,"고개, 오르막 길, 비탈길. 나즈막한 고개.",火,102,
2295,"등,특",螣,"등사 등,특",16,"등사-전설 속의 동물. 중앙을 나타냄, 풀무치 특.",木,102,
2296,등,磴,비탈길 등,16,"돌 비탈길, 옥잔, 잔, 술잔, 등잔. 돌다리, 개울물이 붇다, 늘다.",金,102,
2297,등,謄,베낄 등,17,"베끼다, 등사하다, 옮겨쓰다.",金,102,
2298,등,璒,옥돌 등,17,옥돌. 옥돌 등,火,,"2024 보완전사(김기승 성명학 9,491자 기준본 대조 추가); 기준본 음(대표) 필드 오류로 뜻풀이 텍스트에서 재추출함"
2299,등,鄧,나라이름 등,19,"나라 이름, 땅 이름, 나무 이름. 성 씨.",土,102,옥편15획
2300,"등,증",覴,오래 볼 등,19,오래볼. 오래 볼 등. 똑바로 볼 증,火,,"2024 보완전사(김기승 성명학 9,491자 기준본 대조 추가); 기준본 음(대표) 필드 오류로 뜻풀이 텍스트에서 재추출함"
2301,등,騰,오를 등,20,"오르다, 타다, 뛰다, 넘다.",火,102,여백 별기
2302,등,鐙,등잔 등,20,"등잔, 등잔 접시, 등불. 오지 제기, 음식 담는 굽 높은 그릇.",金,102,
2303,등,藤,등나무 등,21,"등나무, 덩굴, 지팡이.",木,102,옥편19획
2304,등,籘,등나무 등,21,"등나무, 덩굴, 지팡이.",木,102,
2305,등,籐,등나무 등,21,등나무(덩굴성 식물). 등나무로 만든 물건이나 재료(등나무 제품),木,,"2024 보완전사(김기승 성명학 9,491자 기준본 대조 추가)"
2306,"라,나",挐,붙잡을 라(나),9,"붙잡다, 잡아 당기다, 맞당기다. 누르다, 뒤섞다. 拏와 同字",木,102,
2307,"라,나",剌,가지칠 라(나),9,"치다, 가지 치다.",金,103,
2308,"라,나,과",倮,알몸 라(나)/과,10,"벗다, 벌거벗다, 알몸, 발가숭이. 좁을 과.",火,103,
2309,"라,나",砢,돌쌓일 라(나),10,"돌이 쌓이다, 서로 돕다, 맺히다. 훌륭한 사람의 모습.",金,103,
2310,"라,나",喇,나팔 라(나),12,"나팔, 승려, 중, 라마교. 말을 급히 하다.",水,103,
2311,"라,나",裸,알몸 라(나),14,"벗다, 벌거벗다, 알몸, 발가숭이. 나체, 무일푼, 털, 날개가 없는 벌레.",木,103,옥편13획
2312,"라,과",腡,손금 라,14,손가락끝. 손금 라(나). 손금 과,火,,"2024 보완전사(김기승 성명학 9,491자 기준본 대조 추가); 기준본 음(대표) 필드 오류로 뜻풀이 텍스트에서 재추출함"
2313,"라,나",攞,정돈할 라(나),15,"정돈하다, 포개어 쌓다, 쌓아올리다.",木,103,옥편14획
2314,"라,나",蓏,열매 라(나),16,"열매, 향하다, 가다, 보내다, 과거. 옛날, 이따금, 일찍, 언제나, 이후.",木,103,옥편14획
2315,"라,나",瘰,연주창 라(나),16,"연주창, 옹, 가죽이 두꺼워 지는 일. 갑상선종이 헐어서 터진 부스럼.",水,103,
2316,"라,나",螺,소라 라(나),17,"고동, 소라.",水,72,
2317,"라,나",螺,소라 라(나),17,"고동, 소라.",水,103,
2318,라,䊨,쌓을 라,18,라. 쌓을 라(나),火,,"2024 보완전사(김기승 성명학 9,491자 기준본 대조 추가)"
2319,"라,나",覶,정성스러울 라(나),19,"매우 정성스럽다, 말이 곡진하다. 즐겁게 보다, 차례, 자세하다.",火,103,
2320,라,蠃,고둥 라,19,나나니벌. 고둥 라(나),火,,"2024 보완전사(김기승 성명학 9,491자 기준본 대조 추가); 기준본 음(대표) 필드 오류로 뜻풀이 텍스트에서 재추출함"
2321,"라,나",羅,비단 라(나),20,"비단, 그물, 벌이다, 늘어 서다, 징. 두르다, 망라하다, 포괄하다, 막다.",木,103,옥편19획
2322,"라,나,뢰",懶,게으를 라(나)/뢰,20,"게으르다, 나른하다, 놉다, 의욕저하. 미워할 뢰.",火,103,옥편19획
2323,"라,나",騾,노새 라(나),21,노새. 암말과 수나귀 사이에 태어난 튀기,火,103,
2324,"라,나",儸,재간있을 라(나),21,재간과 능력 있음. 재치 있게 처리함.,火,103,
2325,"라,나,랄,날",癩,"문둥이 라(나)/랄,날",21,"문둥이, 문둥병, 나병, 나균, 천형. 악물중독 랄(날).",水,103,
2326,라,覼,자세할 라,21,좋게볼. 자세할 라(나),火,,"2024 보완전사(김기승 성명학 9,491자 기준본 대조 추가); 기준본 음(대표) 필드 오류로 뜻풀이 텍스트에서 재추출함"
2327,"라,나",囉,소리섞일 라(나),22,"소리가 섞이다, 얽히다, 잔말 하다. 노래가 꺾이다, 가락을 돕는 소리.",水,103,
2328,"라,리",灕,스며들 리,22,라. 리. 스며들 리(이),火,,"2024 보완전사(김기승 성명학 9,491자 기준본 대조 추가); 1차 음의 뜻풀이 누락으로 타 음(리)의 훈으로 대표훈음 대체"
2329,"라,나",曪,햇빛없을 라(나),23,"햇빛이 없다, 어둡다. 태양이 빛을 잃었다.",火,103,
2330,"라,나",驘,노새 라(나),23,노새. 암말과 수나귀 사이에 태어난 튀기.,火,103,
2331,라,欏,돌배나무 라,23,사라나무. 돌배나무 라(나),火,,"2024 보완전사(김기승 성명학 9,491자 기준본 대조 추가); 기준본 음(대표) 필드 오류로 뜻풀이 텍스트에서 재추출함"
2332,"라,나",臝,벌거벗을 라(나),24,"벌거벗다, 알몸, 나귀, 노새. 소라, 박과의 여러 해 살이 풀.",水,103,옥편22획
2333,"라,나",蘿,쑥 라(나),25,"쑥, 무, 여라, 풀가사리, 울타리. 담쟁이덩굴",木,103,옥편23획
2334,라,纙,돈꿰미 라,25,돈꾸러미. 돈꿰미 라(나),火,,"2024 보완전사(김기승 성명학 9,491자 기준본 대조 추가); 기준본 음(대표) 필드 오류로 뜻풀이 텍스트에서 재추출함"
2335,"라,나",邏,순라 라(나),26,"순라, 순찰, 순찰하다, 순행하다. 막다, 차단하다.",土,104,옥편23획
2336,"라,나",鑼,징 라(나),27,"징. 동발, 자바라, 제금, 향발.",金,104,
2337,"락,낙",烙,지질 락(낙),10,"불로 지지다, 단근질.",火,104,
2338,"락,낙",洛,물이름 락(낙),10,"물 이름, 강 이름, 물방울 듣는 소리. 서울 이름, 잇닿다, 잇다.",水,104,
2339,"락,낙",珞,구슬목걸이 락(낙),11,"구슬 목걸이, 단단한 모양. 조약돌 력.",金,104,옥편10획
2340,"락,력",硌,옥돌 락,11,큰바위. 옥돌 락(낙). 자갈 력(역),火,,"2024 보완전사(김기승 성명학 9,491자 기준본 대조 추가); 기준본 음(대표) 필드 오류로 뜻풀이 텍스트에서 재추출함"
2341,"락,낙",絡,이을 락(낙),12,"잇다, 얽다, 묶다, 두르다, 줄, 고삐. 근육, 포괄하다, 맥락, 띠, 사리분별.",木,104,
2342,"락,낙",酪,쇠젖 락(낙),13,"우유, 타락, 술, 과즙, 죽. 식초.","金,水",104,
2343,"락,낙",酪,유즙 락(낙),13,"진한 유즙, 식초, 술, 과즙.",水,104,
2344,"락,낙",犖,밝을 락(낙),14,"밝다, 명백하다, 뛰어나다, 훌륭하다. 환하다, 얼룩소.",土,104,
2345,"락,각",鉻,깎을 락,14,깍을. 깎을 락(낙). 무기 이름 각,火,,"2024 보완전사(김기승 성명학 9,491자 기준본 대조 추가); 기준본 음(대표) 필드 오류로 뜻풀이 텍스트에서 재추출함"
2346,"락,낙",落,떨어잘 락(낙),15,"떨어지다, 떨어뜨리다, 이루다, 준공. 두르다, 낙엽, 마을, 울타리, 빗방울.",木,104,옥편13획
2347,"락,낙,요",樂,즐거울 락(낙)/요,15,"즐기다, 즐거워하다, 즐거움. 노래 악, 풍류 악, 좋아할 요.",火,104,
2348,"락,낙",駱,낙타 락(낙),16,"낙타, 약대. 이어지다, 달리다.",火,104,
2349,"락,록,박,력",濼,강 이름 락,19,물이름. 강 이름 락(낙). 강 이름 록(녹). 늪 박. 알 력(역),火,,"2024 보완전사(김기승 성명학 9,491자 기준본 대조 추가); 기준본 음(대표) 필드 오류로 뜻풀이 텍스트에서 재추출함"
2350,"란,난",丹,꽃이름 란(난),4,"꽃 이름, 붉다, 정성스럽다, 남쪽. 성심, 모란, 거란, 붉을 단.","火,木",104,
2351,"란,난",卵,알 란(난),7,"알, 고환. 기르다, 자라게 하다, 크다, 굵다.",水,104,
2352,"란,난",亂,어지러울 란(난),13,"어지럽다, 다스리다, 음란하다. 가득 차다, 무도하다, 풍류, 악장.",木,104,
2353,"란,난",闌,가로막을 란(난),17,"가로막다, 방지하다, 다하다, 잃다. 마음대로, 늦다, 난간, 드물다.",木,104,
2354,"란,난",嬾,게으를 란(난),19,"게으르다, 태만하다, 엎드리다. 꽤 나른하다, 놉다.",土,104,
2355,"란,난",幱,내리닫이 란(난),20,"내리닫이, 바지와 저고리를 붙인 옷. 난삼, 생원 진사에 합격해 입던 옷.",木,104,
2356,"란,난,연",欄,"난간 란(난),연",21,"난간, 외양간, 신문 잡지의 칼럼 난. 나무 이름 련",木,104,
2357,"란,난",攔,막을 란(난),21,"막다, 차단하다, 칸막이. 심다, 씨 뿌리다.",木,104,옥편20획
2358,"란,난",爛,빛날 란(난),21,"빛나다, 밝다, 화려하다, 곱다. 무르익다, 흐드러지다, 많은 모양.",火,105,
2359,"란,난",瀾,물결 란(난),21,"물결, 잔잔한 물결, 큰 파도, 뜨물. 물결이 일다, 색채가 선명하다.",水,105,옥편20획
2360,란,斕,문채 란,21,얼룩얼룩할. 문채 란(난),火,,"2024 보완전사(김기승 성명학 9,491자 기준본 대조 추가); 기준본 음(대표) 필드 오류로 뜻풀이 텍스트에서 재추출함"
2361,"란,난",瓓,옥광채 란(난),22,"옥 광채, 옥 무늬.",金,105,옥편21획
2362,란,圝,둥글 란,22,둥글란. 둥글 란(난),火,,"2024 보완전사(김기승 성명학 9,491자 기준본 대조 추가); 기준본 음(대표) 필드 오류로 뜻풀이 텍스트에서 재추출함"
2363,"란,난",蘭,난초 란(난),23,"난초, 목련.",木,105,옥편21획
2364,"란,난",襴,내리닫이 란(난),23,"내리닫이, 난삼. 바지와 저고리를 한데 붙인 아이 옷.",木,105,옥편22획
2365,"란,난",欒,나무이름 란(난),23,"나무이름, 가름대, 모감주 나무. 둥근 모양, 모이다.",木,105,
2366,"란,난",灤,새어흐를 란(난),23,"새어 흐르다, 적시다.",水,105,
2367,란,籣,동개 란,23,전통. 동개 란(난),火,,"2024 보완전사(김기승 성명학 9,491자 기준본 대조 추가); 기준본 음(대표) 필드 오류로 뜻풀이 텍스트에서 재추출함"
2368,란,鑭,금빛 나는 모양 란,25,금채색. 금빛 나는 모양 란(난),火,,"2024 보완전사(김기승 성명학 9,491자 기준본 대조 추가); 기준본 음(대표) 필드 오류로 뜻풀이 텍스트에서 재추출함"
2369,"란,난,거",鑾,"방울 란(난),거",27,"난새, 봉황, 방울, 천자의 수레. 보습 거.",金,105,
2370,"란,난",鸞,난새 란(난),30,"난새, 봉황, 방울, 천자의 수레.",火,105,
2371,"랄,날,라,나",剌,"발랄할 랄(날)/라,나",9,"발랄하다, 어그러지다, 어지럽다. 수라 라(나)",金,105,
2372,"랄,날",埒,"담장 랄(날)/랄,열",10,"담장, 울타리, 경계, 뽑다, 모양. 담장 렬(열).",土,105,
2373,"랄,날",辣,매울 랄(날),14,맵다. 언행이 몹시 엄혹하다.,金,105,
2374,"랄,날",辢,매울 랄(날),14,맵다. 언행이 몹시 엄혹하다.,金,105,
2375,"람,남",婪,예쁠 람(남),11,"탐하다, 탐내다, 차갑다. 예쁠 남.",土,105,
2376,"람,남",惏,탐할 람(남),11,"탐하다, 탐내다, 욕심부리다. 삼가지 않다.",土,105,
2377,"람,남,림",惏,탐할 람(남)/림,12,"탐하다, 탐내다, 차갑다. 떨릴 림.",火,105,옥편11획
2378,"람,남",嵐,남기 람(남),12,"산 이름, 산바람. 남기:산 속에 생기는 아지랑이 같은.",土,105,
2379,"람,남",湳,과실짱아찌 람(남),15,"과실 짱아찌, 감을 우리다. 귀갑을 태웠을 때 나타난 점괘 이름.",水,105,옥편14획
2380,"람,남",擥,가질 람(남),18,"가지다, 손에 쥐다, 따다, 보다. 취하다, 잡아 당기다.",木,105,
2381,"람,남",燫,불번질 람(남),18,"불이 번지다, 세력이 강하다. 세찬 불길이 번져 나가다.",火,105,
2382,"람,남,함",濫,"넘칠 람(남),함",18,"넘치다, 범람하다, 탐하다, 퍼지다. 목욕통 함, 동이 함.",水,106,옥편17획
2383,"람,남",瓕,옥이름 람(남),19,옥 이름.,金,106,옥편18획
2384,"람,남,감",藍,"쪽 람(남),감",20,"쪽, 남 빛, 진한 푸른 빛. 절, 사찰, 남루하다, 누더기.",木,106,옥편18획
2385,"람,남",襤,누더기 람(남),20,"헌 누더기, 해진 옷, 남루한 옷.",木,106,옥편19획
2386,"람,남",籃,대바구니 람(남),20,"대 바구니, 대 광주리, 바구니. 채통, 아름다운 색깔로 꾸민 바구니.",木,106,
2387,"람,남",覽,볼 람(남),21,"보다, 두루 보다, 바라보다, 전망하다. 대강 훑어보다, 전망, 경관.",火,106,
2388,"람,남",攬,가질 람(남),25,"가지다, 따다, 손에 쥐다. 보다, 잡아 당기다.",木,106,옥편24획
2389,"람,남",欖,감람나무 람(남),25,감람나무. 올리브.,木,106,
2390,람,灠,샘 용솟음할 람,25,샘용솟음칠. 샘 용솟음할 람(남),火,,"2024 보완전사(김기승 성명학 9,491자 기준본 대조 추가); 기준본 음(대표) 필드 오류로 뜻풀이 텍스트에서 재추출함"
2391,"람,남",纜,닻줄 람(남),27,닻 줄.,木,106,
2392,"랍,납",拉,끌 랍(납),9,"끌다, 잡아 가다, 끌고 가다, 꺾다. 당기다, 부러뜨리다, 바람 소리.",木,106,옥편8획
2393,"랍,협",拹,꺾을 랍,10,꺽을. 꺾을 랍(납). 꺾을 협,土,,"2024 보완전사(김기승 성명학 9,491자 기준본 대조 추가); 기준본 음(대표) 필드 오류로 뜻풀이 텍스트에서 재추출함"
2394,"랍,납",臘,섣달 랍(납),21,"섣달, 쌍날로 된 칼. 납향, 득도한 이후 햇수.",水,106,옥편19획
2395,"랍,납",蠟,밀 랍(납),21,"밀랍, 밀초, 양초, 밀랍을 바르다. 고통, 괴로움.",水,106,
2396,"랍,납",鑞,땜납 랍(납),23,"납땜, 주석, 백철. 백철:납과 주석의 합금.",金,106,
2397,"랑,낭",庈,높을 랑(낭),10,"높다, 그릇.",木,106,
2398,"랑,낭",娘,아가씨 랑(낭),10,"여자, 아가씨, 각시, 어미.",土,106,
2399,"랑,낭",狼,이리 랑(낭),11,"이리, 늑대, 별 이름, 사납다. 어지럽다, 거칠다.",土,106,옥편10획
2400,"랑,낭",烺,밝을 랑(낭),11,"밝다, 빛나다, 맑고 환하다.",火,106,
2401,"랑,낭",朗,밝을 랑(낭),11,"밝다, 빛나다, 맑고 환하다, 또랑또랑. 깨끗하다, 유쾌하다, 활달하다.",火,106,
2402,"랑,낭",浪,물결 랑(낭),11,"물결, 파도, 물결이 일다, 함부로. 표랑하다, 유랑하다.",水,106,옥편10획
2403,랑,㫰,햇볕 쬘 랑,11,랑. 햇볕 쬘 랑(낭),火,,"2024 보완전사(김기승 성명학 9,491자 기준본 대조 추가)"
2404,랑,嫏,서고 랑,11,랑. 서고 랑(낭),火,,"2024 보완전사(김기승 성명학 9,491자 기준본 대조 추가)"
2405,"랑,낭",稂,강아지풀 랑(낭),12,강아지 풀.,木,106,
2406,"랑,낭",琅,옥돌 랑(낭),12,"옥돌, 금옥 소리, 문고리, 고을이름. 구더기.",金,107,옥편11획
2407,"랑,낭",硠,돌부딪칠 랑(낭),12,"돌이 부딪는 소리, 우레 소리. 단단하다.",金,107,
2408,"랑,낭",廊,사랑채 랑(낭),13,"사랑채, 딴채, 곁채, 행랑, 복도.",木,107,
2409,"랑,낭",莨,수크령 랑(낭),13,"조, 수크령.",木,107,옥편11획
2410,"랑,낭",蜋,사마귀 랑(낭),13,"사마귀, 버마재비. 쇠똥구리 량, 풍뎅이 량.",水,107,
2411,"랑,낭",榔,나무이름 랑(낭),14,"나무이름, 빈랑나무.",木,107,
2412,"랑,낭",郎,남편 랑(낭),14,"남편, 신랑, 사내, 아들, 주인. 벼슬 이름, 행랑채.",土,107,옥편10획
2413,랑,誏,뜬소문 낼 랑,14,뜬말할. 뜬소문 낼 랑(낭),火,,"2024 보완전사(김기승 성명학 9,491자 기준본 대조 추가); 기준본 음(대표) 필드 오류로 뜻풀이 텍스트에서 재추출함"
2414,"랑,낭",瑯,옥돌 랑(낭),15,"옥돌, 금옥 소리, 문고리. 고을 이름.",金,107,옥편14획
2415,"랑,낭",閬,솟을대문 랑(낭),15,"솟을대문, 높은 모양, 넓다, 해자. 성씨, 불알, 고환.",木,107,
2416,"랑,낭",螂,사마귀 랑(낭),16,사마귀. 쇠똥구리.,水,107,
2417,"랑,낭",駺,꼬리흰말 랑(낭),17,꼬리 흰 말.,火,107,
2418,"래,내",来,올 래(내),7,"오다, 돌아오다, 부르다, 그 후, 이래. 앞으로, 미래, 후세, 보리.","木,火",107,
2419,"래,내",來,올 래(내),8,"오다, 돌아오다, 부르다, 그 후, 이래. 앞으로, 미래, 후세, 보리.","火,木",107,
2420,래,倈,올 래,10,래. 올 래(내). 위로할 래(내),火,,"2024 보완전사(김기승 성명학 9,491자 기준본 대조 추가)"
2421,"래,내",徠,올 래(내),11,"오다, 도래하다, 오게 하다. 위로하다, 위무하다.",火,107,
2422,"래,내",崍,산이름 래(내),11,산 이름.,土,107,
2423,래,唻,노래하는 소리 래,11,어조사. 노래하는 소리 래(내),火,,"2024 보완전사(김기승 성명학 9,491자 기준본 대조 추가); 기준본 음(대표) 필드 오류로 뜻풀이 텍스트에서 재추출함"
2424,"래,내",淶,강이름 래(내),12,강 이름. 고을 이름,水,107,옥편11획
2425,래,棶,푸조나무 래,12,말채나무. 푸조나무 래(내),火,,"2024 보완전사(김기승 성명학 9,491자 기준본 대조 추가); 기준본 음(대표) 필드 오류로 뜻풀이 텍스트에서 재추출함"
2426,래,睞,한눈팔 래,13,곁눈질할. 한눈팔 래(내),火,,"2024 보완전사(김기승 성명학 9,491자 기준본 대조 추가); 기준본 음(대표) 필드 오류로 뜻풀이 텍스트에서 재추출함"
2427,"래,내",萊,명아주 래(내),14,"명아주, 잡초, 거칠다, 깎다. 묵정 밭, 밭을 묵히다.",木,107,옥편12획
2428,래,郲,땅 이름 래,14,땅이름. 땅 이름 래(내),火,,"2024 보완전사(김기승 성명학 9,491자 기준본 대조 추가); 기준본 음(대표) 필드 오류로 뜻풀이 텍스트에서 재추출함"
2429,"래,내",騋,큰 말 래(내),18,"큰 말, 키가 칠 척인 말.",火,107,
2430,"랭,냉",冷,찰 랭(냉),7,"차다, 한랭하다, 쌀쌀하다, 얼다. 낯설다, 생소하다, 한가하다.",水,107,
2431,"략,약",略,다스릴 략(약),11,"다스리다, 경영하다, 꾀, 길, 대략. 생략하다, 날카롭다, 경계, 대강, 거의",土,107,
2432,"략,약",畧,다스릴 략(약),11,"다스리다, 경영하다, 꾀, 길, 대략. 계략, 슬기, 범하다, 빼앗다, 치다.",土,108,
2433,"략,약",略,다스릴 략(약),11,"다스리다, 경영하다, 꾀, 길, 대략. 생략하다, 날카롭다, 경계, 대강, 거의.",土,229,
2434,"략,약",畧,다스릴 략(약),11,"다스리다, 경영하다, 꾀, 길, 대략. 계략, 슬기, 범하다, 빼앗다, 치다.",土,229,
2435,"략,약",掠,노략질할 략(약),12,"노략질하다, 탈취하다, 베다, 자르다. 스쳐 지나가다, 서법의 한 가지.",木,108,옥편11획
2436,"략,약",掠,노략질할 략(약),12,"노략질하다, 탈취하다, 베다, 자르다. 스쳐 지나가다, 서법의 한 가지.",木,229,옥편 11획
2437,"량,양",良,어질 량(양),7,"어질다, 좋다, 훌륭하다, 아름답다. 착하다, 곧다, 길하다, 진실로, 남편.",土,108,
2438,"량,양",兩,두쪽 량(양),8,"둘, 짝, 쌍, 두 쪽, 동등한 것, 수레. 무게 냥, 돈 냥.",土,108,
2439,"량,양",兩,두쪽 량(양),8,"둘, 짝, 쌍, 두 쪽, 동등한 것, 수레. 무게 냥, 돈 냥.",土,229,
2440,"량,양",亮,밝을 량(양),9,"밝다, 환하다, 날이 밝다, 빛을 내다. 빛나다 드러나다, 나타나다.","火,土",108,
2441,"량,양",俍,어질 량(양),9,"어질다, 좋다, 훌륭하다, 아름답다. 착하다, 곧다, 길하다, 진실로, 남편.",火,108,
2442,"량,양",倆,재주 량(양),10,"재주, 솜씨, 재능. 둘, 두 사람.",火,108,
2443,"량,양",涼,서늘할 량(양),10,"서늘하다, 맑다, 깨끗하다, 미쁘다. 진실되다, 돕다, 쓸쓸하다, 외롭다.",水,108,
2444,"량,양",梁,들보 량(양),11,"들보, 나무다리, 교량, 제방 둑, 관골. 기장, 다리 놓다, 양 나라, 성씨, 왕조",木,108,
2445,"량,양",悢,슬퍼할 량(양),11,"슬퍼하다, 서러워 하다, 돌보다. 사랑하여 돌보다, 뜻을 얻지 못할 량.",火,108,옥편10획
2446,"량,양",量,헤아릴 량(양),12,"헤아리다, 추측하다, 가득차다, 달다. 양, 분량, 용기, 용적, 성격 재능, 되",火,108,
2447,"량,양",凉,서늘할 량(양),12,"서늘하다, 맑다, 깨끗하다, 미쁘다. 진실되다, 돕다, 쓸쓸하다, 외롭다.",水,108,옥편11획
2448,"량,양",嘹,맑을 량(양),12,"소리가 맑다, 맑은 소리.",水,108,
2449,량,晾,볕 쪼일 량,12,쪼일. 볕 쪼일 량(양),火,,"2024 보완전사(김기승 성명학 9,491자 기준본 대조 추가); 기준본 음(대표) 필드 오류로 뜻풀이 텍스트에서 재추출함"
2450,"량,양",粮,양식 량(양),13,"양식, 먹이, 급여, 구실.",木,108,
2451,"량,양",粱,곡식 량(양),13,"좋은 곡식, 기장, 조.",木,108,
2452,량,湸,큰물 량,13,큰물. 큰물 량(양),火,,"2024 보완전사(김기승 성명학 9,491자 기준본 대조 추가); 기준본 음(대표) 필드 오류로 뜻풀이 텍스트에서 재추출함"
2453,"량,양",踉,높이뛸 량(양),14,"높이 뛰다, 서행하다, 천천히 걷다. 급히 갈 량.",土,108,
2454,"량,양",跟,높이뛸 량(양),14,"높이 뛰다, 서행하다, 천천히 걷다. 급히 갈 량.",土,231,
2455,"량,양,탕",瘍,헐 양(량)/탕,14,"허리띠, 헐다, 종기, 부스럼, 상처. 두창(천연두), 설사병 탕",水,231,
2456,"량,양",樑,들보 량(양),15,"들보, 나무다리, 교량, 제방 둑, 관골. 기장, 다리 놓다, 양나라, 성씨, 왕조",木,108,
2457,"량,양",輛,수레 량(양),15,"수레, 수레의 수를 세는 단위. 필적하다, 서로 비슷하다.",火,108,
2458,"량,양",諒,살필 량(양),15,"살피다, 믿다, 돕다, 참으로, 진실로. 어질다, 찾다, 쇠에 생긴 녹, 흉하다.",金,108,
2459,"량,양",樑,들보 량(양),15,"들보, 나무다리, 교량, 제방, 둑, 관골. 기장, 다리 놓다, 양 나라, 성씨, 왕조",木,231,
2460,"량,양",樣,모양 양(량),15,"본보기, 표본, 모양, 태도. 상수리나무 상",木,231,
2461,"량,양",輛,수레 량(양),15,"수레, 수레의 수를 세는 단위. 필적하다, 서로 비슷하다.",火,231,
2462,"량,양",諒,살필 량(양),15,"살피다, 믿다, 돕다, 참으로, 진실로. 어질다, 찾다, 쇠에 생긴 녹, 흉하다.",金,231,
2463,"량,양",漾,넘칠 양(량),15,"넘치다, 넘쳐흐르다, 출렁거리다. 뜨다, 토하다, 흔들어 던지다.",水,231,옥편 14획
2464,"량,양",糧,양식 량(양),18,"양식, 먹이, 급여, 구실.",木,108,
2465,"량,양",魎,도깨비 량(양),18,"도깨비, 사람을 괴롭히는 원령, 사령. 이매",火,109,
2466,"량,양",糧,양식 량(양),18,"양식, 먹이, 급여, 구실.",木,231,
2467,"량,양",魎,도깨비 량(양),18,"도깨비, 사람을 괴롭히는 원령, 사령. 이매",火,231,
2468,"려,여",呂,음률 려(여),7,"음률, 법칙, 풍류, 율려, 등뼈. 성씨, 나라 이름, 땅 이름. 몸의 本字",水,109,
2469,"려,여",呂,음률 려(여),7,"음률, 법칙, 풍류, 율려, 등뼈. 성씨, 나라이름, 땅이름. 呂의 本字",水,235,
2470,"려,여",戾,어그러질 려(여),8,"어그러지다, 거스르다, 사납다. 이르다, 돌릴 렬. 어그러질 태.",木,109,
2471,"려,여",戾,어그러질 려(여),8,"어그러지다, 거스르다, 사납다. 이르다, 돌릴 렬, 어그러질 태.",木,235,
2472,"려,여",侶,짝 려(여),9,"짝, 벗, 벗하다, 동반하다.",火,109,
2473,"려,여",旅,나그네 려(여),9,"나그네 여행, 함께 다 같이, 길, 척추. 무리, 군대, 군대의 편재 단위, 자제.",土,109,
2474,"려,여",侶,짝 려(여),9,"짝, 벗, 벗하다, 동반하다.",火,236,
2475,"려,여",旅,나그네 려(여),9,"나그네, 여행, 함께, 다 같이, 길, 척추. 무리, 군대, 군대의 편재 단위, 자제.",土,236,
2476,"려,전",沴,해칠 려,9,요기. 해칠 려(여). 흐트러질 전,火,,"2024 보완전사(김기승 성명학 9,491자 기준본 대조 추가); 기준본 음(대표) 필드 오류로 뜻풀이 텍스트에서 재추출함"
2477,"려,여",栳,처마 려(여),11,"처마, 인중방. 평고대-처마 끝 서까래를 받치는 나무",木,109,
2478,"려,여",唳,새소리 려(여),11,"학이 울다, 새가 울다, 새 소리.",水,109,
2479,"려,여",梠,처마 려(여),11,"처마, 인중방. 평고대-처마 끝 서까래를 받치는 나무",木,236,
2480,"려,여",唳,새소리 려(여),11,"학이 울다, 새가 울다, 새 소리.",水,236,
2481,"려,리",珕,굴 려,11,자개로 칼장식할. 굴 려(여). 굴 리(이),火,,"2024 보완전사(김기승 성명학 9,491자 기준본 대조 추가); 기준본 음(대표) 필드 오류로 뜻풀이 텍스트에서 재추출함"
2482,"려,여",閭,마을 려(여),15,마을. 이문-동네의 어귀에 세운 문,木,109,
2483,"려,여",黎,검을 려(여),15,마을. 이문-동네의 어귀에 세운 문,木,109,
2484,"려,여",慮,생각할 려(여),15,"생각하다, 사려깊다, 걱정하다, 꾀하다. 생각, 계획, 염려, 의심. 조사할 록.",火,109,
2485,"려,여",厲,힘쓸 려(여),15,"힘쓰다, 높다, 빠르다, 맑다, 괴롭다. 숫돌, 귀신, 역병, 문둥병 라.",土,109,
2486,"려,여",閭,마을 려(여),15,마을. 이문- 동네의 어귀에 세운 문,木,236,
2487,"려,여",黎,검을 려(여),15,"많다, 검다, 이르다, 무리, 민중. 나라이름.",木,236,
2488,"려,여",慮,생각할 려(여),15,"생각하다, 사려깊다, 걱정하다, 꾀하다. 생각, 계획, 염려, 의심, 조사할 록.",火,236,
2489,"려,여",厲,힘쓸 려(여),15,"힘쓰다, 높다, 빠르다, 맑다, 괴롭다. 숫돌, 귀신, 역병. 문둥병 라.",土,236,
2490,"려,여",膂,등골뼈 려(여),16,"등골 뼈, 척추, 힘쓰다, 등에 지다. 근육의 힘.",水,109,
2491,"려,여",膂,등골 뼈 려(여),16,"등골 뼈, 척추, 힘쓰다, 등에 지다. 근육의 힘.",水,236,옥편 14획
2492,"려,여",儢,물리칠 려(여),17,"물리치다, 내키지 않다, 게으르다. 힘쓰지 않다, 가만히 물러나다.",火,109,
2493,"려,여",勵,도울 려(여),17,마음으로 돕다.,土,109,
2494,"려,여",儢,물리칠 려(여),17,"물리치다, 내키지 않다, 게으르다. 힘쓰지 않다, 가만히 물러나다.",火,236,
2495,"려,여",勵,도울 려(여),17,마음으로 돕다.,土,236,
2496,려,勴,도울 려,17,마음으로 도울. 도울 려(여),火,,"2024 보완전사(김기승 성명학 9,491자 기준본 대조 추가); 기준본 음(대표) 필드 오류로 뜻풀이 텍스트에서 재추출함"
2497,"려,여,라,나",癘,"창병 려(여)/라,나",18,"창병, 염병, 죽이다, 담그다. 문둥병 라(나).",水,109,
2498,"려,여,라,나",癘,"창병 려(여)/라,나",18,"창병, 염병, 죽이다, 담그다. 문둥병 라(나).",水,236,
2499,"려,여",櫚,종려 려(여),19,"종려, 종려나무, 모과나무.",木,109,
2500,"려,여",曞,퍼질 려(여),19,"퍼지다, 햇살이 퍼지다.",火,109,
2501,"려,여",麗,고울 려(여),19,"곱다, 아름답다, 맑다, 빛나다, 짝. 붙다, 수, 수효, 나라 이름,",土,109,
2502,"려,여",廬,농막집 려(여),19,"농막집, 주막, 여인숙, 숙직실. 오두막집, 창 자루 로.",土,109,
2503,"려,여",濾,맑게할 려(여),19,"맑게 하다, 거르다, 여과하다, 씻다.",水,109,
2504,"려,여",櫚,종려 려(여),19,"종려, 종려나무, 모과나무.",木,237,
2505,"려,여",曞,퍼질 려(여),19,"퍼지다, 햇살이 퍼지다.",火,237,
2506,"려,여",麗,고울 려(여),19,"곱다, 아름답다, 맑다, 빛나다, 찍. 붙다, 수, 수효, 나라이름,",土,237,
2507,"려,여",廬,농막집 려(여),19,"농막집, 주막, 여인숙, 숙직실. 오두막집, 창 자루 로.",土,237,
2508,"려,여",濾,맑게할 려(여),19,"맑게 하다, 거르다, 여과하다, 씻다.",水,237,
2509,"려,여",礪,숫돌 려(여),20,"숫돌, 돌 이름, 갈다, 연마하다. 권면-권하고 격려하여 힘쓰게하다.",金,110,
2510,"려,여",礪,숫돌 려(여),20,"숫돌, 돌 이름, 갈다, 연마하다. 권면하다-권하고 격려하여 힘쓰게하다",金,237,
2511,려,曥,햇빛 려,20,해비칠. 햇빛 려(여),火,,"2024 보완전사(김기승 성명학 9,491자 기준본 대조 추가); 기준본 음(대표) 필드 오류로 뜻풀이 텍스트에서 재추출함"
2512,"려,여",藜,명아주 려(여),21,명아주. 나라이름.,木,110,옥편19획
2513,"려,여",糲,현미 려(여),21,"현미, 애조미 쌀. 맷돌로 갈다.",木,110,
2514,"려,여",儷,짝 려(여),21,"배우자, 짝, 쌍, 한 쌍. 견줄 만하다, 아름답다.",火,110,
2515,"려,여",蠡,좀먹을 려(여),21,"좀 먹다, 나무 좀, 달팽이. 사람 이름 소라 라, 옴 라, 표주박 리.",水,110,
2516,"려,여",蠣,조개 려(여),21,"굴, 조개, 가오리.",水,110,
2517,"려,여",藜,명아주 려(여),21,명아주. 나라이름.,木,237,옥편 19획
2518,"려,여",糲,현미 려(여),21,"현미, 매조미 쌀. 맷돌로 갈다.",木,237,
2519,"려,여",儷,짝 려(여),21,"배우자, 짝, 쌍, 한 쌍. 견줄 만하다, 아름답다.",火,237,
2520,"려,여",蠡,좀먹을 려(여),21,"좀 먹다, 나무 좀, 달팽이. 사람 이름. 소라 라. 옴 라. 표주박 리",水,237,
2521,"려,여",蠣,조개 려(여),21,"굴, 조개, 가오리.",水,237,
2522,"려,여,지",遱,천천히 려(여),22,"천천히 가다, 늦다, 언동이 트다. 지체할 지, 늦을 지.",土,110,옥편19획
2523,"려,여",臚,살갗 려(여),22,"살갗, 피부, 펴다, 펼쳐 놓다. 전하다, 행하다, 배의 앞.",水,110,옥편20획
2524,"려,여,지",邌,천천히 려(여),22,"천천히 가다, 늦다, 먼동이 트다. 지체할 지, 늦을 지.",土,237,옥편 19획
2525,"려,여",臚,살갗 려(여),22,"살갗, 피부, 펴다, 펼쳐 놓다. 전하다, 행하다, 배의 앞.",水,237,옥편 20획
2526,"려,여",驢,당나귀 려(여),26,"나귀, 당나귀.",火,110,
2527,"려,여",驢,당나귀 려(여),26,"나귀, 당나귀.",火,237,
2528,"려,여",鑢,다스릴 려(여),28,"다스리다, 문지르다, 갈다. 줄, 줄로 쓰다.",金,110,
2529,"려,여",纑,다스릴 려(여),28,"다스리다, 문지르다, 갈다. 줄, 줄로 쓰다.",金,237,
2530,"려,여,리",驪,검을말 려(여)/리,29,"검은 말, 가라 말, 검다. 나란히 하다, 검은말 리(이)",火,110,
2531,"려,여,리",驪,검을말 려(여)/리,29,"검은 말, 가라 말, 검다. 나란히 하다, 검은말 리(이)",火,237,
2532,"력,역",力,힘 력(역),2,"힘, 일꾼, 인부, 군사, 병사, 하인. 힘쓰다, 부지런하다, 심하다, 힘주다.",土,110,
2533,"력,역",力,힘 력(역),2,"힘, 일꾼, 인부, 군사, 병사, 하인. 힘쓰다, 부지런하다, 심하다, 힘주다.",土,237,
2534,"력,역",曆,지날 력(역),16,"책력, 역법, 수, 셈, 연대, 수명. 운명, 일기, 일지.",火,110,
2535,"력,역",歷,지날 력(역),16,"지나다, 겪다, 세월을 보내다, 가다. 넘다, 분명하다, 책력, 달력, 역법.",土,110,
2536,"력,역",曆,지날 력(역),16,"책력, 역법, 수, 셈, 연대, 수명. 운명, 일기, 일지.",火,238,
2537,"력,역",歷,지날 력(역),16,"지나다, 겪다, 세월을 보내다, 가다. 넘다, 분명하다, 책력, 달력, 역법.",土,238,
2538,"력,역",櫟,나무 력(역),19,"상수리나무, 난간, 땅이름, 성씨. 문지를 로, 고을 이름 약, 구울 조.",木,110,
2539,"력,역",櫟,나무 력(역),19,"상수리나무, 난간, 땅이름, 성씨. 문지를 로, 고을이름 약, 구울 조.",木,238,
2540,"력,역",攊,어루만질 력(역),20,"어루만지다, 스치다, 치다, 때리다. 어루만질 락, 굳은 모양 락.",木,110,옥편19획
2541,"력,역",櫪,말구유 력(역),20,"말구유, 상수리나무. 마구간에 깔아 놓은 널빤지.",木,110,
2542,"력,역",礫,조약돌 력(역),20,"조약돌, 자갈, 모래, 밝은 모양. 뛰어날 락.",木,110,
2543,"력,역",瀝,스며들 력(역),20,"스미다, 스며들다, 물 대다, 쏟다. 흘려보내다, 나타내다, 떨어지다.",水,110,옥편19획
2544,"력,역",攊,어루만질 력(역),20,"어루만지다, 스치다, 치다, 때리다. 어루만질 락, 굳은 모양 락.",木,238,옥편 19획
2545,"력,역",櫪,말구유 력(역),20,"말구유, 상수리나무. 마구간에 깔아 놓은 널빤지.",木,238,
2546,"력,역",礫,조약돌 력(역),20,"조약돌, 자갈, 모래, 밝은 모양. 뛰어날 락.",金,238,
2547,"력,역",瀝,스며들 력(역),20,"스미다, 스며들다, 물 대다, 쏟다. 흘려보내다, 나타내다, 떨어지다.",水,239,옥편 19획
2548,"력,역",癧,연주창 력(역),21,연주창. 갑상선 종이 헐어서 터진 부스럼.,水,110,
2549,"력,역",癧,연주창 력(역),21,연주창. 갑상선 종이 헐어서 터진 부스럼.,水,239,
2550,"력,역",轢,억압할 력(역),22,"억압하다, 억누르다, 짓밟다, 치다. 바퀴에 치다, 치이다, 삐걱거리다.",火,111,
2551,"력,역",轢,억압할 력(역),22,"억압하다, 억누르다, 짓밟다, 치다. 바퀴에 치다, 치이다, 삐걱거리다.",火,239,
2552,"력,역",轣,말구유 력(역),23,"치이다, 속이다, 물레, 삐걱거리다. 수레의 궤도, 수레의 요란한 소리.",火,111,
2553,"력,역",轣,말구유 력(역),23,"치이다, 속이다, 물레, 삐걱거리다. 수레의 궤도, 수레의 요란한 소리.",火,239,
2554,"력,역",靂,벼락 력(역),24,"벼락, 천둥.",水,111,
2555,"력,역",靂,벼락 력(역),24,"벼락, 천둥.",水,239,
2556,"력,역",酈,땅이름 력(역),26,"땅 이름, 고을 이름, 성씨. 땅 이름 려, 땅 이름 리.",土,111,옥편22획
2557,"력,역",酈,땅이름 력(역),26,"땅 이름, 고을 이름, 성씨. 땅 이름 려. 땅 이름 리.",土,239,옥편 22획
2558,련,僆,쌍둥이 련,12,쌍동이. 쌍둥이 련(연),火,,"2024 보완전사(김기승 성명학 9,491자 기준본 대조 추가); 기준본 음(대표) 필드 오류로 뜻풀이 텍스트에서 재추출함"
2559,련,堜,언덕 련,12,언덕. 언덕 련(연),火,,"2024 보완전사(김기승 성명학 9,491자 기준본 대조 추가); 기준본 음(대표) 필드 오류로 뜻풀이 텍스트에서 재추출함"
2560,"련,연",楝,소태나무 련(연),13,"소태나무, 멀구슬나무. 단향목.",木,111,
2561,"련,연",煉,달굴 련(연),13,"달구다, 단련하다, 정제하다, 정련하다. 다듬다, 이기다.",火,111,
2562,"련,연",湅,익힐 련(연),13,"익히다, 단련하다, 연습하다, 가리다. 훈련하다, 풍부하다, 노련하다, 능숙.",水,111,옥편12획
2563,"련,연",楝,소태나무 련(연),13,"소태나무, 멀구슬나무. 단향목.",木,240,
2564,"련,연",煉,달굴 련(연),13,"달구다, 단련하다, 정제하다, 정련하다. 다듬다, 이기다.",火,241,
2565,"련,연",湅,익힐 련(연),13,"익히다, 단련하다, 연습하다, 가리다. 훈련하다, 풍부하다, 노련하다, 능숙.",水,241,옥편 12획
2566,"련,연,란",連,잇당을 련(연),14,"잇닿다, 이어지다, 연속하다, 더디다. 관련되다, 동행, 동반자, 산이름 란.",土,111,옥편11획
2567,"련,연",連,잇닿을 련(연),14,"잇닿다, 이어지다, 연속하다, 더디다. 관련되다, 동행, 동반자, 산이름 란.",土,241,옥편 11획
2568,"련,연",練,익힐 련(연),15,"익히다, 단련하다, 연습하다, 겪다. 훈련하다, 풍부하다, 노력하다, 공연.",木,111,
2569,"련,연",輦,가마 련(연),15,"가마, 손수레, 끌다, 나르다, 싣다. 연-임금이 타는 수레.",火,111,
2570,"련,연",漣,잔물결 련(연),15,"잔물결, 물놀이, 잔 물결이 일다. 눈물 흘리다.",水,111,옥편14획
2571,"련,연",練,익힐 련(연),15,"익히다, 단련하다, 연습하다, 겪다. 훈련하다, 풍부하다, 노력하다, 공연.",木,241,
2572,"련,연",輦,가마 련(연),15,"가마, 손수레, 끌다, 나르다, 싣다. 연-임금이 타는 수레.",火,241,
2573,"련,연",漣,잔물결 련(연),15,"잔물결, 물놀이, 잔 물결이 일다. 눈물 흘리다.",水,241,옥편 14획
2574,"련,연,린",憐,사랑할 련(연),16,"사랑하다, 귀여워하다, 사랑, 동정. 불쌍히 여기다. 이웃 린.",火,111,옥편15획
2575,"련,연",璉,이을 련(연),16,"잇다, 이어지다, 제사에 쓰는 제기. 호련-오곡을 담아 신에게 바치는 제기",金,111,옥편15획
2576,"련,연",憐,사랑할 련(연),16,"사랑하다, 귀여워하다, 사랑, 동정. 불쌍히 여기다, 이웃 린.",火,241,옥편 15획
2577,"련,연",璉,이을 련(연),16,"잇다, 이어지다, 제사에 쓰는 제기. 호련-오곡을 담아 신에게 바치는 제기",金,242,옥편 15획
2578,"련,연",蓮,연꽃 련(연),17,"연꽃, 연. 연밥-연꽃의 열매",木,111,옥편15획
2579,"련,연",聯,연이를 련(연),17,"연잇다, 잇닿다, 연계하다, 합하다. 이어진 관계, 관청, 혼인, 짝, 對句.",火,111,
2580,"련,연",鍊,단련할 련(연),17,"단련하다, 달구다, 익숙하다, 익히다. 반죽하다, 얽다, 불린 쇠, 쇠사슬.",金,111,
2581,"련,연",縺,길 련(연),17,"길다, 늘이다, 잡아당기다. 연장하다. 사람 이름.",木,242,
2582,"련,연",蓮,연꽃 련(연),17,"연꽃, 연. 연밥-연꽃의 열매",木,242,옥편 15획
2583,"련,연",聯,연이를 련(연),17,"연잇다, 잇닿다, 연계하다, 합하다. 이어진 관계, 관청, 혼인, 대, 대구.",火,242,
2584,"련,연",鍊,단련할 련(연),17,"단련하다, 달구다, 익숙하다, 익히다. 반죽하다, 얽다, 불린 쇠, 쇠사슬.",金,242,
2585,"련,연",鏈,쇠사슬 련(연),19,"쇠사슬, 케이블, 구리의 한 가지. 납의 광석.",金,111,
2586,"련,연",鏈,쇠사슬 련(연),19,"쇠사슬, 케이블, 구리의 한 가지. 납의 광석.",金,242,
2587,"련,연",鰊,청어 련(연),20,청어. 비웃-청어를 식료품으로 이르는 말,水,111,
2588,"련,연",鰊,청어 련(연),20,청어. 비웃-청어를 식료품으로 이르는 말,水,242,
2589,"련,연",孌,아름다울 련(연),22,"아름답다, 젊고 예쁘다, 그리워하다. 따르다, 순하다, 순종하다.",土,111,
2590,"련,연",鰱,연어 련(연),22,연어.,水,111,
2591,"련,연",孌,아름다울 련(연),22,"아름답다, 젊고 예쁘다, 그리워하다. 따르다, 순하다, 순종하다.",土,242,
2592,"련,연",鰱,연어 련(연),22,연어.,水,242,
2593,련,奱,더위잡고 오를 련,22,이룰. 더위잡고 오를 련(연),火,,"2024 보완전사(김기승 성명학 9,491자 기준본 대조 추가); 기준본 음(대표) 필드 오류로 뜻풀이 텍스트에서 재추출함"
2594,"련,연",孿,사모할 련(연),23,"사모하다, 그리워하다, 매이다. 걸리다, 이어지다, 경련하다, 쥐나다.",木,112,
2595,"련,연",戀,사모할 련(연),23,"사모하다 그리워하다, 사랑하다, 연애. 그립다, 그리움, 잊지 못하다.",火,112,
2596,"련,연",孿,사모할 련(연),23,"사모하다, 그리워하다, 매이다. 걸리다, 이어지다, 경련하다, 쥐나다.",木,242,
2597,"련,연",戀,사모할 련(연),23,"사모하다, 그리워하다, 사랑하다. 그립다, 그리움, 잊지 못하다, 연애",火,242,
2598,"련,연",讌,이야기할 련(연),23,"이야기하다, 잔치하다. 술잔치.",金,242,
2599,"련,연",臠,밟을 련(연),25,"밟다, 여위다, 파리하다. 저민 고기.",水,112,
2600,"련,연",臠,밟을 련(연),25,"밟다, 여위다, 파리하다. 저민 고기.",水,243,
2601,"련,연",𨏶,꿰맬 련,26,련. 연. 꿰맬 련(연),火,,"2024 보완전사(김기승 성명학 9,491자 기준본 대조 추가)"
2602,"렬,열",劣,못할 렬(열),6,"못하다, 두 떨어지다, 모자라다, 낮다. 용렬하다, 졸렬하다, 악하다, 어리다.",土,112,
2603,"렬,열",列,벌일 렬(열),6,"벌이다, 줄짓다, 늘어서다, 차례 행렬. 진열하다, 등급, 반열, 석차, 순서.",金,112,
2604,"렬,열",劣,못할 렬(열),6,"못하다, 두 떨어지다, 모자라다, 낮다. 용렬하다, 졸렬하다, 악하다, 어리다.",土,243,
2605,"렬,열",列,벌일 렬(열),6,"벌이다, 줄짓다, 늘어서다, 차례, 행렬. 진열하다, 등급, 반열, 석차, 순서.",金,243,
2606,"렬,열",冽,맑을 렬(열),8,"맑다, 차다, 춥다, 차갑다, 강 이름. 물결 거셀 례.",水,112,
2607,"렬,열",洌,맑을 렬(열),8,"맑다, 차다, 춥다, 차갑다, 강이름. 물결 거셀 례.",水,243,
2608,렬,姴,아름다울 렬,9,아름다울. 아름다울 렬(열),火,,"2024 보완전사(김기승 성명학 9,491자 기준본 대조 추가); 기준본 음(대표) 필드 오류로 뜻풀이 텍스트에서 재추출함"
2609,"렬,열",捩,비틀 렬(열),10,"비틀다, 내걸다, 소리의 형용.",木,112,옥편9획
2610,"렬,열",烈,매울 렬(열),10,"맵다, 대단하다, 굳세다 세차다 밝다. 아름답다, 빛나다, 공덕, 큰 사업.",火,112,
2611,"렬,열,례,예",洌,"맑을 렬(열)/례,예",10,"맑다, 차다, 춥다, 차갑다, 강 이름. 물결 거셀 례.",水,112,옥편9획
2612,"렬,열",捩,비틀 렬(열),10,"비틀다, 내걸다, 소리의 형용.",木,243,옥편 9획
2613,"렬,열",烈,매울 렬(열),10,"맵다, 대단하다, 굳세다, 세차다, 밝다. 아름답다, 빛나다, 공덕, 큰 사업.",火,243,
2614,"렬,열,례,예",洌,"맑을 렬(열)/례,예",10,"맑다, 차다, 춥다, 차갑다, 강이름. 물결 거셀 례.",水,243,옥편 9획
2615,"렬,례",栵,산밤나무 렬,10,작은도토리. 산밤나무 렬(열). 산밤나무 례(예),火,,"2024 보완전사(김기승 성명학 9,491자 기준본 대조 추가); 기준본 음(대표) 필드 오류로 뜻풀이 텍스트에서 재추출함"
2616,"렬,열",捩,비틀 렬(열),12,"비틀다, 꼬다, 꺾다, 절단하다. 검은 암양. 비파를 타는 도구 려.",木,112,옥편11획
2617,"렬,열",裂,찢을 렬(열),12,"찢다, 찢어지다, 쪼개다, 분할하다. 터지다, 재단하다, 자투리, 거열하다.",木,112,
2618,"렬,열",捩,비틀 렬(열),12,"비틀다, 꼬다, 꺾다, 절단하다. 검은 암양, 비파를 타는 도구 려.",木,243,옥편 11획
2619,"렬,열",裂,찢을 렬(열),12,"찢다, 찢어지다, 쪼개다, 분할하다. 터지다, 재단하다, 자투리, 거열하다.",木,243,
2620,"렬,열",颲,말달릴 렬(열),15,"말 달리다, 빠르다, 질풍, 신속하다. 폭풍우, 열풍, 사나운 바람.",木,112,
2621,"렬,열",颲,말달릴 렬(열),15,"알 달리다, 빠르다, 질풍, 신속하다. 폭풍우, 열풍, 사나운 바람.",木,243,
2622,"렴,염",廉,청렴할 렴(염),13,"청렴하다, 검소하다, 소박하다, 염치. 결백하다, 곧다, 값싸다, 날카롭다.",木,112,
2623,"렴,염",廉,청렴할 렴(염),13,"청렴하다, 검소하다, 소박하다, 염치. 결백하다, 곧다, 값싸다, 날카롭다.",木,244,
2624,"렴,염",磏,청렴할 렴(염),15,"청렴하다, 애쓰다, 거친 숫돌 모난 돌. 고심하여 구하다.",金,112,
2625,"렴,염",礛,청렴할 렴(염),15,"청렴하다, 애쓰다, 거친 숫돌, 모난 돌. 고심하여 구하다.",金,244,
2626,"렴,염",斂,저장할 렴(염),17,"저장하다 넣다, 모으다, 감추다, 거의. 대략, 줄잡아, 최소한, 단속하다.",金,112,
2627,"렴,염",濂,물이름 렴(염),17,"물 이름, 시내 이름, 도랑물, 엷다. 싱겁다, 경박할 섬.",水,112,옥편16획
2628,"렴,염",殮,염할 렴(염),17,"염하다, 염습하다, 납관하다, 대렴.",水,112,
2629,"렴,염",斂,저장할 렴(염),17,"저장하다, 넣다, 모으다, 감추다, 거의. 대략, 줄잡아, 최소한, 단속하다.",金,244,
2630,"렴,염",濂,물이름 렴(염),17,"물 이름, 시내 이름, 도랑물, 엷다. 싱겁다, 경박할 섬.",水,244,옥편 16획
2631,"렴,염",殮,염할 렴(염),17,"염하다, 염습하다, 납관하다, 대렴.",水,244,
2632,"렴,염",簾,발 렴(염),19,"발, 주렴. 주막이라는 표시로 쓰는 깃발.",木,112,
2633,"렴,염",簾,발 렴(염),19,"발, 주렴. 주막이라는 표시로 쓰는 깃발.",木,244,
2634,"렴,염",瀲,넘칠 렴(염),21,"넘치다, 뜨다, 물가, 물이 넘치다. 사물의 모양.",水,112,옥편20획
2635,"렴,염",激,넘칠 렴(염),21,"넘치다, 뜨다, 물가, 물이 넘치다. 사물의 모양.",水,245,옥편 20획
2636,"렵,엽",獵,사냥할 렵(엽),19,"사냥하다, 찾다 추구하다, 잡다 밟다. 짓뭉개다, 학대하다 섭렵하, 해치다",土,112,옥편18획
2637,"렵,엽",獵,사냥할 렵(엽),19,"사냥하다, 찾다 추구하다, 잡다, 밟다. 짓뭉개다, 학대하다, 섭렵하다, 해치다",土,245,옥편 18획
2638,"렵,엽",躐,밟을 렵(엽),22,"밟다, 디디다, 넘다, 뛰어 넘다. 쥐다.",土,113,
2639,"렵,엽",躐,밟을 렵(엽),22,"밟다, 디디다, 넘다, 뛰어 넘다. 쥐다.",土,245,
2640,"렵,엽",鬣,갈기 렵(엽),25,"갈기, 새의 머리에 난 털, 수염. 뱀의 비늘, 물고기 지느러미, 솔잎.",火,113,
2641,"렵,엽",鬣,갈기 렵(엽),25,"갈기, 새의 머리에 난 털, 수염. 뱀의 비늘, 물고기 지느러미, 솔잎.",火,245,
2642,"령,영",令,다스릴 령(영),5,"다스리다, 명령하다, 벼슬, 아름답다. 좋다, 착하다, 법령, 규칙, 장관, 계절.",火,113,
2643,"령,영",另,헤어질 령(영),5,"헤어지다, 벌거하다, 따로, 별도로.",水,113,
2644,"령,영",令,다스릴 령(영),5,"다스리다, 명령하다, 벼슬, 아름답다. 좋다, 착하다, 법령 규칙, 장관, 계절",火,245,
2645,"령,영",另,헤어질 령(영),5,"헤어지다, 별거하다. 따로, 별도로.",水,246,
2646,"령,영",伶,영리할 령(영),7,"영리하다, 외롭다, 악공, 노리개, 하인.",火,113,
2647,"령,영",伶,영리할 령(영),7,"영리하다, 외롭다, 악공, 노리개, 하인",火,246,
2648,"령,영",姈,슬기로울 령(영),8,"슬기롭다, 약삭빠르다. 여자의 字.",土,113,
2649,"령,영",岭,고개 령(영),8,"고개, 재, 산봉우리, 산맥이름. 산줄기, 산이 깊다, 산 마루.",土,113,
2650,"령,영",峚,고개 령(영),8,"고개, 재, 산봉우리, 산맥이름, 산줄기. 산이 깊다, 산 마루.",土,113,
2651,"령,영",囹,감옥 령(영),8,"감옥, 옥.",水,113,
2652,"령,영",吟,말할 령(영),8,"말하다, 속삭이다.",水,113,
2653,"령,영",姈,슬기로울 령(영),8,"슬기롭다, 약삭빠르다. 여자의 字.",土,246,
2654,"령,영",岭,고개 령(영),8,"고개, 재, 산봉우리, 산맥이름. 산줄기, 신이 깊다, 산 마루.",土,246,
2655,"령,영",岺,고개 령(영),8,"고개, 재, 산봉우리, 산맥이름, 산줄기. 산이 깊다, 산 마루.",土,246,
2656,"령,영",吟,말할 령(영),8,"말하다, 속삭이다.",水,246,
2657,"령,영",囹,감옥 령(영),8,"감옥, 옥.",水,246,
2658,령,坽,험한 언덕 령,8,험한 언덕. 험한 언덕 령(영),火,,"2024 보완전사(김기승 성명학 9,491자 기준본 대조 추가); 기준본 음(대표) 필드 오류로 뜻풀이 텍스트에서 재추출함"
2659,"령,영",昤,햇빛 령(영),9,"햇빛, 빛나다, 햇빛이 아른거리다.",火,113,
2660,"령,영,련,연",怜,"영리할 령(영)/련,연",9,"영리하다, 지혜롭다. 어여삐 여길 련(연).",火,113,옥편8획
2661,"령,영",泠,깨우칠 령(영),9,"깨우치다, 깨닫다, 맑다, 온화하다. 물 이름, 성씨, 털이 곱슬곱슬하다.",水,113,옥편8획
2662,"령,영",昤,햇빛 령(영),9,"햇빛, 빛나다, 햇빛이 아른거리다.",火,246,
2663,"령,영,련,연",怜,"영리할 령(영)/련,연",9,"영리하다, 지혜롭다. 어여삐 여길 련(연).",火,246,옥편 8획
2664,"령,영",泠,깨우칠 령(영),9,"깨우치다, 깨닫다, 맑다, 온화하다. 물이름, 성씨, 털이 곱슬곱슬하다.",水,246,옥편 8획
2665,"령,영",泳,헤엄칠 령(영),9,헤엄치다. 무자맥질하다.,水,246,옥편 8획
2666,"령,영",朎,영롱할 령,9,령. 영. 영롱할 령(영),火,,"2024 보완전사(김기승 성명학 9,491자 기준본 대조 추가)"
2667,"령,영",秢,나이 령(영),10,나이. 벼 처음 익다.,木,113,
2668,"령,영",玲,옥소리 령(영),10,"옥 소리, 곱다, 영롱하다, 투명하다.",金,113,옥편9획
2669,"령,영",秢,나이 령(영),10,나이. 벼 처음 익다.,木,246,
2670,"령,영",玲,옥소리 령(영),10,"옥 소리, 곱다, 영롱하다, 투영하다.",金,246,옥편 9획
2671,령,皊,흴 령,10,날빛영롱할. 흴 령(영),火,,"2024 보완전사(김기승 성명학 9,491자 기준본 대조 추가); 기준본 음(대표) 필드 오류로 뜻풀이 텍스트에서 재추출함"
2672,령,砱,돌 구멍 령,10,돌구멍. 돌 구멍 령(영),火,,"2024 보완전사(김기승 성명학 9,491자 기준본 대조 추가); 기준본 음(대표) 필드 오류로 뜻풀이 텍스트에서 재추출함"
2673,"령,영",苓,향기풀 령(영),11,"향기 풀, 원추리, 도꼬마리. 씀바귀, 감초, 버섯, 연꽃 연.",木,113,옥편9획
2674,"령,영",笭,향기풀 령(영),11,"향기 풀, 원추리, 도꼬마리. 작은 대바구니, 종다래끼, 멍석, 어롱",木,113,
2675,"령,영",聆,들을 령(영),11,"듣다, 깨닫다, 가다, 따르다, 쫓다. 나이, 연령, 햇수.",火,113,
2676,"령,영",翎,깃 령(영),11,"깃, 살깃.",火,113,
2677,"령,영",羚,영양 령(영),11,"영양, 큰 뿔.",土,113,
2678,"령,영",蛉,잠자리 령(영),11,"잠자리, 배추벌레, 털애미. 명령.",水,114,
2679,"령,영",苓,향기풀 령(영),11,"향기 풀, 원추리, 도꼬마리. 씀바귀, 감초, 버섯. 연꽃 연.",木,246,옥편 9획
2680,"령,영",笭,향기풀 령(영),11,"향기 풀, 원추리, 도꼬마리. 작은 대바구니, 종다래끼, 멍석, 어롱.",木,247,
2681,"령,영",聆,들을 령(영),11,"듣다, 깨닫다, 가다, 따르다, 쫓다. 나이, 연령, 햇수.",火,247,
2682,"령,영",翎,깃 령(영),11,"깃, 살깃.",火,247,
2683,"령,영",羚,영양 령(영),11,"영양, 큰 뿔.",土,247,
2684,"령,영",迎,맞을 영(령),11,"맞다, 맞이하다, 마중하다. 맞추다, 영접하다, ~를 향하여, 마중",土,247,옥편 8획
2685,령,涅,거침없이흐를 령,11,"거침없이 흐르다. 통하다, 가라앉다.",水,247,옥편 10획
2686,"령,영",蛉,잠자리 령(영),11,"잠자리, 배추벌레, 털매미. 명령.",水,247,
2687,"령,영",軨,사냥수레 령(영),12,"사냥 수레, 굴대 빗장 가죽. 작다, 차란, 차창 격자.",火,114,
2688,"령,영",軨,사냥수레 령(영),12,"사냥 수레, 굴대 빗장 가족. 작다, 차란, 차장 격자.",火,247,
2689,"령,영",鈴,방울 령(영),13,"방울, 요령. 수레의 좌우를 가리는 휘장.",金,114,
2690,"령,영,련",零,비내릴 령(영),13,"비 내리다, 떨어지다, 부슬부슬 내리다. 나머지, 우수리, 0, 종족이름 련.",水,114,
2691,"령,영",鈴,방울 령(영),13,"방울, 요령. 수레의 좌우를 가리는 휘장.",金,247,
2692,"령,영",零,비내릴 령(영),13,"비 내리다, 떨어지다, 부슬부슬 내리다. 나머지, 우수리, 0. 종족이름 련.",水,248,
2693,"령,영",領,다스릴 령(영),14,"다스리다, 거느리다, 통솔하다, 받다. 깨닫다, 차지하다, 요소, 요점.",火,114,
2694,"령,영",逞,유쾌할 령(영),14,"유쾌하다, 즐겁다, 굳세다, 용감하다. 왕성하다, 극진하다, 마음대로 하다.",土,114,옥편11획
2695,"령,영",領,다스릴 령(영),14,"다스리다, 거느리다, 통솔하다, 받다. 깨닫다, 차지하다, 요소, 요점.",火,248,
2696,"령,영",逞,유쾌할 령(영),14,"유쾌하다, 즐겁다, 굳세다, 용감하다. 왕성하다, 극진하다, 마음대로 하다.",土,248,옥편 11획
2697,"령,영",鴒,할미새 령(영),16,할미새.,火,114,
2698,"령,영",鹷,소금 령(영),16,"소금, 조수가 들어 오는 곳.",水,114,
2699,"령,영",鴒,할미새 령(영),16,할미새.,火,248,
2700,"령,영",嶺,고개 령(영),17,"고개, 재, 산맥, 산봉우리, 산이 깊다. 산마루의 고개.",土,114,
2701,"령,영",澪,깨우칠 령(영),17,"깨우치다, 깨닫다, 맑다, 온화하다. 물 이름, 성씨, 떨어지다.",水,114,옥편16획
2702,"령,영",嶺,고개 령(영),17,"고개, 재, 산맥, 산봉우리, 산이 깊다. 산마루의 고개.",土,248,
2703,"령,영",濴,깨우칠 령(영),17,"깨우치다, 깨닫다, 맑다, 온화하다. 물이름, 성씨, 떨어지다.",水,249,옥편 16획
2704,"령,영",齡,나이 령(영),20,"나이, 연령.",金,114,
2705,"령,영",齡,나이 령(영),20,"나이, 연령.",金,249,
2706,"령,영",靈,신령 령(영),24,"신령, 혼령, 정신, 정기, 존엄, 하늘. 천제, 복, 총명하다, 통달, 아름답다.",水,114,
2707,"령,영",靈,신령 령(영),24,"신령, 혼령, 정신, 정기, 존엄, 하늘. 천제, 복, 총명하다, 통달, 아름답다.",水,249,
2708,"령,영",欞,별이름 령(영),28,"별 이름, 추녀, 처마, 난간, 격자창.",木,114,
2709,"령,영",欞,별이름 령(영),28,"별 이름, 추녀, 처마, 난간, 격자창.",木,249,
2710,"례,예",礼,예도 례(예),6,"예도, 예절, 인사, 절하다, 예물. 의식, 예우, 예기(경전), 공경하다.",木,114,옥편5획
2711,"례,예",礼,예도 례(예),6,"예도, 예절, 인사, 절하다, 예물. 의식, 예우, 예기(경전), 공경하다.",木,250,옥편 5획
2712,"례,예",例,법식 례(예),8,"법식, 규칙, 규정, 본보기, 예, 관례. 선례, 인증, 사례, 경우, 대개, 대부분",火,114,
2713,"례,예",例,법식 례(예),8,"법식, 규칙, 규정, 본보기, 예, 관례. 선례, 인증, 사례, 경우, 대개, 대부분",火,250,
2714,"례,예",帠,법 예(례),9,"법, 법칙. 법도.",木,250,
2715,"례,예",隷,살필 례(예),16,"살피다, 익히다, 붙다, 종, 죄인. 조사하다, 서체 이름. 미칠 대. 닿을 이",水,114,
2716,"례,예",隸,살필 례(예),16,"살피다, 익히다, 붙다, 종, 죄인. 조사하다, 서체 이름. 미칠 대, 닿을 이",水,252,
2717,"례,예",隸,살필 례(예),17,"살피다, 익히다, 붙다, 종, 죄인. 조사하다, 서체이름. 미칠 대. 닿을 이",水,114,
2718,"례,예",澧,단물샘 례(예),17,"감천-단 물 샘, 강 이름, 파도소리. 빠르고 세차다, 세찰 풍.",水,114,옥편16획
2719,"례,예",澧,단물샘 례(예),17,"감천-단 물 샘, 강 이름, 파도소리. 빠르고 세차다, 세찰 풍.",水,252,옥편 16획
2720,"례,예",隸,살필 례(예),17,"살피다, 익히다, 붙다, 종, 죄인. 조사하다, 서체 이름. 미칠 대, 닿을 이",水,252,
2721,"례,예",禮,예도 례(예),18,"예도, 예절, 인사, 절하다, 예물. 의식, 예우, 예기(경전), 공경하다.",木,114,
2722,"례,예",禮,예도 례(예),18,"예도, 예절, 인사, 절하다, 예물. 의식, 예우, 예기(경전), 공경하다.",木,252,
2723,"례,예",醴,단술 례(예),20,"단술, 감주, 맑은 술, 진액. 달다, 맛 좋은 술.",金,114,
2724,"례,예",醴,단술 례(예),20,"단술, 감주, 맑은 술, 진액. 달다, 맛 좋은 술.",金,252,
2725,"례,예",鱧,가물치 례(예),24,"가물치, 국, 끓인 국. 칠성장어.",水,115,
2726,"례,예",鱧,가물치 례(예),24,"가물치, 국, 끓인 국. 칠성장어.",水,253,
2727,"로,뢰",窂,우리 로,9,우리 로. 우리 로(노). 우리 뢰(뇌),水,,"2024 보완전사(김기승 성명학 9,491자 기준본 대조 추가)"
2728,로,㯝,오동나무 로,16,로. 오동나무 로(노),火,,"2024 보완전사(김기승 성명학 9,491자 기준본 대조 추가)"
2729,로,櫓,방패 노(로),19,"방패, 망루, 배 젓는 노, 상앗대.",木,116,
2730,로,蕗,감초 노(로),19,"감초, 물감 나무.",木,116,옥편17획
2731,로,壚,검은흙 노(로),19,"흑토, 화로, 향로, 주막, 술집. 목로, 황흑색의 흙.",土,116,
2732,로,嚧,웃을 노(로),19,웃다.,水,116,
2733,로,櫨,두공 노(로),20,두공-기둥 위의 방형의 나무. 과실-레몬의 일종,木,116,
2734,로,爐,화로 노(로),20,화로.,火,116,
2735,로,瀘,강이름 노(로),20,강 이름.,水,116,
2736,로,鑪,칼자루 노(로),20,"칼 자루, 아교 그릇, 부레 그릇.",金,116,
2737,로,攎,당길 로,20,당길. 당길 로(노),火,,"2024 보완전사(김기승 성명학 9,491자 기준본 대조 추가); 기준본 음(대표) 필드 오류로 뜻풀이 텍스트에서 재추출함"
2738,로,艪,배젓는 노(로),21,"노, 상앗대.",木,116,
2739,로,瓐,비취옥 노(로),21,비취 옥.,金,116,옥편20획
2740,로,露,이슬 노(로),21,"이슬, 좋은 술, 드러나다, 나타나다. 러시아, 은혜를 베풀다, 고달프다.",水,116,
2741,로,鐪,아교 그릇 로,21,아교 그릇 로. 아교 그릇 로(노),火,,"2024 보완전사(김기승 성명학 9,491자 기준본 대조 추가)"
2742,로,鏴,수레 로,21,금길. 수레 로(노),火,,"2024 보완전사(김기승 성명학 9,491자 기준본 대조 추가); 기준본 음(대표) 필드 오류로 뜻풀이 텍스트에서 재추출함"
2743,로,矑,눈동자 로,21,눈동자. 눈동자 로(노),火,,"2024 보완전사(김기승 성명학 9,491자 기준본 대조 추가); 기준본 음(대표) 필드 오류로 뜻풀이 텍스트에서 재추출함"
2744,로,艫,뱃머리 노(로),22,"뱃머리, 고물, 운송선.",木,116,
2745,로,蘆,냉이 노(로),22,"갈대, 냉이.",水,116,옥편20획
2746,로,轤,도르레 노(로),23,"도르레, 화차.",火,116,
2747,로,鷺,해오라기 노(로),24,해오라기.,火,116,
2748,로,鑪,화로 노(로),24,"화로, 향로, 풀무, 뙤약볕, 목로.",金,116,
2749,로,顱,머리뼈 노(로),25,"머리뼈, 두개골, 해골.",火,116,
2750,로,髗,머리뼈 노(로),26,"머리뼈, 두개골, 해골.",金,116,
2751,로,鸕,가마우지 노(로),27,"가마우지, 더펄새.",火,116,
2752,로,鱸,농어 노(로),27,농어.,水,116,
2753,록,甪,사람 이름 록,6,사람이름. 사람 이름 록(녹),火,,"2024 보완전사(김기승 성명학 9,491자 기준본 대조 추가); 기준본 음(대표) 필드 오류로 뜻풀이 텍스트에서 재추출함"
2754,록,彔,새길 록,8,새길 록. 새길 록(녹),火,,"2024 보완전사(김기승 성명학 9,491자 기준본 대조 추가)"
2755,록,摝,흔들 록,15,떨칠. 흔들 록(녹),火,,"2024 보완전사(김기승 성명학 9,491자 기준본 대조 추가); 기준본 음(대표) 필드 오류로 뜻풀이 텍스트에서 재추출함"
2756,록,鵦,새 이름 록,19,새의잡털의빛갈. 새 이름 록(녹),火,,"2024 보완전사(김기승 성명학 9,491자 기준본 대조 추가); 기준본 음(대표) 필드 오류로 뜻풀이 텍스트에서 재추출함"
2757,"론,륜",惀,생각할 론,12,생각할. 생각할 론(논). 생각할 륜(윤),火,,"2024 보완전사(김기승 성명학 9,491자 기준본 대조 추가); 기준본 음(대표) 필드 오류로 뜻풀이 텍스트에서 재추출함"
2758,롱,巃,가파를 롱,19,산가파를. 가파를 롱(농),火,,"2024 보완전사(김기승 성명학 9,491자 기준본 대조 추가); 기준본 음(대표) 필드 오류로 뜻풀이 텍스트에서 재추출함"
2759,뢰,儡,꼭두각시 뢰,17,꼭두각시 뢰. 꼭두각시 뢰(뇌),火,,"2024 보완전사(김기승 성명학 9,491자 기준본 대조 추가)"
2760,"료,요",了,마칠 료(요),2,"마치다, 끝나다, 완결하다, 완전히. 밝다, 맑다, 명백하다, 똑똑하다.",金,119,
2761,"료,요",了,마칠 료(요),2,"마치다, 끝나다, 완결하다, 완전히. 밝다, 맑다, 명백하다, 똑똑하다.",金,262,
2762,료,炓,불빛 환할 료,8,불빛 환할. 불빛 환할 료(요),火,,"2024 보완전사(김기승 성명학 9,491자 기준본 대조 추가); 기준본 음(대표) 필드 오류로 뜻풀이 텍스트에서 재추출함"
2763,"료,요",料,헤아릴 료(요),10,"헤아리다, 생각하다 다스리다, 꾀하다. 삯 급여, 값, 거리, 일감, 수를 세다.",木,119,
2764,"료,요",料,헤아릴 료(요),10,"헤아리다, 생각하다, 다스리다, 꾀하다. 삯, 급여, 값, 거리, 일감, 수를 세다.",木,262,
2765,"료,요",聊,편안할 료(요),11,"편안하다 즐기다, 힘입다, 귀가 울리다. 어조사 애오라지-부족하나마 그런대로",火,119,
2766,"료,요",聊,편안할 료(요),11,"편안하다, 즐기다, 힘입다, 귀가 울리다. 어조사, 애오라지-부족하나마 그런대로",火,262,
2767,"료,요",廖,공허할 료(요),14,"공허하다, 텅 비다, 쓸쓸하다. 하늘, 사람 이름 성씨. 나라 이름 류.",木,119,
2768,"료,요",僚,예쁠 료(요),14,"예쁘다, 동료, 벼슬아치, 관리, 동관.",火,119,
2769,"료,요",廖,공허할 료(요),14,"공허하다, 텅 비다, 쓸쓸하다. 하늘, 사람 이름, 성씨, 나라 이름 류",木,263,
2770,"료,요",僚,예쁠 료(요),14,"예쁘다, 동료, 벼슬아치, 관리, 동관.",火,263,
2771,"료,요",寮,벼슬아치 료(요),15,"벼슬아치, 같은 관청의 동료. 작은 창, 작은 집, 텅 비다.",木,119,
2772,"료,요",嫽,예쁠 료(요),15,"예쁘다, 아름답다, 가지고 놀다. 장난치다, 희롱하다, 슬퍼하다.",土,119,
2773,"료,요",嘹,맑은소리 료(요),15,"맑은 소리, 새 소리, 피리 소리. 멀리까지 들리는 소리, 울다.",水,119,
2774,"료,요",寮,벼슬아치 료(요),15,"벼슬아치, 같은 관청의 동료. 작은 창, 작은 집, 텅 비다.",木,263,
2775,"료,요",嬲,예쁠 료(요),15,"예쁘다, 아름답다, 가지고 놀다. 장난치다, 희롱하다, 슬퍼하다.",土,263,
2776,"료,요",嘹,맑은소리 료(요),15,"맑은 소리, 새 소리, 피리 소리. 멀리까지 들리는 소리, 울다.",水,264,
2777,"료,류,력,효",漻,맑고 깊을 료,15,깊을. 맑고 깊을 료(요). 맑고 깊을 류(유). 변할 력(역). 큰 모양 효,火,,"2024 보완전사(김기승 성명학 9,491자 기준본 대조 추가); 기준본 음(대표) 필드 오류로 뜻풀이 텍스트에서 재추출함"
2778,"료,요",撩,다스릴 료(요),16,"다스리다, 돋우다, 취하다. 놀리다, 어지럽다.",木,119,옥편15획
2779,"료,요",燎,밝을 료(요),16,"밝다, 비추다, 횃불, 타다, 말리다. 화롯불, 태우다, 야화, 굽다, 밤사냥.",火,119,
2780,"료,요",暸,밝을 료(요),16,"밝다, 환하다.",火,119,
2781,"료,요",獠,밤사냥 료(요),16,"밤 사냥, 사냥, 흉측한 모양. 오랑캐 이름 로, 자식 로.",土,119,옥편15획
2782,"료,요",膋,발기름 료(요),16,짐승의 뱃가죽 안쪽에 낀 지방 덩어리.,水,119,옥편14획
2783,"료,요",潦,잠길 료(요),16,"잠기다, 담그다, 큰 비, 장마, 적시다. 차갑다, 춥다, 요수, 물에 잠길 로.",水,119,옥편15획
2784,"료,요",撩,다스릴 료(요),16,"다스리다, 돋우다, 취하다. 놀리다, 어지럽다.",木,264,옥편 15획
2785,"료,요",燎,밝을 료(요),16,"밝다, 비추다, 횃불, 타다, 말리다. 화톳불, 태우다, 야화, 굽다, 방사냥.",火,264,
2786,"료,요",瞭,밝을 료(요),16,"밝다, 환하다.",火,264,
2787,"료,요",徼,돌 요(료),16,"순행하다, 돌아다니며 살피다. 미묘하다, 바라다, 훙치다.",火,264,
2788,"료,요",獠,밤사냥 료(요),16,"밤 사냥, 사냥, 흉측한 모양. 오랑캐 이름 로, 자식 로.",土,264,옥편 15획
2789,"료,요",膫,발기름 료(요),16,짐승의 뱃가죽 안쪽에 낀 지방 덩어리.,水,264,옥편 14획
2790,"료,요",潦,잠길 료(요),16,"잠기다, 담그다, 큰 비, 장마, 적시다. 차갑다, 춥다, 요수, 물에 잠길 료.",水,264,옥편 15획
2791,"료,요",蓼,괴로울 료(요),17,"괴롭다 힘들다 고생이 많다, 여뀌 풀. 클 륙, 찾을 로, 끌어 당길 류.",木,120,옥편15획
2792,"료,요",瞭,밝을 료(요),17,"밝다, 맑다, 뚜렷하다, 분명하다. 명백하다, 알고 있다, 바라보다.",木,120,
2793,"료,요",療,극복할 료(요),17,"극복하다, 물리치다, 병 고치다. 치료하다, 질병 삭.",水,120,
2794,"료,요,류",蓼,괴로울 료(요),17,"괴롭다, 힘들다, 고생하다, 여뀌 풀. 클 륙, 찾을 로, 끌어 당길 류.",木,264,옥편 15획
2795,"료,요",瞭,밝을 료(요),17,"밝다, 맑다, 뚜렷하다, 분명하다. 명백하다, 알고 있다, 바라보다.",木,264,
2796,"료,요",療,극복할 료(요),17,"극복하다, 물리치다, 병 고치다. 치료하다, 질병 삭.",水,264,
2797,료,鄝,나라 이름 료,17,나라이름. 나라 이름 료(요),火,,"2024 보완전사(김기승 성명학 9,491자 기준본 대조 추가); 기준본 음(대표) 필드 오류로 뜻풀이 텍스트에서 재추출함"
2798,"료,요",繚,다스릴 료(요),18,"다스리다, 두르다, 감기다, 비틀다. 묶다, 사람 이름.",木,120,
2799,"료,요",醪,막걸리 료(요),18,"막걸리, 탁주, 술.",金,120,
2800,"료,요",繚,다스릴 료(요),18,"다스리다, 두르다, 감기다, 비틀다. 묶다, 사람 이름.",木,264,
2801,"료,요",繞,두를 요(료),18,"둘러싸다, 두르다, 늘어지게 불다. 감다, 얽어매다, 부끄럽다, 붉히다.",木,265,
2802,"료,요",曜,빛날 요(료),18,"자랑하다, 비추다, 빛나다. 햇빛, 햇살, 요일, 일월성신, 칠요.",火,265,
2803,"료,요",燿,빛날 요(료),18,"비치다, 빛나다, 녹이다. 녹일 삭",火,265,
2804,"료,요",醪,막걸리 료(요),18,"막걸리, 탁주, 술.",金,265,
2805,"료,요",蟯,요충 요(료),18,"작은 벌레, 요충.",水,265,
2806,"료,요",遼,요나라 료(요),19,"요 나라, 땅 이름, 강 이름. 멀다, 늦추다, 느슨하게 하다.",土,120,옥편16획
2807,"료,요",遼,요나라 료(요),19,"요 나라, 땅 이름, 강 이름. 멀다, 늦추다, 느슨하게 하다.",土,265,옥편 16획
2808,"료,요",飂,바람소리 료(요),20,"바람 소리, 서풍, 높이 부는 바람. 성씨 류.",木,120,
2809,"료,요",鐐,은 료(요),20,"은, 품질이 뛰어난 은. 화로, 족쇄.",金,120,
2810,"료,요",飉,바람소리 료(요),20,"바람 소리, 서풍, 높이 부는 바람. 성씨 류.",木,265,
2811,"료,요",耀,빛날 요(료),20,"영광스럽다, 미혹되다, 현혹되다. 빛, 광채, 영광, 빛내다.",火,265,
2812,"료,요",邀,맞을 요(료),20,"맞다, 맞이하다, 구하다, 요구하다. 만나다, 마주치다, 부르다.",土,265,옥편 17획
2813,"료,요",鐐,은 료(요),20,"은, 품질이 뛰어난 은. 화로, 족쇄.",金,265,
2814,"료,요",飉,산들바람 료(요),21,"바람, 산들바람, 질풍의 소리. 노래 부르는 소리.",木,120,
2815,"료,요",飂,산들바람 료(요),21,"바람, 산들바람, 질풍의 소리. 노래 부르는 소리.",木,265,
2816,"료,요",鷂,새매 요(료),21,오색의 꿩. 인덕귀(새매의 암컷). 새매(수릿과의 새),火,265,
2817,"료,요",饒,넉넉할 요(료),21,"넉넉하다, 기름지다, 두텁다. 넉넉하게 하다, 용서하다, 너그럽다",水,265,
2818,"룡,용,농,망,총",竜,"용 룡(용)/농,망,총",10,"용, 임금, 천자, 비범한, 훌륭한 사람. 명마, 별이름, 언덕 롱(농), 얼룩망, 은총.",金,120,龍의 俗字
2819,"룡,용,농,망,총",竜,"용 룡(용)/농,망,총",10,"용, 임금, 천자, 비범한, 출룡한 사람. 명마, 별이름, 언덕 롱(농), 얼룩 망, 은총 총.",金,266,龍의 俗字
2820,"룡,용",龍,용 룡(용),16,"용, 임금, 천자, 비범한, 훌륭한 사람. 명마, 별 이름, 언덕 롱, 은총 총.",土,120,
2821,"룡,용",龍,용 룡(용),16,"용, 임금, 천자, 비범한, 훌륭한 사람. 명마, 별이름, 언덕 롱, 은총 총.",土,267,
2822,룡,徿,비틀거릴 룡,19,비틀거릴. 비틀거릴 룡(용),火,,"2024 보완전사(김기승 성명학 9,491자 기준본 대조 추가); 기준본 음(대표) 필드 오류로 뜻풀이 텍스트에서 재추출함"
2823,"룡,용",龒,용 룡(용),21,"용, 임금, 천자, 비범한, 훌륭한 사람. 영마, 별 이름, 언덕 롱, 은총 총.",土,120,龍의 古字
2824,"룡,용",龓,용 룡(용),21,"용, 임금, 천자, 비범한, 훌륭한 사람. 명마, 별이름, 언덕 롱, 은총 총.",土,267,龍의 古字
2825,"루,누,라,렵",累,여러 루(누),11,"여러, 자주, 거듭하다, 더럽히다. 벌거벗을 라, 땅 이름 렵.",火,120,
2826,루,漊,지적지적할 루,15,물이름. 지적지적할 루(누),火,,"2024 보완전사(김기승 성명학 9,491자 기준본 대조 추가); 기준본 음(대표) 필드 오류로 뜻풀이 텍스트에서 재추출함"
2827,루,摟,끌어모을 루,15,안을. 끌어모을 루(누),火,,"2024 보완전사(김기승 성명학 9,491자 기준본 대조 추가); 기준본 음(대표) 필드 오류로 뜻풀이 텍스트에서 재추출함"
2828,루,謱,말 엉킬 루,18,곡진할. 말 엉킬 루(누),火,,"2024 보완전사(김기승 성명학 9,491자 기준본 대조 추가); 기준본 음(대표) 필드 오류로 뜻풀이 텍스트에서 재추출함"
2829,"류,유",柳,버들 류(유),9,"버들, 버드나무, 수레 이름, 별이름. 모이다, 오음의 하나, 상여의 장식.",木,121,
2830,"류,유",柳,버들 류(유),9,"버들, 버드나무, 수레 이름, 별이름. 모이다, 오음의 하나, 상여의 장식.",木,278,
2831,"류,유",留,머무를 류(유),10,"머무르다, 정지하다, 붙잡다, 억류하다. 다스리다, 만류하다, 늦다, 별 이름.",土,121,
2832,"류,유",留,머무를 류(유),10,"머무르다, 정지하다, 붙잡다, 억류하다. 다스리다, 만류하다, 늦다, 별 이름.",土,278,
2833,"류,유",流,흐를 류(유),11,"흐르다, 방랑하다, 떠돌다, 갈래, 분파. 전하다, 거침없다, 흐름, 사회 계층.",水,121,옥편10획
2834,"류,유",流,흐를 류(유),11,"흐르다, 방랑하다, 떠돌다, 갈래, 분파. 전하다, 거침없다, 흐름, 사회 계층.",水,279,옥편 10획
2835,"류,유",琉,유리 류(유),12,"버들, 버드나무, 수레 이름, 별이름. 모이다, 오음의 하나, 상여의 장식.",金,121,옥편11획
2836,"류,유",硫,유황 류(유),12,유황.,金,121,
2837,"류,유",硫,유황 류(유),12,유황.,金,279,
2838,"류,유",旒,깃발 류(유),13,깃발. 면류관 끈.,土,121,
2839,"류,유",旃,깃발 류(유),13,깃발. 면류관 끈.,土,280,
2840,"류,유,묘",鉚,쇠 류,13,류. 유. 쇠 류(유). 땜질할 묘,火,,"2024 보완전사(김기승 성명학 9,491자 기준본 대조 추가)"
2841,"류,유",榴,석류 류(유),14,"석류, 석류 나무.",木,121,
2842,"류,유",溜,흐를 류(유),14,"흐르다, 급류, 머무르다, 김 서리다. 처마물, 낙수받이, 물방울 덜어지다.",水,122,옥편13획
2843,"류,유",榴,석류 류(유),14,"석류, 석류 나무.",木,280,
2844,"류,유",璓,옥이름 류(유),14,옥이름,金,280,옥편 13획
2845,"류,유",溜,흐를 류(유),14,"흐르다, 급류, 머무르다, 김 서리다. 처마물, 낙수받이, 물방울 떨어지다.",水,280,옥편 13획
2846,"류,유",瑠,유리 류(유),15,"맑은 유리, 유리, 나라 이름.",金,122,옥편14획
2847,"류,유",劉,죽일 류(유),15,"죽이다, 살해하다, 베풀다, 도끼, 칼. 예쁘다, 승리하다, 이겨내다, 성씨.",金,122,
2848,"류,유",瘤,혹 류(유),15,"혹, 종양.",水,122,
2849,"류,유",劉,승리 류(유),15,"죽이다, 살해하다, 베풀다, 도끼, 칼. 예쁘다, 승리하다, 이겨내다, 성씨.",金,281,
2850,"류,유",瘤,혹 류(유),15,"혹, 종양.",水,281,
2851,"류,유",檑,석류 류(유),16,"석류, 석류 나무. 짐승 이름.",木,122,
2852,"류,유",榴,석류 류(유),16,"석류, 석류 나무. 짐승 이름.",木,281,
2853,류,瑬,면류관 드림 류,16,면류관드림옥. 면류관 드림 류(유),火,,"2024 보완전사(김기승 성명학 9,491자 기준본 대조 추가); 기준본 음(대표) 필드 오류로 뜻풀이 텍스트에서 재추출함"
2854,"류,유",縲,포승 류(유),17,"포승, 묶다, 죄인을 묶는 검은 줄. 묶을 루, 밧줄 라.",木,122,
2855,"류,유",遛,머무를 류(유),17,"머무르다, 정지하다, 붙잡다, 억류하다. 다스리다, 만류하다, 늦다, 별이름.",土,122,옥편14획
2856,"류,유",縲,포승 류(유),17,"포승, 묶다, 죄인을 묶는 검은 줄. 묶을 루, 밧줄 라.",木,281,
2857,"류,유",遛,머무를 류(유),17,"머무르다, 정지하다, 붙잡다, 억류하다. 다스리다, 만류하다, 늦다, 별이름.",土,281,옥편 14획
2858,"류,유",謬,그르칠 류(유),18,"그르치다, 잘못하다, 속이다, 틀리다. 어긋나다, 착오, 미친 소리, 잘못.",金,122,
2859,"류,유",謬,그르칠 류(유),18,"그르치다, 잘못하다, 속이다, 틀리다. 어긋나다, 착오, 미친 소리, 잘못.",金,282,
2860,"류,유,여,연,이",濡,"온화할 류(유)/여,연,이",18,"부드럽다, 온화하다, 더디다, 견디다. 편안할 여, 유약할 연, 삶을 이, 머리감을 난",水,282,옥편 17획
2861,"류,유",類,무리 류(유),19,"무리, 동아리, 대개, 대부분, 비슷하다. 같다, 좋다, 나누다, 치우칠 뢰.",火,122,
2862,"류,유",瀏,맑을 류(유),19,"맑다, 빠르다, 밝다, 선선하다. 바람이 빠르다.",水,122,옥편18획
2863,"류,유",類,무리 류(유),19,"무리, 동아리, 대개, 대부분, 비슷하다. 같다, 좋다, 나누다, 치우칠 뢰.",火,282,
2864,"류,유",瀏,맑을 류(유),19,"맑다, 빠르다, 밝다, 선선하다. 바람이 빠르다.",水,282,옥편 18획
2865,류,鏐,금 류,19,순금. 금 류(유),火,,"2024 보완전사(김기승 성명학 9,491자 기준본 대조 추가); 기준본 음(대표) 필드 오류로 뜻풀이 텍스트에서 재추출함"
2866,류,懰,근심할 류,19,아름다울. 근심할 류(유). 예쁠 류(유),火,,"2024 보완전사(김기승 성명학 9,491자 기준본 대조 추가); 기준본 음(대표) 필드 오류로 뜻풀이 텍스트에서 재추출함"
2867,"류,유,루,누",纍,"맬 류(유)/루,누",21,"매다, 얽히다, 연루, 잡아매다, 재앙. 여러 루(누), 자주 루(누).",木,122,
2868,"류,유",鶹,올빼미 류(유),21,"올빼미, 수리부엉이. 송골매 골, 별 이름 순, 아름다울 순.",火,122,
2869,"류,유,루,누",纝,"맬 류(유)/루,누",21,"매다, 얽히다, 연루, 잡아매다, 재앙. 여러 루(누). 자주 루(누).",木,282,
2870,"류,유",鶹,올빼미 류(유),21,"올빼미, 수리부엉이. 송골매 골, 별이름 순, 아름다울 순.",火,282,
2871,"륙,육",六,여섯 륙(육),4,"여섯, 여섯 번, 죽이다.","土,金",122,
2872,"륙,육",六,여섯 륙(육),4,"여섯, 여섯 번, 죽이다.","土,金",282,
2873,"륙,육",勠,합할 륙(육),13,"합하다, 힘을 합하다. 같이 힘쓰다.",土,122,
2874,"륙,육",勠,합할 륙(육),13,"합하다, 힘을 합하다. 같이 힘쓰다.",土,283,
2875,"륙,육",戮,합할 륙(육),15,"합하다, 합치다, 죽이다, 육시하다. 욕보이다, 욕되다, 벌, 형벌, 치욕.",金,122,
2876,"륙,육",戮,합할 륙(육),15,"합하다, 합치다, 죽이다, 육시하다. 욕보이다, 욕되다, 벌, 형벌, 치욕.",金,283,
2877,"륙,육",陸,땅 륙(육),16,"땅, 뭍, 육지, 언덕, 길, 두텁다. 높고 평평한 땅, 육(六).",土,122,옥편11획
2878,"륙,육",陸,땅 륙(육),16,"땅, 물, 육지, 언덕, 길, 두텁다. 높고 평평한 땅, 육(六).",土,283,옥편 11획
2879,"륜,윤",侖,생각할 륜(윤),8,"생각하다, 둥글다, 펴다, 반성하다. 빠지다, 차례.",火,122,
2880,"륜,윤",侕,생각할 륜(윤),8,"생각하다, 둥글다, 펴다, 반성하다. 빠지다, 차례.",火,283,
2881,"륜,윤",倫,인륜 륜(윤),10,"인륜, 윤리, 도리, 무리, 또래, 차례. 순차, 동등, 떳떳하다, 나뭇결.",火,122,
2882,"륜,윤",倫,인륜 륜(윤),10,"인륜, 윤리, 도리, 무리, 또래, 차례. 순차, 동등, 떳떳하다, 나뭇결.",火,283,
2883,"륜,윤",崙,산이름 륜(윤),11,"산 이름, 산 모양, 산이 험하다. 崘과 同字",土,122,
2884,"륜,윤",崘,산이름 륜(윤),11,"산 이름, 산 모양, 산이 험하다. 崙과 同字",土,122,
2885,"륜,윤",崙,산이름 륜(윤),11,"산 이름, 산 모양, 산이 험하다. 崘과 同字",土,283,
2886,"륜,윤",崘,산이름 륜(윤),11,"산 이름, 산 모양, 산이 험하다. 崙과 同字",土,283,
2887,"륜,윤",掄,선택할 륜(윤),12,"선택하다, 가리다, 분간하다, 꿰뚫다. 꿰뚫을 론.",木,123,옥편11획
2888,"륜,윤",淪,빠질 륜(윤),12,"빠지다 잠기다, 이끌다 배다, 망하다. 물 돌아 흐를 론.",水,123,옥편11획
2889,"륜,윤",掄,선택할 륜(윤),12,"선택하다, 가리다, 분간하다, 꿰뚫다. 꿰뚫을 론.",木,284,옥편 11획
2890,"륜,윤",淪,빠질 륜(윤),12,"빠지다, 잠기다, 이끌다, 배다, 망하다. 물 돌아 흐를 론.",水,284,옥편 11획
2891,륜,棆,느릅나무 륜,12,느릅나무. 느릅나무 륜(윤),火,,"2024 보완전사(김기승 성명학 9,491자 기준본 대조 추가); 기준본 음(대표) 필드 오류로 뜻풀이 텍스트에서 재추출함"
2892,"륜,윤",綸,다스릴 륜(윤),14,"다스리다, 싸다, 거문고줄, 버리, 솜. 굵은 실 땅 이름. 허리끈 관, 두건 관",木,123,
2893,"륜,윤",綸,다스릴 륜(윤),14,"다스리다, 싸다, 거문고줄, 벼리, 솜. 굵은 실, 땅 이름. 허리끈 관, 두건 관",木,284,
2894,"륜,윤",輪,바퀴 륜(윤),15,"바퀴, 수레, 둘레, 높다, 세로. 돌다, 우렁차다, 성씨.",火,123,
2895,"륜,윤",輪,바퀴 륜(윤),15,"바퀴, 수레, 둘레, 높다, 세로. 돌다, 우렁차다, 성씨.",火,284,
2896,륜,踚,날래게 걸을 륜,15,날래게 걸을. 날래게 걸을 륜(윤),火,,"2024 보완전사(김기승 성명학 9,491자 기준본 대조 추가); 기준본 음(대표) 필드 오류로 뜻풀이 텍스트에서 재추출함"
2897,"륜,윤",錀,금 륜(윤),16,금.,金,123,
2898,"륜,윤",鈗,금 륜(윤),16,금.,金,284,
2899,"률,율",律,법칙 률(율),9,"법 법칙, 규칙, 법령, 계율, 지위 등급. 비율, 음률, 가락, 한도, 율시, 본뜨다",火,123,
2900,"률,율",律,법칙 률(율),9,"법 법칙 규칙, 법령, 계율, 지위 등급. 비율, 음률, 가락, 율시, 본뜨다",火,284,
2901,"률,율",㖀,소리 률,9,률. 율. 소리 률(율),火,,"2024 보완전사(김기승 성명학 9,491자 기준본 대조 추가)"
2902,"률,율",栗,밤 률(율),10,"밤, 밤나무, 단단하다, 견실하다, 춥다. 공손하다, 엄숙하다, 위엄 있다.",木,123,
2903,"률,율",栗,밤 률(율),10,"밤 밤나무, 단단하다 견실하다, 춥다. 공손하다, 엄숙하다, 위엄 있다",木,284,
2904,"률,율,솔,수",率,"비율 률(율)/솔,수",11,"비율, 제한. 거느릴 솔, 장수 수.",火,123,
2905,"률,율,솔,수",率,"비율 률(율)/솔,수",11,"비율, 제한. 거느릴 솔, 장수 수.",火,285,
2906,"률,율",硉,가파를 률(율),12,"가파르다, 산이 높고 험하다.",土,123,
2907,"률,율",崚,가파를 률(율),12,"가파르다, 산이 높고 험하다.",土,285,
2908,"률,율",颶,큰바람 률(율),13,"벼슬, 큰바람, 나라이름",木,285,
2909,률,㟳,산 이름 률,13,률. 산 이름 률(율),火,,"2024 보완전사(김기승 성명학 9,491자 기준본 대조 추가)"
2910,"률,율",慄,떨릴 률(율),14,"떨리다, 오싹하다, 소름이 끼치다. 찢어지다, 슬퍼하다, 비통해 하다.",火,123,옥편13획
2911,"률,율",溧,강이름 률(율),14,"강 이름, 물 이름, 모래성.",水,123,옥편13획
2912,"률,율",慄,떨릴 률(율),14,"떨리다, 오싹하다, 소름이 끼치다. 찢어지다, 슬퍄하다, 비통해 하다.",火,285,옥편 13획
2913,"률,율",溧,강이름 률(율),14,"강 이름, 물 이름, 모래성.",水,285,옥편 13획
2914,"률,율",瓅,옥무늬 률(율),15,"옥 무늬, 옥을 벌여 놓은 것 같이. 옥을 벌여 놓은 것 같이 아름답다.",金,123,옥편14획
2915,"률,율",瓅,옥무늬 률(율),15,옥 무늬. 옥을 벌여 놓은 것 같이. 옥을 벌여 놓은 것 같이 아름답다.,金,285,옥편 14획
2916,"률,율",𥠲,볏가리 률,15,률. 율. 볏가리 률(율),火,,"2024 보완전사(김기승 성명학 9,491자 기준본 대조 추가)"
2917,륭,㦕,뜻 륭,16,륭. 뜻 륭(융),火,,"2024 보완전사(김기승 성명학 9,491자 기준본 대조 추가)"
2918,"륭,융",隆,높을 륭(융),17,"높이다, 높다, 두텁다, 후하다. 성대하다, 왕성하다.",土,123,옥편12획
2919,"륭,융",窿,활꼴 륭(융),17,"활꼴, 하늘이 활처럼 휜 모양.",土,123,
2920,"륭,융",癃,맥풀릴 륭(융),17,"맥 풀리다, 느른하다 위독하다, 늙다. 곱사등이.",水,123,
2921,"륭,융",隆,높을 륭(융),17,"높이다, 높다, 두텁다, 후하다. 성대하다, 왕성하다.",土,285,옥편 12획
2922,"륭,융",窿,활꼴 륭(융),17,"활꼴, 하늘이 활처럼 휜 모양.",土,285,
2923,륵,玏,옥돌 륵,7,옥다름가는돌. 옥돌 륵(늑),火,,"2024 보완전사(김기승 성명학 9,491자 기준본 대조 추가); 기준본 음(대표) 필드 오류로 뜻풀이 텍스트에서 재추출함"
2924,"륵,늑,근",肋,갈빗대 륵(늑)/근,8,"갈빗대, 늑골. 힘줄 근.",水,123,옥편6획
2925,"륵,늑",泐,새길 륵(늑),9,"새기다, 글씨를 쓰다, 돌이 갈라지다. 돌이 부서지다, 쓸다.",水,123,옥편8획
2926,"륵,늑",勒,굴레 륵(늑),11,"굴레, 재갈, 묶다, 졸라매다. 다스리다, 정돈하다, 강제하다.",土,123,
2927,"름,늠",菻,쑥 름(늠),11,"산 이름, 산 모양, 산이 험하다.",土,123,
2928,"름,늠",凜,늠름할 름(늠),15,"늠름하다, 꼿꼿하고 의젓하다, 춥다. 차다, 두려워하다. 凛의 本字",水,123,
2929,"름,늠",凛,늠름할 름(늠),15,"늠름하다, 꼿꼿하고 의젓하다, 춥다. 차다, 두려워하다.",水,124,凜의 일본식 한자
2930,"름,늠",廩,쌓을 름(늠),16,"쌓다, 창고, 곳집, 녹봉으로 받는 쌀. 다스리다, 엄숙하다, 풍채가 있다.",木,124,넘칠 람
2931,"름,늠",懍,서늘할 름(늠),17,"서늘하다, 차다.",水,124,옥편16획
2932,름,澟,서늘할 름,18,서늘할 름. 서늘할 름(늠),水,,"2024 보완전사(김기승 성명학 9,491자 기준본 대조 추가)"
2933,릉,蔆,마름 릉,19,마름 릉. 마름 릉(능),木,,"2024 보완전사(김기승 성명학 9,491자 기준본 대조 추가)"
2934,"리,이",吏,관원 리(이),6,"관리, 관원, 벼슬아치, 아전. 벼슬살이를 하다.",水,124,
2935,"리,이",吏,관원 리(이),6,"관리, 관원, 벼슬아치, 아전. 벼슬살이를 하다.",水,290,
2936,"리,이",李,오얏 리(이),7,"오얏, 자두, 자두나무, 심부름꾼. 벼슬아치, 별 이름, 성씨.",木,124,
2937,"리,이",里,마을 리(이),7,"마을, 고향, 이웃, 인근, 속, 내면. 이미, 벌써, 헤아리다, 근심하다.",土,124,
2938,"리,이",利,이로울 리(이),7,"이롭다, 유익하다, 편리하다, 통하다. 이롭게 하다, 이익, 승전, 날카롭다.",金,124,
2939,"리,이",里,마을 리(이),7,"마을, 고향, 이웃, 인근, 속, 내면. 이미, 벌써, 헤아리다, 근심하다.",土,290,
2940,"리,이",利,이로울 리(이),7,"이롭다, 유익하다, 편리하다, 통하다. 이롭게 하다, 이익, 승진, 날카롭다.",金,290,
2941,"리,이",俐,똑똑할 리(이),9,"똑똑하다, 영리하다.",火,124,
2942,"리,이",俚,시골 리(이),9,"시골, 촌, 촌스럽다, 속되다, 속요. 부탁하다, 의뢰하다.",火,124,
2943,"리,이",厘,다스릴 리(이),9,"다스리다, 정리하다, 개정하다, 주다. 가게 전, 점포 전, 집터 전.",土,124,
2944,"리,이",俐,영리할 리(이),9,"똑똑하다, 영리하다.",火,291,
2945,"리,이",俚,부탁할 리(이),9,"시골, 촌, 촌스럽다, 속되다, 속요. 부탁하다, 의뢰하다.",火,291,
2946,"리,이",厘,다스릴 리(이),9,"다스리다, 정리하다, 개정하다, 주다. 가게 전, 점포 전, 집터 전.",土,291,
2947,"리,이",哩,어조사 리(이),10,"어조사, 거리를 나타내는 단위. 마일(mile).",水,124,
2948,"리,이",唎,소리 리(이),10,"소리, 가는 소리, 작은 소리.",水,124,
2949,"리,이",哩,어조사 리(이),10,"어조사, 거리를 나타내는 단위. 마일(mile).",水,291,
2950,"리,이",喱,소리 리(이),10,"소리, 가는 소리, 작은 소리.",水,291,
2951,리,娌,동서 리,10,동서. 동서 리(이),火,,"2024 보완전사(김기승 성명학 9,491자 기준본 대조 추가); 기준본 음(대표) 필드 오류로 뜻풀이 텍스트에서 재추출함"
2952,"리,이",梨,배나무 리(이),11,"배, 배 나무, 나누다, 분할하다, 찢다. 많은, 쪼개다, 가르다, 따르다, 쫓다.",木,125,
2953,"리,이",悧,영리할 리(이),11,"영리하다, 악다.",火,125,
2954,"리,이",离,산신 리(이),11,"산신, 산에 사는 신령스런 짐승, 성씨. 만나다, 떠나다, 흩어지다, 잃다, 겪다",火,125,
2955,"리,이,려,여,류,유",犁,"밭갈 리(이)/려,여,류,유",11,"밭 갈다, 밝게 살피다, 얼룩소, 쟁기. 검다, 분별력. 밭갈려(여), 떨류(유).",土,125,
2956,"리,이,려,여,류,유",犂,"밭갈 리(이)/려,여,류,유",11,"밭 갈다, 밝게 살피다, 얼룩소, 쟁기. 검다, 분별력. 밭갈려(여), 떨류(유).",土,125,犁와 同字
2957,"리,이,매",狸,삵 리(이)/매,11,"삵, 살쾡이, 너구리, 성씨, 죽이다. 묻을 매, 매장할 매.",土,125,옥편10획
2958,"리,이",浬,해리 리(이),11,"해리, 바다의 거리를 재는 단위. 1해리:1,825미터.",水,125,옥편10획
2959,"리,이",涖,다다를 리(이),11,"다다르다, 임하다, 보다. 물 소리.",水,125,옥편10획
2960,"리,이",梨,배나무 리(이),11,"배, 배 나무, 나누다, 분할하다, 찢다. 많은, 쪼개다, 가르다, 따르다, 쫓다.",木,291,
2961,"리,이",悧,영리할 리(이),11,"영리하다, 악다.",火,292,
2962,"리,이",离,산신 리(이),11,"산신, 산에 사는 신령스런 짐승, 성씨. 만나다, 떠나다, 흩어지다, 잃다, 겪다",火,292,
2963,"리,이,려,여,류,유",犁,"밭갈 리(이)/려,여,류,유",11,"밭 갈다, 밝게 살피다, 얼룩소, 쟁기. 검다, 분별력, 밭갈 려(여), 떨 류(유).",土,292,
2964,"리,이,려,여,류,유",犂,"밭갈 리(이)/려,여,류,유",11,"밭 갈다, 밝게 살피다, 얼룩소, 쟁기. 검다, 분별력, 밭갈 려(여), 떨 류(유).",土,292,犁와 同字
2965,"리,이,매",狸,삵 리(이)/매,11,"삵, 살괭이, 너구리, 성씨, 죽이다. 묻을 매, 매장할 매.",土,292,옥편 10획
2966,"리,이",浬,해리 리(이),11,"해리, 바다의 거리를 재는 단위. 1 해리 : 1,825 미터.",水,292,옥편 10획
2967,"리,이",涖,다다를 리(이),11,"다다르다, 임하다, 보다. 물 소리.",水,292,옥편 10획
2968,"리,이",理,다스릴 리(이),12,"다스리다, 도리, 이치, 학문, 과목. 사리, 깨닫다, 의뢰하다, 수선하다.",金,125,옥편11획
2969,"리,이",痢,설사 리(이),12,"설사, 이질. 곱똥-곱이 섞여 나오는 똥.",水,125,
2970,"리,이",理,다스릴 리(이),12,"다스리다, 도리, 이치, 학문, 과목. 사리, 깨닫다, 의뢰하다, 수선하다.",金,292,옥편 11획
2971,"리,이",痢,설사 리(이),12,"설사, 이질. 곱동-곱이 섞여 나오는 똥.",水,292,
2972,"리,이",莉,말리 리(이),13,"말리, 자스민.",木,125,옥편11획
2973,"리,이",苙,다다를 리(이),13,"다다르다, 지위, 녹. 수목이 바람에 흔들리는 소리",木,125,옥편11획
2974,"리,이",裏,속 리(이),13,"속 내부, 가운데, 뱃속, 속마음 충심. 태, 모태, 곳, 장소, 다스려지다.","木,土,水",125,
2975,"리,이",裡,속 리(이),13,"속, 내부, 가운데, 뱃속 속마음 충심. 태, 모태, 곳, 장소, 다스려지다.",木,125,옥편12획
2976,"리,이",剺,나눌 리(이),13,"나누다, 가르다, 구획하다. 가르다, 벗기다, 칼로 베다.",金,125,
2977,"리,이",蜊,새조개 리(이),13,"새조개, 참조개, 바지락.",水,125,
2978,"리,이",莅,다다를 리(이),13,"다다르다, 지위, 녹. 수목이 바람에 흔들리는 소리",木,292,옥편 11획
2979,"리,이",莉,말리 리(이),13,"말리, 자스민.",木,293,옥편 11획
2980,"리,이",裏,속 리(이),13,"속, 내부, 가운데, 뱃속, 속마음, 충심. 태, 모태, 곳, 장소, 다스려지다.",木,293,
2981,"리,이",裡,속 리(이),13,"속, 내부 가운데, 뱃속, 속마음, 충심. 태, 모태, 곳, 장소, 다스려지다.",木,293,옥편 12획
2982,"리,이",剺,나눌 리(이),13,"나누다, 가르다, 구획하다. 가르다, 벗기다, 칼로 베다.",金,293,
2983,"리,이",蜊,새조개 리(이),13,"새조개, 참조개, 바지락.",水,293,
2984,"리,이",嫠,과부 리(이),14,"과부, 홀어머니.",土,125,
2985,"리,이",貍,삵 리(이),14,"삵, 살쾡이, 너구리, 죽이다, 성씨. 매장할 매.",土,125,
2986,"리,이",貍,삵 리(이),14,"삵, 살괭이, 너구리, 죽이다, 성씨. 매장할 매.",土,293,
2987,"리,이",嫠,과부 리(이),14,"과부, 홀어머니.",土,293,
2988,"리,이",摛,퍼질 리(이),15,"퍼지다, 널리 알려지다, 표현하다. 글을 짓다.",木,125,옥편14획
2989,"리,이",履,밟을 리(이),15,"밟다, 신다, 신, 신발, 겪다, 행하다. 복, 복록, 행실, 지위에 오르다, 영토",木,125,
2990,"리,이",漓,흐를 리(이),15,"흐르다, 스며들다, 엷다.",水,126,옥편14획
2991,"리,이",摛,퍼질 리(이),15,"퍼지다, 널리 알려지다, 표현하다. 글을 짓다.",木,293,옥편 14획
2992,"리,이",履,밟을 리(이),15,"밟다, 신다, 신, 신발, 겪다, 행하다. 복, 복록, 행실, 지위에 오르다, 영토.",木,293,
2993,"리,이",漓,흐를 리(이),15,"흐르다, 스며들다, 엏다.",水,293,옥편 14획
2994,"리,이",璃,유리 리(이),16,"유리, 구슬 이름.",金,126,옥편15획
2995,"리,이",璃,유리 리(이),16,"유리, 구슬 이름.",金,293,옥편 15획
2996,"리,이",𢻠,바를 리,16,리. 이. 바를 리(이),火,,"2024 보완전사(김기승 성명학 9,491자 기준본 대조 추가)"
2997,"리,이",罹,걸릴 리(이),17,"병에 걸리다, 앓다, 근심하다, 근심.",木,126,옥편16획
2998,"리,이",螭,교룡 리(이),17,"교룡, 뿔 없는 용, 용의 새끼. 용의 암컷, 맹수의 이름.",水,126,
2999,"리,이",罹,근심 리(이),17,"병에 걸리다, 앓다, 근심하다, 근심.",木,293,옥편 16획
3000,"리,이",螭,교룡 리(이),17,"교룡, 뿔 없는 용, 용의 새끼. 용의 암컷, 맹수의 이름.",水,294,
3001,"리,이",釐,다스릴 리(이),18,"다스리다 정리하다 개정하다, 작은 수. 행복 희, 보리 래, 땅이름 태.",土,126,
3002,"리,이",鯉,잉어 리(이),18,"잉어. 편지, 서찰.",水,126,
3003,"리,이",釐,다스릴 리(이),18,"다스리다, 정리하다, 개정하다, 작다. 행복 희, 경사 희, 보리 래. 땅이름 태",土,294,
3004,"리,이",鯉,잉어 리(이),18,"잉어. 편지, 서찰.",水,294,
3005,"리,이",離,밝을 리(이),19,"밝다, 떠나다, 이별하다, 흩어지다. 갈라지다, 만나다, 잃다, 교룡 치.",火,126,
3006,"리,이",羸,파리할 리(이),19,"파리하다, 핏기가 없다, 고달프다. 지치다, 악하다, 괴로워하다.",土,126,
3007,"리,이",離,밝을 리(이),19,"밝다, 떠나다, 이별하다, 흩어지다. 갈라지다, 만나다, 잃다, 교룡 치.",火,294,
3008,"리,이",羸,파리할 리(이),19,"파리하다, 핏기가 없다, 고달프다. 지치다, 약하다, 괴로워하다.",土,294,
3009,"리,이,치",魑,도깨비 리(이)/치,21,"도깨비, 산의 요괴. 도깨비 치.",火,126,
3010,"리,이,치",魑,도깨비 리(이)/치,21,"도깨비, 산의 요괴. 도깨비 치.",火,294,
3011,"리,려",孋,나라 이름 리,22,나라이름. 나라 이름 리(이). 짝 려(여),火,,"2024 보완전사(김기승 성명학 9,491자 기준본 대조 추가); 기준본 음(대표) 필드 오류로 뜻풀이 텍스트에서 재추출함"
3012,"리,이",縭,끈끈이 리(이),23,끈끈이. 새 잡는 풀.,木,126,
3013,"리,이",黐,끈끈이 리(이),23,끈끈이. 새 잡는 풀.,木,294,
3014,"리,이",籬,울타리 리(이),25,"울타리, 대나무, 대 조리.",木,126,
3015,"리,이",籬,울타리 리(이),25,"울타리, 대나무, 대 조리.",木,294,
3016,"리,이",邐,이을 리(이),26,"이어지다, 줄지어 가는 모양.",土,126,옥편23획
3017,"리,이",邐,이을 리(이),26,"이어지다, 줄지어 가는 모양.",土,294,옥편 23획
3018,"리,려",鸝,꾀꼬리 리,30,꾀꼬리. 꾀꼬리 리(이). 꾀꼬리 려(여),火,,"2024 보완전사(김기승 성명학 9,491자 기준본 대조 추가); 기준본 음(대표) 필드 오류로 뜻풀이 텍스트에서 재추출함"
3019,"린,인",吝,아낄 린(인),7,"아끼다, 소중히 여기다, 인색하다. 주저하다.",水,126,
3020,"린,인",吝,아낄 린(인),7,"아끼다, 소중히 여기다, 인색하다. 주저하다.",水,295,
3021,"린,인",悋,아낄 린(인),11,"아끼다, 소중히 여기다, 인색하다. 주저하다.",火,126,옥편10획
3022,"린,인",恪,아낄 린(인),11,"아끼다, 소중히 여기다, 인색하다. 주저하다.",火,296,옥편 10획
3023,"린,인",粦,반딧불 린(인),12,"반딧불, 빛이 번쩍이다, 도깨비불. 인-화학 원소.",木,126,
3024,"린,인",粦,반딧불 린(인),12,"반딧불, 빛이 번쩍이다, 도깨비 불. 인-화학 원소.",木,296,
3025,린,焛,불꽃 린,12,불꽃. 불꽃 린(인),火,,"2024 보완전사(김기승 성명학 9,491자 기준본 대조 추가); 기준본 음(대표) 필드 오류로 뜻풀이 텍스트에서 재추출함"
3026,"린,인",潾,물맑을 린(인),14,"물 맑다, 냇물의 모양. 속이 꽉 찬 대나무.","木,水",126,
3027,"린,인",潾,물맑을 린(인),14,"물 맑다, 냇물의 모양. 속이 꽉 찬 대나무.","木,水",296,
3028,"린,인",嶙,높이솟을 린(인),15,"높이 솟다, 강직하다, 산이 가파르다. 산이 깊숙하다, 산이 험준하다.",土,126,
3029,"린,인",嶙,강직할 린(인),15,"높이 솟다, 강직하다, 산이 가파르다. 산이 깊숙하다, 산이 험준하다.",土,297,
3030,"린,인",撛,빼어날 린(인),16,"빼어나다, 구원하다, 붙들다. 산이 깊숙하다, 산이 험준하다.",木,126,옥편15획
3031,"린,인",橉,문지방 린(인),16,"나무 이름, 문지방.",木,126,
3032,"린,인",燐,반딧불 린(인),16,"반딧불, 빛이 번쩍이다, 도깨비불. 인-화학 원소",火,126,
3033,"린,인",獜,튼튼할 린(인),16,"튼튼하다, 건장하다, 기린, 암키린. 큰 사슴의 수컷.",土,127,옥편15획
3034,"린,인",潾,맑을 린(인),16,"맑다, 물이 맑다, 물결이 반짝이다. 돌 샘, 석간수.",水,127,옥편15획
3035,"린,인",撛,빼어날 린(인),16,"빼어나다, 구원하다, 붙들다. 산이 깊숙하다, 산이 험준하다.",木,297,옥편 15획
3036,"린,인",橉,문지방 린(인),16,"나무 이름, 문지방.",木,297,
3037,"린,인",燐,반딧불 린(인),16,"반딧불, 빛이 번쩍이다, 도깨비 불. 인-화학 원소",火,297,
3038,"린,인",獜,튼튼할 린(인),16,"튼튼하다, 건장하다, 기린, 암키린. 큰 사슴의 수컷.",土,297,옥편 15획
3039,"린,인",潾,맑을 린(인),16,"맑다, 물이 맑다, 물결이 반짝이다. 돌 샘, 석간수.",水,297,옥편 15획
3040,린,斴,물소리 린,16,돌사이로흐르는 물소리. 물소리 린(인),火,,"2024 보완전사(김기승 성명학 9,491자 기준본 대조 추가); 기준본 음(대표) 필드 오류로 뜻풀이 텍스트에서 재추출함"
3041,린,閵,새 이름 린,16,밟을. 새 이름 린(인). 밟을 린(인),火,,"2024 보완전사(김기승 성명학 9,491자 기준본 대조 추가); 기준본 음(대표) 필드 오류로 뜻풀이 텍스트에서 재추출함"
3042,린,暽,사람 이름 린,16,사람이름. 사람 이름 린(인),火,,"2024 보완전사(김기승 성명학 9,491자 기준본 대조 추가); 기준본 음(대표) 필드 오류로 뜻풀이 텍스트에서 재추출함"
3043,"린,인",璘,옥빛 린(인),17,"옥빛, 옥의 광채, 옥의 모양. 무늬가 있는 모양.",金,127,옥편16획
3044,"린,인",磷,얇은돌 린(인),17,"얇은 돌, 돌틈으로 물이 흐르는 모양. 험하다.",金,127,
3045,"린,인",璨,옥빛 린(인),17,"옥빛, 옥의 광채, 옥의 모양. 무늬가 있는 모양.",金,297,옥편 16획
3046,"린,인",磷,얇은돌 린(인),17,"얇은 돌, 돌 틈으로 물이 흐르는 모양. 헝하다.",金,297,
3047,"린,인",𪊭,기린 린,17,린. 인. 기린 린(인),火,,"2024 보완전사(김기승 성명학 9,491자 기준본 대조 추가)"
3048,"린,인",綝,이을 린(인),18,"잇다, 실 뽑다.",木,127,
3049,"린,인",燐,반딧불 린(인),18,반딧불.,水,127,
3050,"린,인",繗,이을 린(인),18,"잇다, 실 뽑다.",木,297,
3051,"린,인",⿰虫粦,반딧불 린(인),18,반딧불.,水,297,"이체자, 유니코드 미상 / 원본 자형 표기"
3052,"린,인",䗲,반딧불이 린,18,린. 인. 반딧불이 린(인),火,,"2024 보완전사(김기승 성명학 9,491자 기준본 대조 추가)"
3053,"린,인",轔,바퀴 린(인),19,"바퀴, 밟다, 수레 소리. 은성한 모양.",火,127,
3054,"린,인",隣,이웃 린(인),19,"이웃 이웃한 사람, 인접한, 근접하다. 이웃하다, 보필하다, 수레 소리.",土,127,옥편15획
3055,"린,인",轥,바퀴 린(인),19,"바퀴, 밟다, 수레 소리. 은성한 모양.",火,297,
3056,"린,인",鄰,이웃 린(인),19,"이웃, 이웃한 사람, 인접한, 근접하다. 이웃하다, 보필하다, 수레 소리.",土,297,옥편 15획
3057,"린,인",鄰,이웃 린(인),20,"이웃 이웃한 사람, 인접한, 근접하다. 이웃하다, 보필하다, 수레 소리.",土,127,옥편15획
3058,"린,인",鏻,굳셀 린(인),20,"굳세다, 굳센 모양.",金,127,
3059,"린,인",隣,이웃 린(인),20,"이웃, 이웃한 사람, 인접한, 근접하다. 이웃하다, 보필하다, 수레 소리.",土,298,옥편 15획
3060,"린,인",鏻,굳셀 린(인),20,"굳세다, 굳센 모양.",金,298,
3061,"린,인",藺,골풀 린(인),22,"골풀, 꽃 창포, 등심초.",木,127,옥편20획
3062,"린,인",驎,얼룩말 린(인),22,"얼룩말, 화마, 입 근처가 검은 말. 둥글고 어룽어룽한 무늬가 박힌 말.",火,127,
3063,"린,인",藺,골풀 린(인),22,"골풀, 꽃 창포, 등심초.",木,298,옥편 20획
3064,"린,인",驎,얼룩말 린(인),22,"얼룩말, 화마, 입 근처가 검은 말. 둥글고 어롱어롱한 무늬가 박힌 말.",火,298,
3065,"린,인",麟,기린 린(인),23,"기린, 암 기린, 큰 사슴의 수컷. 빛나는 모양, 기린아.",土,127,
3066,"린,인",躪,짓밟을 린(인),23,"짓밟다, 유린하다, 밟고 지나가다. 성가퀴-성 위에 낮게 쌓은 담.",土,127,躙과 同字
3067,"린,인",鱗,비늘 린(인),23,"비늘, 물고기, 어류. 비늘이 있는 동물.",水,127,
3068,"린,인",麟,기린 린(인),23,"기린, 암 기린, 큰 사슴의 수컷. 빛나는 모양, 기린아.",土,298,
3069,"린,인",躖,짓밟을 린(인),23,"짓밟다, 유린하다, 밟고 지나가다. 성가퀴-성 위에 낮게 쌓은 담.",土,298,躒과 同字
3070,"린,인",鱗,비늘 린(인),23,"비늘, 물고기, 어류. 비늘이 있는 동물.",水,298,
3071,"린,인",躙,짓밟을 린(인),27,"짓밟다, 유린하다, 밟고 지나가다. 수레바퀴 자국.",土,127,躪과 同字
3072,"린,인",躒,짓밟을 린(인),27,"짓밟다, 유린하다, 밟고 지나가다. 수레바퀴 자국.",土,298,躖과 同字
3073,"림,임",林,수풀 림(임),8,"수풀, 숲, 모임, 집단, 야외, 들. 임금, 군왕, 많다, 많은 모양.",木,127,
3074,"림,임",林,수풀 림(임),8,"수풀, 숲, 모임, 집단, 야외, 들. 임금, 군왕, 많다, 많은 모양.",木,299,
3075,"림,임",玲,옥이름 림(임),9,"옥 이름, 아름다운 옥, 푸른 옥. 옥이 부딪쳐 나는 소리. 옥 이름 감.",金,127,
3076,"림,임",玲,옥이름 림(임),9,"옥 이름, 아름다운 옥, 푸른 옥. 옥이 부딫쳐 나는 소리, 옥 이름 감.",金,299,옥편 8획
3077,"림,임",琹,무성할 림(임),12,"무성하다, 우거지다, 뒤덮이다. 우거질 침.",木,127,
3078,"림,임",眎,알고자할 림(임),12,알고자 하다.,火,127,
3079,"림,임",淋,무성할 림(임),12,"무성하다, 장마, 물을 뿌리다, 젖다. 잠기다, 성하고 많다, 임질-성병.",木,128,옥편11획
3080,"림,임",荏,들깨 림(임),12,"부드럽다, 흐르다, 구르다, 천연하다. 들깨",木,299,옥편 10획
3081,"림,임",紝,짤 임(림),12,"짜다, 길쌈하다, 비단.",木,299,
3082,"림,임",菻,무성할 림(임),12,"무성하다, 우거지다, 뒤덮이다. 우거질 침.",木,299,
3083,"림,임",啉,알고자할 림(임),12,알고자 하다.,火,299,
3084,"림,임",淋,무성할 림(임),12,"무성하다, 장마, 물을 뿌리다, 젖다. 잠기다, 성하고 많다, 임질-성병.",木,299,옥편 11획
3085,"림,임",琳,푸른옥 림(임),13,"옥, 푸른 옥, 옥이 부딪쳐 나는 소리.",金,128,옥편12획
3086,"림,임",碄,깊을 림(임),13,깊다.,金,128,
3087,"림,임",痲,임질 림(임),13,"임질-성병. 산증, 대하증.",水,128,
3088,"림,임",稔,풍년들 임(림),13,"여물다, 쌓다, 풍년이 들다.",木,299,
3089,"림,임",訨,믿을 임(림),13,"믿다, 생각하다.",金,299,
3090,"림,임",琳,푸른옥 림(임),13,"옥, 푸른 옥, 옥이 부딫쳐 나는 소리.",金,299,옥편 12획
3091,"림,임",碄,깊을 림(임),13,깊다.,金,300,
3092,"림,임",痳,임질 림(임),13,"임질-성병. 산증, 대하증.",水,300,
3093,"림,임",霖,장마 림(임),16,"장마, 사흘 이상 계속 내리는 비. 비가 그치지 않는 모양.",水,128,
3094,"림,임",霖,장마 림(임),16,"장마, 사흘 이상 계속 내리는 비. 비가 그치지 않는 모양.",水,300,
3095,"림,임",臨,임할 림(임),17,"임하다, 다스리다, 통치하다, 밝히다. 내려다 보다, 대하다 뵙다, 공격하다.",火,128,돌러갈 설
3096,"림,임",臨,임할 림(임),17,"임하다, 다스리다, 통치하다, 밝히다. 내려다 보다, 대하다, 뵙다, 공격하다.",火,300,돌러갈 설.
3097,"립,입",立,설 립(입),5,"서다, 확고히 서다, 이루어지다, 즉시. 곧, 정해지다 즉위하다, 세우다, 바로",金,128,자리 위
3098,"립,입",立,설 립(입),5,"서다, 확고히 서다, 이루어지다, 즉시. 곧, 정해지다, 즉위하다, 세우다, 바로.",金,300,자리 위.
3099,"립,입",岦,우뚝할 립(입),8,"산이 우뚝하다, 산이 높다.",土,128,
3100,"립,입",岌,우뚝할 립(입),8,"산이 우뚝하다, 산이 높다.",土,300,
3101,"립,입",砬,돌소리 립(입),10,"돌 소리, 돌 무너지는 소리.",金,128,
3102,"립,입",硈,돌소리 립(입),10,"돌 소리, 돌 무너지는 소리.",金,300,
3103,"립,입",笠,삿갓 립(입),11,"삿갓, 구릿대. 갈매나무.",木,128,
3104,"립,입",粒,낟알 립(입),11,"낟알, 쌀 낟알, 쌀밥을 먹다.",木,128,
3105,"립,입",笠,삿갓 립(입),11,"삿갓, 구릿대. 갈매나무.",木,300,
3106,"립,입",粒,낟알 립(입),11,"낟알, 쌀 낟알, 쌀밥을 먹다.",木,300,
3107,마,馬,말 마,10,"말, 벼슬 이름, 크다 나라 이름 마한. 산가지-수효를 셈하는 가지, 성씨.",火,128,
3108,마,麻,삼 마,11,"삼, 참깨, 베옷을 일컫는 말. 조칙, 조서, 마비되다, 마비시키다.",木,128,
3109,"마,모",媽,어머니 마/모,13,"어머니, 할머니, 암말, 여자종. 어머니 모.",土,128,
3110,마,痲,저릴 마,13,"저리다, 마비되다. 마마꽃, 홍역.",水,128,
3111,"마,요",麼,작을 마/요,14,"작다, 잘다, 가늘다, 어둡다. 그윽하다, 하나, 한 점, 작을 요.",木,128,
3112,마,麽,작을 마,14,"작다, 소형, 사소함을 나타내는 뜻(옛 글자). 의문을 나타내는 어기조사나 합성어의 일부로 쓰임(什麽 등)",木,,"2024 보완전사(김기승 성명학 9,491자 기준본 대조 추가)"
3113,마,碼,마노 마,15,"마노, 야드, 나루터.",金,128,
3114,마,瑪,차돌 마,15,"차돌, 마노.",金,128,옥편14획
3115,마,摩,문지를 마,15,"문지르다, 갈다, 쓰다듬다, 어루만지다. 닳아없어지다, 줄다, 스치다, 고치다.",木,128,
3116,마,磨,갈 마,16,"갈다, 닳다, 닳아 없어지다, 문지르다. 고생하다, 짙차, 고생, 연자방아, 맷돌",金,128,
3117,마,螞,말거머리 마,16,"말거머리, 왕개미, 메뚜기.",水,129,
3118,마,蟇,두꺼비 마,17,두꺼비.,水,129,
3119,"마,미",劘,깎을 마/미,21,"깎다, 자르다, 베다, 닦다, 연마하다. 힘쓰다, 문지르다, 충고하다, 나눌 미.",金,129,
3120,마,魔,마귀 마,21,"마귀, 악마, 마술, 요술. (인이) 박이다.",火,129,
3121,"막,모,멱",莫,"없을 막/모,멱",13,"없다, 불가하다, 꾀하다, 편안하다. 조용하다, 드넓다, 저물 모, 덮을 멱.",木,129,옥편11획
3122,"막,만",幕,장막 막/만,14,"장막, 휘장, 덮다, 덮어가리다, 사막. 바르다, 칠하다, 화폐의 뒷면 만.",木,129,
3123,막,寞,고요할 막,14,"고요하다, 쓸쓸하다. 물욕이 없다.",木,129,
3124,막,瞙,어둘 막,15,어둡다.,火,129,
3125,막,漠,넓을 막,15,"넓다, 쓸쓸하다, 그윽하다, 조용하다. 소리가 잇다, 어둡다, 맑다, 사막 막.",水,129,옥편14획
3126,"막,모",膜,꺼풀 막/모,17,"꺼풀, 얇은 막, 사막, 어루만지다. 무릎을 꿇다, 막 막, 오랑케절 모",水,129,옥편15획
3127,막,鏌,칼이름 막,19,칼 이름.,金,129,
3128,막,邈,멀 막,21,"흘러가다, 멀다, 퍼지다, 아득하다. 근심하다, 업신여기다.",土,129,옥편18획
3129,만,万,일만 만,3,"일만, 매우 많은, 여럿, 많다. 대단히, 성의 하나, 현 이름.",木,129,
3130,만,卍,만자 만,6,만자. (부처의 가슴에 있는 길상의 표시),木,129,
3131,"만,반",娩,낳을 만/반,10,"낳다, 해산하다, 순박하다, 유순하다. 아양떨다, 아리땁다, 뛰다, 번식할 반.",土,129,
3132,만,貫,꿸 관,11,"꿰다, 뚫다, 이루다, 달성하다. 돈 꾸러미, 조리, 통과하다, 당길 만",金,44,
3133,만,挽,당길 만,11,"당기다, 잡아당기다, 끌다, 말다. 말아올리다, 찌다, 애도하다.",木,129,옥편10획
3134,만,曼,길게끌 만,11,"길게끌다, 길다, 멀다, 곱다, 가볍다. 아름답다, 없다, 만연하다, 흐릿한 모양",火,129,
3135,만,晚,늦을 만,12,"늦다, 저물다, 늙다, 쇠하다, 노년. 해질녘, 황혼, 저녁, 늦은밤, 깊은밤",火,129,
3136,만,晩,늦을 만,12,"늦다(시간적으로 뒤떨어짐). 저녁, 밤과 관련됨(밤때, 늦은 시간)",火,,"2024 보완전사(김기승 성명학 9,491자 기준본 대조 추가)"
3137,만,睌,보는 모양 만,12,겁없이볼. 보는 모양 만,水,,"2024 보완전사(김기승 성명학 9,491자 기준본 대조 추가); 기준본 음(대표) 필드 오류로 뜻풀이 텍스트에서 재추출함"
3138,"만,문",脕,흠치르르할 만,13,예쁠. 흠치르르할 만. 싹 틀 문,水,,"2024 보완전사(김기승 성명학 9,491자 기준본 대조 추가); 기준본 음(대표) 필드 오류로 뜻풀이 텍스트에서 재추출함"
3139,만,輓,끌 만,14,"끌다, 끌어당기다, 실어나르다. 애도하다, 늦다, 애도할 만.",火,129,
3140,만,墁,흙손 만,14,"흙손, 바르다, 칠하다.",土,129,
3141,"만,원",嫚,업신여길 만/원,14,"업신여기가, 깔보다, 더럽히다. 음란하데 굴다, 욕보이다, 아름답다.",土,130,
3142,만,幔,막 만,14,"막, 장막, 천막. 장식이 없는 수레.",木,130,
3143,만,萬,일만 만,15,"일만, 매우 많은, 여럿, 많다. 대단히, 성의 하나, 현 이름.",木,130,옥편13획
3144,만,滿,찰 만,15,"차다, 가득차 있다, 가득하다, 교만하다. 풍족하다, 흡족하다, 꽉 채우다.",水,130,옥편14획
3145,만,慢,거만할 만,15,"거만하다, 오만하다, 게으르다, 거칠다. 방종하다, 업신여기다, 느슨하다.",火,130,옥편14획
3146,만,漫,흩어질 만,15,"흩어지다, 질펀하다, 방종하다, 넓다. 가득차다, 넘치다, 더럽다, 일다.",水,130,옥편14획
3147,"만,문,랑",樠,송진 만,15,나무진나올. 송진 만. 송진 문. 나무 이름 랑(낭),水,,"2024 보완전사(김기승 성명학 9,491자 기준본 대조 추가); 기준본 음(대표) 필드 오류로 뜻풀이 텍스트에서 재추출함"
3148,만,槾,흙손 만,15,평고대. 흙손 만,水,,"2024 보완전사(김기승 성명학 9,491자 기준본 대조 추가); 기준본 음(대표) 필드 오류로 뜻풀이 텍스트에서 재추출함"
3149,"만,문",瞞,속일 만/문,16,"속이다, 게슴츠레하다, 감다, 어둡다. 흐리다, 평평한눈, 부끄러워할 문.",木,130,
3150,만,縵,무늬없는비단 만,17,"명주, 악기줄, 휘장, 무늬가 없다. 합주하다, 두르다, 에워싸다, 완만하다.",木,130,
3151,만,蔓,덩굴 만,17,"덩굴, 덩귤지다, 퍼지다. 뻗다, 감다.",木,130,옥편15획
3152,만,䊡,밥의 윤기 만,17,만. 밥의 윤기 만. 만두 만,水,,"2024 보완전사(김기승 성명학 9,491자 기준본 대조 추가)"
3153,만,鄤,땅 이름 만,17,땅이름. 땅 이름 만,水,,"2024 보완전사(김기승 성명학 9,491자 기준본 대조 추가); 기준본 음(대표) 필드 오류로 뜻풀이 텍스트에서 재추출함"
3154,"만,반",蹣,넘을 만/반,18,"넘다, 뛰어넘다, 비틀거리다. 빙돌아가는 모양, 비틀거릴 반.",土,130,
3155,"만,면",謾,속일 만/면,18,"속이다, 헐뜯다, 느리다, 검내다. 아득하다, 업신여기다, 넓다, 속일 면.",金,130,
3156,만,鏋,금 만,19,"금, 순금, 금정틀. (구덩이의 길이와 너비를 재는 틀)",金,130,
3157,만,鏝,흙손 만,19,"흙손(벽을 바르는데 쓰는 도구). 날이 없는 창(무기의 하나), 돈의 배면",金,130,
3158,만,饅,만두 만,20,만두.,水,130,
3159,만,鬘,머리장식 만,21,"머리의 장식, 가발, 장식품, 아름답다. 머리털의 아름다운 모양.",火,130,
3160,만,鰻,뱀장어 만,22,뱀장어.,水,130,
3161,"만,란,난",巒,뫼 만/란(난),22,"산, 둥근봉우리, 산등성이. 산 작고 뾰족하다, 뫼 란(난)",土,130,
3162,만,彎,굽을 만,22,"굽다, 당기다. 화살을 활시위에 에다.",火,130,
3163,만,蠻,오랑캐 만,25,"오랑캐, 모멸하다, 업신여기다, 거칠다. 난폭하다, 사리를 분별하지 못하다.",水,130,
3164,"만,탄",灣,물굽이 만/탄,26,"물굽이, 만, 정박시키다. 물에 적셨다 말릴 탄.",水,130,옥편25획
3165,말,末,끝 말,5,"끝, 마지막, 말세, 늘그막, 신하, 백성. 마침내, 드디어, 천하다, 얇다, 없다.",木,131,
3166,말,帕,머리띠 말,8,"머리띠, 머리동이, 싸다, 싸매다. 머리띠 파, 휘장 첩.",木,131,
3167,말,妺,여자의 자 말,8,계집이름. 여자의 자 말,水,,"2024 보완전사(김기승 성명학 9,491자 기준본 대조 추가); 기준본 음(대표) 필드 오류 및 자동추출 실패로 수동 확인하여 반영함"
3168,말,抹,지울 말,9,"지우다, 바르다, 칠하다, 쓰다듬다. 문지르다, 지나가다, 통과하다, 얄똑.",木,131,
3169,말,沫,물거품 말,9,"물거품, 침, 침방울, 거품이 일다. 말다, 그만두다.",木,131,옥편8획
3170,말,秣,꼴 말,10,"꼴-소나 말에게 먹이는 풀. 말먹이, 말을 먹이다.",木,131,
3171,"말,끗",秣,끝 말/끗,10,끝. 끝 끗,水,131,
3172,"말,끗",唜,끝 말,10,끝 말. 끝 끗,水,,"2024 보완전사(김기승 성명학 9,491자 기준본 대조 추가)"
3173,말,茉,말리 말,11,"말리, 자스민.",木,131,옥편9획
3174,말,靺,말갈 말,14,"말갈, 오랑캐 이름. 버선.",金,131,
3175,말,襪,버선 말,21,"버선, 족의, 허리띠. 여자들의 허리에 두르는 넓은 띠.",木,131,옥편20획
3176,"망,무",亡,망할 망/무,3,"망하다, 멸망하다, 도망하다, 없어지다. 죽다, 잊다, 잃다, 고인이 된, 없을 무","水,火",131,
3177,망,妄,허망할 망,6,"망령되다, 허망하다, 헛되다, 속이다. 잊다, 잊어버리다, 거짓, 제멋대로.",木,131,
3178,망,忙,바쁠 망,7,"바쁘다, 분주하다, 급하다, 일이 많다. 조급하다, 초조하다, 애타다, 빠르다.",火,131,옥편6획
3179,망,忘,잊을 망,7,"잊다, 망령되다, 건망증, 상실하다. 기억하지 못하다, 잃어버리다, 없다.",水,131,
3180,망,汒,급할 망,7,"황급하다, 아득하다, 망연하다. 총급하다, 경황이 없다, 물이 질펀하다.",水,131,옥편6획
3181,망,罔,그물 망,8,"그물, 조직, 계통, 포위망, 속이다. 없다, 넘보다, 엮다, 얽다, 그물질.",木,131,
3182,"망,황",芒,가시 망/황,9,"가시, 비늘, 억새, 까끄라기, 북망산. 빛, 빛살, 어둡다, 광대하다, 황홀할 황.",木,131,옥편7획
3183,망,邙,북망산 망,10,"북망산, 뫼, 산 이름, 읍 이름.",土,131,옥편6획
3184,망,望,바랄 망,11,"바라다, 기다리다, 기대하다, 희망하다. 그리워하다, 바라보다, 망보다, 보름.",水,131,
3185,"망,황",茫,아득할 망/황,12,"아득하다, 드넓다, 망망하다, 갑자기. 흐릿하다, 밍하다. 황홀할 황.",木,131,옥편10획
3186,"망,무",莽,우거질 망/무,12,"우거지다, 거칠다, 넓다, 광활하다. 크다, 멀다, 아득하다, 숲 우거질 무.",木,131,옥편10획
3187,망,惘,심심할 망,12,"심심하다, 멍하다, 황급하다. 멍한 모양.",火,132,옥편11획
3188,망,朢,바랄 망,13,"바라다, 기다리다, 기대하다, 희망하다. 그리워하다, 바라보다, 망보다, 보름.",水,132,望과 同字
3189,망,網,그물 망,14,"그물, 조직, 계통, 포위망, 속이다. 없다, 넘보다, 엮다, 얽다, 그물질.",木,132,罔과 通字
3190,망,輞,바퀴테 망,15,수레바퀴의 테두리.,火,132,
3191,망,漭,넓을 망,15,"넓다, 평평하고 넓다. 어둑어둑하다.",水,132,옥편14획
3192,망,魍,도깨비 망,18,"도깨비. 산수, 목석의 정기가 엉켜서 된 요괴.",火,132,
3193,매,每,매양 매,7,"매양, 늘, 마다, 비록. 탐내다, 우거지다.",土,132,
3194,"매,태",呆,어리석을 매/태,7,"어리석다, 미련하다, 어리버리하다. 미련할 태, 보증할 보, 책임질 보.",水,132,
3195,매,枚,날 매,8,"날개, 낱낱이, 벌리, 줄기, 채찍. 동물의 비계.",木,132,
3196,매,妹,누이 매,8,"손 아래 누이, 소녀, 여자. 사리에 어둡다.",土,132,
3197,매,眛,어두울 매,9,"날이 어둡다, 탐하다, 야둑새벽. 무릅쓰다, 별 이름, 악곡의 이름.",火,132,
3198,매,玫,붉은옥 매,9,"붉은 옥, 아름다운 돌.",金,132,옥편8획
3199,"매,회",沬,땅이름 매/회,9,"지명, 땅 이름, 물 이름. 씻다, 어둑어둑하다.",水,132,옥편8획
3200,"매,문",昧,어두울 매,9,어두울 매. 가를 문. 사람 이름 말,火,,"2024 보완전사(김기승 성명학 9,491자 기준본 대조 추가)"
3201,매,眜,어두울 매,10,"눈이 어둡다, 눈이 밝지 않다. 흐리다.",木,132,
3202,매,埋,매장할 매,10,"땅에 묻다, 파묻다, 메우다, 채우다. 감추다, 장사 지내다.",土,132,
3203,매,苺,딸기 매,11,"딸기, 이끼.",木,132,옥편9획
3204,매,梅,매화 매,11,"매화, 매화나무, 매실나무, 신맛. 어둡다, 희미하다, 장마.",木,132,
3205,매,寐,잠잘 매,12,"잠을 자다, 죽다, 적막강산. 곤들매기.",木,132,
3206,매,媒,중매 매,12,"중매, 중매인, 매개, 중개자, 안내. 미끼, 술밑, 중매하다, 매개하다.",土,132,
3207,매,買,살 매,12,"사다, 세내다, 고용하다, 불러오다. 자초하다, 성씨.",金,132,
3208,매,莓,딸기 매,13,"나무딸기, 나무 이름, 이끼. 풀이 무성하다.",木,133,옥편11획
3209,매,楳,매화 매,13,"매화나무, 매실나무, 신맛, 장마. 희미하다, 어둡다.",木,133,
3210,매,煤,그을음 매,13,"그을음, 석탄, 먹.",火,133,
3211,매,酶,술밑 매,14,술밑-누룩을 섞어 버무린 지에밥. 누룩-술을 빚는데 쓰는 발효제,金,133,
3212,매,勱,힘쓸 매,14,힘쓸. 힘쓸 매,水,,"2024 보완전사(김기승 성명학 9,491자 기준본 대조 추가); 기준본 음(대표) 필드 오류로 뜻풀이 텍스트에서 재추출함"
3213,"매,미",魅,"매혹할 매,미",15,"매혹하다, 홀리다, 현혹되다. 도깨비, 요괴. 도깨비 미.",火,133,
3214,매,賣,팔 매,15,"팔다, 속이다, 배신하다, 내통하다. 넓히다, 뽐내다, 자랑하다, 과시하다.",金,133,
3215,"매,미",霉,"매우 매,미",15,"매우-매실이 익어갈 무렵 오는 장마. 곰팡이, 피부병. 곰팡이 미.",水,133,
3216,매,罵,꾸짖을 매,16,"꾸짖다, 욕하다, 욕, 욕설.",木,133,옥편15획
3217,"매,정",鴊,매 정,16,매. 매 정,金,,"2024 보완전사(김기승 성명학 9,491자 기준본 대조 추가); 1차 음의 뜻풀이 누락으로 타 음(정)의 훈으로 대표훈음 대체"
3218,매,邁,갈 매,20,"가다, 지나다, 힘쓰다. 돌다, 순행하다, 늙다.",土,133,옥편17획
3219,맥,麥,보리 맥,11,"보리, 귀리, 메밀. 작은 매미, 묻다, 매장하다.",木,133,
3220,맥,脈,줄기 맥,12,"줄기, 맥, 맥박, 혈관, 혈맥, 진맥. 수로, 달리다, 달아나다.",水,133,옥편10획
3221,맥,貊,고요할 맥,12,"고요하다, 조용하다, 오랑캐, 맹수이름. 나라 이름, 북방 종족.",水,133,
3222,맥,貃,고요할 맥,13,"고요하다, 조용하다, 오랑캐, 맹수이름. 나라 이름, 북방 종족. 고조선 강원도.",水,133,
3223,맥,陌,길 맥,14,"길, 거리, 경계, 두렁길, 머리띠. 100, 성씨.",土,133,옥편9획
3224,맥,貘,짐승이름 맥,18,"짐승 이름, 맹수 이름, 표범. 북방 종족.",水,133,
3225,맥,驀,말탈 맥,21,"말을 타다, 뛰어넘다, 갑자기, 곧장. 쏜살같이, 쉬지 않고.",火,133,
3226,"맹,망",盲,"소경 맹,망",8,"소경, 장님, 눈이 멀다, 어둡다. 빠르다, 무지하다. 바라볼 망.",木,133,
3227,맹,氓,백성 맹,8,"백성, 서민.",火,133,
3228,맹,甿,백성 맹,8,"백성, 농부, 서민. 무지한 백성.",土,133,
3229,맹,孟,맏 맹,8,"맏, 첫, 처음, 맏이, 우두머리, 크다. 맹자, 힘쓰다, 애쓰다, 과격하다, 그물",水,133,
3230,맹,虻,등에 맹,9,"등에, 새 이름, 다리 한 짝.",水,134,
3231,맹,猛,사나울 맹,12,"사납다, 굳세다, 용맹스럽다, 날래다. 건장하다, 맹렬하다, 강하다, 엄격하다.",土,134,옥편11획
3232,맹,盟,맹세 맹,13,"맹세, 약속, 구역, 땅 이름. 비슷한 사람끼리의 모임, 연맹.",金,134,
3233,"맹,명,몽",萌,"백성 맹/명,몽",14,"백성, 서민, 촌사람, 죽순, 움집. 비롯하다, 싹트다. 콩나물 명, 있을 몽.",木,134,옥편12획
3234,맹,甍,용마루 맹,18,"용마루, 용마루 기와, 수키와. 대마루, 싹트다.",土,134,옥편16획
3235,"멱,사",糸,가는실 멱/사,6,"가늘다, 적다, 작다, 명주실. 가는 실, 매우 적은 수, 생사.",木,177,
3236,멱,覓,찾을 멱,11,"찾다, 구하다, 결눈질.",火,134,
3237,멱,幎,덮을 멱,13,"덮다, 가리다, 덮어 씌우다. 고르게 하다, 물건을 덮는 보.",木,134,
3238,멱,冪,덮을 멱,13,"덮다, 뒤집어쓰다, 바르다, 홈손질. 고르게 하다, 물건을 덮는 보.",木,134,원본 인쇄 16획을 수기로 13획 정정
3239,"면,문",免,"면할 면,문",7,"면하다, 벗어나다, 허가하다, 해직하다. 내치다, 힘쓰다, 노력하다. 해산할 문.",木,134,
3240,면,沔,물이름 면,8,"물 이름, 물 흐르다, 빠지다. 빠질 면",水,134,옥편7획
3241,면,眄,곁눈질 면,9,"곁눈질하다, 돌보다, 흘기다. 노려보다, 바라보다.",木,134,
3242,"면,부",俛,"힘쓸 면,부",9,"노력하다, 힘쓰다, 숙이다. 부지런히 일하는 모양, 굽히다",火,134,
3243,면,勉,힘쓸 면,9,"힘쓰다, 부진러히 일하다, 격려하다. 권하다, 권면하다, 강요하다",土,134,
3244,면,面,낯 면,9,"얼굴, 표정, 겉치레, 앞, 대면하다. 등지다, 향하다, 밀가루 면.",火,134,
3245,"면,민",眠,"잘 면,민",10,"휴식하다, 가로놓다, 진하다, 중독되다. 눈을 감고 잔다, 볼 민.",木,134,
3246,면,冕,면류관 면,11,"면류관, 제왕의 정복. (관을)쓰다","土,木",134,
3247,면,棉,목화 면,12,목화,木,134,
3248,면,湎,빠질 면,13,"번천하다, 흘러 옮기다. 빠지다, 술에 빠지다.",水,134,옥편12획
3249,면,愐,부끄러워할 면,13,생각할. 부끄러워할 면,水,,"2024 보완전사(김기승 성명학 9,491자 기준본 대조 추가); 기준본 음(대표) 필드 오류로 뜻풀이 텍스트에서 재추출함"
3250,면,綿,솜 면,14,"이어지다, 연속하다, 감기다, 걸치다. 퍼지다, 약하다, 멀다, 아득하다.",木,134,
3251,면,葂,사람 이름 면,14,사람이름. 사람 이름 면,水,,"2024 보완전사(김기승 성명학 9,491자 기준본 대조 추가); 기준본 음(대표) 필드 오류로 뜻풀이 텍스트에서 재추출함"
3252,면,緬,멀 면,15,"생각하다, 멀다, 아득하다, 가는 실. 나라 이름",木,134,
3253,면,麪,밀가루 면,15,"밀가루, 국수, 보릿가루.",木,135,
3254,"면,묘",緜,"햇솜 면,묘",15,"이어지다, 두르다, 퍼지다, 멀다. 공략하다, 새우는 소리, 깃 술 묘.",木,135,
3255,면,䛲,속일 면,15,면. 속일 면,水,,"2024 보완전사(김기승 성명학 9,491자 기준본 대조 추가)"
3256,면,麵,밀가루 면,20,"밀가루, 국수, 보릿가루",木,135,
3257,멸,滅,꺼질 멸,14,"꺼지다, 없어지다, 다하다, 빠지다. 빠뜨리다, 숨기다, 잠기다, 멸하다.",水,135,옥편13획
3258,멸,蔑,업신여길 멸,17,"업신여기다, 모독하다, 더럽히다, 깎다. 버리다, 속이다, 어둡다, 멸하다.",木,135,옥편15획
3259,멸,篾,대껍질 멸,17,"얕보다, 경시하다. 대껍질, 대이름.",木,135,
3260,멸,衊,업신여길 멸,21,"버리다, 더럽히다, 업신여기다, 깎다. 속이다, 욕되게하다, 멸하다.",木,135,
3261,명,皿,그릇 명,5,"그릇, 접시. 그릇덮개.",土,135,옥편5획
3262,명,名,이름 명,6,"이름나다, 훌륭하다. 명분, 공적. 이름, 평판, 소문, 외관, 외형, 글자",水,135,
3263,명,命,목숨 명,8,"명령하다, 가르치다, 이름을 붙이다. 성질, 천성, 언약, 규칙, 생명, 성질.",水,135,
3264,명,明,밝을 명,8,"똑똑하다, 밝히다, 밝고 환한 모양. 갖추어지다, 깨끗하다, 날세다, 새벽",火,135,
3265,명,眀,밝을 명,9,"똑똑하다, 밝히다, 갖추어지다, 희다. 깨끗하다, 날새다, 질서가 서다.",木,135,
3266,"명,면",冥,어두울 명/면,10,"어리다, 어리석다, 어둡다. 잠기다, 미혹되다, 어두울 면.",木,135,
3267,명,洺,강이름 명,10,"강이름, 고을 이름. 하남성에서 발원하는 강.",水,135,옥편9획
3268,명,茗,차싹 명,12,"높은 모양, 차의 싹, 늦게 딴 차. 술에 취하다, 차나무, 높은 모양.",木,135,옥편10획
3269,명,榠,홈통 명,12,"홈통, 절 이름. 물이 흐르거나 타고내리도록 만든 물건",木,135,
3270,"명,홈",椧,나무로 만든 홈통 명,12,"나무로 만든 홈통, 물받이(목재 홈통). 배수나 관리를 위해 만든 목제 구조물의 홈, 도리(이음, 흐름 조절용)",木,,"2024 보완전사(김기승 성명학 9,491자 기준본 대조 추가)"
3271,명,酩,술취할 명,13,술 취하다. 단술(감주),金,135,
3272,명,詺,이름 붙일 명,13,기록할. 이름 붙일 명,水,,"2024 보완전사(김기승 성명학 9,491자 기준본 대조 추가); 기준본 음(대표) 필드 오류로 뜻풀이 텍스트에서 재추출함"
3273,명,鳴,울 명,14,"날리다, 말하다, 부르다, 이야기하다. (새가)울다, 울리다, (소리를)내다.",火,135,
3274,명,暝,저물 명,14,"저물다, (잠을)자다, 밤. (날이)어둡다, (해가)지다.",火,135,
3275,명,愹,너그러울 명,14,"(마음이)너그럽다. (생각이)깊다, 심원하다.",火,135,옥편13획
3276,명,銘,새길 명,14,"기록하다, 새기다, 명심하다. 조각하다, 금석에 새긴 글자.",金,136,
3277,"명,멱",溟,바다 명/멱,14,"아득하다, 광대하여 끝이 없는 모양. 어둡다, 가랑비 오는 모양 멱.",水,136,옥편13획
3278,"명,멱",熐,흉노 마을 이름 명,14,흉노부락이름. 흉노 마을 이름 명. 흉노 마을 이름 멱,水,,"2024 보완전사(김기승 성명학 9,491자 기준본 대조 추가); 기준본 음(대표) 필드 오류로 뜻풀이 텍스트에서 재추출함"
3279,"명,면",瞑,"눈감을 명,면",15,"감다, 어둡다, 눈이멀다, 자다. 아찔하다, 잘 면.",木,136,
3280,명,慏,너그럽고 관대한 성품 명,15,너그럽고 관대한 성품(관용). 온화하고 포용력 있는 태도(남을 이해하고 용서함),火,,"2024 보완전사(김기승 성명학 9,491자 기준본 대조 추가)"
3281,명,蓂,명협 명,16,"약초의 이름, 달력풀. 상서로운 풀의 이름",木,136,옥편14획
3282,명,螟,멸구 명,16,"배추벌레, 모기, 마디충(벌레). 멸구(멸굿과의 곤충).",火,136,
3283,명,鄍,고을 이름 명,16,고을이름. 고을 이름 명,水,,"2024 보완전사(김기승 성명학 9,491자 기준본 대조 추가); 기준본 음(대표) 필드 오류로 뜻풀이 텍스트에서 재추출함"
3284,명,鵬,초명새 명,19,초명새. 봉황과 비슷하다는 남방의 신조,火,136,
3285,명,䳟,초명새 명,19,명. 초명새 명,水,,"2024 보완전사(김기승 성명학 9,491자 기준본 대조 추가)"
3286,몌,袂,소매 몌,10,소매,木,136,옥편9획
3287,모,毛,터럭 모,4,"가려 뽑다, 가볍다, 가늘다, 잘다. 태우다, 없다, 희생, 털.",火,136,
3288,모,母,어머니 모,5,"근원, 표준, 기르다, 모방하다. 양육하다, 엄지손가락, 모제.",土,136,
3289,모,矛,창 모,5,"세모진 창, 별이름, 모순. 창(무기의 하나)",金,136,
3290,"모,무",牟,클 모/무,6,"크다, 늘다, 탐내다, 어둡다, 범하다. 눈동자, 보리 모, 어두울 무",土,136,
3291,모,牡,수컷 모,7,"언덕, 열쇠. 수컷, 양, 남근.",土,136,
3292,"모,막",皃,모양 모/막,7,"다스리다, 알아보다, 경시하다. 아득하다, 일다, 모사할 막",金,136,
3293,모,侔,가지런할 모,8,"따르다, 가지런하다, 힘쓰다, 취하다. 꾀하다, 같다, 벌레이름, 성의 하나.",火,136,
3294,"모,무",姆,유모 모/무,8,"유모, 맏동서, 여자스승, 형님. 유모 무",土,136,
3295,모,眊,흐릴 모,9,"(눈이)흐리다, (눈이)어둡다. 실망하다, 늙은이.",木,136,
3296,"모,매",某,아무 모/매,9,"매화, 자기의 겸칭, 아무개. 어느것, 매화 매",木,136,
3297,모,侮,업신여길 모,9,"업신여기다, 조롱하다.",火,136,옥편7획
3298,"모,노",姥,할머니 모/노,9,"할머니, 아내, 늙은여자, 늙은어머니. 외조모 로(노)",土,136,
3299,"모,묵",冒,무릅쓸 모/묵,9,"번성하다, 무성하다, 나이가다. 이기다, 번민하다, 선우 이름 묵",水,136,
3300,모,耗,소모할 모,10,"어지럽다, 척박하다, 해치다, 덜다. 공허하다, 소모하다, 쓰다, 흉년들다.",木,137,
3301,모,芼,우거질 모,10,"(풀이)우거지다, 고르다, 뽑다. 풀, 식물, 마물, 국.",木,137,옥편8획
3302,"모,무",恈,탐할 모/무,10,"탐하다, 탐내는 모양. 탐내어 아끼는 모양, 탐할 무.",火,137,옥편9획
3303,모,旄,깃대장식 모,10,"늙은이, 긴 털을 가진 소. 깃대 장식.",土,137,
3304,모,耄,늙은이 모,10,"혼몽하다, 늙다, 늙은이. 늙어 빠지다.",土,137,
3305,모,洠,물가 언덕 모,10,물가언덕. 물가 언덕 모,水,,"2024 보완전사(김기승 성명학 9,491자 기준본 대조 추가); 기준본 음(대표) 필드 오류로 뜻풀이 텍스트에서 재추출함"
3306,모,眸,눈동자 모,11,"침범하다, 무릅쓰다, 눈, 눈동자. 자세히 보다.",木,137,
3307,모,茅,띠 모,11,"누추한 거처, 기, 깃발, 띳집. 띠(포아풀과의 여러해살이 풀)",木,137,옥편9획
3308,모,軞,병거 모,11,전장할 때 쓰는 수레. 임금의 병거 이름,火,137,
3309,모,帽,모자 모,12,"모자, 두건, 옹. 그루터기, 붓두껍, (모자를)쓰다.",木,137,옥편11획
3310,모,媢,강샘할 모,12,"강샘하다(지나치게 시기하다). 노려보다, 시새우다, 쏘아보다.",土,137,
3311,모,募,모을 모,13,"모으다, 햇빛, 부르다, 뽑다, 일광. 불러모음, 뽑음, 부름, 뽑을 모",土,137,
3312,"모,무",髦,다팔머리 모/무,14,"빼어나다, 뛰어나다, 긴 털, 갈기. 다팔머리(찰랑거리는 머리털), 오랑캐우",火,137,
3313,모,嫫,추녀 모,14,"못생기다, 못생긴 여자. 추녀.",土,137,
3314,"모,매",瑁,옥홀 모/매,14,"제후가 조회할때 전자가 지니던 옥으로 만든 홀, 대모 매",金,137,옥편13획
3315,"모,막",貌,모양 모/막,14,"다스리다, 경시하다, 모사하다, 본뜨다. 아득하다, 자태, 얼굴, 모사할 막",水,137,
3316,"모,막",摸,본뜰 모/막,15,"가지다, 잡다, 본뜨다, 탐색하다. 더듬다, 쥐다, 더듬을 막",木,137,옥편14획
3317,모,模,본뜰 모,15,"본받다, 본뜨다, 쓰다듬다, 문지르다. 본보기, 법, 법식, 모양, 모호할 모",木,137,
3318,모,摹,베낄 모,15,"계획하다, 본받다, 보고 익히다. 표현하다, 베끼다, 꾀하다.",木,137,
3319,모,慕,그릴 모,15,"높이다, 우러러 받들어 본받다. 사모하다, 그리워하다, 뒤를 따르다.",火,137,
3320,모,暮,저물 모,15,"저물다, 늦다, 끝, 마지막, 늙다. 노쇠하다, 밤, 저물녘, 해질무렵.",火,137,
3321,모,慔,힘쓸 모,15,힘쓰다.,火,138,옥편14획
3322,"모,무",蝥,해충 모,15,해충 모. 가뢰 무,水,,"2024 보완전사(김기승 성명학 9,491자 기준본 대조 추가)"
3323,"모,무",橅,"법 모,무",16,"규범, 법, 어루만지다. 법 무",木,138,
3324,모,謀,꾀 모,16,"의논하다, 모색하다, 도모하다, 지략. 본보기, 살피다, 모호하다, 접촉하다",金,138,
3325,"모,무",橅,법 모/무,16,"어루만지다, 규범, 법. 법 모",木,141,
3326,"모,무",蟊,해충 모/무,17,"해충, 거미. 집게벌레 무",水,138,
3327,모,謨,꾀 모,18,"꾀하다, 계책, 속이다. 그릇이름.",金,138,
3328,목,木,나무 목,4,"질박하다, 꾸밈이 없다. 나무, 목성, 무명실로 짠 피륙",木,138,
3329,목,目,눈 목,5,"우두머리, 이름, 주시하다, 일컫다. 평정, 품평, 견해, 안목, 보다",木,138,
3330,목,牧,칠 목,8,"다스리다, 통치하다, 복종하다, 법. 벼슬이름, 수양하다, 치다.",土,138,
3331,목,沐,머리감을 목,8,"다스리다, 손질하다, 잘라내다. 씻다.",水,138,옥편7획
3332,목,炑,불 활활 붙을 목,8,불활활붙을. 불 활활 붙을 목,水,,"2024 보완전사(김기승 성명학 9,491자 기준본 대조 추가); 기준본 음(대표) 필드 오류로 뜻풀이 텍스트에서 재추출함"
3333,목,坶,땅 이름 목,8,양토. 땅 이름 목,水,,"2024 보완전사(김기승 성명학 9,491자 기준본 대조 추가); 기준본 음(대표) 필드 오류로 뜻풀이 텍스트에서 재추출함"
3334,목,苜,거여목 목,11,콩과의 두해살이 풀,木,138,옥편9획
3335,목,睦,화목할 목,13,"화목하다, 온화하다, 친하다, 가깝다. 공손하다, 삼가다, 부드러워지다.",木,138,
3336,목,穆,화목할 목,16,"화목하다, 아름답다, 공경하다 맑다. 온화하다, 기쁘게 하다.",木,138,
3337,목,鶩,집오리 목,20,"다른것이 섞이지 않고 순수하다. 달리다, 어지럽게 달리다.",火,138,
3338,몰,沒,빠질 몰,8,"가라앉다, 다하다, 마치다, 패망하다. 함락되다, 몰수하다, 탐하다, 지나치다.",水,138,옥편7획
3339,"몰,문",歿,죽을 몰/문,8,"천천히 하는 모양, 끝내다, 떨어지다. 숨다, 은거하다, 자르다, 자를 문",水,138,옥편7획
3340,"못,견",汧,강 이름 견,8,못. 강 이름 견,木,,"2024 보완전사(김기승 성명학 9,491자 기준본 대조 추가); 1차 음의 뜻풀이 누락으로 타 음(견)의 훈으로 대표훈음 대체"
3341,몽,霧,안개 몽,13,"안개, 아지랑이.",水,138,
3342,"몽,무",雺,안개 몽,13,안개 몽. 어두울 몽. 안개 무,水,,"2024 보완전사(김기승 성명학 9,491자 기준본 대조 추가)"
3343,몽,夢,꿈 몽,14,"꿈꾸다, 공상, 혼미하다, 어둡다. 똑똑하지 않다, 흐릿하다.",水,138,
3344,몽,濛,이슬비 몽,14,"이슬비, 가랑비.",水,138,옥편13획
3345,몽,溕,이슬비 몽,15,이슬비 몽. 가늘고 가랑비처럼 내리는 이슬비(보슬비). 습기나 물방울로 인해 촉촉한 상태,水,,"2024 보완전사(김기승 성명학 9,491자 기준본 대조 추가)"
3346,몽,蒙,어두울 몽,16,"받다, 무릅쓰다, 어둡다, 어리석다. 덮다, 속이다, 입다, 어리다.",木,138,옥편14획
3347,몽,幪,덮을 몽,17,"덮다, 무성하다, 덮어 씌우다. 머리띠, 무성한 모양.",木,138,
3348,"몽,맹",瞢,어두울 몽/맹,18,"어둡다, 부끄러워하다, 번민하다. 시력을 잃어 보이지 않는 눈, 먼눈맹",木,139,옥편16획
3349,몽,懞,어두울 몽,18,"돈독하다, 후하다, 어둡다. 어리석다, 흐리멍덩하다.",火,139,옥편17획
3350,몽,曚,어두울 몽,18,"어둡다, 어스레하다, 어둑어둑하다. 어리석다.",火,139,
3351,몽,瀧,가랑비올 몽,18,"큰 물, 흐릿하다. 매우 좁고 작은 개울.",水,139,옥편17획
3352,몽,朦,흐릴 몽,18,"흐리다, 우매하다, 어리석다. 가리다, 어슴푸레하다.",水,139,
3353,몽,矇,청맹과니 몽/몽,19,"시력을 잃어 보이지 않는 눈. 어둡다, 어두울 몽",木,139,
3354,몽,艨,싸움배 몽,20,싸움배.,木,139,
3355,"몽,망",䑃,풍성할 몽,20,몽. 풍성할 몽. 풍성한 고기 망,水,,"2024 보완전사(김기승 성명학 9,491자 기준본 대조 추가)"
3356,몽,鸏,물새새끼 몽,25,물새 새끼.,火,139,
3357,묘,卯,토끼 묘,5,"왕성하다, 무성하다, 불길한 날. 기한, 토끼.",木,139,
3358,묘,妙,묘할 묘,7,"예쁘다, 훌륭하다, 젊다, 오묘하다. 말할 수 없이 빼어나고 훌륭하다.",土,139,
3359,"묘,요",杳,아득할 묘/요,8,"깊숙하다, 아득하다, 희미하다, 멀다. 깊고 넓은 모양, 어둡다, 아득할 요",木,139,
3360,묘,眇,이루어질 묘,9,"이루어지다, 외눈질하다, 작다, 멀다. 다하다, 희미하다.",木,139,
3361,묘,昴,별이름 묘,9,"별자리 이름, 별 이름.",火,139,
3362,묘,玅,묘할 묘,9,"훌륭하다, 예쁘다, 젊다, 오묘하다. 묘하다, 멀다, 작다, 세소하다.",金,139,
3363,묘,竗,묘할 묘,9,"묘할 묘. 기묘하고 이상한 상태를 이르는 글자. 묘미나 신묘함을 나타내는 표기(고문서, 문학적 용도)",水,,"2024 보완전사(김기승 성명학 9,491자 기준본 대조 추가)"
3364,"묘,무",畝,이랑 묘/무,10,"밭 넓이, 밭두둑, 밭두렁, 백평. 밭이랑의 두둑한 부분, 이랑 무",土,139,
3365,묘,苗,모 묘,11,"곡식, 백성, 핏줄, 모종, 사냥. 오랑캐이름.",木,139,옥편9획
3366,묘,淼,물아득할 묘,12,"넓은 물, 수면이 아득하게 넓다. 물이 아득하다.",水,139,
3367,묘,描,그릴 묘,13,"묘사하다, 그리다.",木,139,옥편12획
3368,묘,渺,아득할 묘,13,"끝없이 넓다, 작다, 아주 작다, 멀다. 어렴풋하다, 물이 끝없이 이어진 모양",水,139,옥편12획
3369,묘,猫,고양이 묘,13,"고양이, 살쾡이.",土,139,옥편12획
3370,묘,墓,무덤 묘,14,"수여하다, 장사지내다, 주다, 묘지. 무덤.",土,140,
3371,묘,嫹,아름다울 묘,14,아름다울. 아름다울 묘,水,,"2024 보완전사(김기승 성명학 9,491자 기준본 대조 추가); 기준본 음(대표) 필드 오류로 뜻풀이 텍스트에서 재추출함"
3372,묘,廟,사당 묘,15,"사당, 조상의 신주를 모시는 곳. 정전, 한 나라의 정사를 집행하는 곳.",木,140,
3373,묘,貓,고양이 묘,16,"고양이, 살쾡이.",水,140,
3374,묘,錨,닻 묘,17,닻.,金,140,
3375,"묘,막,모",藐,"멀 묘/막,모",20,"아름답다, 예쁘다, 넓다, 업신여기다. 멀다, 약하다, 아득할 막, 지지 모",木,140,옥편18획
3376,"무,모",毋,말 무/모,4,"없다, 아니다, 말다. 관직이름 모",土,140,
3377,무,无,없을 무,4,"없다, 아니다, 말다, 금지하다. ~이 아니다, ~하지 않다.",水,140,
3378,"무,모",戊,천간 무/모,5,"(다섯째)천간, 무성하다, 우거지다. 창, 창 모","土,金",140,
3379,무,巫,무당 무,7,"망령되다, 터무니 없다, 산이름. (여자)무당, 무녀, 의사, 고을이름.",火,140,
3380,무,武,호반 무,8,"굳세다, 용맹스럽다, 지휘하다. 계승하다, 맹렬하다, 발자취.",土,140,
3381,무,拇,엄지손가락 무,9,"엄지손가락, 엄지발가락.",木,140,옥편8획
3382,"무,묘",畝,이랑 무/묘,10,"밭 넓이, 백평, 이랑, 밭두렁. 이랑 묘",土,140,
3383,무,茂,무성할 무,11,"빼어나다, 우수하다, 융성하다. 뛰어나다, 풍성하다, 넉넉하다.",木,140,옥편9획
3384,"무,모",務,힘쓸 무/모,11,"구하다, 찾아 얻다, 권면하다. 현혹되다, 업신여기다, 모욕, 힘쓰다",土,140,
3385,무,娬,아리따울 무,11,예쁠. 아리따울 무,水,,"2024 보완전사(김기승 성명학 9,491자 기준본 대조 추가); 기준본 음(대표) 필드 오류로 뜻풀이 텍스트에서 재추출함"
3386,무,無,없을 무,12,"무시하다, 업신여기다, 금지하다. 없다, 아니다, 따지지 아니하다.",火,140,
3387,무,貿,무역할 무,12,"바꾸다, 무역하다, 사다, 어둡다. 흐트러지다, 눈이 어두운 모양",金,140,
3388,무,堥,언덕 무,12,질그릇. 언덕 무,水,,"2024 보완전사(김기승 성명학 9,491자 기준본 대조 추가); 기준본 음(대표) 필드 오류로 뜻풀이 텍스트에서 재추출함"
3389,무,楙,무성할 무,13,"훌륭하다, 아름답다, 무성하다. 힘쓰다, 바꾸다, 모과나무.",木,140,
3390,무,珷,옥돌 무,13,"옥돌, 옥돌이름.",金,140,옥편12획
3391,무,碔,옥돌 무,13,옥돌. 옥돌 무,水,,"2024 보완전사(김기승 성명학 9,491자 기준본 대조 추가); 기준본 음(대표) 필드 오류로 뜻풀이 텍스트에서 재추출함"
3392,무,舞,춤출 무,14,"뛰어다니다, 날아다니다, 북돋다. 고무하다, 부추기다, 조롱하다.",木,140,
3393,무,誣,속일 무,14,"속이다, 꾸미다, 더럽히다, 남용하다. 강제로 하다, 과장하다, 비방하다",金,140,
3394,무,廡,집 무,15,"무성하다, 집, 규모가 큰 집, 결채. 지붕, 무성할 무",木,141,
3395,무,嘸,분명하지않을 무,15,"분명하지 않다, 똑똑하지 않다. 모호한 모양",水,141,
3396,무,撫,어루만질 무,16,"사랑하다, 따르다, 기대다, 위로하다. 어루만지다, 두드리다, 누르다, 쥐다.",木,141,옥편15획
3397,"무,후,호",嫵,"어루만질 무/후,호",16,"예쁘다, 아리땁다, 거칠다, 오만하다. 어루만지다, 아리따울 후, 클 호",火,141,옥편15획
3398,무,儛,춤출 무,16,"뛰어나니다, 날아다니다, 희롱하다. 북돋다, 부추기다, 조롱하다.",火,141,
3399,무,橆,우거질 무,16,없을. 우거질 무. 없을 무,水,,"2024 보완전사(김기승 성명학 9,491자 기준본 대조 추가); 기준본 음(대표) 필드 오류로 뜻풀이 텍스트에서 재추출함"
3400,무,懋,무성할 무,17,"빼어나다, 우수하다, 뛰어나다. 무성하다, 넉넉하다, 힘쓰다, 융성하다.",火,141,
3401,"무,목,류,규,료",繆,"얽을 무/목,류,규,료",17,"어긋나다, 위배하다, 속이다, 맺다. 사당치레 목, 틀리 류, 목맬 규, 료",木,141,
3402,"무,후,호",憮,어루만질 무,17,어루만질 무. 아리따울 후. 클 호,火,,"2024 보완전사(김기승 성명학 9,491자 기준본 대조 추가)"
3403,무,璑,광채 나는 옥 무,17,무. 광채 나는 옥 무,水,,"2024 보완전사(김기승 성명학 9,491자 기준본 대조 추가)"
3404,무,蕪,거칠 무,18,"거칠다, 어지럽다, 달아나다. 순무, 황무지.",木,141,옥편16획
3405,무,膴,포 무,18,"아름답다, 비옥하다, 두텁다, 크다. 법.",水,141,옥편16획
3406,무,霧,안개 무,19,"가볍고 잘다, 안개가 자욱하여 어둡다. 안개처럼 모였다가 깨끗이 흩어지다.",水,141,
3407,무,鵡,앵무새 무,19,앵무새.,火,141,
3408,무,鶩,달릴 무,19,"노력하다, 힘쓰다, 달리다. 질주하다.",火,141,
3409,무,騖,달릴 무,19,달리다(급히 달음). 성급히 앞서 나가려 하거나 무모하게 나아가다(비유적 뜻),火,,"2024 보완전사(김기승 성명학 9,491자 기준본 대조 추가)"
3410,"묵,미",墨,먹 묵/미,15,"잠잠하다, 더러워지다, 가만히 있다. 검다, 어둡다, 불결하다, 교활할 미",土,141,
3411,묵,嘿,고요할 묵,15,"고요할 묵. 소리 없이 잠자코 있음, 말이 없음(묵묵함)",水,,"2024 보완전사(김기승 성명학 9,491자 기준본 대조 추가)"
3412,묵,默,잠잠할 묵,16,"고요하다, 조용하다, 묵묵하다. 잠잠하다, 입 다물다.",水,141,
3413,묵,嚜,고요할 묵,18,"잠잠하다, 고요하다, 입을 다물다. 말을 아니하다.",水,141,
3414,문,文,글월 문,4,"빛나다, 하려하다, 아름답다, 꾸미다. 자자하다, 어지러워지다, 몸에 새기다",木,141,
3415,문,刎,목벨 문,6,"목 베다, 스스로 목을 자르다.",金,141,
3416,문,吻,입술 문,7,"입술, 입가, 입 끝, 말투. 입시울, (사물의 뾰족하게 내민)끝",水,141,
3417,"문,민",抆,닦을 문/민,8,"닦다, 담다, 길다, 송이, 문지르다. 훔치다, 닦아내다, 어루만질 민",木,141,옥편7획
3418,문,門,문 문,8,"방법, 비결, 분류, 요령. 문, 집안, 문벌, 동문, 전문, 방도.",木,142,
3419,문,炆,따뜻할 문,8,"따뜻하다, 따스하다. 뭉근한 불로 장시간 삶다.",火,142,
3420,"문,민",汶,물이름 문/민,8,"더럽다, 분명하지 않은 모양. 불결하다, 산 이름 민",水,142,옥편7획
3421,문,紋,무늬 문,10,"(직물의)무늬, 주름, 주름살. 문채(아름다운 광채)",木,142,
3422,문,紊,어리러울 문,10,"번성하다, 어지럽다, 어지럽히다. 문란하다.",木,142,
3423,"문,만",惋,잊을 문/만,10,"정직하다, 잊어버리다, 의혹하다. 빠지다, 번민하다, 의혹할 만",木,142,
3424,문,們,들 문,10,"무리, 살찐 모양. 모여서 뭉친 한 동아리",火,142,
3425,문,蚊,모기 문,10,모기.,水,142,
3426,문,問,물을 문,11,"알리다, 방문하다, 찾다, 부르다. 묻다, 돌 단단한 소리. 문초하다",水,142,
3427,문,捫,어루만질 문,12,"어루만지다, 쓰다듬다, 거머쥐다. 붙잡다, 더듬다.",木,142,옥편11획
3428,문,雯,구름무늬 문,12,구름무늬.,水,142,
3429,"문,만",悗,잊을 문,12,잊을 문. 의혹할 만,火,,"2024 보완전사(김기승 성명학 9,491자 기준본 대조 추가)"
3430,"문,민",脗,꼭맞을 문/민,13,"합하다, 꼭 맞다, 입술. 입술 문, 물결 가없는 모양 민",水,146,옥편11획
3431,문,聞,들을 문,14,"깨우치다, 방문하다, 알려지다, 맡다. 기회를 노리다, 듣다, 알리다",火,142,
3432,문,璊,붉은옥 문,16,"붉은 옥, 옥의 붉은 빛깔.",金,142,옥편15획
3433,"문,만",懣,번민할 문/만,18,"번민하다, 번거롭다, 화내다, 번민. 번민할 만",火,142,
3434,"물,몰",勿,말 물/몰,4,"부지런히 힘쓰는 모양, 근심하는 모양. 아니하다, 말다, 없다, 털 몰",金,142,
3435,물,物,물건 물,8,"재물, 보다, 살비파, 변별하다. 헤아리다, 견주다.",土,142,
3436,"물,매,밀",沕,"아득할 물/매,밀",8,"아득하다, 그윽하다, 숨다, 숨기다. 잠기다, 망언하다, 아득할 매, 잠길 밀",水,142,옥편7획
3437,미,未,아닐 미,5,"아니다, 못하다, 미래, 장차. 아직~하지 못하다, 여덟째 지지.",木,142,
3438,미,米,쌀 미,6,쌀. 미터(meter),木,142,
3439,미,尾,꼬리 미,7,"아름다운 모양, 곱고 예쁘다, 끝. 뒤따르다, 뒤를 밟다.",水,142,
3440,미,采,점점 미,8,"깊이 들어가다, 두루 다니다. 점점, 더욱더",木,143,
3441,미,侎,어루만질 미,8,어루만지다.,火,143,
3442,미,弥,미륵 미,8,"다하다, 마치다, 차다, 거두다. 취감기다, 지내다, 퍼지다, 두루 미",火,143,
3443,"미,매",味,맛 미/매,8,"빛깔, 광택, 뜻, 의의, 취향. 맛보다, 맛들이다, 광택 매",木,143,
3444,미,冞,점점 미,8,"점점 미(점차). 서서히 이루어지거나 증가, 확산함을 나타내는 말(차츰 변화함)",土,,"2024 보완전사(김기승 성명학 9,491자 기준본 대조 추가)"
3445,미,眉,눈썹 미,9,"가장자리, 알랑거리다, 눈썹, 둘레. 교태를 부리다.",木,143,
3446,미,弭,활고자 미,9,"따르다, 드리우다, 편안히 하다. 잊다, 그치다, 그칠 미",火,143,
3447,미,美,아름다울 미,9,"아름답다, 경사스럽다, 좋다, 기리다. 맛있다, 즐기다.",土,143,
3448,미,咪,양 울 미,9,양우는소리. 양 울 미,水,,"2024 보완전사(김기승 성명학 9,491자 기준본 대조 추가); 기준본 음(대표) 필드 오류로 뜻풀이 텍스트에서 재추출함"
3449,미,娓,장황할 미,10,"예쁘다, 따르다, 장황하다, 힘쓰다. 되풀이하다.",土,143,
3450,미,敉,어루만질 미,10,"편안하게 하다, 어루만지다.",金,143,
3451,미,洣,강이름 미,10,"강 이름. 못 이름, 내 이름.",水,143,옥편9획
3452,미,味,맛 미,11,"맛보다, 빛깔, 뜻.",木,143,옥편9획
3453,미,楣,나무끝 미,11,"처마, 차양. 문 위에 가로로 댄 나무",木,143,
3454,"미,노",梶,나무의 끝부분 미,11,"나무의 끝부분(마구리). 배를 조종하는 노, 키(방향을 잡는 도구)",木,,"2024 보완전사(김기승 성명학 9,491자 기준본 대조 추가)"
3455,미,𥹄,그물 미,11,미. 그물 미,水,,"2024 보완전사(김기승 성명학 9,491자 기준본 대조 추가)"
3456,미,浘,물 흐르는 모양 미,11,미려혈. 물 흐르는 모양 미,水,,"2024 보완전사(김기승 성명학 9,491자 기준본 대조 추가); 기준본 음(대표) 필드 오류로 뜻풀이 텍스트에서 재추출함"
3457,미,媚,아첨할 미,12,"예쁘다, 아름답다, 사랑하다, 좋다. 아첨하다, 요염하다, 예쁠 미",土,143,
3458,미,嵄,산 미,12,"깊은 산, 산. 산이름.",土,143,
3459,미,媄,아름다울 미,12,"예쁘다, 아름답다, 빛 곱다.",土,143,
3460,미,嵋,산이름 미,12,산 이름,土,143,
3461,미,䋛,수놓은 쌀알 무늬 미,12,미. 수놓은 쌀알 무늬 미,水,,"2024 보완전사(김기승 성명학 9,491자 기준본 대조 추가)"
3462,미,䍘,그물 미,12,미. 그물 미,水,,"2024 보완전사(김기승 성명학 9,491자 기준본 대조 추가)"
3463,미,楣,문미 미,13,"문미(문 위에 가로로 댄 나무). 도리, 처마, 차양.",木,143,
3464,미,媺,빛날 미,13,"빛나다, 불꽃. 가무는 기운.",火,143,
3465,미,微,작을 미,13,"정교하다, 어렴풋하다, 어둡다, 숨다. 다치다, 엿보다, 작다.",火,143,
3466,미,迷,미혹할 미,13,"미혹하다, 유혹하다, 심취하다. 혼미하다, 헤메다, 잃다.",土,143,옥편10획
3467,미,媺,착하고 미쁠 미,13,"착하고 아름답다, 선미하다. 좋다. 여자 아이.",土,144,
3468,미,溦,물놀이 미,13,"물놀이(수면에 잔물결이 이는 현상). 파문, 못 이름, 내 이름",水,144,옥편12획
3469,"미,난",湄,물가 미/난,13,"물가, 더운 물, 탕. 더운물 난",水,144,옥편12획
3470,미,煝,빛나거나 번쩍일 미,13,빛나거나 번쩍이다(광채를 내다). 밝게 빛나 눈에 띄다(불빛이나 광휘를 이르는 말),火,,"2024 보완전사(김기승 성명학 9,491자 기준본 대조 추가)"
3471,미,苿,맛 미,13,맛 미. 오미자 미,木,,"2024 보완전사(김기승 성명학 9,491자 기준본 대조 추가)"
3472,미,渳,물의 형용 미,13,물질펀할. 물의 형용 미,水,,"2024 보완전사(김기승 성명학 9,491자 기준본 대조 추가); 기준본 음(대표) 필드 오류로 뜻풀이 텍스트에서 재추출함"
3473,미,菋,오미자 미,13,오미자. 오미자 미,水,,"2024 보완전사(김기승 성명학 9,491자 기준본 대조 추가); 기준본 음(대표) 필드 오류로 뜻풀이 텍스트에서 재추출함"
3474,미,瑂,옥돌 미,14,"구역, 구분하다, 나누다, 행정구획. 방위, 거처, 구별, 숨길 우",金,144,옥편13획
3475,미,渼,물놀이 미,14,"물놀이(흐르는 물에서 노는 일). 하천, 연못 등의 물 이름이나 물과 관련된 지명에 쓰임",水,,"2024 보완전사(김기승 성명학 9,491자 기준본 대조 추가)"
3476,미,郿,땅 이름 미,15,고을이름. 땅 이름 미,水,,"2024 보완전사(김기승 성명학 9,491자 기준본 대조 추가); 기준본 음(대표) 필드 오류로 뜻풀이 텍스트에서 재추출함"
3477,미,躾,가르칠 미,16,(예절을)가르치다.,火,144,
3478,미,糜,죽 미,17,"소비하다, 멸하다, 부서지다, 멸하다. 써서 없어지다. 문드러질 미",木,144,
3479,미,縻,고삐 미,17,"묶다, 흩어지다, 나누다, 얽어 매다. 고삐, 끈, 줄, 갈다. 홀다.",木,144,
3480,미,彌,미륵 미,17,"가득 메우다, 거두어들이다, 지내다. 오래다, 드리우다, 얽히다. 두루 미",火,144,
3481,미,麋,큰사슴 미,17,"진무르다, 늙다, 부서지다, 죽, 미음. 큰사슴, 눈썹, 물가, 궁궁이, 늙다.",土,144,
3482,미,謎,수수께끼 미,17,"미혹시키다, 헷갈리게 하다. 수수께끼",金,144,
3483,미,溦,이슬비 미,17,"이슬비, 가랑비. 물가",水,144,옥편16획
3484,미,㵟,이슬비 미,17,물가. 이슬비 미. 물가 미,水,,"2024 보완전사(김기승 성명학 9,491자 기준본 대조 추가); 기준본 음(대표) 필드 오류로 뜻풀이 텍스트에서 재추출함"
3485,"미,여,이",瀰,"물가득할 미/여,이",18,"많다, 판단하다, 총괄하다, 해지다. 많을 니(이), 물 이름 려(여)",水,144,옥편17획
3486,미,薇,장미 미,19,장미.,木,144,옥편17획
3487,"미,마",靡,쓰러질 미/마,19,"호사하다, 쓰러지다, 쓰러뜨리다. 말하다, 금지하다, 다하다, 갈 마","水,木",144,
3488,미,瀰,물넓을 미,21,"물이 꽉 찬 모양, 치런치런하다. 세차게 흐르다, 아득하다.",水,144,옥편20획
3489,미,獼,원숭이 미,21,원숭이.,土,144,옥편20획
3490,"미,문",亹,힘쓸 미/문,22,"부지런하다, 흐르다, 아름답다. 힘쓰다, 달리다, 골어귀 문","火,土",144,
3491,"미,매",黴,곰팡이 미/매,23,"곰팡이, 얼굴이 검다. 매우 애, 곰파이 매",水,144,
3492,미,蘪,천궁 미,23,풀이 거칠다. 물속에 풀이 나다.,木,144,옥편21획
3493,미,蘼,장미 미,25,장미.,木,144,옥편23획
3494,민,民,백성 민,5,"사람, 백성. 직업인, 나(자신)",火,145,
3495,민,旻,하늘 민,8,"하늘, 불쌍히 여기다. 가을하늘",火,145,
3496,민,旼,화할 민,8,"온화하다, 화하다, 화평하게 즐기다. 화락하다, 하늘, 가을하늘, 하늘 민",火,145,
3497,민,岷,산이름 민,8,산 이름. 강 이름.,土,145,
3498,"민,문",忞,힘쓸 민/문,8,"노력하다, 어둡다, 어지럽다, 힘쓰다. 어지러워지다, 어지러울 문",火,145,
3499,"민,문",忟,힘쓸 민/문,8,"노력하다, 어둡다, 어지럽다, 힘쓰다. 어지러워지다, 어지러울 문",火,145,옥편7획
3500,민,玟,아름다운돌 민,9,"아름다운 돌. 돌 이름, 옥돌.",金,145,옥편8획
3501,"민,분",敃,강인할 민/분,9,"강인하다, 굳세다, 힘쓰다, 어지럽다. 어지러울 분.",金,145,
3502,"민,면",泯,망할 민/면,9,"뒤섞이다, 망하다, 문란해지다, 섞다. 멸망하다, 죽다, 뒤섞일 면",水,145,옥편8획
3503,민,旼,볼 민,9,보다. (당황하여)어찌 줄 모르다.,木,145,
3504,민,砇,옥돌 민,9,옥돌.,金,145,
3505,민,盿,볼 민,9,"보다(보기와 관련된 뜻). 눈빛, 시선(보는 행위나 눈의 상태를 이르는 말)",木,,"2024 보완전사(김기승 성명학 9,491자 기준본 대조 추가)"
3506,"민,문",抿,어루만질 민,9,닦을. 어루만질 민. 닦을 문,水,,"2024 보완전사(김기승 성명학 9,491자 기준본 대조 추가); 기준본 음(대표) 필드 오류로 뜻풀이 텍스트에서 재추출함"
3507,"민,문,혼",怋,어지러울 민,9,민망할. 어지러울 민. 번민할 문. 어지러울 혼,水,,"2024 보완전사(김기승 성명학 9,491자 기준본 대조 추가); 기준본 음(대표) 필드 오류로 뜻풀이 텍스트에서 재추출함"
3508,민,珉,옥돌 민,10,옥돌.,金,145,옥편9획
3509,민,敏,민첩할 민,11,"영리하다, 총명하다, 공손하다. 재빠르다, 민첩하다, 자세하다.",金,145,
3510,민,罠,낚싯줄 민,11,"낚싯줄, 토끼 그물. 고라니 그물, 멧돼지 그물",木,145,옥편10획
3511,민,苠,속대 민,11,"많다, 많은 모양, 늦되다. 속대, 대껍질.",木,145,옥편9획
3512,민,閔,성씨 민/민,12,"노력하다, 힘쓰다, 걱정하다, 근심하다. 앓다, 가엽게 여기다, 위문할 민",木,145,
3513,민,悶,답답할 민,12,"깨닫지 못하다, 뒤섞이다, 번민하다. 답답하다, 혼미하다, 민망하다, 번민",火,145,
3514,민,愍,근심할 민,13,"힘쓰다, 노력하다, 근심하다, 걱정. 가엾어하다, 불쌍히 여기다.",火,145,
3515,민,暋,굳셀 민,13,"강하다, 노력하다, 번민하다. 애쓰다, 번뇌하다, 굳세다.",火,145,
3516,민,緡,돈꿰미 민,13,"장사밑천, 공물, 조세. 돈꿰미, 생업.",金,145,
3517,민,琘,옥돌 민,13,옥돌.,金,146,옥편12획
3518,민,瑉,옥돌 민,13,옥돌.,金,146,옥편12획
3519,"민,맹,면",黽,"힘쓸 민/맹,면",13,"노력하다, 힘쓰다. 맹꽁이 맹, 고을 이름 면",土,146,
3520,민,暋,굳셀 민,13,"노력하다, 애쓰다, 굳세다, 강하다. 번민하다, 번뇌하다.",火,146,
3521,민,鈱,돈꿰미 민,13,돈꿰미(돈을 꿰는 도구). 쇠붙이로 된 작은 장치나 부속,水,,"2024 보완전사(김기승 성명학 9,491자 기준본 대조 추가)"
3522,민,頤,강할 민,14,강하다.,火,146,
3523,민,瑉,옥돌 민,14,옥돌.,金,146,옥편13획
3524,민,閩,종족이름 민,14,"종족이름, 나라이름, 오랑캐 이름. 민족이 살던 지방, 모기, 성의 하나.",木,146,
3525,"민,면",緡,낚싯줄 민/면,14,"베풀다, 맞다, 합하다, 입히다. 연잇다, 새끼줄, 연이을 면",木,146,
3526,민,碈,옥돌 민,14,옥돌.,金,146,
3527,민,䃉,옥돌 민,14,민. 옥돌 민,水,,"2024 보완전사(김기승 성명학 9,491자 기준본 대조 추가)"
3528,민,䪸,강할 민,14,민. 강할 민,水,,"2024 보완전사(김기승 성명학 9,491자 기준본 대조 추가)"
3529,민,琝,옥돌 민,14,옥돌(옥 같은 돌). 장식용 돌이나 보석의 일종을 가리킴,水,,"2024 보완전사(김기승 성명학 9,491자 기준본 대조 추가)"
3530,민,慜,총명할 민,15,"총명하다, 영리하다, 근심하다. 슬퍼하다, 가엾게 여기다, 근심할 민",火,146,
3531,"민,면",緍,낚싯줄 민/면,15,"합하다, 성하다, 입히다, 입다. 연잇다, 새 우는 소리 면",木,146,
3532,민,僶,힘쓸 민,15,힘쓸. 힘쓸 민,水,,"2024 보완전사(김기승 성명학 9,491자 기준본 대조 추가); 기준본 음(대표) 필드 오류로 뜻풀이 텍스트에서 재추출함"
3533,민,憫,민망할 민,16,"근심하다, 민망하다, 고민하다. 불쌍히 여기다, 가엾게 생각하다.",火,146,옥편15획
3534,민,潣,물졸졸흘러내릴 민,16,물이 편편한 모양. 물이 졸졸 흘러 내리다.,水,146,옥편15획
3535,민,鍲,돈꿰미 민,17,부세회계할. 돈꿰미 민,水,,"2024 보완전사(김기승 성명학 9,491자 기준본 대조 추가); 기준본 음(대표) 필드 오류로 뜻풀이 텍스트에서 재추출함"
3536,"민,문,혼",𩔉,단단한 머리 민,18,민. 어두울 문. 단단한 머리 민. 어두울 혼,水,,"2024 보완전사(김기승 성명학 9,491자 기준본 대조 추가)"
3537,민,鰵,다금바리 민,22,"참조기, 다금바리, 민어.",水,146,
3538,밀,密,빽빽할 밀,11,"빈틈이 없다, 편안하다, 가깝다. 꼼꼼하다, 비밀로 하다, 은밀하다.",木,146,
3539,밀,蜜,꿀 밀,14,"달콤하다, 감미롭다, 자세하다. 꿀, 벌꿀.",木,146,
3540,밀,樒,침향 밀,15,침향. 더운 지방 원산인 상록의 향나무,木,146,
3541,밀,滵,빨리흐를 밀,15,"물이 빨리흐르다, 빨리 흐르는 모양. 물이 빨리 흐르다.",水,146,옥편14획
3542,밀,謐,고요할 밀,17,"자세하다, 상세하다, 조심하다. 조용하다, 고요하다, 삼가다.",金,146,
3543,"박,복,부",朴,"성씨 박/복,부",6,"순박하다, 크다, 치다, 때리다. 성의 하나, 후박나무, 칠복, 성씨부",木,147,
3544,박,拍,칠 박,9,"어루만지다, 사랑하다, 어깨, 치다. 손으로 두드리다, 박자, 음악의 리듬",木,147,옥편8획
3545,"박,백",泊,머무를 박/백,9,"담백하다, 조용하다, 뒤섞이다, 얇다. 묵다, 머무르다, 대다, 물의 모양.",水,147,옥편8획
3546,박,剝,벗길 박,10,"벗기다, 두드리다, 찢다, 다치다. 벗겨지다, 떨어뜨리다, 깎다.",金,147,
3547,박,亳,땅이름 박,10,"은나라, 땅이름. 성의 하나.",火,147,
3548,"박,백",珀,호박 박/백,10,"호박(나무의 진따위가 땅속에 굳어진 광물), 호박 백",金,147,옥편9획
3549,"박,백",珀,호박 박/백,10,"호박, 호박(나무의 진따위가 땅속에 굳어진 누런색 광물), 호박 백",金,154,옥편9획
3550,박,粕,지게미 박,11,지게미(술을 짜낸 찌꺼기). 깻묵,木,147,
3551,박,舶,배 박,11,"배, 선박. 옷깃.",木,147,
3552,박,迫,핍박할 박,12,"다가오다, 몰리다, 다급하다, 닥치다. 줄어들다, 좁다, 허둥거리다.",土,147,옥편9획
3553,박,博,넓을 박,12,"넓히다, 바꾸다, 많다, 넓다, 크다. 깊다, 노름하다, 평범함, 많다.",水,147,
3554,박,鉑,금박 박,13,금박.,金,147,
3555,박,雹,우박 박,13,"두들기다, 우박.",水,147,
3556,박,箔,발 박,14,"잠박(누에 기르는 채반), 박 발-대오리나 갈대로 엮어 만든 물건.",木,147,
3557,박,駁,논박할 박,14,"섞이다, 순수하지 않다, 어긋나다. 치우치다, 치다, 얼룩말 박",火,147,
3558,박,牔,박공 박,14,지붕끝머리에 붙이는 두꺼운 널빤지. 박공.,木,147,
3559,"박,복",撲,칠 박/복,16,"소유하다, 가득하다, 가지다, 닦다. 넘어지다, 엎드러지다, 찌르다, 칠 복",木,147,옥편15획
3560,"박,복",樸,순박할 박/복,16,"다듬다, 순박하다, 질박하다, 통나무. 달라붙다, 통나무, 나무빽빽할 복",木,147,
3561,박,縛,얽을 박,16,"묶다, 매이다, 포박하다, 구속되다. 얽다, 동이다, 포승, 복토.",木,147,
3562,박,膊,팔뚝 박,16,"팔뚝, 포, 경계, 땅의 가장자리. 책살하다, 홰치다, 소리, 책살하다.",水,147,옥편14획
3563,박,駮,논박할 박,16,"치우치다, 어긋나다, 섞이다, 치다. 순수하지 않다, 얼룩말 박",火,147,
3564,박,璞,옥돌 박,17,"진실하다, 소박하다, 옥돌. 꾸밈이 없다.",金,148,옥편16획
3565,박,鎛,종 박,18,"종(악기의 일종), 칠하다, 호미, 괭이. 꾸미다, 금으로 만든 술 그릇.",金,148,
3566,"박,벽,보",薄,"엷을 박/벽,보",19,"가까워지다, 척박하다, 야박하다, 적다. 엷다, 얇다, 동자기둥 벽, 풀이름 보",木,148,옥편17획
3567,박,髆,어깻죽지뼈 박,20,"어깻죽지뼈. 어깨, 종지뼈.",金,148,
3568,"박,벽",欂,두공 박/벽,21,"기둥 위의 방향의 나무, 두공. 중깃, 두공 벽",木,148,
3569,"반,번,판",反,"돌이킬 반/번,판",4,"보답하다, 바꾸다, 반성하다, 반대하다. 어기다, 배반하다, 어려울 번, 삼갈 판",水,148,
3570,반,半,반 반,5,"가장, 한창, 절정, 떨어진 부분. 똑같이 둘로 나누다, 가운데.",土,148,
3571,반,伴,짝 반,7,"의지하다, 따르다, 모시다, 동반하다. 배반하다, 한가로운 모양",火,148,
3572,반,放,나눌 반,8,"나누다, 나뉘다, 나누어주다.",金,148,
3573,반,扳,끌어당길 반,8,끌어당기다. 오르려고 잡아당기다.,木,148,옥편7획
3574,반,攽,나눌 반,8,"나누다, 분배하다(부분으로 갈라 몫을 나눔). 번갈아 하다, 교대하여 행하다(문언상으로 교대, 부분적 작용을 나타냄)",水,,"2024 보완전사(김기승 성명학 9,491자 기준본 대조 추가)"
3575,반,拌,버릴 반,9,"가르다, 쪼개다, 뒤섞다, 버리다. 휘저어 뒤섞다, 모질게 굴다, 쪼갤 반",木,148,옥편8획
3576,"반,분",盻,눈예쁠 반/분,9,"예쁜 눈, 날이 새려하다, 겉눈질하다. 보다, 돌아보다, 날 새려 할 분",水,148,
3577,반,泮,물가 반,9,"(얼음이)녹다, 풀리다. 물가.",水,148,옥편8획
3578,반,叛,배반할 반,9,"빛나다, 달아나다, 어긋나다. 배반하다, 떨어지다, 돌이 되다.",水,148,
3579,"반,변,분",盼,눈 예쁠 반,9,눈 예쁠 반. 눈 예쁠 변. 동틀 분,木,,"2024 보완전사(김기승 성명학 9,491자 기준본 대조 추가)"
3580,반,般,클 반,10,"가지런한 모양, 즐기다, 크다, 돌다. 되돌리다, 어정거리다, 놀다, 일반 반",木,148,
3581,반,畔,밭두둑 반,10,"피하다, 배반하다, 어그러지다. 발호하다, 떨어지다, 배반할 반.",土,148,
3582,"반,분",胖,나눌 반/분,10,"높다, 나누다, 구실 매기다. 큰 머리, 머리 클 분",水,148,옥편8획
3583,"반,분",朌,나눌 반,10,나눌 반. 머리 클 분,水,,"2024 보완전사(김기승 성명학 9,491자 기준본 대조 추가)"
3584,반,絆,얽어맬 반,11,"견제하다, 묶다, 얽어매다. 묶어놓다, 줄, 올가미.",木,148,
3585,반,返,돌이킬 반,11,"돌아오다, 되돌리다, 돌려보내다. 바꾸다, 새롭게 하다.",土,148,옥편8획
3586,반,班,나눌 반,11,"나누다, 돌아오다, 주다, 서성거리다. 같다, 벌려서다, 이별하다.",金,148,옥편10획
3587,"반,판",胖,클 반/판,11,"편안하다, 관대하다, 크다. 갈비살, 안심, 희생 반쪽 판",水,149,옥편9획
3588,반,斑,아롱질 반,12,"나누다, 어지러워지는 모양. 아롱지다, 얼룩, 얼룩진 무늬.","木,黃,金",149,
3589,반,飯,밥 반,13,"먹다, 먹이다, 말이 달리는 모양. 말이 달리다, 사육하다, 기르다.",水,149,
3590,"반,분",頒,나물 반/분,13,"많다, 하사하다, 반포하다, 나누다. 구분하다, 널리 퍼뜨리다, 머리클 분",火,149,
3591,반,媻,비틀거릴 반,13,"뽐내다, 비틀거리다, 나부끼는 모양. 느릿느릿 걷는 모양",土,149,
3592,반,搬,옮길 반,14,"나르다, 운반하다, 이사를 가다. 옮기다.",木,149,옥편13획
3593,반,槃,쟁반 반,14,"즐기다, 멈추다. 쟁반.",木,149,
3594,"반,파",撆,덜 반/파,14,"옮기다, 없애다, 바르지 않다. 헤치다, 터 닦다, 터 닦을 파",木,149,
3595,반,頖,학교이름 반,14,학교 이름. 제후의 학교 이름.,火,149,
3596,반,溿,물가 반,14,물가. 물가 반,水,,"2024 보완전사(김기승 성명학 9,491자 기준본 대조 추가); 기준본 음(대표) 필드 오류로 뜻풀이 텍스트에서 재추출함"
3597,반,盤,소반 반,15,"큰 돌, 넓고 큰 모양, 굽다, 돌다. 서리다, 바탕, 받침, 넓고 큰 모양",金,149,
3598,반,磐,광대할 반,15,"넓다, 이어지다, 웅장하다, 광대하다. 반석, 머뭇거리다, 너럭바위.",金,149,
3599,반,瘢,흉터 반,15,"허물, 잘못, 자국, 흔적. 흉터, 주근깨.",水,149,
3600,"반,파",搫,덜 반,15,덜 반. 옮길 반. 터 닦을 파,木,,"2024 보완전사(김기승 성명학 9,491자 기준본 대조 추가)"
3601,"반,번",潘,성씨 반/번,16,"넘치다, 소용돌이, 성의하나, 뜨물. 쌀뜨물, 뜨물 반, 넘칠 번",水,149,옥편15획
3602,반,螌,가회 반,16,바퀴. 가뢰-가뢰과 곤충을 통틀어 이르는말,水,149,
3603,"반,번,파",磻,"강이름 반/번,파",17,"강이름, 실에 돌을 달다, 주살촉 추. 반계, 강 이름 번, 돌살촉 파",金,149,
3604,"반,빈",豳,얼룩 반,17,얼룩 반. 나라 이름 빈,水,,"2024 보완전사(김기승 성명학 9,491자 기준본 대조 추가)"
3605,반,蟠,서릴 반,18,"가득차다, 두루 미치다, 두르다. 서리다(동그랗게 포개어 감다)빙감다",水,149,
3606,반,攀,더위잡을 반,19,"의지하다, 끌어쓰다, 달라붙다, 당기다. 매달리다, 더위잡다, 꺽다, 따다.",木,149,
3607,반,瀊,물 돌 반,19,물돌. 물 돌 반,水,,"2024 보완전사(김기승 성명학 9,491자 기준본 대조 추가); 기준본 음(대표) 필드 오류로 뜻풀이 텍스트에서 재추출함"
3608,"반,번",礬,명반 반/번,20,"명반, 백반, 꽃 이름. 명반 번",金,149,
3609,"발,패",拔,뽑을 발/패,9,"뛰어나다, 빠르다, 특출나다, 쥐다. 빼어나다, 머무르다, 무성할 패",木,149,옥편8획
3610,"발,별",炦,"불기운 발,별",9,불기운.,火,150,여백 별기
3611,발,勃,흥할 발,9,"밀치다, 다투다, 갑작스럽다, 성하다. 발끈하다, 노하다, 우적 일어나다.",土,150,
3612,발,哱,어지러울 발,10,"어지럽다, 숨내쉬는 소리, 소리. 바라:나각, 소라의 껍데기로 만든 악기",水,150,
3613,발,浡,일어날 발,11,"일어나다, 용솟음하다, 샘솟다. 성하다, 흐리다, 성내다.",水,150,옥편10획
3614,발,發,필 발,12,"밝히다, 들추다, 계발하다, 떠나다. 베풀다, 나타나다, 드러내다, 쏘다.",火,150,
3615,발,跋,밟을 발,12,"되돌리다, 밟다, 넘어가다, 난폭하다. 타다 남은 부분, 사납다, 짓밟다.",土,150,
3616,발,鉢,바리때 발,13,"사발, 바리때, 대대로 전하는 것. 승려가 되는 일.",金,150,
3617,발,渤,바다이름 발,13,"물이 솟아오르는 모양, 물소리. 안개가 자욱하다, 발해 발",水,150,옥편12획
3618,발,脖,배꼽 발,13,"배꼽, 목덜미.",水,150,옥편11획
3619,발,鈸,방울 발,13,"방울, 요발(불교법회때 쓰는 악기). 동발(자바라, 제금, 향발), 제금-현악기",金,150,
3620,발,髮,터럭 발,15,"터럭, 머리털, 메마른 밭, 모래땅. 초목, 줄기, (머리털을)기르다.",火,150,
3621,발,魃,가뭄 발,15,"가물다, 가뭄. 한귀(가뭄을 말고 있다고 하는 귀신)",火,150,
3622,발,潑,솟아날 발,16,"솟아나다, 활발하다, 새다. 한바탕 내리다.",水,150,옥편15획
3623,발,撥,다스릴 발,16,"일으키다, 다스리다, 제거하다, 휘다. 휘저어 뒤섞다, 파내다, 키져들다.",木,150,옥편15획
3624,발,鵓,집비둘기 발,18,집비둘기.,火,150,
3625,발,醱,술괼 발,19,"거듭 빚다, 술을 빚다. 술을 괴다, 전술.",金,150,
3626,방,方,모방 방,4,"법, 규정, 방법, 수단, 모두, 함께. 도리, 의리, 술법, 처방.",土,150,
3627,방,仿,본뜰 방,6,"견주다, 비슷하다, 모방하다, 본뜨다. 어렴풋하다, 흐리다, 헤메다, 떠돌다",火,150,
3628,방,彷,헤맬 방,7,"비슷하다, 어물리다, 배회하다. 헤메다, 거닐다, 비슷할 방.",火,150,
3629,방,妨,방해할 방,7,"방해하다, 거리끼다, 해살을 놓다. 장애, 순조럽지 못하게 방해되다.",土,150,
3630,방,坊,동네 방,7,"동네, 마을, 집, 거처, 동궁, 별체. 관청, 절, 사찰, 둑, 제방, 공장, 거푸집",土,150,
3631,"방,봉",尨,삽살개 방/봉,7,"높고 크다, 어지럽다, 난잡하다. 흩어지다, 얼룩얼룩하다, 어지러울 봉",土,151,
3632,방,房,방 방,8,"규방, 침실, 집, 가옥, 사당. 방, 곁방, 거실, 관아, 아내, 첩실.",木,151,
3633,"방,병",枋,다목 방/병,8,"나무이름, 떼, 뗏목, 문지방, 어살. 다목(콩과의 상록교목), 자루, 자루 병",木,151,
3634,방,昉,밝을 방,8,"본받다, 살펴보다, 뵙다, 조사하다. 묻다, 미치다, 모의하다, 상의하다.",火,151,
3635,방,放,놓을 방,8,"널리 펴다, 넓히다, 본답다, 버리다. 피다, 내놓다, 꾸어주다, 달아나다.",金,151,
3636,방,汸,세차게 흐를 방,8,큰비. 세차게 흐를 방,水,,"2024 보완전사(김기승 성명학 9,491자 기준본 대조 추가); 기준본 음(대표) 필드 오류로 뜻풀이 텍스트에서 재추출함"
3637,방,厖,두터울 방,9,"넉넉하다, 크다, 섞이다, 두텁다. 창(무기의 하나)두터이하다, 두께",水,151,
3638,방,芳,꽃다울 방,10,"(이름이)빛나다, 아름답다, 향기. 꽃답다, (향기가)나다, (맛이)좋다",木,151,옥편8획
3639,방,倣,본뜰 방,10,"본받다, 배우다, 닮다, 비슷하다. 본뜨다, 글씨본 대로 쓴 글자.",火,151,
3640,"방,팽",旁,두루 방/팽,10,"두루, 곁, 옆. 튼튼하고 힘이 쎈 모양, 달릴 팽",土,151,
3641,방,紡,길쌈 방,10,"길쌈, 실, 김다, 걸다, 매달다. 비단, 길쌈하다, (실을)뽑다, 잣다.",木,151,
3642,방,肪,살찔 방,10,"살찌다, 비게, 기름.",水,151,옥편8획
3643,방,舫,방주 방,10,"방주(네모진 모양의 배), 배. 선박.",木,151,
3644,방,蚌,방합 방,10,"방합, 필조개.",水,151,
3645,방,梆,목어 방,11,"목탁, 목어, 나무이름. 딱딱이(박자를 맞출 때 치는 기구)",木,151,
3646,방,訪,찾을 방,11,"본받다, 따르다, 조사하다, 상의하다. 살펴보다, 뵙다, 탐구하다.",金,151,
3647,방,邦,나라 방,11,"나라, 서울, 수도, 제후의 봉토. 천하, 형, 손위누이, (제후를)봉하다.",土,151,옥편7획
3648,방,旊,옹기장 방,11,옹기장. 옹기 그릇을 굽는 사람.,土,151,
3649,방,幇,도울 방,12,"보좌하다, 돕다, 지원하다. 무리, 단체, 패거리, 신의 양쪽 면",木,151,
3650,방,舽,배 방,12,"배, 선박. 오나라의 배",木,151,
3651,방,傍,곁 방,12,"곁, 옆, 가까이, 흐릿한 모양, 엇갈리다. 성대한 모양, 분주하게 응대하는 모양",火,151,
3652,방,防,막을 방,12,"막다, 방어하다, 맞서다, 훼방하다. 필적하다, 해살놓다, 둑, 방죽, 요새",土,152,옥편7획
3653,방,徬,헤멜 방,13,"따라다니다, 시중들다, 비슷하다. 어울리다, 배회하다, 시중들 방",火,152,
3654,방,塝,땅 두둑 방,13,언덕위땅. 땅 두둑 방,水,,"2024 보완전사(김기승 성명학 9,491자 기준본 대조 추가); 기준본 음(대표) 필드 오류로 뜻풀이 텍스트에서 재추출함"
3655,"방,병",嗙,웃을 방,13,큰소리할. 웃을 방. 웃을 병,水,,"2024 보완전사(김기승 성명학 9,491자 기준본 대조 추가); 기준본 음(대표) 필드 오류로 뜻풀이 텍스트에서 재추출함"
3656,방,搒,배저을 방,14,"내세우다, 매질하다, 휴식하다. 빨리 젓다, 쉬다, 매질할 방",木,152,옥편13획
3657,방,牓,패 방,14,"방해하다, 고시하다, 방을 붙이다. 패, 방문, 방목, 게시판, 액틀.",木,152,
3658,"방,병",榜,방 붙일 방/병,14,"방을 붙이다, 매질하다, 노를 젓다. 알리다, 볼기를 치다, 도지개 병",木,152,
3659,방,髣,비슷할 방,14,"비슷하다, 닮다.",火,152,
3660,방,滂,비퍼부울 방,14,"비 퍼붓다, 물이 흐르는 소리. 축축퍼붓다, 물이 질펀하게 흐르는 모양",水,152,옥편13획
3661,방,磅,돌떨어지는소리 방,15,돌이 떨어지는 소리. 파운드.,金,152,
3662,방,魴,방어 방,15,방어(바닷물고기의 하나). 성의 하나.,水,152,
3663,방,蒡,우엉 방,16,"우엉. 인동덩굴, 흰 쑥.",木,152,옥편14획
3664,방,膀,오줌통 방,16,"방광, 부풀어 오르다. 오줌통.",水,152,옥편14획
3665,방,螃,방개 방,16,방게(바위겟과의 하나),水,152,
3666,방,幫,도울 방,17,"지원하다, 보좌하다, 돕다, 단체. 무리, 패거리, 신의 양쪽면",木,152,
3667,방,謗,헐뜯을 방,17,"대답하다, 비방하다, 나무라다. 헐뜯다.",金,152,
3668,방,鎊,깎을 방,18,깍다. 영국의 화폐이름(파운드의 음역),金,152,
3669,방,龐,클 방,19,"크다, 성실하다, 어지럽다. 성씨",土,152,
3670,"배,북",北,달아날 배/북,5,"나누다, 분리하다, 패하다, 등지다. 달아나다, 도망치다, 북쪽, 북녘 북","金,水",152,
3671,"배,파,별",扒,"뺄 배/파,별",6,"발굴하다, 붙잡다, 벗기다, 달라붙다. 깨드리다, 깨드릴 파, 분별할 별",木,152,옥편5획
3672,"배,괴",坏,언덕 배/괴,7,"바르다, 파괴하다, 나쁘다, 망가지다. 틈막다, 허물어지다, 무너질 괴",土,152,
3673,"배,패",貝,"조개 배,패",7,"조개, 돈, 보화, 비단.",金,152,여백 별기
3674,배,杯,잔 배,8,"잔, 술잔. (국을 담는)대접",木,152,
3675,배,拜,절 배,9,"절하다, 방문하다, 찾다, 빼다. 굽히다, 뽑다, 받다, 뺄 배",木,153,
3676,배,盃,잔 배,9,"잔, 대접.",金,153,
3677,"배,환",环,구슬 배,9,배교. 구슬 배. 고리 환,水,,"2024 보완전사(김기승 성명학 9,491자 기준본 대조 추가); 기준본 음(대표) 필드 오류로 뜻풀이 텍스트에서 재추출함"
3678,배,俖,옳지 못할 배,9,아니될. 옳지 못할 배,水,,"2024 보완전사(김기승 성명학 9,491자 기준본 대조 추가); 기준본 음(대표) 필드 오류로 뜻풀이 텍스트에서 재추출함"
3679,"배,패",倍,곱 배/패,10,"곱하다, 더하다, 모시다, 등지다. 배반하다, 위배되다, 등질 패.",火,153,
3680,배,俳,배우 배,10,"어정거리다, 방황하다, 노닐다, 익살. 배우, 광대, 그리워하다, 어정거릴 배",火,153,
3681,배,配,나눌 배,10,"종사하다, 보충하다, 견주다, 딸리다. 나누다, 짝짓다, 짝, 걸맞다, 짝 배",金,153,
3682,배,徘,어정거릴 배,11,"노닐다, 그리워하다, 방황하다. 어정거리다, 배회하다.",火,153,
3683,"배,부",培,북을돋울 배/부,11,"다스리다, 배양하다, 양성하다. 불리다, 언덕 부, 탈 배",土,153,
3684,배,背,등 배,11,"배반하다, 물러나다, 달아나다, 등. 등지다, 외우다, 죽다, 배반할 배","金,水",153,옥편9획
3685,배,胚,아기밸 배,11,"임신하다, 시초, 반제품. 아기를 배다, 시작하다.",水,153,옥편9획
3686,배,排,밀칠 배,12,"밀어내다, 바로잡다, 늘어서다, 쌓다. 소통하다, 세게 찌르다, 풀무 배",木,153,옥편11획
3687,배,焙,불에쬘 배,12,"불에 쬐다, 배롱(화로에 씌우놓고 그 위에 젖은옷을 말리는 기구)",火,153,
3688,배,琲,구슬꿰미 배,13,구슬 꿰다. 꿰다.,金,153,옥편12획
3689,배,湃,물결칠 배,13,"물결치다, 물결소리. 물결이는 모양.",水,153,옥편12획
3690,"배,비",裴,성씨 배/비,14,"서성거리다, 서운회하다, 배회하다. 성의하나, 치렁치렁할 배, 고을이름 비",木,153,
3691,"배,비",裵,성씨 배/비,14,"서성거리다, 서운회하다, 배회하다. 성의하나, 치렁치렁할 배, 고을이름 비",木,153,
3692,배,褙,속적삼 배,15,"속적삼, 배자, 속옷. 배접하다(여러 겹 포개어 붙이다)",木,153,옥편14획
3693,배,輩,무리 배,15,"비교하다, 순서, 항렬, 떼지다, 주다. 무리, 줄(수레의 행렬), 친족간의 서열",火,153,
3694,배,賠,물어줄 배,15,"배상하다, 보상하다, 사과하다, 밑지다. 물어주다, 변상하다, (잘못을)빌다.",金,153,
3695,배,蓓,꽃봉오리 배,16,꽃봉오리. 풀 이름.,木,153,옥편14획
3696,배,陪,모실 배,16,"보태다, 더하다, 물어주다, 견주다. 상환하다, 돕다, 보좌하다.",土,153,옥편11획
3697,배,蓓,꽃봉오리 배,17,꽃봉오리.,木,154,옥편15획
3698,배,䔒,풀 이름 배,17,배. 풀 이름 배,水,,"2024 보완전사(김기승 성명학 9,491자 기준본 대조 추가)"
3699,백,白,흰 백,5,"밝아지다, 진솔하다, 분명하다. 빛나다, 아뢰다, 탄핵하다.",金,154,
3700,"백,맥",百,일백 백/맥,6,"일백, 백번, 온갖, 힘쓰다, 노력하다. 여러, 모두, 모든, 백배하다, 힘쓸 맥",金,154,
3701,"백,패,맥",伯,"맏 백/패,맥",7,"뛰어나다, 나타나다, 드러나다. 우두머리, 우두머리 패, 길 맥",火,154,
3702,백,帛,비단 백,8,"비단, 견직물, 명주. 폐백, 백서(비단에 쓰늘 글)",木,154,
3703,"백,맥",佰,일백 백/맥,8,"일백, 백 사람 어른, 우두머리. 밭두둑, 밭두렁, 거리, 밭두둑 맥",火,154,
3704,백,柏,측백 백,9,"측백나무, 측백나뭇의 잎, 잣나무. 가까워지다, 다가오다, 크다.",木,154,
3705,백,栢,측백 백,10,"가까워지다, 다가오다, 크다, 잣나무. 측백, 측백나무, 측백나무의 잎",木,154,
3706,"백,파",苩,성씨 백/파,11,"화려하다. 성의 하나, 꽃, 꽃 파.",木,154,옥편9획
3707,백,赽,넘칠 백,12,"넘치다, 급하다, 넘다. 개가 짖다, 개짖는 소리.",火,154,원본 자형 확인 필요
3708,백,䞟,넘칠 백,12,백. 넘칠 백,水,,"2024 보완전사(김기승 성명학 9,491자 기준본 대조 추가)"
3709,백,魄,넋 백,15,"넋, 몸 모양, 달, 달빛.",火,154,
3710,"번,반",袢,속옷 번/반,11,"속옷, 차려입다. 차려입을 반",木,154,옥편10획
3711,"번,파,반",番,"차례 번/파,반",12,"번성하다, 날래다, 울타리, 번갈다. 날랠 파, 땅 이름 반.","木,土",154,
3712,번,煩,번거로울 번,13,"번잡하다, 바쁘다, 어지럽다, 걱정. 번거롭다, 성가시다, 귀찮다, 시끄럽다.",火,154,
3713,번,勫,건장할 번,14,건장할. 건장할 번,水,,"2024 보완전사(김기승 성명학 9,491자 기준본 대조 추가); 기준본 음(대표) 필드 오류로 뜻풀이 텍스트에서 재추출함"
3714,번,幡,깃날 번,15,"펄럭이다, 날다, 나부끼다, 돌이키다. 깃발, 먹수건(먹물을 닦는 헝겊), 행주",木,154,
3715,번,樊,울타리 번,15,"어지러운 모양, 에워싸다, 둘러치다. 울타리, 새장, 곁, 번두리, 어수선하다.",木,154,
3716,번,燔,사를 번,16,"말리다, 태우다, 사르다, 굽다. 제육.",火,154,
3717,번,繁,많을 번,17,"많다, 번성하다, 무성하다, 바쁘다. 번거롭다, 복잡하다, 뒤섞이다, 잦다",木,154,
3718,"번,반,파",磻,"강이름 번/반,파",17,"강 이름, 반계, 돌살촉, 주살돌 추. 강 이름 반, 돌살촉 파",金,154,
3719,"번,피",蕃,우거질 번/피,18,"번성하다, 휴식하다, 많다, 붉다. 우거지다, 붇다, 늘다, 고을이름 피",木,155,옥편16획
3720,번,繙,되풀이할 번,18,"휘날리다, 되풀이하다, 어지럽다. 찾다, 펴보다, 바람에펄럭이는 모양",木,155,
3721,번,翻,날 번,18,"날다, 나부끼다, 뒤집히다, 번역하다. 변하다, 도리어.",火,155,
3722,"번,반",膰,제사고기 번/반,18,"제사고기, (제사고기를)나누다, 제육. 음복하다, 간, 큰 배, 큰 배 반",水,155,옥편16획
3723,번,藩,울타리 번,21,"(울로)에워싸다, 덮다, 지키다, 경계. 울타리, 지경, 영역, 번진, 속국.",木,155,옥편19획
3724,번,飜,번역할 번,21,"나부끼다, 뒤집다, 엎어지다, 날다. 번역하다, (물이)넘쳐 흐르다, 날 번",火,155,
3725,번,蘩,산흰쑥 번,23,"산흰쑥. 별꽃, 부평초의 하나.",木,155,옥편21획
3726,벌,伐,칠 벌,6,"치료하다, 자랑하다, 모순되다. 베다, 치다, 무너지다, 비평하다.",火,155,
3727,벌,筏,뗏목 벌,12,뗏목.,木,155,
3728,벌,閥,문벌 벌,14,"문벌, 가문, 공훈, 공로, 지체. 기둥.",木,155,
3729,벌,罰,벌할 벌,15,"벌하다, 벌주다. 벌, 죄.","金,木",155,옥편14획
3730,"벌,발",橃,뗏목 벌/발,16,"뗏목, 떼, 큰 배. 뗏목 발",木,155,
3731,벌,罸,죄 벌,16,"(힘차게)뛰다, 일어나다, 죄, 벌, 꺾다. 죄를 속이다, 벌하다, 죽이다.",木,155,옥편15획
3732,범,凡,무릇 범,3,"평범하다, 범상하다, 예사로운, 대강. 무릇, 대체로보아, 모두, 다, 전부, 관례",木,155,
3733,범,犯,범할 범,6,"범하다, 침범하다, 저촉하다, 어기다. 치다, 공격하다, 이기다, 무시하다.",土,155,옥편5획
3734,범,帆,돛 범,6,"돛. 돛단배, 돛을 달다.",木,155,
3735,범,汎,넘칠 범,6,"넘치다, 흐르다, (물에)뜨다, 우묵하다. 두루, 널리, 흔들리는 모양, 땅 이름 범",水,155,옥편5획
3736,범,机,뗏목 범,7,뗏목.,木,155,
3737,"범,필,풍",泛,"넓은 범/필,풍",7,"빠르다, 떠돌다, 가볍다, 뜨다. 넓다. 소리 가늘 필, 물소리 풍",水,155,옥편6획
3738,범,杋,뗏목 범,7,"뗏목(이체자, 같은 뜻을 지님). 물에 띄워 운반하는 임시 구조물(수상 운송구)",木,,"2024 보완전사(김기승 성명학 9,491자 기준본 대조 추가)"
3739,범,氾,넘칠 범,7,"넘치다, 범람하다(물이 넘쳐 흘러 퍼짐). 널리 퍼지다, 확산되다(광범위하게 미침)",水,,"2024 보완전사(김기승 성명학 9,491자 기준본 대조 추가)"
3740,"범,핍,봉",覂,"뜰 범/핍,봉",9,"엎다, 전복시키다, 넓다, 뜨다. 물소리 핍, 엎을 봉",水,155,옥편8획
3741,범,訊,말많을 범,10,"말이 많다, 수다스립다. 잔소리.",金,156,
3742,범,訉,말이 많을 범,10,"말이 많다, 떠들며 수다스럽다(언어형 표현의 과다). 말로써 비판하거나 호소하다(언어적 표현으로 주장, 비난함)",水,,"2024 보완전사(김기승 성명학 9,491자 기준본 대조 추가)"
3743,범,范,성씨 범,11,"본받다, 주조하다, 본보기, 모범. 성의 하나, 법, 규범, 한계, 법 범",木,156,옥편9획
3744,범,梵,불경 범,11,"불경, 범어(산스크리트어). 브라만의 음역, 깨끗하다.",木,156,
3745,범,笵,법 범,11,"법, 틀.",木,156,옥편9획
3746,범,釩,떨칠 범,11,"떨치다. 그릇, 잔.",金,156,
3747,"범,풍",颿,물소리 범/풍,13,"큰 목소리, 풍류소리, 물소리. 물에 뜨는 모양, 풍류소리 범",水,156,옥편12획
3748,"범,풍",渢,풍류 소리 범,14,풍류 소리 범. 물소리 풍. 알맞은 소리 범,水,,"2024 보완전사(김기승 성명학 9,491자 기준본 대조 추가)"
3749,범,範,법 범,15,"본받다, 법도에 맞다.",木,156,
3750,범,泛,뜰 범,15,뜨다.,水,156,옥편14획
3751,범,諚,분부 범,15,분부할. 분부 범,金,,"2024 보완전사(김기승 성명학 9,491자 기준본 대조 추가); 기준본 음(대표) 필드 오류로 뜻풀이 텍스트에서 재추출함"
3752,범,滼,뜰 범,16,뜰(연못이 있는 마당). 물이 고인 작은 못이나 연못,水,,"2024 보완전사(김기승 성명학 9,491자 기준본 대조 추가)"
3753,범,颭,돛 범,19,"(말이)질주하다, 돛. (바람 불어 배가)나아가다.",木,156,
3754,법,法,법 법,9,"법, 방법, 불교의 진리, 모형, 꼴. 본받다.",水,156,옥편8획
3755,법,琺,법랑 법,13,법랑. 에나멜.,金,156,옥편12획
3756,"벨,찬,전",劗,깎을 찬,21,벨. 깎을 찬. 깎을 전,金,,"2024 보완전사(김기승 성명학 9,491자 기준본 대조 추가); 1차 음의 뜻풀이 누락으로 타 음(찬)의 훈으로 대표훈음 대체"
3757,"벽,피,비,미",辟,"임금 벽/피,비,미",13,"부르다, 다스리다, 물러나다, 떠나다. 피할 피, 비유할 비, 그칠 미",金,156,
3758,벽,碧,푸를 벽,14,"푸른 빛, 푸르다. 푸른 옥, 푸른 물.",金,156,
3759,"벽,피",僻,궁벽할 벽/피,15,"가볍다, 경박하다, 치우치다, 천하다. 간사하다, 바르지 못하다, 피할 피",火,156,
3760,벽,劈,쪼갤 벽,15,"분별하다, 향하다, 깨뜨리다, 찢다. 쪼개다, 가르다, 판별하다, 벼락치다.",金,156,
3761,벽,壁,벽 벽,16,"굳게 지키다, 낭떠러지, 별 이름. 벽, 담, 진터, 군루, 나성(성의 외곽)",土,156,
3762,벽,擘,엄지손가락 벽,17,"나누다, 쪼개다, 찢다.",木,156,
3763,"벽,백",檗,황벽나무 벽/백,17,황벽나무. 황벽나무 백.,木,156,
3764,벽,擗,가슴칠 벽,17,"가슴치다, 슬퍼하다, 열다, 쪼개다. 엄지손가락.",木,156,옥편16획
3765,벽,甓,벽돌 벽,18,기와. 벽돌.,土,156,
3766,벽,璧,구슬 벽,18,"쌓다, 되돌려주다, 주름. 구슬, 둥근 옥.",金,157,
3767,벽,癖,버릇 벽,18,"버릇, 습관, 복, 적취-몸안에 쌓인 기로 인하여 덩어리가 생겨서 아픈 병",水,157,
3768,벽,襞,주름 벽,19,"(치마의)주름, (옷을)접다.",木,157,
3769,벽,劙,가를 벽,20,"가르다, 나누다, 쪼개다. 희생의 가슴을 가르다.",木,157,
3770,"벽,부",疈,가를 벽,20,가를 벽. 버금 부,土,,"2024 보완전사(김기승 성명학 9,491자 기준본 대조 추가)"
3771,벽,闢,열 벽,21,"개간하다, 열리다, 일구다, 피하다. 열다, 배척하다, 반박하다, 규탄하다",木,157,
3772,벽,霹,벼락 벽,21,"벼락, 천둥. 벼락치다.",水,157,
3773,"벽,얼,패",蘗,"황경나무 벽/얼,패",23,"괴롭다, 쓰다, 황경나무. 그루터기 얼, 승검초 폐",木,157,옥편21획
3774,벽,鸊,논병아리 벽,24,논병아리. 되강오리.,火,157,
3775,벽,鷿,논병아리 벽,24,논병아리(작은 물새의 한 종류). 작은 물새(물가에 사는 소형 조류),火,,"2024 보완전사(김기승 성명학 9,491자 기준본 대조 추가)"
3776,벽,龜,거북 벽,26,거북(거북목의 동물 총칭),土,157,
3777,벽,鼊,거북이 벽,26,거북이(파충류). 거북의 등껍질이나 단단한 물체(비유적으로 단단함을 이르는 말),土,,"2024 보완전사(김기승 성명학 9,491자 기준본 대조 추가)"
3778,변,卞,성씨 변,4,"성급하다, 조급하다, 분별하다, 고깔. 성의 하나, 법, 법도, 땅이름, 법 변",水,157,
3779,"변,반,판",弁,"고깔 변/반,판",5,"즐거워하다, 갖추다, 구비하다, 떨다. 말씀 변, 즐거워할 변, 갖출 판","木,水",157,
3780,"변,편,폄",采,"분변할 변/편,폄",7,"다스리다, 바로잡다, 근심하다. 총명하다, 갖출 판, 깎아내릴 폄",金,157,
3781,변,釆,분별할 변,7,"분별하다, 구별하다(사물의 차이를 가리다). 나누어 분류하다(구성 요소로 갈라놓다)",火,,"2024 보완전사(김기승 성명학 9,491자 기준본 대조 추가)"
3782,변,拚,손벽칠 변,8,"손벽치다, 손으로 때리다. 손벽치며 박자를 맞추다.",木,157,옥편7획
3783,변,忭,기뻐할 변,8,"기뻐하다, 좋아하다. 기뻐하고 즐거워하는 모양.",火,157,옥편7획
3784,"변,편",便,똥오줌 변/편,9,"말 잘하다, 익히다, 휴식하다. 편하다, 아첨하다, 익다, 편할 편",火,157,
3785,변,抃,손뼉칠 변,9,손뼉치다(박수치다). 축하하거나 환영하여 소리로 기쁨을 나타내다(박수로 표현),木,,"2024 보완전사(김기승 성명학 9,491자 기준본 대조 추가)"
3786,변,胼,살갗틀 변,14,"살갗이 트다, 못이 박히다.",水,157,"여백 별기, 옥편12획"
3787,"변,병",賆,"더할 변,병",15,"더하다, 늘다.",金,157,
3788,"변,판,편,폄",辨,"분별할 변/판,편,폄",16,"분별하다, 구분하다, 나누다, 밝히다. 갖출 판, 두루 편, 깎아내릴 폄",金,157,
3789,변,鴘,매 변,16,"매(맷과의 새), 두 살된 매(초지니). 성의 하나, 두 살 되다.",火,157,
3790,변,腁,피부의 접힌 부분 변,16,"피부의 접힌 부분, 주름(살갗이 접히는 곳). 피부 조직 또는 살점(신체의 살 부분)",水,,"2024 보완전사(김기승 성명학 9,491자 기준본 대조 추가)"
3791,"변,병",駢,나란히할 변/병,18,"늘어놓다, 나란히 하다, 패를 짓다. 늘어서다, 나란히 할 병",火,157,수기 16획 표기 있음
3792,변,骿,통갈비 변,18,굳은살. 통갈비.,金,157,수기 16획 표기 있음
3793,변,辦,땋을 변,20,"땋다, 섞어짜다, 얽다. 땋은 머리.",木,158,
3794,변,辮,머리를 땋을 변,20,머리를 땋다(가닥을 꼬아 머리를 묶음). 여러 가닥을 꼬아 만든 끈이나 장식(땋은 물건),木,,"2024 보완전사(김기승 성명학 9,491자 기준본 대조 추가)"
3795,"변,편",辯,말씀 변/편,21,"명석하다, 변화하다, 밝다, 다투다. 변론하다, 나누다, 두루 미칠 편",金,158,
3796,변,邊,가 변,22,"변방, 모퉁이, 성의 하나, 이수하다. 가장자리, 측면, 국경, 국토의 끝.",土,158,옥편19획
3797,변,變,변할 변,23,"변화하다, 움직이다, 변통하다. 놀라게 하다, 다투다, 속이다.",金,158,
3798,변,籩,제기이름 변,25,"치우치다, 어긋나다, 섞이다, 치다. 순수하지 않다, 얼룩말 박",木,158,
3799,별,別,나눌 별,7,"나누다, 헤어지다, 따로 떨어지다. 떠나다, 다르다, 틀리다, 다를 별.",金,158,
3800,"별,발",炦,"불기운 별,발",9,불기운.,火,158,여백 별기
3801,별,勡,클 별,12,"크다, 힘센 모양.",土,158,
3802,별,㔡,클 별,12,별. 클 별,水,,"2024 보완전사(김기승 성명학 9,491자 기준본 대조 추가)"
3803,별,苪,모종낼 별,13,"꾸미다, 칠하다, 호미, 괭이. 금으로 만든 술 그릇.",木,158,옥편11획
3804,별,芬,향기날 별,13,향기나다.,木,158,
3805,"별,함",𩠻,향기로울 별,13,별. 향기로울 함. 향기로울 별,水,,"2024 보완전사(김기승 성명학 9,491자 기준본 대조 추가)"
3806,별,彆,활뒤틀릴 별,15,활이 뒤틀리다. 활짱이 뒤틀리다.,火,158,
3807,"별,냄",莂,모종을 냄 별,15,"모종을 냄, 모를 심음(모종을 심거나 옮겨 심는 일). 모종과 관계된 기구나 새싹(모종 자체 또는 그와 관련된 것)",木,,"2024 보완전사(김기승 성명학 9,491자 기준본 대조 추가)"
3808,"별,폐",潎,빨리 흐를 별,15,물결서로부딪칠. 빨리 흐를 별. 오락가락 노닐 폐,水,,"2024 보완전사(김기승 성명학 9,491자 기준본 대조 추가); 기준본 음(대표) 필드 오류로 뜻풀이 텍스트에서 재추출함"
3809,별,馞,질지않은향기 별,17,질지 않은 향기.,木,158,
3810,"별,폐",瞥,깜짝할 별/폐,17,"깜짝하다, 침침하다, 얼핏보다. 안정되지 못한 모양, 침침할 폐",木,158,
3811,별,䭱,짙지 않은 향기 별,17,별. 짙지 않은 향기 별,水,,"2024 보완전사(김기승 성명학 9,491자 기준본 대조 추가)"
3812,별,襒,털 별,18,"옷을 털다, 옷으로 흠치다.",木,158,옥편17획
3813,별,鷩,금계 별,23,붉은 꿩. 금계(꿩과의 새),火,158,
3814,별,鼈,자라 별,23,자라(자랏과의 동물). 고사리(고사릿과의 여러해살이풀),水,158,
3815,별,鱉,자라 별,25,"자라, 고사리, 미꾸라지.",土,158,
3816,병,丙,남녘 병,5,"빛나다, 밝다, 남녘, 불, 묘막(묘지기가 사는 작은 집), 셋째천간 병.",火,158,
3817,병,并,아우를 병,6,"합하다, 겸하다, 아우르다. 물리치다, 어루리다.",木,158,
3818,병,兵,병사 병,7,"상하다, 싸움, 전쟁, 치다, 죽이다. 병사, 병졸, 군사, 군인, 무기.",金,158,
3819,병,幷,아우를 병,8,"합하다, 겸하다, 아우르다. 물리치다, 어울리다.",木,158,
3820,병,秉,잡을 병,8,"지키다, 간직하다, 장악한, 잡다. 따르다, 순종하다, 힐뜯다.",木,159,
3821,병,並,나란히 병,8,"어울리다, 병합하다, 아우르다. 겸하다, 견주다, 떼지어 모이다.","木,金",159,
3822,병,抦,잡을 병,9,잡다.,木,159,옥편8획
3823,병,柄,자루 병,9,"권세, 권력, 근본. 자루(끝에 달린 손잡이)",木,159,
3824,병,炳,불꽃 병,9,"뚜렷하다, 선명하다, 밝히다, 붙이다. 드러내보니다, 환하다, 밝을 병",火,159,
3825,병,昞,불꽃 병,9,"뚜렷하다, 선명하다, 밝히다, 불이다. 드러내보니다, 환하다, 밝을 병",火,159,
3826,병,昺,종 박,9,"꾸미다, 칠하다, 호미, 괭이. 금으로 만든 술 그릇.",火,159,
3827,병,怲,근심할 병,9,근심할. 근심할 병,水,,"2024 보완전사(김기승 성명학 9,491자 기준본 대조 추가); 기준본 음(대표) 필드 오류로 뜻풀이 텍스트에서 재추출함"
3828,병,拼,물리칠 병,10,"물치치다, 제하다, 볼이다.",木,159,옥편9획
3829,병,倂,아우를 병,10,"물리치다, 아우르다, 나란히 하다. 다투다.",火,159,
3830,"병,방,반",竝,"나란히 병/방,반",10,"병합하다, 물리치다, 겸하다, 견주다. 아우르다, 함께하다, 곁 방, 짝할 반",金,159,
3831,병,病,병,10,"병(신체적, 정신적 질환). 병폐, 결함(구조나 제도 따위의 결함이나 문제)",水,,"2024 보완전사(김기승 성명학 9,491자 기준본 대조 추가); 1차 음의 뜻풀이 누락, 대체 가능한 훈도 없어 음만 기재"
3832,병,屏,병풍 병,11,"감추다, 숨겨두다, 가리다, 방황하다. 물러나다, 물리치다, 지키다, 감싸다",水,159,
3833,병,屛,병풍 병,11,병풍 병. 물리칠 병,水,,"2024 보완전사(김기승 성명학 9,491자 기준본 대조 추가)"
3834,병,邴,고을 이름 병,11,땅이름. 고을 이름 병,水,,"2024 보완전사(김기승 성명학 9,491자 기준본 대조 추가); 기준본 음(대표) 필드 오류로 뜻풀이 텍스트에서 재추출함"
3835,병,柲,자루 병,12,"권세, 권력, 근본, 재료. 자루(끝에 달린 손잡이)",木,159,
3836,병,棅,자루 병,12,"자루, 막대기(도구의 손잡이나 막대 모양 부분). 지팡이, 막대 모양의 물건(지지, 도구로 쓰는 막대)",木,,"2024 보완전사(김기승 성명학 9,491자 기준본 대조 추가)"
3837,병,瓶,병 병,13,"병, 단지(작은 항아리). 시루, 두레박.",土,159,
3838,병,迸,흩어져달아날 병,13,"세차게 내뿜다, 솟아나다. 물리치다, 흩어져 달아나다.",土,159,옥편10획
3839,병,鈵,굳을 병,13,"굳다, 단단하다.",金,159,
3840,병,甁,병,13,"병, 병(액체를 담는 유리, 도자기 그릇). 항아리, 용기(액체나 물건을 담는 그릇)",土,,"2024 보완전사(김기승 성명학 9,491자 기준본 대조 추가); 1차 음의 뜻풀이 누락, 대체 가능한 훈도 없어 음만 기재"
3841,"병,붕",絣,이을 병/붕,14,"잇다, 섞이다, 시위를 얹다, 명주. 먹줄을 치다, 명주 붕",木,159,
3842,병,缾,두레박 병,14,"두레박, 술을 담는 그릇. 단지(항아리), 물장군(질그릇)",土,159,
3843,병,輧,수레 병,15,"수레, 요란한 소리. 수레위에 친 휘장.",火,159,
3844,병,鉼,판금 병,16,"판금, 금화, 가마솥. 나라 이름.",金,159,수기 14획 표기 있음
3845,병,餠,떡 병,17,"먹다, 떡, 밀가루떡. 밀국수,",水,159,
3846,"병,변",駢,나란히할 병/변,18,"나란히 하다, 늘어놓다, 늘어서다. 패를 짓다, 나란히 할 변",火,160,
3847,"병,변",騈,나란히 할 병,18,나란히 할 병. 나란히 할 변. 땅 이름 병,火,,"2024 보완전사(김기승 성명학 9,491자 기준본 대조 추가)"
3848,보,步,걸음 보,7,"행위, 운수, 시운, 처하다, 걸어가다. 걸음, 걸음걸이, 걷다, 뒤따르다.",土,160,
3849,"보,포",甫,클 보/포,7,"크다, 많다, 자-이름아래 붙이던 미칭. (아무개)씨, 겨우, 비로소, 채마밭 포",水,160,
3850,보,宝,보배 보,8,"진귀한, 보물, 귀중하게 여기다. (그릇닦는)솔, 보배, 옥새, 돈, 높임말",木,160,
3851,보,步,걸음 보,8,"걷다, 걸어가다, 뒤따르다, 처하다. 재다, 헤아리다.",土,160,
3852,보,歩,걸음 보,8,"걸음, 걷는 동작. 한 단계나 절차로서의 이동, 진전(단계)",土,,"2024 보완전사(김기승 성명학 9,491자 기준본 대조 추가)"
3853,보,𤣰,옥그릇 보,8,보. 옥그릇 보,水,,"2024 보완전사(김기승 성명학 9,491자 기준본 대조 추가)"
3854,보,保,지킬 보,9,"편안하다, 보존하다, 돕다, 믿다. 차지하다, 귀순하다, 책임지다.",火,160,
3855,보,俌,도울 보,9,"돕다, 보필하다.",火,160,
3856,"보,복",洑,보 보/복,10,"돌아흐르다, 스며 흐르다. 스며흐를 복",水,160,옥편9획
3857,보,珤,보배 보,11,"진귀한, 보배로 여기다, 돈, 전폐. 귀중하게 여기다.",金,160,옥편10획
3858,보,珽,보배 보,11,"진귀한, 보물, 귀중하게 여기다. 솔, 보배, 옥새, 도장, 높임말.",金,160,
3859,보,㻄,보배 보,11,보. 보배 보,水,,"2024 보완전사(김기승 성명학 9,491자 기준본 대조 추가)"
3860,보,烳,횃불 보,11,횃불. 횃불 보,水,,"2024 보완전사(김기승 성명학 9,491자 기준본 대조 추가); 기준본 음(대표) 필드 오류로 뜻풀이 텍스트에서 재추출함"
3861,보,睭,볼 보,12,보다.,木,160,원본 자형 확인 필요
3862,보,普,넓을 보,12,"광대하다, 넓다. 두루 미치다, 나라이름(프러시아)",火,160,
3863,보,報,갚을 보,12,"판가름하다, 재판하다, 나아가다. 대답하다, 알릴 보",土,160,
3864,보,堡,작은성 보,12,"작은성, 보전하다, 방죽. 둑.",土,160,
3865,보,簠,제기이름 보,12,"제기 이름, 보궤-제향때에, 기장과 피를 담는 그릇",金,160,
3866,보,䀯,볼 보,12,보. 볼 보,水,,"2024 보완전사(김기승 성명학 9,491자 기준본 대조 추가)"
3867,보,盙,제사에 쓰는 그릇의 이름 보,12,제사에 쓰는 그릇의 이름(제기). 제례용 기물의 한 종류로서의 용기(제사용 그릇),水,,"2024 보완전사(김기승 성명학 9,491자 기준본 대조 추가)"
3868,"보,포",莆,풀 이름 보,12,부들. 풀 이름 보. 부들 포,水,,"2024 보완전사(김기승 성명학 9,491자 기준본 대조 추가); 기준본 음(대표) 필드 오류로 뜻풀이 텍스트에서 재추출함"
3869,보,補,도을 보,13,"돕다, 꾸미다, 맡기다, 채우다. 깁다, 보태다, 도울 보",木,160,옥편12획
3870,보,湺,보 보,13,"보, 사람 이름.",水,160,옥편12획
3871,"보,혁,격",椺,들보 보,13,들보. 들보 보. 술잔 혁. 술잔 격,水,,"2024 보완전사(김기승 성명학 9,491자 기준본 대조 추가); 기준본 음(대표) 필드 오류로 뜻풀이 텍스트에서 재추출함"
3872,"보,배",菩,보살 보/배,14,"보살, 보리. 향초 이름 배",木,160,옥편12획
3873,보,輔,도울 보,14,"돕다, 도움, 광대뼈, 바퀴 덧방나무. 재상, 아전.",火,160,
3874,보,騜,오총이 보,14,"오총이, 흰 털이 섞인 검은 말.",火,160,
3875,보,葆,더부룩할 보,15,"칭찬하다, 보전하다, 더부룩하다. 뿌리, 몸돌이, 깃으로 된 장식.",木,161,옥편13획
3876,보,褓,포대기 보,15,포대기.,木,161,옥편14획
3877,보,鴇,능에 보,15,능에(새 이름)로서의 조류. 조류의 한 종류로서 작은 물새나 특정 새의 고유명칭(새 이름),火,,"2024 보완전사(김기승 성명학 9,491자 기준본 대조 추가)"
3878,보,溥,물이름 보,16,"물 이름, 끓다.",水,161,옥편15획; 원본 자형 확인 필요
3879,보,賲,보유할 보,16,거간군. 보유할 보,水,,"2024 보완전사(김기승 성명학 9,491자 기준본 대조 추가); 기준본 음(대표) 필드 오류로 뜻풀이 텍스트에서 재추출함"
3880,보,潽,강 보,17,"강, 내, 못 등의 물 이름(수계 명칭). 지명으로 쓰이는 하천, 저수지 등의 명칭",水,,"2024 보완전사(김기승 성명학 9,491자 기준본 대조 추가)"
3881,보,簙,제기이름 보,18,제기 이름.,木,161,
3882,보,黼,수 보,19,"여러가지 색으로 아름답게 수 놓은 옷, 고대 천자의 예복.",木,161,
3883,보,譜,족보 보,19,"계보, 족보, 적다, 작곡하다. 악보, 게도를 만들다.",金,161,
3884,보,寶,보배 보,20,"보물, 보배로 여기다, 도장. 귀중하게 여기다.",木,161,
3885,보,寳,보배 보,27,"보배, 보물, 보배로 여기다. 귀중하게 여기다, 옥새, 도장, 돈.","金,水",161,원본 자형 확인 필요
3886,보,靌,보배 보,27,"보배, 귀중한 물건(보물). 귀하게 여겨 보관하거나 장식품으로 쓰이는 귀중품(이체자 의미)",水,,"2024 보완전사(김기승 성명학 9,491자 기준본 대조 추가)"
3887,"복,짐",卜,점 복/짐,2,"점, 점괘, 점치다, 갚다, 주다. 상고하다, 헤아리다, 무복, 짐바리 짐",水,161,
3888,"복,박",扑,칠 복/박,6,"소유하다, 두드리다, 가득하다. 찌르다, 엎드리다, 넘어지다, 칠 박",木,161,옥편5획
3889,"복,부",伏,엎드릴 복/부,6,"머리를 숙이다, 굴복하다, 살피다. 엿보다, 내려가다, 낮아지다, 안을 부",火,161,
3890,"복,밀",宓,성씨 복/밀,8,"편안하다, 잠잠하다, 고요한 모양. 성의 하나, 몰래, 비밀히, 잠잠할 밀",木,161,
3891,복,服,옷 복,8,"따르다, 좇다, 차다, 복종하다. 의복, 한번에 마시는 약의 분량.",水,161,
3892,복,垘,보 막을 복,9,보막을. 보 막을 복,水,,"2024 보완전사(김기승 성명학 9,491자 기준본 대조 추가); 기준본 음(대표) 필드 오류로 뜻풀이 텍스트에서 재추출함"
3893,"복,핍,폭,벽",畐,가득할 복,9,복. 핍. 가득할 복. 가득할 폭. 막을 핍. 막을 벽,水,,"2024 보완전사(김기승 성명학 9,491자 기준본 대조 추가)"
3894,복,栿,들보 복,10,들보. 들보 복,水,,"2024 보완전사(김기승 성명학 9,491자 기준본 대조 추가); 기준본 음(대표) 필드 오류로 뜻풀이 텍스트에서 재추출함"
3895,복,匍,길 복,11,"기다, 엎드리다, 끊어 엎드리다. 무너지다.",金,161,
3896,"복,북",匐,길 복,11,길 복. 길 북,水,,"2024 보완전사(김기승 성명학 9,491자 기준본 대조 추가)"
3897,복,茯,복령 복,12,"복령, 수레의 장식",木,161,옥편10획
3898,"복,부",復,회복할 복/부,12,"실천하다, 겹치다, 머무르다. 고하다, 가라앉다, 면제하다, 다시 부",火,161,
3899,복,楅,뿔막이 복,13,쇠뿔에가로댄 막대. 뿔막이 복,水,,"2024 보완전사(김기승 성명학 9,491자 기준본 대조 추가); 기준본 음(대표) 필드 오류로 뜻풀이 텍스트에서 재추출함"
3900,복,菔,부 복,14,칼집. 무(야채의 한 가지),木,161,옥편12획
3901,복,箙,전동 복,14,전동(화살을 담아 두는 통).,木,161,
3902,"복,부",福,복 복/부,14,"상서롭다, 간직하다, 모으다. 저장하다, 간각할 부",木,161,
3903,복,僕,종 복,14,"지배하다, 관리하다, 붙다, 따르다. 종, 거마를 모는 사람, 숨기다.",火,161,
3904,복,蝠,박쥐 복,15,박쥐. 살무사(살무삿과의 뱀),水,162,
3905,복,幞,보자기 복,15,"보자기, 두건.",木,162,
3906,"복,부",複,겹칠 복/부,15,"거듭되다, 겹치다, 겹옷, 겸, 솜옷. 겹칠 부",木,162,옥편14획
3907,"복,박",墣,흙덩이 복/박,15,흙덩이. 흙덩이 박,土,162,
3908,복,腹,배 복,15,"배, 오장육부의 하나, 마음, 속마음. 받아들이다, 껴안다, 두텁다, 두껍다",水,162,옥편13획
3909,"복,사",禠,복 사,15,복. 복 사,金,,"2024 보완전사(김기승 성명학 9,491자 기준본 대조 추가); 1차 음의 뜻풀이 누락으로 타 음(사)의 훈으로 대표훈음 대체"
3910,복,蝮,살무사 복,15,살무사(맹독을 지닌 독사의 한 종류). 위협적이거나 사악한 사람을 비유적으로 이르는 말,水,,"2024 보완전사(김기승 성명학 9,491자 기준본 대조 추가)"
3911,"복,폭,부",輻,"몰려들 복/폭,부",16,"몰려들다, 다투어 모이다. 바퀴살 폭, 몰려들 부",火,162,
3912,복,輹,복토 복,16,"모퉁이, 바퀴살, 복토. 차여와 차축을 연결고정 나무",火,162,
3913,복,諨,갖출 복,16,갖출. 갖출 복,水,,"2024 보완전사(김기승 성명학 9,491자 기준본 대조 추가); 기준본 음(대표) 필드 오류로 뜻풀이 텍스트에서 재추출함"
3914,복,踾,모을 복,16,모을. 모을 복,水,,"2024 보완전사(김기승 성명학 9,491자 기준본 대조 추가); 기준본 음(대표) 필드 오류로 뜻풀이 텍스트에서 재추출함"
3915,복,澓,돌아 흐를 복,16,은혈로흐를. 돌아 흐를 복,水,,"2024 보완전사(김기승 성명학 9,491자 기준본 대조 추가); 기준본 음(대표) 필드 오류로 뜻풀이 텍스트에서 재추출함"
3916,복,蔔,무 복,17,치자꽃. 무(십자화과의 채소),木,162,옥편15획
3917,복,鍑,솥 복,17,"솥, 아가리 큰 솥. 아가리가 오므라진 솥, 술가마.",金,162,
3918,"복,벽",馥,향기 복/벽,18,"향기가 흘어지다, 향기가 짙다, 향기. 향기롭다, 화살 꽂히는 소리 벽",木,162,
3919,"복,부",覆,다시 복/부,18,"알리다, 넘어지다, 엎어지다, 사뢰다. 배반하다, 퍼지다, 덮다, 덮을 부",金,162,
3920,복,濮,강이름 복,18,"강 이름, 물 이름, 나라 이름. 성의 하나.",水,162,옥편17획
3921,복,鵬,수리부엉이 복,19,"수리부엉이, 올빼미.",火,162,
3922,복,鵩,수리부엉이 등 큰부엉이류의 새 이름 복,19,"수리부엉이 등 큰부엉이류의 새 이름. 문헌상, 학명 등에서 쓰이는 새 이름의 고유어",火,,"2024 보완전사(김기승 성명학 9,491자 기준본 대조 추가)"
3923,복,鰒,전복 복,20,"전복, 오분자기.",水,162,
3924,본,本,근본 본,5,"근본, (초목의)뿌리, 줄기, 원래, 본래. 본성, 바탕, 근원, 시초, 마음.",木,162,
3925,"볼,폴",覔,음역자 볼/폴,8,"음역자, 땅이름(폴). 땅 이름 폴",木,162,
3926,"볼,폴",乶,음역자 볼,8,음역자 볼. 땅 이름 폴,木,,"2024 보완전사(김기승 성명학 9,491자 기준본 대조 추가)"
3927,"볼,원",盶,볼 원,9,볼. 볼 원,土,,"2024 보완전사(김기승 성명학 9,491자 기준본 대조 추가); 1차 음의 뜻풀이 누락으로 타 음(원)의 훈으로 대표훈음 대체"
3928,"볼,아",睋,바랄 아,12,볼. 바랄 아,土,,"2024 보완전사(김기승 성명학 9,491자 기준본 대조 추가); 1차 음의 뜻풀이 누락으로 타 음(아)의 훈으로 대표훈음 대체"
3929,"볼,린,련",瞵,눈빛 린,17,볼. 눈빛 린(인). 문채 나는 모양 련(연),火,,"2024 보완전사(김기승 성명학 9,491자 기준본 대조 추가); 1차 음의 뜻풀이 누락으로 타 음(린)의 훈으로 대표훈음 대체"
3930,"봉,풍",丰,예쁠 봉/풍,4,"풍족하다, 풍부하다, 넉넉하다. 크다, 위대하다, 무성하다, 풍채 풍",土,162,
3931,봉,夆,끝 봉,7,"넉넉하다, 이끌다, 만나다, 끌다. 크다, 거스르다, 봉우리, 벌",金,162,
3932,봉,妦,아름다울 봉,7,아름다울. 아름다울 봉,水,,"2024 보완전사(김기승 성명학 9,491자 기준본 대조 추가); 기준본 음(대표) 필드 오류로 뜻풀이 텍스트에서 재추출함"
3933,봉,奉,받들 봉,8,"보전하다, 받들다, 섬기다, 힘쓰다. 돕다, 편들다, 대우하다, 이바지하다.",木,162,
3934,봉,芃,무성할 봉,9,"무성하다, (풀이)더부더북하다. 작은 짐승의 모양, 꼬리가 긴 모양.",木,162,옥편7획
3935,봉,封,봉할 봉,9,"봉하다, 높이다, 흙더미를 쌓다. 거대하다, 후하게 하다, 부착하다.",土,163,
3936,봉,俸,녹 봉,10,"봉직하다(공직에 종사하다) 녹, 녹봉(벼슬아치에게 주던 급료)",火,163,
3937,봉,峯,봉우리 봉,10,"봉우리, 산, 메. 봉우리처럼 생긴 사물.",土,163,
3938,봉,峰,봉우리 봉,10,"봉우리, 산, 메. 봉우리처럼 생긴 사물.",土,163,
3939,봉,烽,봉화 봉,11,"봉화, 병화, 봉화대. 경계, 봉화를 올리다.",火,163,
3940,봉,浲,물이름 봉,11,물 이름.,水,163,옥편10획
3941,봉,桻,나뭇가지 끝 봉,11,나무가지끝. 나뭇가지 끝 봉,水,,"2024 보완전사(김기승 성명학 9,491자 기준본 대조 추가); 기준본 음(대표) 필드 오류로 뜻풀이 텍스트에서 재추출함"
3942,봉,捀,받을 봉,11,받들. 받을 봉,水,,"2024 보완전사(김기승 성명학 9,491자 기준본 대조 추가); 기준본 음(대표) 필드 오류로 뜻풀이 텍스트에서 재추출함"
3943,봉,唪,껄껄 웃을 봉,11,읊을. 껄껄 웃을 봉,水,,"2024 보완전사(김기승 성명학 9,491자 기준본 대조 추가); 기준본 음(대표) 필드 오류로 뜻풀이 텍스트에서 재추출함"
3944,봉,捧,받들 봉,12,"받들다, 섬기다, 의지하다, 기대다. 끌어안다, 부축이다, 바치다.",木,163,옥편11획
3945,봉,棒,막대 봉,12,"막대, 붉다, 몽둥이. 사람이름, (몽둥이로)치다, 때리다.",木,163,
3946,봉,崶,산 이름 봉,12,봉주산이름. 산 이름 봉,水,,"2024 보완전사(김기승 성명학 9,491자 기준본 대조 추가); 기준본 음(대표) 필드 오류로 뜻풀이 텍스트에서 재추출함"
3947,봉,綘,꿰멜 봉,13,"붙이다, 깁다, 꿰메다. 솔기, 꿰맨 줄.",木,163,
3948,봉,琫,칼집장식 봉,13,"칼집 장식. 받치다, 받쳐들다.",金,163,옥편12획
3949,봉,蜂,벌 봉,13,"벌, 꿀벌, 봉망. 크다, 날카롭다.",水,163,
3950,봉,菶,풀무성할 봉,14,"우거지다, 풀 무성하다. 열매가 많이 열리다.",木,163,옥편12획
3951,봉,鳳,봉새 봉,14,"봉새, 봉황. 산 이름.",火,163,
3952,봉,逢,만날 봉,14,"맞이하다, 영합하다, 크고 넓다. 매다, 만나다, 성하고 은 모양",土,163,옥편11획
3953,봉,摓,꿰멜 봉,14,궤맬. 꿰멜 봉,水,,"2024 보완전사(김기승 성명학 9,491자 기준본 대조 추가); 기준본 음(대표) 필드 오류로 뜻풀이 텍스트에서 재추출함"
3954,봉,槰,무성할 봉,14,초목무성할. 무성할 봉,水,,"2024 보완전사(김기승 성명학 9,491자 기준본 대조 추가); 기준본 음(대표) 필드 오류로 뜻풀이 텍스트에서 재추출함"
3955,봉,熢,봉화 봉,15,"봉화, 봉화대, 연기 자욱하다. 봉화를 올리다, 연기자욱할 봉",火,163,
3956,"봉,궐",鴌,봉새 봉/궐,15,"봉황, 꿩. 성의 하나, 꿩 궐",火,163,
3957,봉,鋒,칼날 봉,15,"칼날, 봉망-창, 칼 따위의 뽀족한 끝. 끝, 앞장, 병기, 뽀족할",金,163,
3958,봉,潼,내이름 봉,15,"답답한 모양, 물이 모이는 모양. 내 이름.",水,163,옥편14획
3959,봉,㦀,기쁠 봉,15,봉. 기쁠 봉,水,,"2024 보완전사(김기승 성명학 9,491자 기준본 대조 추가)"
3960,봉,漨,내 이름 봉,16,내 이름 봉. 울적할 봉,水,,"2024 보완전사(김기승 성명학 9,491자 기준본 대조 추가)"
3961,봉,韸,북소리 봉,16,화할. 북소리 봉,水,,"2024 보완전사(김기승 성명학 9,491자 기준본 대조 추가); 기준본 음(대표) 필드 오류로 뜻풀이 텍스트에서 재추출함"
3962,봉,蓬,쑥 봉,17,"흐트러지다, 떠돌아다니다. 성하게 일어나다.",木,163,옥편15획
3963,봉,縫,꿰멜 봉,17,"꿰메다, 깁다. 바느질하다.",木,163,
3964,봉,篷,뜸 봉,17,"작은 배, 돛이 없는 작은 배. 뜸, 거룻배.",木,164,
3965,봉,䭰,향기 성할 봉,17,봉. 향기 성할 봉,水,,"2024 보완전사(김기승 성명학 9,491자 기준본 대조 추가)"
3966,"뵐,조",覜,바라볼 조,13,뵐. 바라볼 조,金,,"2024 보완전사(김기승 성명학 9,491자 기준본 대조 추가); 1차 음의 뜻풀이 누락으로 타 음(조)의 훈으로 대표훈음 대체"
3967,"부,보",夫,지아비 부/보,4,"시작. 만물을 화육하는 근본, 자 보",木,164,
3968,"부,보",父,아버지 부/보,4,"아버지, 친족의 어른, 관장, 창시자. 나이 많은 남자, 아비 부, 자 보",木,164,
3969,"부,불",不,아닐 부/불,4,"못하다, 없다, 크다, 아니하다. 아닐 불","木,火,水",164,
3970,부,付,줄 부,5,"의지하다, 따르다, 따라 붙다. 맡기다, 부탁하다.",火,164,
3971,"부,관",缶,장군 부/관,6,"장군, 질장구, 양병, 두레박. 물동이, 두레박 관",土,164,
3972,"부,비",否,아닐 부/비,7,"부정하다, 불가하다, 곤하다. 막히다, 비루하다, 악하다, 막힐 비",水,164,
3973,부,孚,미쁠 부,7,"빛나다, 미쁘다, 붙이다, 달리다. 옥이 빛나는 모양",水,164,
3974,"부,포",扶,도울 부/포,8,"다스리다, 지원하다, 떠받치다. 바로잡다, 부축하다, 기어갈 포.",木,164,옥편7획
3975,부,抔,움킬 부,8,"움키다, 움켜쥐다.",木,164,옥편7획
3976,부,府,마을 부,8,"마을, 고을, 도읍, 도시, 관청. 곳집, 모으다, 숙이다, 구부리다.",木,164,
3977,부,阜,언덕 부,8,"풍성하다, 순박하다, 크게 하다, 산. 언덕, 백성, 높다, 성하다, 살찌다.",土,164,
3978,부,斧,도끼 부,8,"도끼, 베다, 찍다. 도끼의 무늬.",金,164,
3979,부,咐,분부할 부,8,"분부하다. 숨을 내뿜어 따뜻하게 하다, 불 부",水,164,
3980,부,枎,우거질 부,8,퍼질. 우거질 부,水,,"2024 보완전사(김기승 성명학 9,491자 기준본 대조 추가); 기준본 음(대표) 필드 오류로 뜻풀이 텍스트에서 재추출함"
3981,부,拊,어루만질 부,9,"어루만지다, 사랑하다, 붙다, 치다. 가볍게 두드리다.",木,164,옥편8획
3982,부,赴,다다를 부,9,"달려가다, 나아가다, 다다르다. 힘쓰다, 넘어지다, 알리다, 갈 부",火,164,
3983,부,負,질 부,9,"감탄하다, 탄식하다, 저버리다. 떠맡다, 빚지다, 힘입다, 패하다.",金,164,
3984,부,訃,부고 부,9,"죽음을 알리는 통지, 부고내다. 부고, 통부하다, 이르다, 일컫다.",金,164,
3985,부,玤,옥돌 부,9,"옥돌, 무부. 붉은 바탕에 흰무늬가 있는 옥",金,164,옥편8획
3986,부,俘,사로잡을 부,9,사로잡다(포로로 만들다). 포로(잡힌 사람),火,,"2024 보완전사(김기승 성명학 9,491자 기준본 대조 추가)"
3987,부,巭,일꾼 부,9,부. 일꾼 부,水,,"2024 보완전사(김기승 성명학 9,491자 기준본 대조 추가)"
3988,부,柎,뗏목 부,9,꽃받침. 뗏목 부,水,,"2024 보완전사(김기승 성명학 9,491자 기준본 대조 추가); 기준본 음(대표) 필드 오류로 뜻풀이 텍스트에서 재추출함"
3989,"부,포",枹,북채 부,9,졸참나무. 북채 부. 떡갈나무 포,水,,"2024 보완전사(김기승 성명학 9,491자 기준본 대조 추가); 기준본 음(대표) 필드 오류로 뜻풀이 텍스트에서 재추출함"
3990,부,芙,연꽃 부,10,연꽃. 부용(아욱과의 낙엽 관목),木,164,옥편8획
3991,부,芣,질경이 부,10,"질경이, 당아욱, 꽃이 상한 모양. 금규, 꽃이 성하다.",木,165,옥편8획
3992,부,罘,그물 부,10,"그물. 면당, 그물친 창.",木,165,옥편9획
3993,부,祔,합사할 부,10,"합사하다, 합장하다.",木,165,
3994,부,俯,구부릴 부,10,"구부리다, 숙이다, 드러눕다. 잠복하다, 가지런하지 아니하다.",火,165,
3995,부,剖,쪼갤 부,10,"다스리다, 처리하다, 명확하다. 쪼개다, 깨뜨리다.",金,165,
3996,부,釜,가마 부,10,"가마. 솥의 범칭, 용량단위.",金,165,
3997,부,蚨,파랑강충이 부,10,파랑강충이. 돈의 다른 이름.,水,165,
3998,부,玞,옥돌 부,10,"옥돌 부. 작은 옥 장식, 옥 같은 보석",水,,"2024 보완전사(김기승 성명학 9,491자 기준본 대조 추가)"
3999,부,玸,옥 무늬 부,10,옥의무늬. 옥 무늬 부,水,,"2024 보완전사(김기승 성명학 9,491자 기준본 대조 추가); 기준본 음(대표) 필드 오류로 뜻풀이 텍스트에서 재추출함"
4000,"부,포",荢,귀목풀 부/포,11,"연못 이름, 땅 이름. 연못 이름 포",木,165,옥편9획
4001,부,裑,나들이옷 부,11,나들이 옷. 나들이 할 때 입는 깨끗한 옷.,木,165,옥편10획
4002,부,桴,마룻대 부,11,"덮다, 덮어 가리다, (새끼를)품다. 마룻대, 복채, 뜬 숯, 질경이, 떼.",木,165,
4003,부,符,부호 부,11,"들어맞다, 멸렁하다, 확실하다. 부호, 증거, 증표, 부적, 에인서.",木,165,
4004,부,婦,며느리 부,11,"예쁘다, 정숙하다. 며느리, 지어미, 아내, 여자, 암컷",土,165,
4005,부,埠,부두 부,11,부두. 선창,土,165,
4006,부,趺,책상다리할 부,11,책상다리를 하다. 받침,土,165,
4007,"부,복,핍",副,"버금 부/복,핍",11,"곁따르다, 합당하다, 돕다, 쪼개다. 가르다, 나누다.",金,165,
4008,부,浮,뜰 부,11,"떠다니다, 가볍다, 지나치다, 행하다. 높다, 넘치다, 덧없다, 정함이 없다",水,165,옥편10획
4009,부,腑,장부 부,11,"살갗, 붓다, 창자. 장부(오장육부의 준말), 종기.",水,165,옥편9획
4010,"부,배",掊,그러모을 부/배,12,"자랑하다, 헤치다, 깊다, 엎어지다. 공격하다, 넘어지다, 가르다, 성씨 배",木,165,옥편11획
4011,부,富,부유할 부,12,"부유하다, 성하다, 풍성하다, 어리다. 가멸다-재산이 넉넉하고 많다.",木,165,
4012,"부,보",裒,모을 부/보,12,"모으다, 많다, 줄다, 덜다. 사로잡다, 자락 큰 옷 보",木,165,
4013,부,傅,스승 부,12,"이르다, 도달하다, 나누다, 돌보다. 가까이하다, 부착하다, 끌어대다.",火,166,
4014,"부,복",復,다시 부/복,12,"거듭, 머무르다, 되돌리다, 겹치다. 채우다, 가라앉다, 뒤집다, 회복할 부",火,166,
4015,부,婦,며느리 부,12,"예쁘다, 정숙하다, 여자. 며느리, 지어미, 아내, 암컷.",土,166,
4016,부,跗,발등 부,12,"발, 발등, 꽃받침, 겁질. 긴 막대 같은 물건의 끝",土,166,
4017,부,鈇,도끼 부,12,도끼. 작도(작두의 원말),金,166,
4018,"부,계",溪,사내 부/계,12,"시내, 시냇물, 땅 비다, 헛되다. 산골짜기",水,166,옥편11획; 원본에 手記 취소선(X) 표시 있음
4019,부,涍,물거품 부,12,"물거품. 물 이름, 성의 하나.",水,166,옥편11획
4020,부,媍,며느리 부,12,"며느리(혼인으로 인한 가족관계의 여성). (여성을 가리키는 말로) 부인, 여자(혼인, 가족 관계를 강조하여 이르는 말)",土,,"2024 보완전사(김기승 성명학 9,491자 기준본 대조 추가)"
4021,부,袝,나들이옷 부,12,"나들이옷(밖에 입는 겉옷, 예복). 겉옷이나 외출복을 이르는 말(예복적, 격식 있는 옷)",木,,"2024 보완전사(김기승 성명학 9,491자 기준본 대조 추가)"
4022,"부,무",捬,어루만질 부,12,어루만질. 어루만질 부. 어루만질 무,水,,"2024 보완전사(김기승 성명학 9,491자 기준본 대조 추가); 기준본 음(대표) 필드 오류로 뜻풀이 텍스트에서 재추출함"
4023,부,琈,옥 문채 부,12,옥문채. 옥 문채 부,水,,"2024 보완전사(김기승 성명학 9,491자 기준본 대조 추가); 기준본 음(대표) 필드 오류로 뜻풀이 텍스트에서 재추출함"
4024,부,荴,널리 퍼질 부,12,잎이울. 널리 퍼질 부,水,,"2024 보완전사(김기승 성명학 9,491자 기준본 대조 추가); 기준본 음(대표) 필드 오류로 뜻풀이 텍스트에서 재추출함"
4025,"부,표",莩,갈대청 부/표,13,"가름대, 갈대청, 굶어죽다, 떨어지다. 곡말풀, 개피, 암삼, 굶어죽을 표",木,166,옥편11획
4026,부,罦,그물 부,13,"그물, 덮다, 가리개. 덮치기(새를 잡는데 쓰는 큰 그물)",木,166,옥편12획
4027,부,箁,대청 부,13,"대청. 죽여(대나무 속꺼풀), 북통.",木,166,
4028,부,艀,작은배 부,13,작은배. 거룻배.,木,166,
4029,부,鳧,오리 부,13,"물오리. 오리(오릿과의 새), 들오리.",火,166,
4030,부,附,붙을 부,13,"붙다, 부착하다, 맞추다, 다르다. 친근하다, 의탁하다, 올라타다.",土,166,옥편8획
4031,부,蜉,하루살이 부,13,하루살이. 왕개미.,水,166,
4032,부,涪,물거품 부,13,물거품(물 위에 생기는 거품). 중국의 강 이름(예: 涪江 등 지명에 쓰임),水,,"2024 보완전사(김기승 성명학 9,491자 기준본 대조 추가)"
4033,부,筟,대청 부,13,"대청(집 안의 큰 마루나 넓은 방). 대나무와 관련된 구조물이나 재료를 가리키는 명칭(대나무 제품, 구조)",木,,"2024 보완전사(김기승 성명학 9,491자 기준본 대조 추가)"
4034,"부,포",苻,귀목풀 부,13,귀목풀 부. 연못 이름 포,木,,"2024 보완전사(김기승 성명학 9,491자 기준본 대조 추가)"
4035,"부,주",胕,장부 부,13,장부 부. 팔꿈치 주,水,,"2024 보완전사(김기승 성명학 9,491자 기준본 대조 추가)"
4036,부,腑,육부 부,14,"오장육부, 마음, 충심, 친족.",水,166,옥편12획
4037,"부,보,박",溥,"펼 부/보,박",14,"펴다, 베풀다, 넓다, 광대하다. 두루 미치다, 넓을 보, 물 모양 박",水,166,옥편13획
4038,부,腐,썩을 부,14,"(마음이)상하다, 썩다, 썩히다. (나쁜)냄새가 나다. 개똥벌레.",水,166,
4039,부,孵,알깔 부,14,"알까다, 부화하다, 자라다, 기르다.",水,166,
4040,부,榑,부상 부,14,"부상(나무 이름으로 전해지는 명칭). 목재나 나무 재료로서의 용도(목재, 재료로 사용됨)",木,,"2024 보완전사(김기승 성명학 9,491자 기준본 대조 추가)"
4041,부,麩,밀기울 부,15,밀기울. 과실 이름.,木,166,
4042,부,駙,곁마 부,15,"덧방나무, 가감다, 빠르다. 곁마(마차 옆에 따라가는 말).",火,166,
4043,"부,조",頫,구부릴 부/조,15,"구부리다, 뵈다, 찾다, 보다, 숙이다. 숨다, 눕다, 가지런하지 않다, 볼 조",火,167,
4044,부,部,떼 부,15,"거느리다, 통솔하다. 집단, 분류, 부서, 문서, 거느릴 부",土,167,옥편11획
4045,부,賦,부세 부,15,"매기다, 거두다, 헤아리다, 받다. 군비, 주다, 짓다, 읊다, 펴다.",金,167,
4046,부,敷,펼 부,15,"다스리다, 펴다, 널리 흩어지다. 이어지다, 나누다, 초목이 번무하다",金,167,
4047,부,鮒,붕어 부,16,붕어. 즉어.,水,167,
4048,부,郙,빈지문 부,17,"빈지문, 차양, 덮개, 일흔 여섯 해. 덮다, 어둡다, 작다, 희미하다.",木,167,옥편15획
4049,부,賻,부의 부,17,부의. 부의를 하다.,金,167,
4050,부,膚,살갗 부,17,"크다, 넓다, 붙다, 아름답다. 얇다, 천박하다. 벗기다",水,167,옥편15획
4051,부,麴,누룩 국,19,"누룩, 효모, 술, 재반. 성씨, 누룩 부",木,56,
4052,"부,박",簿,"장부 부,박",19,"문서, 장부, 벼슬, 다스림.",木,167,여백 별기
4053,부,蔀,대나무 부,19,"대나무, 나무로 만든 여닫이 셔터(빈지문). 문이나 가림막의 한 형태(가리개, 덮개)",木,,"2024 보완전사(김기승 성명학 9,491자 기준본 대조 추가)"
4054,"북,배",北,북녘 북/배,5,"달아나야, 도망치다, 패하다. 나누다, 분리하다, 등지다.","金,水",167,
4055,"분,푼",分,나눌 분/푼,4,"나누어주다, 베풀어 주다, 푼 푼. 구별하다, 헤어지다, 떨어져 나가다",金,167,
4056,분,帓,걸레 분,7,"걸레. 행주, 차는 수건.",木,167,
4057,"분,체",体,용렬할 분/체,7,"용렬하다, 거칠다, 체험하다. 알아주다, 생각하다, 몸 체",火,167,
4058,분,坴,먼지 분,7,"솟아오르는 모양, 모이다. 뿌리다, 줄을 서다",土,167,
4059,분,吩,분부할 분,7,"분부하다, 명령을 내리다, 뿜다.",水,167,
4060,분,坌,먼지 분,7,먼지 분. 늘어설 분,土,,"2024 보완전사(김기승 성명학 9,491자 기준본 대조 추가)"
4061,"분,천",帉,천으로 된 닦는 도구 분,7,"천으로 된 닦는 도구(걸레, 수건). 얇은 천, 포목의 한 종류(천조각)",木,,"2024 보완전사(김기승 성명학 9,491자 기준본 대조 추가)"
4062,분,弅,봉긋한 모양 분,7,높은언덕. 봉긋한 모양 분,水,,"2024 보완전사(김기승 성명학 9,491자 기준본 대조 추가); 기준본 음(대표) 필드 오류로 뜻풀이 텍스트에서 재추출함"
4063,분,坋,먼지 분,7,먼지. 먼지 분. 쓸 분,水,,"2024 보완전사(김기승 성명학 9,491자 기준본 대조 추가); 기준본 음(대표) 필드 오류로 뜻풀이 텍스트에서 재추출함"
4064,분,妢,나라 이름 분,7,분나라. 나라 이름 분,水,,"2024 보완전사(김기승 성명학 9,491자 기준본 대조 추가); 기준본 음(대표) 필드 오류로 뜻풀이 텍스트에서 재추출함"
4065,분,扮,꾸밀 분,8,"꾸미다, 분장하다, 아우르다. 매만져 차리다, 거머쥐다, 합하다.",木,167,옥편7획
4066,분,奔,달릴 분,8,"빠르다, 급하기다, 달아나다. 야합하다, 달리다, 향해 가다.",木,167,
4067,분,枌,흰느릅나무 분,8,흰느릅나무. 마룻대.,木,167,
4068,분,昒,햇빛 분,8,햇빛.,火,167,
4069,분,忿,성낼 분,8,"성내다, 분하다, 원망하다, 차다. 차서 넘치다.",火,167,
4070,분,汾,클 분,8,"크다, 많고 성한 모양. 물 구르는 모양",水,167,옥편7획
4071,분,氛,기운 분,8,"기운, 조짐, 재앙.",水,168,
4072,분,昐,햇빛이 비칠 분,8,"햇빛이 비치다, 빛이 비치어 밝다. 햇빛, 광선(빛의 상태)",火,,"2024 보완전사(김기승 성명학 9,491자 기준본 대조 추가)"
4073,분,砏,큰소리 분,9,"큰소리, 천둥소리, 거센 물결 소리. 돌이 구르는 소리",金,168,
4074,분,秎,거둘 분,9,벼묶음. 거둘 분,水,,"2024 보완전사(김기승 성명학 9,491자 기준본 대조 추가); 기준본 음(대표) 필드 오류로 뜻풀이 텍스트에서 재추출함"
4075,분,泍,샘솟을 분,9,샘솟을. 샘솟을 분,水,,"2024 보완전사(김기승 성명학 9,491자 기준본 대조 추가); 기준본 음(대표) 필드 오류로 뜻풀이 텍스트에서 재추출함"
4076,분,芬,향기 분,10,"향기롭다, 많다, 오르다, 성하다. 톡 튀어오르다.",木,168,옥편8획
4077,분,紛,어지러울 분,10,"왕성하다, 섞이다, 많다, 번잡하다. 엉클어지다, 어지럽다.",木,168,
4078,분,粉,가루 분,10,"희다, 빻다, 부수다, 색칠하다. 바르다, 화장하다.",木,168,
4079,분,畚,삼태기 분,10,삼태기. 동구미.,木,168,
4080,분,盆,동이 분,10,"적시다, 솟구쳐 넘치다. 동이(질그릇의 하나), 주발, 땅이름.",金,168,옥편9획
4081,"분,반",頒,머리클 분/반,10,"높다, 나누다, 구실 애기다. 머리크다, 큰머리, 나눌 분",水,168,옥편8획
4082,분,笨,거칠 분,11,"거칠다, 조잡하다. 날게 치는 소리, 댓속껍질.",木,168,
4083,분,翉,날아오를 분,11,날아오를. 날아오를 분,水,,"2024 보완전사(김기승 성명학 9,491자 기준본 대조 추가); 기준본 음(대표) 필드 오류로 뜻풀이 텍스트에서 재추출함"
4084,분,棻,마룻대 분,12,"어지럽다, 나무가 뒤섞여 얽히다. 마룻대, 삼베, 들보, 누각, 어지럽히다.",木,168,
4085,분,焚,불사를 분,12,"태우다, 타다, 넘어지다, 불사르다. 넘어뜨리다.",火,168,
4086,분,犇,달릴 분,12,"빠르다, 달리다, 급히가다. 도망가다, 급히 향해 가다.",土,168,
4087,"분,비,륙",賁,"클 분/비,륙",12,"거대하다, 장식하다, 아름답다, 곱다. 패배하다, 꾸밀 비, 땅이름 륙(육)",金,168,
4088,분,雰,눈날릴 분,12,"먼지, 티끌, 어지럽다. 눈이 날리다, 안개, 서리, 기운.",水,168,
4089,"분,반",肦,머리 클 분,12,머리 클 분. 나눌 반. 구실 매길 반,水,,"2024 보완전사(김기승 성명학 9,491자 기준본 대조 추가)"
4090,분,棼,마룻대 분,12,마룻대(집 지붕의 중심을 이루는 긴 장대). 지붕이나 건물의 주요 구조물(중심부 재목),木,,"2024 보완전사(김기승 성명학 9,491자 기준본 대조 추가)"
4091,분,湓,용솟음할 분,13,"용솟음하다, 물소리, 소나기. 강이름, 물이름.",水,168,옥편12획
4092,분,棻,향내나는나무 분,14,"나무가 많다, 어지럽다. 나무가 뒤섞여 얽히다.",木,168,옥편12획
4093,분,葐,기 성한 모양 분,14,성할. 기 성한 모양 분,水,,"2024 보완전사(김기승 성명학 9,491자 기준본 대조 추가); 기준본 음(대표) 필드 오류로 뜻풀이 텍스트에서 재추출함"
4094,분,墳,무덤 분,15,"비옥하다, 부풀어 오르다, 나누다. 무덤, 봉분, 언덕, 둑, 책, 크다.",土,168,
4095,분,噴,뿜을 분,15,"뿜다, 꾸짖다, 화내다, 불다. 취주하다.",水,168,
4096,분,奮,떨칠 분,16,"명성 등을 널리 드날리다, 떨치다. 힘쓰다, 휘두르다, 성내다, 흔들리다.",木,168,
4097,분,黺,수놓을 분,16,(옷에 오색)수놓다. (옷에 그림을)그리다,木,168,
4098,분,憤,분할 분,16,"왕성하다, 힘쓰다, 어지러워지다. 번민하다, 성내다, 분하다.",火,169,옥편15획
4099,분,濆,뿜을 분,16,"뿜다, 솟아나오다, 움직이다. 물이 서로 휘감기며 흐르는 모양.",水,169,옥편15획
4100,분,糞,똥 분,17,"제거하다, 더럽다, 치우다, 멸다. 쓸다, 거름을 주다.",木,169,
4101,분,鼢,두더지 분,17,두더지. 전서.,水,169,
4102,분,蕡,들깨 분,18,"나무가 우거진 모양, 열매가 많다. 삼의 씨, 삼, 잡초의 향기, 성의 하나",木,169,옥편16획
4103,"분,비",膹,고깃국 분/비,18,"고깃국, 곰국, 고깃점. 굵게썬 생고기, 화내다, 고깃국 비",水,169,옥편16획
4104,분,轒,병거 분,19,"수레의 덮개. 병거, 전차, 상여.",火,169,
4105,"불,비",不,아닐 불/비,4,"크다, 못하다, 없다, 아니하다. 말라, 이르지 아니하다, 아닐 부","木,火,水",169,
4106,불,弗,아닐 불,5,"다스리다, 어긋나다, 떨다, 말다. 빠른모양, 세차고 성한 모양, 알 불","火,木,水",169,
4107,"불,발,필",佛,"부처 불/발,필",7,"보필하다, 어그러지다, 비슷하다. 비틀다, 성하다, 일어날 발, 도울 필",火,169,
4108,불,彿,비슷할 불,8,"비슷하다, 흡사하다, 방불하다. 분간할 수 없다.",火,169,
4109,불,岪,산길 불,8,"일어나는 모양, 침침하다, 산모롱이. 산길, 산허리를 빙 두른 산길.",土,169,
4110,"불,필",拂,떨칠 불/필,9,"떨치다, 닦다, 거스르다, 멸시하다. 덮다, 걷어올리다, 스치다, 도울 필",木,169,옥편8획
4111,"불,폐",祓,푸닥거리할 불/폐,10,"깨끗하게 하다, 제거하다, 떨다. 나라 이름 폐",木,169,
4112,"불,발,폐",茷,"풀우거질 불/발,폐",11,"풀이 우거지다, 풀로 막히다. 작은 모양, 숨찬모양 발, 혜성 패",木,169,옥편9획
4113,불,紋,인끈 불,11,"몸에 걸치다, 입다, 제복. 인끈(사슴 가죽으로 만든 끈).",木,169,
4114,"불,발",艴,발끈할 불/발,11,"발끈하다, 색칠하다, 새벽. 성난일굴, 발끈할 불",土,169,
4115,"불,끈",紱,허리끈 불,11,허리끈(인끈). 관복이나 의복을 여미거나 장식하는 끈,木,,"2024 보완전사(김기승 성명학 9,491자 기준본 대조 추가)"
4116,"불,발,패",茀,풀 우거질 불,13,풀 우거질 불. 숨찬 모양 발. 혜성 패,木,,"2024 보완전사(김기승 성명학 9,491자 기준본 대조 추가)"
4117,불,韍,폐슬 불,14,"폐슬(무릎앞을 가리는 헝겊). 끈, 줄.",金,169,
4118,"불,비",髴,비슷할 불/비,15,"비슷하다, 방불하다. 머리가 흐트러진 모양",火,169,
4119,불,黻,수 불,17,"수놓다, 슬갑, 성의 하나. 수(고애의 예복에 놓는 수), 폐슬.",木,169,
4120,붕,朋,벗 붕,8,"짝, 떼짓다, 같다, 같게하다. 벗, 친구, 무리, 마을, 무너지다.",水,170,
4121,붕,崩,무너질 붕,11,"무너지다, 훼손하다, 달아나다. 배반하다, 무너뜨리다.",土,170,
4122,붕,堋,묻을 붕,11,"벼가 많은 모양, 묻다, 진동하다. 묻다, 벼가 빽빽하다, 살받이 터",土,170,
4123,붕,棚,사다리 붕,12,"누각, 사다리, 시렁, 선반. 우두막집",木,170,
4124,"붕,평",硼,붕사 붕/평,13,"동소리, 소리가 큰 모양. 돌 소리 평",金,170,
4125,붕,淜,물결소리 붕,15,물결치는 소리. 소리 붕,水,170,옥편14획
4126,붕,漰,물결이 이는 소리 붕,16,물결이 이는 소리(잔물결의 소리). 잔물결이나 파동이 일렁이는 상태,水,,"2024 보완전사(김기승 성명학 9,491자 기준본 대조 추가)"
4127,붕,繃,묶을 붕,17,"으뜸, 크다, 묶다, 감다. 잡아 당겨 매다.",木,170,
4128,붕,鬅,머리흐트러질 붕,18,"머리 흐트러지다, 헝크러지다. 더벅머리, 머리 흐트러질 붕",火,170,
4129,"붕,봉",鵬,붕새 붕/봉,19,봉황. 봉새 봉.,火,170,
4130,비,匕,비수 비,2,"숟가락, 화식촉. 비수(날이 예리하고 짧은 칼)",金,170,
4131,비,比,견줄 비,4,"견주다, 본뜨다, 나란히.","火,土",170,여백 별기
4132,비,庀,다스릴 비,5,"다스리다, 갖추다, 덮다.",木,170,
4133,비,丕,클 비,5,"받들다, 엄숙하다, 크다. 장중하다, 처음, 으뜸, 이에, 곧.","木,火,水",170,
4134,비,仳,떠날 비,6,"떠나다, 이별하다, 추하다. 못생기다, 못생긴 여자.",火,170,
4135,"비,배",妃,왕비 비/배,6,"배합하다, 조좌하다, 태자의 아내. 왕비, 왕후, 아내, 배우자, 짝지을 배",火,170,
4136,비,圮,무너질 비,6,"무너지다, 무너뜨리다, 허물어지다. 허물어뜨리다.",土,170,
4137,"비,자",疪,덮을 비/자,7,"덮어 가리다, 돕다, 흉보다, 허물. 알랑거리다, 비난하다, 허물 자",木,170,
4138,비,伍,힘셀 비,7,"힘세다, 겹치다, 추하다, 중첩하다. 여럿이 떼 지은 모양, 산모양",火,170,
4139,비,妣,죽은어머니 비,7,"죽은 어머니, 어머니. 모친, 할머니.",土,170,
4140,비,屁,방귀 비,7,방귀.,水,170,
4141,비,伾,힘이 셀 비,7,힘이 세다(강한 힘이나 기세). 용맹하거나 기세가 당당하다,火,,"2024 보완전사(김기승 성명학 9,491자 기준본 대조 추가)"
4142,비,庇,보호할 비,7,"보호하다, 덮어 감싸다(비호, 은폐의 의미). 피난처를 제공하다, 은신시키다(남을 감싸서 보호함)",木,,"2024 보완전사(김기승 성명학 9,491자 기준본 대조 추가)"
4143,"비,별",批,비평할 비/별,8,"품평하다, 바로잡다, 밀다, 깍다. 주문다하다, 거스르다, 거스를 별",木,170,옥편7획
4144,비,枇,비파나무 비,8,"비파나무. 참빗, 비파(악기의 하나) 주걱, (머리를)빗다, 빗질하다.",木,171,
4145,비,卑,낮을 비,8,"왜소하다, 낮추다, 천하다, 가깝다. 저속하다, 비루하다, 가깝다.",水,171,
4146,비,非,아닐 비,8,"그르다, 등지다, 어긋나다, 나무라다. 헐뜯다, 원망하다, 비방할 비",木,171,
4147,비,沘,강아름 비,8,강 이름. 물 이름.,水,171,옥편7획
4148,비,岯,산 이름 비,8,산이름. 산 이름 비,水,,"2024 보완전사(김기승 성명학 9,491자 기준본 대조 추가); 기준본 음(대표) 필드 오류로 뜻풀이 텍스트에서 재추출함"
4149,비,秕,쭉정이 비,9,"쭉정이, 나쁘다, 무너뜨리다, 악하다. 질이 나쁜 쌀, 더럽히다, 더럽힐 비",木,171,
4150,비,飛,날 비,9,"뛰어 넘다, 날다, 오르다, 떨어지다. 높이 솟아 있는 모양, 비방하다.",火,171,
4151,비,毖,삼갈 비,9,"삼가다, 근신하다, 고달프다, 멀다. 통하다, 소통하다, (샘물이)흐르다.",火,171,
4152,비,毘,도울 비,9,"돕다, 힘을 보태다, 벗겨지다. 밝다, 쇠퇴하다, 쓸모없어 되다.",火,171,毗와 同字
4153,비,毗,도울 비,9,"돕다, 쇠퇴하다, 쓸모없어 되다. 벗겨지다, 떨어지다.",火,171,毘와 同字
4154,비,狓,삵의새끼 비,9,"삵의새끼, 너구리새끼, 떼지어 달리다. 짐승이 떼지어 달리는 모양.",土,171,옥편8획
4155,비,砒,비상 비,9,"비상, 비소.",金,171,
4156,"비,불,배",沸,"끓을 비/불,배",9,"샘솟다, 용솟음치다, 뿌리다, 끓이다. 용솟음할 불, 어지럽게 날 배",水,171,옥편8획
4157,비,狒,비비 비,9,비비. 아프리카에 사는 원숭이의 한가지.,水,171,옥편8획
4158,"비,필",泌,분비할 비/필,9,"분비하다, 물결이 부딪치다. 내이름, 고을이름, 스며흐를 필",水,171,옥편8획
4159,"비,불,필,패",芾,"우거질 비/불,필,패",10,"우거지다, 작은 모양. 우거질 불, 슬갑 필, 나무더부룩할 패",木,171,옥편8획
4160,"비,필",祕,숨길 비/필,10,"숨기다, 신비하다, 알리지 않다. 심오하다, 심오할 필",木,171,
4161,비,粃,쭉정이 비,10,"더럽다, 나쁘다, 무너뜨리다. 악하다, 더럽힐 비",木,171,
4162,비,紕,가선 비,10,"가선, 해진 비단, 꾸미다, 선두르다. 잘못, 합사드리다, 다스리다.",木,171,
4163,"비,필",秘,숨길 비/필,10,"숨기다, 심오하다. 깊어 알기가 어렵다, 심오할 필",木,171,
4164,비,俾,더할 비,10,"더하다, 시키다, 좇다, 흘겨보다. 경가뭐, 하여금, 가깝다.",火,171,
4165,"비,분",匪,비적 비/분,10,"담다, 넣다, 나누다, 아니다. 비적(떼지어 다니는 도적), 나눌 분",土,172,
4166,비,剃,발벨 비,10,발 베다. 발 베는 형벌.,金,172,
4167,비,肥,살질 비,10,"넉넉해지다, 비옥하게하다, 기름지다. 투박하다, 얇게하다, 헐뜯다",水,172,옥편8획
4168,비,蚍,왕개미 비,10,"왕개미, 땅 이름. 나라이름, 당아욱.",水,172,
4169,비,剕,베어 자를 비,10,베어 자르다(깎거나 도려내어 제거함). 잘라내어 없애다(불필요한 부분을 제거함),水,,"2024 보완전사(김기승 성명학 9,491자 기준본 대조 추가)"
4170,비,狉,삵의 새끼 비,10,삵의 새끼(작은 고양이과 동물의 새끼를 이르는 말). 소형 맹수 또는 야생 작은 고양이류를 이르는 명칭,水,,"2024 보완전사(김기승 성명학 9,491자 기준본 대조 추가)"
4171,비,庳,집낮을 비,11,"돕다, 모이다, 짧다, 낮다. 집이 낮다, 성의 하나.",木,172,
4172,비,斐,클 비,11,크다.,木,172,
4173,비,埤,더할 비,11,"더하다, 돕다, 낮다. 낮은 담, 성가퀴, 습지.",土,172,
4174,비,婢,여자종 비,11,"여자 종, 소첩. 첩, 여자를 압잡아 이르는 말.",土,172,
4175,비,妣,어머니 비,11,"어머니, 모친, 할머니. 돌아가신 모친.",土,172,
4176,비,奜,클 비,11,"크다(규모나 양이 큼). 크게 하다, 증대시키다(확대, 성장함을 이르는 말)",木,,"2024 보완전사(김기승 성명학 9,491자 기준본 대조 추가)"
4177,비,芘,당아욱 비,12,"덮다, 감싸다. 당아욱, 나무이름.",木,172,옥편8획
4178,"비,벽",椑,숨통 비/벽,12,"술잔, 술통, 수레의 이름. 성의 하나, 감나무, 널, 관, 널 벽.",木,172,
4179,비,扉,사립문 비,12,"사립문. 문짝, 집, 가옥.",木,172,
4180,비,斐,문채날 비,12,문채(아름다운 광채)나다. (문채가 있어)화려하다.,木,172,
4181,비,篚,도지개 비,12,"도지개, 상자, 비자나무, 광주리. 돕다, 변통하지 못하다.",木,172,
4182,비,悱,표현못할 비,12,"표현을 못하다, 표현하려고 애쓰다. 말 나오지 아니하다.",火,172,옥편11획
4183,비,備,갖출 비,12,"갖추다, 준비하다, 채우다. 예방하다, 의장, 모두, 발톱, 비품.",火,172,
4184,비,悲,슬플 비,12,"슬프다, 서럽다, 마음이 아프다. 슬픔, 비애, 가엾이 여기는 마음.",火,172,
4185,비,邳,클 비,12,"하늘, 존엄, 정신, 감정, 크다. 신령, 땅이름, 혼령, 혼백, 영혼.",土,172,옥편8획
4186,비,費,쓸 비,12,"빛나다, 널리 쓰이다, 소모하다. 닳다, 손상하다.",金,172,
4187,비,泚,강이름 비,12,"기르다, 풀 먹는 짐승. 강이름, 물이름, 잠, 꼴, 꼴꾼,",水,172,옥편11획
4188,"비,패",淠,강이름 비/패,12,"움직이다, 많은 모양, 더부룩하다. 배 떠나다, 움직일 패",水,173,옥편11획
4189,비,棐,옛 문헌에 보이는 도구나 기구의 이름 비,12,옛 문헌에 보이는 도구나 기구의 이름(특정한 도구를 가리키는 고유명사적 용법). 목재로 만든 물건이나 구조물 관련 글자적 용법(나무와 관련된 사물),木,,"2024 보완전사(김기승 성명학 9,491자 기준본 대조 추가)"
4190,비,睥,흘겨볼 비,13,"엿보다, 흘겨보다, 겉눈질하다. 성가퀴, 황제의 휘장.",木,173,
4191,비,閟,문닫을 비,13,"마치다, 닫히다, 멎다, 숨기다. 깊다, 삼가다, 으슥하다.",木,173,
4192,비,碑,비석 비,13,"비를 세우다. 비석, 돌기둥, 석주, 비문.",金,173,
4193,비,琵,비파 비,13,비파. 타다.,金,173,옥편12획
4194,비,痱,저릴 비,13,"저리다, 마비되다, 왜소하다, 낮다. 왜소할 비, 암메추라기 비",水,173,
4195,비,痞,걸릴 비,13,"앓다, 약하다, 창증, 무뢰한. (뱃속이)결리다, (가슴이)답답하다.",水,173,
4196,비,痹,저릴 비,13,"마비되다, 저리다, 몰래가다. 몰래가는 모양, 각기병, 습병, 류머티즘",水,173,
4197,비,淝,중국의 강 이름 비,13,중국의 강 이름(淝江). 그 강 이름이 포함된 고대 지명이나 역사적 용어로 쓰임,水,,"2024 보완전사(김기승 성명학 9,491자 기준본 대조 추가)"
4198,비,痺,저릴 비,13,저릴 비. 왜소할 비. 암메추라기 비,水,,"2024 보완전사(김기승 성명학 9,491자 기준본 대조 추가)"
4199,"비,폐",蓖,비혜 비/폐,14,"가리다, 덮다. 가릴 폐",木,173,옥편12획
4200,비,菲,엷을 비,14,"우거지다, 둔하다, 엷게 하다, 엷다. 박하다, 엷게 하다, 향기가 짙다.",木,173,옥편12획
4201,비,榧,비자나무 비,14,비자나무.,木,173,
4202,비,緋,비단 비,14,비단. 붉은 빛,木,173,
4203,비,裨,도울 비,14,"보태다, 돕다, 더하다, 작다. 보좌하다, 진념기다, 따르다.",木,173,옥편13획
4204,비,翡,물총새 비,14,물총새. 비취옥,火,173,
4205,비,鼻,코 비,14,"코, 구멍, 맞트이게 뚫는 자국. 시초, 손잡이, 종, 노복, 꿰다.",金,173,
4206,비,脾,지라 비,14,"넓적다리, 그치다. 지라, 소의 밥통.",水,173,옥편12획
4207,비,蜚,바퀴 비,14,"날다, 바퀴. 썩새기(뱃잎을 갉아먹는 곤충)",水,173,
4208,비,腓,장딴지 비,14,"장딴지, 피하다, 덮다, 앓다. 다리베는 형벌, 피할 비",水,173,옥편12획
4209,비,郫,고을이름 비,15,"고을 이름. 읍 이름, 성의 하나.",土,173,옥편11획
4210,비,誹,헐뜯을 비,15,"헐뜯다, 비방하다, 흉을 보다.",金,173,
4211,비,萙,아주까리 비,16,"아주까리. 피마자, 개사철쑥.",木,174,옥편14획
4212,비,篦,빗치개 비,16,"빗치개, 참빗, 통발, 대칼, 테.",木,174,
4213,비,憊,고단할 비,16,"고단하다, 고달프다, 피곤하다. 앓다.",火,174,
4214,비,陴,성가퀴 비,16,"성가퀴, 돕다, 보비하다.",土,174,옥편11획
4215,비,霏,눈펄펄내릴 비,16,"조영히 오는 비, 연기가 오르는 모양. 눈 펄펄내리다, 오다, 올라가다, 안개",木,174,
4216,"비,배",㵒,샘 용솟을 비,16,비. 샘 용솟을 비. 물소리 배,水,,"2024 보완전사(김기승 성명학 9,491자 기준본 대조 추가)"
4217,"비,폐",萆,비해 비,16,비해 비. 아주까리 비. 가릴 폐,木,,"2024 보완전사(김기승 성명학 9,491자 기준본 대조 추가)"
4218,비,馡,향기로울 비,17,향기롭다.,木,174,
4219,비,貔,비휴 비,17,"맹수이름, 너구리. 비휴(표범의 일종)",水,174,
4220,비,騑,곁마 비,18,"곁마(마차 옆에 따라가는 말) 세 살 된 말, 말이 계속 달리는 모양",火,174,
4221,비,鄙,더러울 비,18,"더럽다, 천하다, 부그러워하다, 좁다. 낮다, 깔보다, 인색하다, 마을 비",土,174,옥편14획
4222,"비,폐",髀,넓적다리 비/폐,18,"넓적다리, 넓적다리뼈. 장딴지, 비장, 넓적다리 폐",金,174,
4223,비,濞,물소리 비,18,물소리. 물이 갑자기 들이닥치는 소리.,水,174,옥편17획
4224,비,鄪,고을 이름 비,18,땅이름. 고을 이름 비,水,,"2024 보완전사(김기승 성명학 9,491자 기준본 대조 추가); 기준본 음(대표) 필드 오류로 뜻풀이 텍스트에서 재추출함"
4225,비,奰,성낼 비,18,장대할. 성낼 비,水,,"2024 보완전사(김기승 성명학 9,491자 기준본 대조 추가); 기준본 음(대표) 필드 오류로 뜻풀이 텍스트에서 재추출함"
4226,비,騛,빠른말 비,19,"빠른 말, 걸음이 빠른 말. 준마의 이름, 알 빠르다.",火,174,
4227,"비,복,배,보",輔,"말채비할 비/복,배,보",19,"말 채비하다, 전동 보. 앞턱 가로 나무 싸게 복, 풀무 배",金,174,
4228,비,臂,팔 비,19,"팔뚝, 팔, 쇠뇌자루.",水,174,옥편17획
4229,"비,복,배,보",鞴,말에 채비할 비,19,말에 채비할 비. 말 채비할 비. 앞턱 가로장 싸개 복. 풀무 배. 전동 보,水,,"2024 보완전사(김기승 성명학 9,491자 기준본 대조 추가)"
4230,비,羆,큰곰 비,20,"큰곰, 말곰.",木,174,옥편19획
4231,비,譬,비유할 비,20,"비유하다, 깨닫다, 깨우치다. 인도하다, 설명하다.",金,174,
4232,비,鼙,마상고 비,21,"작은 북. 마상고, 비파.",金,174,
4233,비,贒,힘쓸 비,21,"거대하다, 힘쓰다, 성내다, 세차다. 편들다, 역성들다, 큰 거북, 암컷 자라",金,174,
4234,비,贔,힘쓸 비,21,"힘쓰다(힘을 발휘하다, 버티다). 무거운 것을 떠받치거나 견디는 것에 비유되는 뜻(지탱함)",水,,"2024 보완전사(김기승 성명학 9,491자 기준본 대조 추가)"
4235,비,緡,고삐 비,22,"고삐(코뚜레, 굴레에 잡아매는 줄). 제갈, 굴레, 법의 비유.",火,174,
4236,비,轡,고삐 비,22,"고삐(말 따위를 매는 재갈, 제어 도구). 제어, 구속을 뜻하는 비유적 용법(억제하거나 다스림)",火,,"2024 보완전사(김기승 성명학 9,491자 기준본 대조 추가)"
4237,"빈,분",份,빛날 빈/분,6,"빛나다, 훌륭한 모양, 아름답고 성하다. 겸비히다, 빛나다, 부분 분",火,174,
4238,빈,牝,암컷 빈,6,"암컷, 골짜기. 계곡.",土,175,
4239,빈,玭,구슬이름 빈,9,소리나는 진주. 구슬이름.,金,175,옥편8획
4240,"빈,분",玢,옥 무늬 빈,9,옥무늬. 옥 무늬 빈. 옥 무늬 분,水,,"2024 보완전사(김기승 성명학 9,491자 기준본 대조 추가); 기준본 음(대표) 필드 오류로 뜻풀이 텍스트에서 재추출함"
4241,"빈,반",彬,빛날 빈/반,11,"훌륭한 모양, 밝다, 검비하다. 빛나다, 선명하다, 또렷하다, 밝을 반",火,175,
4242,빈,邠,나라이름 빈,11,"나라 이름, (문채가)빛나다. 땅이름, 성의 하나.",土,175,옥편7획
4243,빈,貧,가난할 빈,11,"결핍하다, 부족하다, 구차하다. 품위가 없다, 천하다, 말이 많다.",金,175,
4244,"빈,병",浜,물가 빈/병,11,"물가, 잇닿다, 근접하다, 임박하다. 끝, 절박하다, 가깝다, 선거 병",水,175,옥편10획
4245,빈,斌,빛날 빈,12,"빛나다, 겁비하다, 훌륭한 모양. 아름답고 성하다.",木,175,
4246,빈,賓,손 빈,14,"복종하다, 인도하다, 따르게 하다. 물치치다, 존경하다, 어울리다.",金,175,
4247,빈,頻,자주 빈,16,"친하다, 나란하다, 급하다, 빈번히. 찡그리다, 어지러워지다",火,175,
4248,빈,儐,인도할 빈,16,"대접하다, 인도하다, 베풀다. 물리치다, 나가다, 찡그리다.",火,175,
4249,"빈,반",斒,나라이름 빈/반,17,"알록달록하다, 얼룩지다, 얼룩. 나라이름, 성의 하나, 알록 반.",水,149,
4250,빈,嬪,궁녀 빈,17,"시집가다, 많다, 궁녀벼슬이름. 아내, 많은 빈.",土,175,
4251,"빈,반",斒,나라이름 빈/반,17,"얼룩지다, 나라이름, 성의 하나. 알록달록하다, 얼룩 반.",土,175,
4252,빈,擯,물리칠 빈,18,"인도하다, 물리치다, 배척하다. 인도하는 사람",木,175,옥편17획
4253,빈,檳,빈랑나무 빈,18,빈랑나무.,木,175,
4254,빈,濱,물가 빈,18,"근접하다, 임박하다, 절박하다. 가깝다, 잇닿다.",水,175,옥편17획
4255,빈,殯,빈소 빈,18,"빈소, 초빈하다. 파묻히다, 염하다.",水,175,
4256,빈,穦,향기 빈,19,"근심하다, 민망하다, 고민하다. 불쌍히 여기다, 가엾게 생각하다.",木,175,
4257,빈,矉,찡그릴 빈,19,"찡그리다, 노려보다, 급하다.",木,175,
4258,빈,璸,구슬이름 빈,19,"구슬이름, 옥무늬가 아통아통하다. 옥무늬가 어룽거리는 모양.",金,175,옥편18획
4259,"빈,윤",贇,예쁠 빈/윤,19,"빛나다, 예쁘다. 빛나다, 문채. 예쁜 모양, 예쁠 윤.",金,175,
4260,빈,嚬,찡그릴 빈,19,"웃는 모양, 찡그리다. 눈살을 찌푸리다.",水,176,
4261,빈,璨,옥광채 빈,19,"정승, 옥의 빛나는 빛깔. 옥의 광채.",水,176,
4262,빈,霦,옥처럼 광채가 있음 빈,19,"옥처럼 광채가 있음(옥의 빛, 광택). 맑고 고운 광택이나 빛깔(보석 같은 윤기)",水,,"2024 보완전사(김기승 성명학 9,491자 기준본 대조 추가)"
4263,빈,繽,어지러울 빈,20,"많다, 성한 모양, 어지럽다, 성하다. 기운이나 세력이 한창 왕성하다.",木,176,
4264,빈,臏,종지뼈 빈,20,"종지뼈, 죄인의 발을 자르는 형벌. 슬개골, 월형, 종지뼈를 도려내는 형벌",水,176,옥편18획
4265,빈,瀕,물가 빈,20,"절박하다, 가깝다, 임박하다. 잇닿다, 근접하다, 가까울 빈",水,176,옥편19획
4266,빈,䎙,나는 모양 빈,20,빈. 나는 모양 빈,水,,"2024 보완전사(김기승 성명학 9,491자 기준본 대조 추가)"
4267,"빈,변",蠙,진주조개 빈,20,진주조개. 진주조개 빈. 진주조개 변,水,,"2024 보완전사(김기승 성명학 9,491자 기준본 대조 추가); 기준본 음(대표) 필드 오류로 뜻풀이 텍스트에서 재추출함"
4268,빈,鑌,강철 빈,22,"강철, (갈아)빛을 내다, 광내다.",金,176,
4269,"빈,평",蘋,네가래 빈/평,22,"풀이름, 풀이 우거진 모양. 네가레, 풀이름, 개구리밥 평",木,176,옥편18획
4270,빈,馪,향내물큰날 빈,23,향내가 물큰 나다.,木,176,
4271,빈,顰,찡그릴 빈,24,"얼굴 찡그리다, 눈살 찌푸리다. 이맛살을 찌푸리다.",火,176,
4272,빈,鬢,살쩍 빈,24,"귀밑털, 털이 부드러운 것. 살쩍:관자놀이와 귀 사이에 난 머리털",火,176,
4273,"빙,응",氷,얼음 빙/응,5,"얼음, 깨끗하다, 투명하다, 엉기다. 서늘하게 하다, 식히다, 엉길 응",水,176,
4274,빙,凭,기댈 빙,8,"의지하다, 성하다, 맡기다, 크다. 기대다, 의거하다, 볼다, 건너다.",水,176,
4275,"빙,병",娉,장가들 빙/병,10,"예쁘다, 안부를 묻다, 묻다. 장가들다, 예쁠 병",土,176,
4276,빙,聘,부를 빙,13,"구하다, 찾아가다, 부르다. 안부를 묻다, 장가들다.",火,176,
4277,빙,憑,기댈 빙,16,"기대다, 의지하다, 성하다, 크다. 차다, 대단하다, 의탁하다, 맡기다.",火,176,
4278,빙,騁,달릴 빙,17,"달리다, 펴다, 제멋대로 하다. 다하다, 펴이다, 이르다.",火,176,
4279,사,巳,뱀 사,3,"결정되다, 계승하다, 지키다. 뱀, 삼짇날, 자식, 태아, 복, 행복.","土,火",176,
4280,사,士,선비 사,3,"벼슬하다, 종사하다, 군사, 직무. 선비, 관리, 벼슬아치, 사내, 남자.",木,176,
4281,사,四,넉 사,5,"넉, 넷, 시방.","水,火",176,
4282,사,仕,섬길 사,5,"섬기다, 일하다, 벼슬하다, 선비. 종사하다, 살피다, 밝히다, 벼슬.",火,176,
4283,"사,작",乍,잠깐 사/작,5,"처일어나다, 쪼개다, 공격하다. 마침, 처음으로, 일어날 작.",金,177,
4284,사,史,사기 사,5,"화사하다, 꾸밈이 있어 아름답다. 사기, 역사, 기록된 문서, 사관, 문인.",水,177,
4285,사,司,맡을 사,5,"지키다, 살피다, 맡다, 수호하다. 관아, 벼슬아치, 공무원, 관리",水,177,
4286,"사,시",寺,절 사/시,6,"마을, 관청, 관청 시. 절, 사찰, 환관, 내시.",土,177,
4287,사,死,죽을 사,6,"죽다, 생기없다, 다하다. 귀구(매잣나뭇과의 여러해살이 풀)",火,177,
4288,사,私,사사 사,7,"사랑하다, 편애하다, 사사롭다. 총애하는 것, 간통하다, 오줌 누다.",木,177,
4289,사,些,적을 사,7,"작다, 조그마하다. 적다, 약간, 조금, 어조사.",木,177,
4290,사,伺,엿볼 사,7,"정찰하다, 기다리다, 돌보다. 엿보다, 살피다.",火,177,
4291,사,似,닮을 사,7,"비슷하다, 흉내내다, 잇다, 같다. 닮다, 보이사, 상속하다.",火,177,
4292,사,汜,지류 사,7,"물가, 웅덩이. 물이름, 지류.",水,177,옥편6획
4293,사,社,모일 사,8,"모이다, 제사지내다, 행정단위. 땅귀신, 단체, 모임, 토지신 사",木,177,
4294,사,祀,제사 사,8,"제사 지내다. 해, 제사.",木,177,
4295,사,卸,풀 사,8,"풀다, 부리다, 낙하하다, 떨어지다.",火,177,
4296,"사,시",使,하여금 사/시,8,"부리다, 보내다, 시키다, 쓰다. 부릴 사, 보낼 시",火,177,
4297,"사,석",舍,집 사/석,8,"집, 가옥, 여관, 버리다, 포기하다. 폐하다, 벌릴 사, 벌여놓을 석.",火,177,
4298,사,姒,손동서 사,8,"손위 동서. 동서, 인니, 성의 하나.",土,177,
4299,사,事,일 사,8,"일, 직업, 재능, 사업, 관직, 벼슬. 경치, 변고, 사고, 벌-옷을 세는 단위","金,木",177,
4300,사,沙,모래 사,8,"선별하다, 문지르다, 쉬다, 거칠다. 봉황 사, 목 쉴 사",水,177,옥편7획
4301,"사,책,색",咋,"잠깐 사/책,색",8,"잠시동안, 큰소리를 지르다, 씹다. 들쉴 책, 씹을 색.",水,177,
4302,사,㡸,같지 아니할 사,8,사. 같지 아니할 사,金,,"2024 보완전사(김기승 성명학 9,491자 기준본 대조 추가)"
4303,사,柶,수저 사,9,"수저. 숟가락, 윷.",木,178,
4304,사,査,조사할 사,9,"조사하다, 사실하다, 찌꺼기. 풀명자나무, 뗏목, 사돈.",木,178,
4305,"사,기",俟,기다릴 사/기,9,"기다리다, 가는 모양, 대기하다. 떼지어 가다, 성씨 기",火,178,
4306,"사,새",思,생각 사/새,9,"생각하다, 그리워하다, 슬퍼하다. 수염이 많을 새",火,178,
4307,사,砂,모래 사,9,"모래, 사막, 모래알, 조잡하다. 비단, 짐승의 암컷, 봉황 사, 목쉴 사",金,178,
4308,사,泗,물이름 사,9,물 이름. 콧물.,水,178,옥편8획
4309,사,師,스승 사,10,"스승, 군사, 벼슬아치, 벼슬, 뭇사람. 신령, 신의칭호, 악관, 스승으로 삼다",木,178,
4310,"사,묘",紗,비단 사/묘,10,"작다, 적다, 미세하다, 이미하다. 비단, 깁(명주실로 거칠게 짠 비단)",木,178,
4311,사,祠,사당 사,10,제사 지내다. 사당.,木,178,
4312,사,剚,칼꽂을 사,10,"두다, 칼 꽂다. 일정한 곳에 두다.",金,178,
4313,"사,야,석,역",射,"쏠 사/야,석,역",10,"쏘다, 비추다, 추구하다, 헤아리다. 벼슬이름 야, 맞힐 석, 싫어할 역",木,178,
4314,사,娑,춤출 사,10,"춤추다, 너풀거리다, 빠르다, 앉다. 옷자락이 날리는 모양, 사바세상 사",土,178,
4315,사,唆,부추길 사,10,"부추기다, 꼬드기사, 교사하다.",水,178,
4316,"사,준",梭,북 사/준,11,"나무이름, 나무 이름 준. 북(베틀 부속품의 한가지)",木,178,
4317,사,笥,상자 사,11,대밥그릇. 상자.,木,178,
4318,"사,야",斜,비낄 사/야,11,"비끼다, 기울다, 굽다, 베끼다. 골짜기 이름 야",火,178,
4319,사,徙,옮길 사,11,"옮기다, 넘기다, 건네다, 취하다. 한쪽으로 쏠리다, 고을 이름 사",火,178,
4320,사,赦,용서할 사,11,"(죄를)용서하다, 엇보다, 감면하다. (죄수를)풀어주다, 버리다, 방치하다",火,178,
4321,"사,야,여,서",邪,"간사할 사/야,여,서",11,"간사하다, 사악하다, 기울다, 비스듬하다. 그런가 야, 나머지 여, 느릿할 서",土,178,옥편7획
4322,"사,이",蛇,긴뱀 사/이,11,"자유롭다, 느긋하다, 천박하다. 구불구불 가다, 구불구불 갈 이",水,178,
4323,사,捨,버릴 사,12,"쉬다, 기부하다, 바치다, 포기하다. 내버려두다, 놓다, 버리다.",木,179,옥편11획
4324,사,奢,사치할 사,12,"아름답다, 과분하다, 낭비하다. 오만하다, 지나치다, 분에 넘치다.",木,179,
4325,"사,멱",絲,실 사/멱,12,"가늘다, 적다, 작다. 가는 물건. 실, 가는 실, 생사, 견사, 명주실.",木,179,
4326,사,覘,엿볼 사,12,"엇보다, 훔쳐보다.",火,179,
4327,사,傞,춤출 사,12,(취하여)춤추다. 취하여 춤추는 모양.,火,179,
4328,사,斯,이 사,12,"죄다, 쪼개다, 가르다, 떨어지다. 희다, 다하다, 천하다, 천할 사",金,179,
4329,사,詐,속일 사,12,"속이다, 가장하다, 말을 꾸미다. 거짓말하다, 함정에 빠뜨리다.",金,179,
4330,사,竢,기다릴 사,12,"기다리다, 대기하다, 떼지어 가다. 가는 모양, 서행하는 모양.",金,179,
4331,사,詞,말씀 사,12,"계승하다, 호소하다, 잇다, 청하다. 말, 말씀, 말하다, 고하다, 글 사",金,179,
4332,사,痧,곽란 사,12,"홍역, 괴질. 곽란, 마진, 콜레라.",水,179,
4333,사,覗,엿볼 사,12,"엿보다(몰래 보다). 살펴보다, 훔쳐보다는 뜻의 동작",火,,"2024 보완전사(김기승 성명학 9,491자 기준본 대조 추가)"
4334,사,裟,가사 사,13,"춤추다, 옷이 너울거리는 모양. 가사(어깨에 걸쳐 입는 승려의 옷).",木,179,
4335,사,楂,뗏목 사,13,"뗏목, 떼, 까치우는 소리. 성의 하나, 가지런 하지 않는 모양.",木,179,
4336,사,肆,방자할 사,13,"늘어놓다, 시험하다, 곧다, 찌르다. 방자하다, 마구간, 가게, 드디어.",火,179,
4337,사,莎,향부자 사,13,"향부자, 사초, 비비다, 베짱이.",木,179,옥편11획
4338,사,嗣,이을 사,13,"계승하다, 연습하다, 배워 익히다. 잇다, 이어받다, 후임자.",水,179,
4339,사,渣,찌꺼기 사,13,"찌꺼기, 강이름.",水,179,옥편12획
4340,사,榭,정자 사,14,"정자, 사당. 사당. 곳집(곳갓으로 지은 집)",木,179,
4341,사,獅,사자 사,14,사자. 한 배에 난 두 마리의 강아지.,土,179,옥편13획
4342,사,皶,여드름 사,14,"살이 트다, 여드름. 비사증, 주부코.",金,179,
4343,"사,저,랍,납",蠟,"납제 사/저,랍,납",14,"구더기, 밀, 밀랍, 납향. 구더기 저, 밀 랍, 밀 납.",水,179,
4344,사,飼,기를 사,14,"먹이다, 양육하다, 먹게하다. 기르다, 사육하다, 밥, 양식, 사료.",水,180,
4345,"사,저,랍",蜡,납제 사,14,납제 사. 구더기 저. 밀 랍(납),水,,"2024 보완전사(김기승 성명학 9,491자 기준본 대조 추가)"
4346,사,寫,베낄 사,15,"비추다, 본뜨다, 옮기다, 쏟다. 부리다, 새다, 덜어 없애다, 풀다.",木,180,
4347,"사,새",傞,잘게부술 사/새,15,"잘게 부수다, 막다, 자질구레하다. 잘게 부술 새",火,180,
4348,사,駟,사마 사,15,"쫓다, 말, 함께 수레를 타다. 사마:한 채의 수레를 끄는 네 필의 말",火,180,
4349,사,駛,달릴 사,15,"(말이)달리다, 빠르다, 신속하다.",火,180,
4350,사,賜,줄 사,15,"하사하다, 명령하다, 다하다, 은혜. 주다, 베풀다, 분부하다, 은덕.",金,180,
4351,사,鯋,문절망둑 사,15,"문절망둑(물고기), 상어. 모래무지.",水,180,
4352,"사,새",僿,잘게 부술 사,15,잘게 부술 사. 잘게 부술 새,火,,"2024 보완전사(김기승 성명학 9,491자 기준본 대조 추가)"
4353,사,魦,문절망둑 사,15,"문절망둑(어류 이름). 망둑어과의 작은 물고기, 민물, 연안 어류를 이르는 말",水,,"2024 보완전사(김기승 성명학 9,491자 기준본 대조 추가)"
4354,"사,쇠",蓑,도롱이 사/쇠,16,"도롱이, 덮다, 꽃술이 늘어지다. 꽃술 늘어질 쇠",木,180,옥편14획
4355,사,篩,체 사,16,"대 이름, (체로)치다. 체(가루를 치는 제구)",木,180,
4356,사,謝,사례할 사,17,"사례하다, 보답하다, 물리치다. 양보하다, 시들다, 물러나다.",金,180,
4357,사,儩,다할 사,17,다할. 다할 사,金,,"2024 보완전사(김기승 성명학 9,491자 기준본 대조 추가); 기준본 음(대표) 필드 오류로 뜻풀이 텍스트에서 재추출함"
4358,사,鯗,문절망둑 사,18,"문절망둑(물고기), 상어. 모래무지.",水,180,
4359,사,鯊,문절망둑 사,18,문절망둑(어류 이름). 작은 바닷물고기 또는 물고기 이름 일반,水,,"2024 보완전사(김기승 성명학 9,491자 기준본 대조 추가)"
4360,사,辭,말씀 사,19,"사퇴하다, 알리다, 사양하다, 핑계. 말씀, 문제이름, 청하다, 타이르다.",金,180,
4361,사,瀉,쏟을 사,19,"쏟다, 쏟아지다, 설사하다, 게우다. 짠 땅, 개펄.",水,180,옥편18획
4362,사,麝,사향노루 사,21,사향노루. 사향.,土,180,
4363,사,鰤,방어 사,21,방어(물고기). 노어.,水,180,
4364,"삭,소,초",削,"깎을 삭/소,초",9,"빼앗다, 약해지다, 작다, 지근대다. 모질다, 채지 소, 칼집 초",金,180,
4365,"삭,색",索,노 삭/색,10,"찾다, 더듬다, 흩어지다, 헤어지다. 노(바, 노끈, 새끼 따위) 찾을 색",木,180,
4366,삭,朔,초하루 삭,10,"생겨나다, 시작되다, 처음, 아침. 초하루, 음력 매월1일, 처음, 시초",水,180,
4367,삭,搦,바를 삭,14,"바르다, 찌르다, 날다.",木,180,옥편13획
4368,"삭,소",槊,창 삭/소,14,"창, 무기, 쌍륙(놀이의 하나). 못속 소",木,180,
4369,"삭,수,촉",數,"자주 삭/수,촉",15,"자주하다, 빨리하다, 황급하다. 바삐 서두르다, 셈할 수, 촘촘할 촉",金,181,
4370,삭,搠,바를 삭,15,"바를 삭(기존 뜻 보존). 잡아당기다, 끌어내다(손으로 하는 동작의 유사 의미)",木,,"2024 보완전사(김기승 성명학 9,491자 기준본 대조 추가)"
4371,삭,蒴,삭조 삭,16,"풀이름, 말오줌떼. 삭조(넓은 잎 딱총나무), 접골목.",木,181,옥편14획
4372,"삭,락",爍,빛날 삭/락,19,"빛나다, 태우다, 녹이다, 끊다, 답다. 꺼지다, 허물어뜨리다, 벗겨질 락",火,181,
4373,삭,鑠,녹일 삭,23,"아름답다, 녹이다, 정정하다. 녹다.",金,181,
4374,산,山,뫼 산,3,"산, 메, 산신, 움직이지 아니하다. 무덤, 분묘, 절, 사찰, 임금의 상.",土,181,
4375,산,刪,깎을 산,7,"깎다, 삭제하다, 제하다. 덜어버리다, 정하다.",金,181,
4376,산,汕,오구 산,7,오구(그물의 한 가지). 물고기가 헤엄치는 모양.,水,181,옥편6획
4377,산,疝,산증 산,8,배 아프다. 산증(허리 또는 아랫배가 아픈 병),水,181,
4378,"산,선",姍,헐뜯을 산/선,8,"헐뜯다, 비방하다, 비웃다. 비틀적거릴 선",土,181,
4379,산,祘,셈 산,10,"셈하다, 미리알다, 지혜, 계획하다. 셈, 계산, 수, 수효, 산가지, 슬기.",木,181,
4380,산,珊,산호 산,10,"비틀거리는 모양, 조잔하다. 산호, 패옥소리.",金,181,옥편9획
4381,산,訕,헐뜯을 산,10,"꾸짖다, 나무라다, 헐뜯다. 윗 사람을 비방하다.",金,181,
4382,산,産,낳을 산,11,"태어나다, 생기다, 일어나다. 생산하다, 재산.",木,181,
4383,산,産,낳을 산,11,"태어나다, 생기다, 일어나다. 생산하다, 재산.",木,181,
4384,산,狦,사자 산,11,사자(獅子),水,181,
4385,산,產,낳을 산,11,"낳다, 생산하다(산출하다). 산물, 생산물(만들어내는 것)",木,,"2024 보완전사(김기승 성명학 9,491자 기준본 대조 추가)"
4386,산,傘,우산 산,12,우산(雨傘). 일산.,火,181,
4387,산,散,흩을 산,12,"한가롭다, 흩어지다, 풀어놓다. 내치다, 달아나다, 절룩거리다.",金,181,
4388,"산,순,준",狻,사자 산,12,사자 산. 사자 순. 개가 빠를 준,水,,"2024 보완전사(김기승 성명학 9,491자 기준본 대조 추가)"
4389,"산,찬,잔",剷,"깎을 산/찬,잔",13,"다스리다, 깍아 평평하게 하다. 깍다, 베다, 깎을 찬, 깍을 잔",金,181,
4390,산,算,셈 산,14,"지혜, 슬기, 셈하다, 미리알다. 계획하다, 꾀하다.",木,181,
4391,산,酸,실 산,14,"슬프다, 나른하다, 가슴아프다. (맛이)시다, 초라하다, 케케묵다.",金,181,
4392,산,憛,온전한덕 산,15,"많다, 온전한 덕.",火,182,옥편14획
4393,"산,찬",㦃,온전한 덕 산,15,산. 온전한 덕 산. 많을 찬,金,,"2024 보완전사(김기승 성명학 9,491자 기준본 대조 추가)"
4394,"산,선",蒜,마늘 산/선,16,마늘.,木,182,옥편14획
4395,산,橵,산자 산,16,사람 이름. 산자.,木,182,
4396,산,潸,눈물흐를 산,16,"눈물 흐르다, 비오다. 비가 오는 모양.",水,182,옥편15획
4397,산,澘,눈물흐를 산,16,"눈물 흐르다, 비오다. 비가 오는 모양.",水,182,옥편15획
4398,"산,찬",簅,큰 피리 산,17,큰피리. 큰 피리 산. 큰 피리 찬,金,,"2024 보완전사(김기승 성명학 9,491자 기준본 대조 추가); 기준본 음(대표) 필드 오류로 뜻풀이 텍스트에서 재추출함"
4399,산,繖,우산 산,18,우산(雨傘). 일산,木,182,
4400,"산,잔",鏟,대패 산/잔,19,"대패, 낫, 철판, 쇳덩이, 깎다. 없애다, 깎을 산, 대패 잔, 깍을 잔",金,182,
4401,"산,선",霰,싸라기눈 산/선,20,"싸라기눈, 말린 떡을 잘게 썬 것. 싸라기눈 선",水,182,
4402,"산,연",孿,"쌍둥이 산,연",22,"쌍둥이, 잇다, 이어지다.",水,182,여백 별기
4403,살,沙,음역자 살,8,음역자(音譯字).,"木,水",182,
4404,살,乷,음가를 나타내기 위해 쓰이는 문자 살,8,음가를 나타내기 위해 쓰이는 문자(음역자). 고문헌에서 특정 음을 표기하는 희귀 문자로 사용됨,木,,"2024 보완전사(김기승 성명학 9,491자 기준본 대조 추가)"
4405,"살,쇄,설,시",殺,"죽일 살/쇄,설,시",11,"감하다, 얻다, 지우다, 덜다, 감할 살. 빠를 쇄, 맴도는 모양 설, 윗사람 죽일 시",金,182,
4406,"살,쇄",煞,죽일 살/쇄,13,"총괄하다, 결속하다, 단속하다. 수효가 많다, 매우 쇄, 빠를 쇄",火,182,
4407,살,撒,뿌릴 살,16,"뿌리다, 흩뜨리다, 놓다, 펼치다. 놓아주다.",木,182,옥편15획
4408,살,薩,보살 살,20,보살.,木,182,옥편18획
4409,삼,三,석 삼,3,"자주, 거듭, 여러 번. 석, 셋, 재삼, 몇 번이고.","木,火",182,
4410,삼,杉,삼나무 삼,7,삼나무. 삼(배의 바닥에 댄 널),木,182,
4411,삼,衫,적삼 삼,9,"적삼, 옷.",木,182,옥편8획
4412,삼,芟,벨 삼,10,"베다, 깎아버리다. 낫(풀 따위를 베는 기구)",木,182,옥편8획
4413,"삼,참",參,석 삼/참,11,"긴 모양, 길다, 섞이다, 뒤섞다. 나란하다, 가지런하다, 참여할 참","火,水",182,
4414,"삼,섬",鈒,낫 삼/섬,11,"베다, 쪼개다, 날카롭다, 에리하다. 날카로울 섬.",金,182,
4415,삼,森,수풀 삼,12,"무성한 모양, 많은 모양, 무성하다. 축 늘어진 모양, 우뚝 솟다.",木,182,
4416,"삼,림",滲,스며들 삼/림,15,"스며들다, 배다, 밭다, 새다. 마르다, 흐르다, 다하다, 흐를 림",水,183,옥편14획
4417,삼,蔘,삼 삼,17,"높이 솟은 모양, (아래로)늘어지다. 삼, 인삼.",木,183,옥편15획
4418,삼,糣,나물죽 삼,17,"끈끈하다, 섞다, 섞이다. 나물죽, 국, 쌀알.",木,183,
4419,삼,糝,나물죽 등 곡물로 끓인 죽의 일종 삼,17,나물죽 등 곡물로 끓인 죽의 일종(나물죽). 곡식을 가공해 만든 가루나 죽류의 음식,木,,"2024 보완전사(김기승 성명학 9,491자 기준본 대조 추가)"
4420,삼,鬖,헝클어질 삼,21,"헝클어지다, 머리 늘어진 모양.",火,183,
4421,삽,卅,서른 삽,4,"서른, 삼십.",水,183,
4422,"삽,첩",唼,쪼아먹을 삽/첩,11,"쪼아먹다, 바르다, 칠하다, 헐뜯다. 헐뜯을 첩, 마실 잡, 말이 많을 접",木,183,
4423,삽,鈒,창 삽,12,"새기다, 아로새기다, 엷다. 얇다, 동자기둥 벽, 풀이름 보",金,183,
4424,삽,揷,꽂을 삽,13,"끼우다, 삽입하다, 찌르다, 끼어들다.",木,183,옥편12획
4425,삽,插,꽂을 삽,13,"끼우다, 삽입하다, 찌르다, 끼어들다.",木,183,옥편12획
4426,"삽,흡",歃,마실 삽/흡,13,"마시다, 맛보다. 맛볼 흡","火,金",183,
4427,"삽,립,입",颯,"소리 삽/립,입",14,"바람소리, 쇠잔한 소리. 큰 바람 립, 큰 바람 입",木,183,
4428,삽,翣,볼 삽,14,"부채질하다, 불삽, 운삽, 부채. 종고걸이들 위의 꾸미개",火,183,
4429,"삽,잡",霅,비올 삽/잡,15,"비오다, 회식하다, 번개치다. 빛나다, 번개칠 잡, 빛날 합",水,183,
4430,삽,澀,떫을 삽,16,"떫다, 깔끄럽다, 꺼리다, 더듬다. 힘들다, 어렵다, 막히다.",水,183,옥편15획
4431,삽,霎,가랑비 삽,16,"가랑비, 빗소리. 잠시.",水,183,
4432,삽,鍤,가래 삽,17,가래(농기구).,金,183,
4433,상,上,윗 상,3,"드리다, 진헌하다, 오르다. 앞, 임금, 군주, 높다, 올리다.",木,183,
4434,상,床,평상 상,7,"평상, 소반, 기물을 세는 단위. (상에서)졸다.",木,183,
4435,상,牀,평상 상,8,"평상, 상, 마루, 우물난간. 기물을 세는 단위 (상에서)졸다.",木,183,
4436,"상,장",狀,형상 상/장,8,"형용하다, 나타내다, 모방하다. 용모, 모양, 문서 장",木,183,
4437,상,尙,숭상할 상,8,"숭상하다, 높다, 자랑하다. 꾸미다, 더하다, 주관하다.","金,水",184,
4438,"상,양",相,서로 상/양,9,"구겨지다, 보조자, 시중드는 사람. 담당자, 모양, 형상, 방아타령, 빌 양",木,184,
4439,상,庠,학교 상,9,"침착하다, 점잖다. 학교, 태학, 향학.",木,184,
4440,상,峠,고개 상,9,"고개, 고비.",土,184,
4441,상,桑,뽕나무 상,10,뽕잎을 따다. 뽕나무.,木,184,
4442,"상,향",晌,"정오 상,향",10,"정오, 때, 향. 정오 향.",火,184,
4443,상,恦,생각할 상,10,생각할. 생각할 상,金,,"2024 보완전사(김기승 성명학 9,491자 기준본 대조 추가); 기준본 음(대표) 필드 오류로 뜻풀이 텍스트에서 재추출함"
4444,상,常,떳떳할 상,11,"영원하다, 범상하다, 숭상하다. 행하다, 평범하다, 항상 상",木,184,
4445,상,祥,상서 상,11,"상서롭다, 이끌다, 인도하다. 가르치다, 자세하다, 타이르다.",木,184,
4446,상,爽,시원할 상,11,"상쾌하다, 높고 밝다, 굳세다, 밝다. 서늘하다, 시원스럽다, 줄어들다.",火,184,
4447,상,徜,노닐 상,11,"어정거리다, 배회하다. 노닐다.",火,184,
4448,상,商,장사 상,11,"장사, 장수, 서쪽, 가을, 별 이름. 철로는 가을, 오행으로는 금, 방위는 서쪽",水,184,
4449,상,廂,행랑 상,12,"곁채, 결간(집의 양쪽에 딸려 붙은 간살). 행랑, 몸채의 동서의 벽.",木,184,
4450,상,翔,날 상,12,"상서롭다, 오르다, 노닐다, 날다. 바라보다, 자세하다, 돌다, 돌아보다",火,184,
4451,상,象,코끼리 상,12,"징후, 조짐, 도리, 통변, 얼굴모양. 코끼리, 상아, 꼴, 모양, 법, 법제.",木,184,
4452,상,喪,잃을 상,12,"복 입다, 잃다, 달아나다, 죽다. 도망하다, 허비하다, 잊어버리다.",水,184,
4453,상,傷,다칠 상,13,"근심하다, 다치다, 애태우다. 불쌍히 여기다, 상하다, 해치다.",火,184,
4454,상,想,생각 상,13,"그리워하다, 생각하다, 원하다. 이마를 땅에 대어 절하다.",火,184,
4455,상,嘗,맛볼 상,13,"맛보다, 경험하다, 겪다, 시험하다. 체험하다, 가을의 제사, 일찍이.",土,184,
4456,"상,양",詳,자세할 상/양,13,"공평하다, 상서롭다, 자세히 알다. 비상하다, 거짓 양",金,184,
4457,상,湘,강이름 상,13,물 이름. 강 이름.,水,184,옥편12획
4458,상,甞,맛볼 상,13,"맛보다(시식하다). 한때 해보다, 경험해 보다(문어체의 '한번 해봄' 의미)",土,,"2024 보완전사(김기승 성명학 9,491자 기준본 대조 추가)"
4459,상,裳,치마 상,14,"치마, 아랫도리 옷, 바지 따위. 산뜻한 모양.",木,185,
4460,상,像,모양 상,14,"닮다, 따르다, 모방하다, 본뜨다. 모양, 형상, 법식, 양식, 법, 규범.",火,185,
4461,상,塲,높고밝은땅 상,14,높고 밝다. 높고 밝은 땅.,土,185,
4462,상,嘗,맛볼 상,14,"체험하다, 시험하다, 맛보다. 음식을 맛보다, 경험하다, 겪다.",水,185,
4463,"상,땅",塽,높고 밝은 땅 상,14,높고 밝은 땅. 언덕이나 탁 트인 고지(햇빛이 잘 드는 높은 대지),土,,"2024 보완전사(김기승 성명학 9,491자 기준본 대조 추가)"
4464,상,葙,개맨드라미 상,14,개맨드라미. 개맨드라미 상,金,,"2024 보완전사(김기승 성명학 9,491자 기준본 대조 추가); 기준본 음(대표) 필드 오류로 뜻풀이 텍스트에서 재추출함"
4465,상,墒,새로 일군 땅 상,14,땅물기. 새로 일군 땅 상,金,,"2024 보완전사(김기승 성명학 9,491자 기준본 대조 추가); 기준본 음(대표) 필드 오류로 뜻풀이 텍스트에서 재추출함"
4466,상,箱,상자 상,15,"상자. 곳집, 곁채.",木,185,
4467,상,緗,담황색 상,15,누르스름한 빛깔. 담황색 비단.,木,185,
4468,상,愯,성품밝을 상,15,성품이 밝다.,火,185,옥편14획
4469,상,賞,상줄 상,15,"칭찬하다, 숭상하다, 아름답다. 증여하다, 상주다.",金,185,
4470,상,殤,일찍죽을 상,15,일찍 죽다.,水,185,
4471,"상,창",漺,물 맑을 상,15,물맑을. 물 맑을 상. 문지를 창,金,,"2024 보완전사(김기승 성명학 9,491자 기준본 대조 추가); 기준본 음(대표) 필드 오류로 뜻풀이 텍스트에서 재추출함"
4472,상,磉,주춧돌 상,15,주춧돌. 주춧돌 상,金,,"2024 보완전사(김기승 성명학 9,491자 기준본 대조 추가); 기준본 음(대표) 필드 오류로 뜻풀이 텍스트에서 재추출함"
4473,상,橡,상수리나무 상,16,상수리나무. 도토리.,木,185,
4474,"상,탕",潒,세찰 상/탕,16,"세차다, 떠돌다, 씻다, 헹구다. 질펀히 흐르다, 편하다, 편할 탕",水,185,옥편15획
4475,상,慡,성품이 밝을 상,16,성품이 밝다(명랑하고 활달함). 마음이 환하고 명석한 기질(밝은 성격),火,,"2024 보완전사(김기승 성명학 9,491자 기준본 대조 추가)"
4476,상,鋿,문지를 상,16,수레바퀴쇠. 문지를 상,金,,"2024 보완전사(김기승 성명학 9,491자 기준본 대조 추가); 기준본 음(대표) 필드 오류로 뜻풀이 텍스트에서 재추출함"
4477,상,償,갚을 상,17,"돌려주다, 갚다, 상환하다, 보상. 배상, 대가, 보답, 속죄.",火,185,
4478,상,霜,서리 상,17,"깨끗한 절개 날카로움의 비유. 엄한 법의 비유, 차가로움의 비유.",水,185,
4479,상,觴,잔 상,18,"잔, 잔내다.",木,185,
4480,상,鏦,방울소리 상,18,방울 소리.,金,185,
4481,"상,대",檯,나무 이름 대,18,상. 나무 이름 대,火,,"2024 보완전사(김기승 성명학 9,491자 기준본 대조 추가); 1차 음의 뜻풀이 누락으로 타 음(대)의 훈으로 대표훈음 대체"
4482,상,鎟,방울 소리 상,18,방울소리. 방울 소리 상,金,,"2024 보완전사(김기승 성명학 9,491자 기준본 대조 추가); 기준본 음(대표) 필드 오류로 뜻풀이 텍스트에서 재추출함"
4483,상,謪,헤아릴 상,18,헤아릴. 헤아릴 상,金,,"2024 보완전사(김기승 성명학 9,491자 기준본 대조 추가); 기준본 음(대표) 필드 오류로 뜻풀이 텍스트에서 재추출함"
4484,상,顙,이마 상,19,"꼭대기, 절하다, 머리, 이마. 불쌍히 여기다, 가엾게 생각하다.",火,185,
4485,상,鏛,문지를 상,19,상. 문지를 상,金,,"2024 보완전사(김기승 성명학 9,491자 기준본 대조 추가)"
4486,상,鐌,그릇 꼭지 상,19,그릇꼭지. 그릇 꼭지 상,金,,"2024 보완전사(김기승 성명학 9,491자 기준본 대조 추가); 기준본 음(대표) 필드 오류로 뜻풀이 텍스트에서 재추출함"
4487,상,孀,홀어머니 상,20,"과부, 수절하다. 홀어머니.",土,185,
4488,상,湯,삶을 상,21,"삶다, 익히다.",土,185,
4489,상,鬺,삶을 상,21,삶을. 삶을 상,金,,"2024 보완전사(김기승 성명학 9,491자 기준본 대조 추가); 기준본 음(대표) 필드 오류로 뜻풀이 텍스트에서 재추출함"
4490,"새,색",塞,변방 새/색,13,"보답하다, 사이가 뜨다, 쌓다, 변방. 요새, 보루, 채우다, 막힐 색.",土,185,
4491,새,賽,굿할 새,17,"내기하다, 굿하다. 주사위.",金,186,
4492,새,璽,옥새 새,19,"옥새, 인장.",金,186,
4493,"새,시",鰓,아가미 새/시,20,"두려워하다, 두려워하는 모양. 두려워할 시",水,186,
4494,새,㘔,가득 채울 새,20,새. 가득 채울 새,金,,"2024 보완전사(김기승 성명학 9,491자 기준본 대조 추가)"
4495,색,色,빛 색,6,"화장하다, 얼굴빛, 색채, 모양. 상태, 꾸미다.",土,186,
4496,"색,삭",索,찾을 색/삭,10,"찾다, 헤어지다, 더듬다, 쓸쓸하다. 꼬다, 다하다, 노 삭.",木,186,
4497,"색,새",塞,막힐 색/새,13,"막히다, 막다, 성채, 변방, 요새. 변방 새",土,186,
4498,색,嗇,아낄 색,13,"곡식을 거두다, 탐내다, 아껴쓰다. 아끼다, 인색하다.",水,186,
4499,"색,축,척",槭,"앙상할 색/축,척",15,"앙상하다, 단풍나무. 수레망에목 축, 단풍나무 척",木,186,
4500,색,歵,깊숙할 색,15,색. 깊숙할 색,金,,"2024 보완전사(김기승 성명학 9,491자 기준본 대조 추가)"
4501,색,澁,꺼칠할 색,17,"꺼칠하다, 껄끄럽다.",水,186,옥편16획
4502,색,穡,거둘 색,18,"수확하다, 근심하다. 곡식, 이삭.",木,186,
4503,색,濇,꺼칠할 색,18,꺼칠할 색. 껄끄러울 색,水,,"2024 보완전사(김기승 성명학 9,491자 기준본 대조 추가)"
4504,색,澌,깔깔할 색,19,"깔깔하다, 떫다. 돌담무늬.",水,186,옥편18획
4505,색,瀒,깔깔할 색,20,깔깔할 색. 껄끄러울 색,水,,"2024 보완전사(김기승 성명학 9,491자 기준본 대조 추가)"
4506,생,生,날 생,5,"만들다, 기르다, 낳다, 서두르다. 나다, 살다, 싱싱하다, 백성, 선비.",木,186,
4507,생,牲,희생 생,9,"희생, 제사에 쓰는 소. 가축의 통칭.",土,186,
4508,"생,성",省,덜 생/성,9,"깨닫다, 살피다, 생략하다, 덜다. 재앙, 명심하다, 관청, 마을, 살필 성",木,186,
4509,생,泩,넘칠 생,9,물넘칠. 넘칠 생,金,,"2024 보완전사(김기승 성명학 9,491자 기준본 대조 추가); 기준본 음(대표) 필드 오류로 뜻풀이 텍스트에서 재추출함"
4510,생,栍,찌 생,9,사슬. 찌 생,金,,"2024 보완전사(김기승 성명학 9,491자 기준본 대조 추가); 기준본 음(대표) 필드 오류로 뜻풀이 텍스트에서 재추출함"
4511,생,眚,흐릴 생,10,"흐리다, 눈에 백태끼다, 덜다. 재앙, 잘못.",木,186,
4512,생,笙,생황 생,11,"생황, 대자리. 악기이름.",木,186,
4513,생,甥,생질 생,12,"생질, 외손자, 사위.",木,186,
4514,생,銿,녹 생,13,녹. 동록.,金,186,
4515,생,湦,사람 이름 생,13,사람이름. 사람 이름 생,金,,"2024 보완전사(김기승 성명학 9,491자 기준본 대조 추가); 기준본 음(대표) 필드 오류로 뜻풀이 텍스트에서 재추출함"
4516,생,鉎,쇳녹 생,13,철갑옷. 쇳녹 생,金,,"2024 보완전사(김기승 성명학 9,491자 기준본 대조 추가); 기준본 음(대표) 필드 오류로 뜻풀이 텍스트에서 재추출함"
4517,서,西,서녁 서,6,"깃들이다, 옮기다, 가다, 서쪽. 서양, 구미, (서쪽으로)가다.",金,186,
4518,서,序,차례 서,7,"머리말, 차례, 실마리, 펴다, 서문. 지나가다, 서술하다.",木,186,
4519,서,恕,용서할 서,7,"인자하다, 용서하다, 어질다, 사랑. 남의 처지에 서서 동정하는 마음",火,187,
4520,서,抒,풀 서,8,"표현하다, 퍼내다, 털어놓다, 덜다. 늦추다, 풀어놓다, 누그러지다.",木,187,옥편7획
4521,"서,노",㣽,용서할 서,8,서. 용서할 서. 성낼 노,金,,"2024 보완전사(김기승 성명학 9,491자 기준본 대조 추가)"
4522,서,汿,도랑 서,8,개천. 도랑 서,金,,"2024 보완전사(김기승 성명학 9,491자 기준본 대조 추가); 기준본 음(대표) 필드 오류로 뜻풀이 텍스트에서 재추출함"
4523,서,叙,펼 서/서,9,"베풀다, 늘어서다, 주다, 펴다. 쓰다, 진술하다, 차례 서.",水,187,
4524,서,徆,곧게 갈 서,9,곧게갈. 곧게 갈 서,金,,"2024 보완전사(김기승 성명학 9,491자 기준본 대조 추가); 기준본 음(대표) 필드 오류로 뜻풀이 텍스트에서 재추출함"
4525,"서,저",芧,상수리나무 서/저,10,상수리나무. 애자기 서.,木,187,옥편8획
4526,서,書,글 서,10,"쓰다, 글자, 서류, 글, 글씨. 문장, 기록, 편지, 장부.",木,187,
4527,서,紓,느슨할 서,10,"너그러워지다, 화해하다, 늦추다. 느슨하다, 해체하다, 풀다.",木,187,
4528,서,栖,깃들일 서,10,"저장하다, 휴식하다, 살다, 깃들이다. 거처하다, 쌓다, 집, 보금자리, 평상",木,187,
4529,서,恔,용서할 서,10,"인자하다, 동정하다, 어질다. 용서하다, 어짊, 사랑, 거의.",火,187,
4530,서,徐,천천히할 서,10,"평온하다, 조용하다, 천천히 하다. 다, 모두, 고을이름, 나라이름.",火,187,
4531,"서,자",庶,여러 서/자,11,"가깝다, 바라다, 수효가 넉넉하다. 많다, 제거할 자",木,187,
4532,"서,여",悆,느슨해질 서/여,11,"기뻐하다, 즐거워하다, 편안하다. 풀어지다, 잊어버리다, 느슨해질 서",火,187,
4533,"서,수",俆,재주있을 서/수,11,"재주있다, 도둑잡다. 전부, 성씨 수.",火,187,
4534,서,敍,펼 서/서,11,"베풀다, 진술하다, 늘어서다, 차례. 펴다, 순서, 차례 서",金,187,
4535,서,敘,펼 서,11,"베풀다, 쓰다, 진술하다, 주다. 늘어서다, 펴다, 차례, 순서.",金,187,
4536,서,胥,서로 서,11,"서로, 함께, 모두, 잠깐동안.",水,187,옥편9획
4537,서,偦,재주가 있을 서,11,"재주가 있다, 재능이나 기량을 가졌음(능숙함). 기민하다, 동작이나 처리가 민첩함(고어적, 문어적 용법)",火,,"2024 보완전사(김기승 성명학 9,491자 기준본 대조 추가)"
4538,서,捿,깃들일 서,12,"저장하다, 휴식하다, 깃들이다. 살다, 거처하다, 쉬다, 집, 보금자리",木,187,옥편11획
4539,서,棲,깃들일 서,12,"저장하다, 휴식하다, 살다, 깃들이다. 거처하다, 쌓다, 집, 보금자리, 평상",木,187,
4540,"서,처,나",絮,"솜 서/처,나",12,"머뭇거리다, 침체하다, 간을 맞추다. 간 맞출 처, 실 헝클어질 나",木,187,
4541,서,黎,기장 서,12,"기장, 무게의 단위. 술그릇(=3되들이)",木,187,
4542,서,舒,펼 서,12,"편안하다, 퍼지다, 나타나다. 느리다, 흩어지다, 드러내다.",火,187,
4543,서,臤,밝을 서,12,밝다.,火,188,
4544,서,婿,사위 서,12,"사위. 남편, 벗, 사내.",土,188,
4545,서,壻,사위 서,12,"사위. 남편, 벗, 사내, 동서.",土,188,
4546,서,犀,무소 서,12,"무소, 코뿔소의 뿔. 박씨, 굳다, 날카롭다.",土,188,
4547,서,黍,기장 서,12,"기장, 좁쌀과 비슷한 곡물(조류의 한 종류로 식용). 곡물, 농작물의 한 종류로서 식품이나 농업 품목(고서적 용법 포함)",木,,"2024 보완전사(김기승 성명학 9,491자 기준본 대조 추가)"
4548,서,㷂,밝을 서,12,나무이름. 밝을 서,金,,"2024 보완전사(김기승 성명학 9,491자 기준본 대조 추가); 기준본 음(대표) 필드 오류로 뜻풀이 텍스트에서 재추출함"
4549,서,楈,나무이름 서,13,"나무이름, 종려나무, 쟁기",木,188,
4550,서,揟,고기잡을 서,13,"거르다, 고기 잡다. 물뜨는 그릇, 고을 이름",木,188,옥편 12획
4551,서,鋤,호미 서,13,호미. 부조(백성이 서도 돕는 조직).,木,188,
4552,서,筮,점 서,13,"점, 점대, 점치다.",木,188,
4553,서,⿰忄胥,지혜 서,13,"지혜, 지혜롭다.",火,188,"이체자, 유니코드 미상 / 원본 자형 ⿰忄胥 (옥편 12획)"
4554,서,暑,더울 서,13,"덥다, 여름. 더위, 더운계절.",火,188,
4555,서,鉏,호미 서,13,"김매다, 어긋나다, 없애버리다. 호미",金,188,
4556,서,滑,맑을 서,13,"깨끗하다, 맑다, 우거지다, 거르다. 이슬 많이 내리다.",水,188,옥편 12획
4557,서,鼠,쥐 서,13,"근심하다, 걱정하다, 간신의 비유. 쥐, 좀도둑, 병이름, 임파선, 결핵.",水,188,
4558,서,㥠,지혜 서,13,서. 지혜 서,金,,"2024 보완전사(김기승 성명학 9,491자 기준본 대조 추가)"
4559,서,耡,호미 서,13,호미 서. 도울 서,木,,"2024 보완전사(김기승 성명학 9,491자 기준본 대조 추가)"
4560,서,稽,가을할 서,14,"거두어들인 곡식. 가을하다, 고사쌀.",木,188,
4561,서,逝,갈 서,14,"맹세하다, 달리다, 세상을 떠나다. 지나가다, 날다.",土,188,옥편 11획
4562,서,墅,농막 서,14,"별장, 농막.",土,188,
4563,서,誓,맹세할 서,14,"맹세하다, 서약하다, 경계께하다. 고하다, 새기다, 내리다, 삼가다.",金,188,
4564,서,瑞,상서 서,14,"경사스럽다, 길조. 상서, 홀, 부절, 서옥, 길조.",金,188,옥편 13획
4565,"서,일",湑,거를 서,14,거를 서(체나 여과로 불순물을 제거함). 물을 걸러 맑게 하거나 여과하는 일(정화의 뜻),水,,"2024 보완전사(김기승 성명학 9,491자 기준본 대조 추가)"
4566,서,稰,가을할 서,14,가을할 서. 늦벼 서,木,,"2024 보완전사(김기승 성명학 9,491자 기준본 대조 추가)"
4567,서,嫬,여자의 자 서,14,계집자. 여자의 자 서,金,,"2024 보완전사(김기승 성명학 9,491자 기준본 대조 추가); 기준본 음(대표) 필드 오류로 뜻풀이 텍스트에서 재추출함"
4568,서,署,마을 서,15,"벼슬, 관직. 베풀다, 임명하다. 마을, 부서, 관청, 관아, 제목.",木,188,옥편 14획
4569,서,緖,실마리 서,15,"시초, 실마리, 순서, 사업, 나머지. 실마리, 첫머리, 차례, 계통, 줄기.",木,188,
4570,서,⿰糸胥,서로 서,15,"서로, 다, 아전, 게장, 나비. 기다리다, 보다, 돕다",木,188,"이체자, 유니코드 미상 / 원본 자형 ⿰糸胥"
4571,서,鋤,호미 서,15,"김매다, 없애버리다, 어긋나다. 호미, 없애다.",金,189,
4572,서,諝,슬기 서,15,"총명한 사람, 헤아리다, 속이다.. 슬기, 지자.",金,189,
4573,서,縃,서로 서,15,"서로 서(서로 관련되거나 상호 작용함). 서로 묶다, 얽히게 하다(끈, 실 등으로 결속함)",木,,"2024 보완전사(김기승 성명학 9,491자 기준본 대조 추가)"
4574,서,𧩑,슬기 서,15,서. 슬기 서,金,,"2024 보완전사(김기승 성명학 9,491자 기준본 대조 추가)"
4575,서,漵,물가 서,15,개펄. 물가 서,金,,"2024 보완전사(김기승 성명학 9,491자 기준본 대조 추가); 기준본 음(대표) 필드 오류로 뜻풀이 텍스트에서 재추출함"
4576,"서,시",撕,훈제할 서/시,16,"깨우치다, 잡아당겨 찢다, 쪼개다. 훈계하다, 일깨우다, 찢을 시",木,189,옥편 15획
4577,서,諝,슬기 서,16,"총명한 사람, 헤아리다, 속이다.. 슬기, 지자.",金,189,
4578,서,噬,씹을 서,16,"다다르다, 깨물다, 삼키다, 빼앗다. 씹다, 먹다, 미치다.",水,189,
4579,서,嶼,섬 서,17,"섬, 작은 섬. 작은 산.",土,189,
4580,서,嶼,섬 서,17,"섬, 작은 섬. 작은 산.",土,189,
4581,서,澨,물가 서,17,"물가, 물가를 메워 돋운 땅.",水,189,옥편 16획
4582,서,㠘,섬 서,17,서. 섬 서,金,,"2024 보완전사(김기승 성명학 9,491자 기준본 대조 추가)"
4583,서,曙,새벽 서,18,"밝다, 동이 트다. 새벽, 때.",火,189,
4584,서,薯,감자 서,20,"감자. 마, 고구마.",木,189,옥편 18획
4585,서,藇,아름다울 서,20,"아름답다, 우거지다. (곡식의 싹이)무성하다.",木,189,옥편 18획
4586,서,遾,미칠 서,20,"이르다, 다다르다, 멀다, 미치다. 닿다",土,189,옥편 17획
4587,"석,사",夕,저녁 석/사,3,"비스듬하다, 쏠리다, 기울다. 움큼 사",水,189,
4588,석,石,돌 석,5,"돌, 섬, 돌바늘, 돌비석, 내던지다. 쓸모 없음을 나타내는 말.",金,189,
4589,"석,계,철",汐,"조수 석/계,철",7,"빠르다, 썰물. 빠를 계, 빠를 철",水,189,옥편 6획
4590,"석,착",昔,예 석/착,8,"옛날, 이제, 끝, 오래되다, 섞이다. 말린고기, 끝나다, 저녁, 밤, 섞일 착",火,189,
4591,"석,사",析,밝힐 석/사,8,"밝히다, 가르다, 쪼개다. 소 양 따위의 처녑 사",木,189,
4592,석,硅,흙 석,8,"흙, 규소, 규사",金,189,
4593,석,矽,규소 석,8,규소. 규소 석,金,,"2024 보완전사(김기승 성명학 9,491자 기준본 대조 추가); 기준본 음(대표) 필드 오류로 뜻풀이 텍스트에서 재추출함"
4594,석,席,자리 석,10,"베풀다, 자리를 깔다, 앉을 자리. 자리, 여럿이 모인 자리. 돗자리",木,189,
4595,석,硒,섬 석,10,"멱라수, 질펀히 흐르다. 지정거리다. 한 곳에서 조금 머뭇거리다.",木,189,
4596,석,䄷,섬 석,10,석. 섬 석,金,,"2024 보완전사(김기승 성명학 9,491자 기준본 대조 추가)"
4597,석,祏,위패 석,10,돌감실. 위패 석,金,,"2024 보완전사(김기승 성명학 9,491자 기준본 대조 추가); 기준본 음(대표) 필드 오류로 뜻풀이 텍스트에서 재추출함"
4598,석,惜,아낄 석,12,"탐색하다, 아깝게 여기다, 애석하다. 소중히 여기다, 두려워하다",火,189,옥편 11획
4599,석,淅,일 석,12,"쓸쓸하다, 썰렁하다. (쌀을)일다, 비바람 소리.",水,190,옥편 11획
4600,석,晳,밝을 석,12,"분명하다, 분명한 모양, 명백하다. 밝다, (피부가)희고 깨끗하다.",火,190,
4601,"석,작,탁",舃,"신 석/작,탁",12,"신, 신발, 주춧돌, 빛나다, 이어지다. 잇다, 성의 하나, 까치 작, 클 탁",土,190,
4602,석,晰,밝을 석,12,"분명하다, 분명한 모양, 명백하다. 밝다, (피부가)희고 깨끗하다.",火,190,
4603,석,鉐,놋쇠 석,13,놋쇠. 성의 하나,金,190,
4604,석,睗,빨리 볼 석,13,빨리볼. 빨리 볼 석,金,,"2024 보완전사(김기승 성명학 9,491자 기준본 대조 추가); 기준본 음(대표) 필드 오류로 뜻풀이 텍스트에서 재추출함"
4605,석,碩,클 석,14,"충실하다, 단단하다, 크다. 머리가 크다, 차다, 단단하다.",金,190,
4606,"석,랍,납",腊,"포 석/랍,납",14,"심하다, 매우, 몹시, 섣달 랍. 섣달 납, 납향 랍, 납향 납",水,190,옥편 12획
4607,석,蜥,도마뱀 석,14,도마뱀(작은 육상 파충류). 도마뱀과의 동물을 가리키는 일반어(소형 파충류),水,,"2024 보완전사(김기승 성명학 9,491자 기준본 대조 추가)"
4608,석,緆,고운 베 석,14,가는베. 고운 베 석,金,,"2024 보완전사(김기승 성명학 9,491자 기준본 대조 추가); 기준본 음(대표) 필드 오류로 뜻풀이 텍스트에서 재추출함"
4609,"석,혁",奭,클 석/혁,15,"풀리다, 성하다, 크다, 화를내다. 해소되다, 붉다, 쌍백 석, 붉을 혁",木,190,
4610,"석,사,체",錫,"주석 석/사,체",16,"주석, 구리, 석장, 주다, 하사하다. 가는 베, 성의 하나, 줄 사, 다리 체.",金,190,
4611,"석,자",裼,자리 석/자,16,"자리, 포대기. 포대기 자",木,190,옥편 15획
4612,석,蓆,크고넓을 석,16,"크다, 크고 넓다, 자리, 돗자리",木,190,옥편 14획
4613,석,潟,개펄 석,16,"개펄, 소금밭.",水,190,옥편 15획
4614,석,磶,주춧돌 석,17,주춧돌. 주춧돌 석,金,,"2024 보완전사(김기승 성명학 9,491자 기준본 대조 추가); 기준본 음(대표) 필드 오류로 뜻풀이 텍스트에서 재추출함"
4615,석,鼫,석서 석,18,"날다람쥐, 땅강아지. 석서(다람쥐과에 속하는 동물)",水,190,
4616,"석,역",釋,풀 석/역,20,"설명하다, 풀다, 깨닫다, 용서하다. 사라지다, 벗다, 내놓다, 기뻐할 역",火,190,
4617,선,仙,신선 선,5,"날 듯하다, 신선이 되다. 선교. 신선, 센트(미국 화폐 단위)",火,190,
4618,선,仚,신선 선,5,"날 듯하다, 신선이 되다. 선교. 신선, 센트(미국 화폐 단위)",土,190,
4619,선,屳,신선 선,5,"신선 선(仙의 이체자, 변체로 쓰임). 산중에 은거하는 도인이나 선인(은둔하는 성인)을 가리킴",土,,"2024 보완전사(김기승 성명학 9,491자 기준본 대조 추가)"
4620,선,先,먼저 선,6,"뛰어넘다, 나아가다, 높이다. 앞서다.",木,190,
4621,"선,긍",亘,베풀 선/긍,6,"극진하다, 뻗치다, 이끌다, 베풀다. 다하다, 구하다, 건너다, 뻗칠 긍",火,190,
4622,선,秈,메벼 선,8,메벼. 메벼 선,金,,"2024 보완전사(김기승 성명학 9,491자 기준본 대조 추가); 기준본 음(대표) 필드 오류로 뜻풀이 텍스트에서 재추출함"
4623,선,宣,베풀 선,9,"밝히다, 베풀하, 떨치다, 날리펴다. 발양하다, 임금이 말하다, 하교를 내리다",木,190,
4624,선,扇,부채 선,10,"부채, 성하다, 부채질하다, 성하다. 사립문, 행주, 수건, 거세한 말.",木,190,
4625,"선,세,쇄,최",洒,"선/세,쇄,최",10,"공손하다, 흐르다, 깊다, 놀라다. 씻을 세, 뿌릴 쇄, 험할 최",水,191,옥편 9획
4626,"선,세",洗,깨끗할 선/세,10,"갈고 닦다, 깨끗이 하다. 편안한 모양 다듬다, 씻을 세",水,191,옥편 9획
4627,선,烍,들불 선,10,들불. 들불 선,金,,"2024 보완전사(김기승 성명학 9,491자 기준본 대조 추가); 기준본 음(대표) 필드 오류로 뜻풀이 텍스트에서 재추출함"
4628,선,船,배 선,11,"선박, 배로 실어나르다. 배, 술잔.",木,191,
4629,선,旋,돌 선,11,"빠르다, 둥글다, 돌아오다. 회전하다, 굽다, 두르다, 돌다.",土,191,
4630,선,珗,옥돌 선,11,옥돌.,金,191,옥편 10획
4631,선,筅,솔 선,12,"솔, 밥솥 씻는 솔. 병기 이름.",木,191,
4632,"선,경",琁,옥 선/경,12,옥. 붉은 옥 경,金,191,옥편 11획
4633,선,善,착할 선,12,"훌륭하다, 좋다, 잘하다, 친하다. 착하다, 옳게 여기다, 아끼다.",水,191,
4634,"선,훤",愃,잊을 선/훤,13,"너그럽다, 잊어버리다, 쾌하다. 잊다, 도량이 넓은 모양, 너그러울 훤",火,191,옥편 12획
4635,선,僊,춤출 선,13,"춤추다, 불로 장생하는 사람. 춤추는 모양, 신선, 신선 선",火,191,
4636,"선,연",羨,부러워할 선/연,13,"풍요롭다, 넘치다, 부러워하다. 사모하다, 비뚤어지다, 무덤길 연",土,191,
4637,선,跣,맨발 선,13,맨발. 맨발로 다니다.,土,191,
4638,"선,신",詵,많을 선/신,13,"많다, 모이다, 묻다. 많을 신",金,191,
4639,선,澶,바림 선,13,"작은 흐름, 연뿌리. 바림(수묵화의 기법), 연근,",水,191,옥편 12획
4640,선,愍,적을 선,13,"적다, 드물다, 희소하다..",水,191,
4641,선,尟,적을 선,13,"적다, 드물다(수량이나 발생이 적음). 소수인 상태, 드문 경우(희귀함을 나타냄)",水,,"2024 보완전사(김기승 성명학 9,491자 기준본 대조 추가)"
4642,선,綫,줄 선,14,"줄, 선, 실, 경계선, 단서, 실마리. 교통노선, 범위,",木,191,
4643,선,煽,부채질할 선,14,"부채질하다, 불이 일다, 성하다. 세차다, 부추기다.",火,191,
4644,선,嫙,예쁠 선,14,"예쁘다, 아리땁다.",土,191,
4645,선,瑄,도리옥 선,14,"도리옥. 여섯 치 구슬, 선옥.",金,191,옥편 13획
4646,선,銑,무쇠 선,14,"뿌리다, 끌다, 윤택한 금. 꾸미다. 무쇠, 윤이나는 쇠, 활고자의 금장식",金,191,
4647,선,渲,번지게 할 선,14,"번지게 하다, 펼쳐 칠하다(먹, 물감 따위를 넓게 퍼뜨림). 물로 적시거나 씻어 내리다(액체가 퍼지거나 흐르다)",水,,"2024 보완전사(김기승 성명학 9,491자 기준본 대조 추가)"
4648,"선,준",僎,갖출 선,14,갖출. 갖출 선. 돕는 사람 준,金,,"2024 보완전사(김기승 성명학 9,491자 기준본 대조 추가); 기준본 음(대표) 필드 오류로 뜻풀이 텍스트에서 재추출함"
4649,선,線,줄 선,15,"줄, 선, 실, 경계선, 단서, 실마리. 교통노선, 범위,",木,192,
4650,선,歚,고을 선,15,고을.,火,192,
4651,선,墡,백토 선,15,좋은 흙. 백토.,土,192,
4652,선,嬋,고을 선,15,"아름답다, 예쁘다, 잇닿다, 곱다. 끊이지 아니하다.",土,192,
4653,선,腺,샘 선,15,샘 (생물체 내에서 분비작용을 하는 기관),水,192,옥편 13획
4654,선,縇,단 선,15,선. 단 선,金,,"2024 보완전사(김기승 성명학 9,491자 기준본 대조 추가)"
4655,"선,한,연",熯,불사를 선,15,말릴. 불사를 선. 말릴 한. 공경할 연,土,,"2024 보완전사(김기승 성명학 9,491자 기준본 대조 추가); 기준본 음(대표) 필드 오류로 뜻풀이 텍스트에서 재추출함"
4656,선,暶,밝을 선,15,밝을. 밝을 선,金,,"2024 보완전사(김기승 성명학 9,491자 기준본 대조 추가); 기준본 음(대표) 필드 오류로 뜻풀이 텍스트에서 재추출함"
4657,선,漩,소용돌이 선,15,소용돌이. 소용돌이 선,金,,"2024 보완전사(김기승 성명학 9,491자 기준본 대조 추가); 기준본 음(대표) 필드 오류로 뜻풀이 텍스트에서 재추출함"
4658,"선,천",墠,제사터 선,15,제사터. 제사터 선. 느릿할 천,金,,"2024 보완전사(김기승 성명학 9,491자 기준본 대조 추가); 기준본 음(대표) 필드 오류로 뜻풀이 텍스트에서 재추출함"
4659,선,嫸,어기기 좋아할 선,15,남의말 어기기 좋아할. 어기기 좋아할 선,金,,"2024 보완전사(김기승 성명학 9,491자 기준본 대조 추가); 기준본 음(대표) 필드 오류로 뜻풀이 텍스트에서 재추출함"
4660,선,璇,아름다울 선,16,아름답다. 아리땁다.,木,192,
4661,선,璿,옥 선,16,옥돌.,金,192,옥편 15획
4662,선,敾,기울 선,16,"굳세다, 갖추다, 수선하다, 깁다. 고치다, 엮다, 베끼다, 필사하다.",金,192,
4663,선,㵛,물 이름 선,16,선. 물 이름 선,金,,"2024 보완전사(김기승 성명학 9,491자 기준본 대조 추가)"
4664,선,䁢,아름다울 선,16,선. 아름다울 선,金,,"2024 보완전사(김기승 성명학 9,491자 기준본 대조 추가)"
4665,"선,단",嬗,물려줄 선,16,바뀔. 물려줄 선. 아름다울 선. 물려줄 단,金,,"2024 보완전사(김기승 성명학 9,491자 기준본 대조 추가); 기준본 음(대표) 필드 오류로 뜻풀이 텍스트에서 재추출함"
4666,선,禪,선 선,17,"선위하다, 물려주다, 전수하다. 선, 좌선, 봉선, 선종, 좌선하다.",木,192,
4667,선,鮮,고울 선,17,"빛나다, 곱다, 선명하다, 새롭다. 적다, 드물다.",水,192,옥편 14획
4668,선,鍹,가래 선,17,가래. 가래 선,金,,"2024 보완전사(김기승 성명학 9,491자 기준본 대조 추가); 기준본 음(대표) 필드 오류로 뜻풀이 텍스트에서 재추출함"
4669,"선,연",㵪,침 선,17,선. 연. 침 선. 침 연,金,,"2024 보완전사(김기승 성명학 9,491자 기준본 대조 추가)"
4670,선,繕,기울 선,18,"수선하다, 다스리다, 정서하다. 갖추다, 굳세다. 보수하다.",木,192,
4671,선,膳,선물 선,18,"반찬, 생육, 올리다, 선물, 요리하다. 조리하다, 음식, 먹다, 반찬 선",水,192,옥편 16획
4672,"선,수",璃,아름다운옥 선/수,18,"옥이름, 아름다운 옥. 옥이름 수.",金,192,옥편 17획
4673,"선,제",蟬,매미 선/제,18,"아름답다, 뻗다, 연속하다. 애처롭다, 날 선, 땅 이름 제",水,192,
4674,선,鄯,나라 이름 선,18,나라이름. 나라 이름 선,金,,"2024 보완전사(김기승 성명학 9,491자 기준본 대조 추가); 기준본 음(대표) 필드 오류로 뜻풀이 텍스트에서 재추출함"
4675,"선,수",㻽,아름다운 옥 선,18,선. 수. 옥 이름 수. 아름다운 옥 선,金,,"2024 보완전사(김기승 성명학 9,491자 기준본 대조 추가)"
4676,선,選,가릴 선,19,"선택하다, 뽑힌사람, 열거하다. 좋다. 분간하다, 고르다.",土,192,옥편 16획
4677,선,璿,구슬 선,19,"구슬. 옥, 선기(천문 관측기기, 혼천의)",金,192,옥편 18획
4678,"선,찬",譔,가르칠 선/찬,19,"기록하다, 갖추다, 다르다, 가리다. 가르치다, 짓다, 적다, 지을 찬",金,192,
4679,선,鏇,갈이들 선,19,"갈이틀, 선반, 술을 데우는 냄비. 고패, 둥글넓적한 그릇",金,192,
4680,선,騸,불깔 선,20,"거세하다, 접붙이다. 불까다.",火,192,
4681,"선,삼",鐥,복자 선/삼,20,"복자, 좋은 쇠, 낫, 베다, 쪼개다. 낫 삼",金,192,
4682,선,譱,착할 선,20,"훌륭하다, 잘하다, 옳게 여기다. 착하다, 사이좋다, 좋다.",金,193,
4683,"선,찬",饍,반찬 선/찬,21,"차려내다, 올리다, 드리다. 반찬, 선물, 요리하다, 차례낼 찬",水,193,
4684,선,癬,옴 선,22,"종기, 옮다. 옴, 버짐.",水,193,
4685,선,蘚,이끼 선,23,이끼.,木,193,옥편 21획
4686,선,鱓,드렁허리 선,23,"드렁허리(드렁허릿과의 물고기). 악어, 복 복",水,193,
4687,선,鱻,고울 선,33,"빛나다, 곱다, 깨끗하다, 새롭다. 싱싱하다, 좋다, 적다, 드물다.",水,193,
4688,설,舌,혀 설,6,"혀, 말, 언어. 과녁의 부분.",火,193,
4689,"설,예",泄,샐 설/예,9,"일어나다, 알려지다, 통하다. 깔보다, 버릇없다, 새다, 흩어질 예",水,193,옥편 8획
4690,"설,계,결,글",契,"이름 설/계,결,글",9,"합치하다, 들어맞다, 약속하다. 맺을 계, 애쓸 결, 부족 이름 글",木,193,
4691,"설,예,열",抴,셀 설,9,설. 셀 설. 끌 예. 끌 열,金,,"2024 보완전사(김기승 성명학 9,491자 기준본 대조 추가)"
4692,"설,예",枻,도지개 설,9,도지개. 도지개 설. 노 예,金,,"2024 보완전사(김기승 성명학 9,491자 기준본 대조 추가); 기준본 음(대표) 필드 오류로 뜻풀이 텍스트에서 재추출함"
4693,설,屑,가루 설,10,"편하지 않다, 자질구레하다. 부수다, 재빠르다, 달갑게 여길 설",水,193,
4694,"설,예",洩,샐 설/예,10,"새다, (비밀이)흘러나오다, 퍼지다. 성의 하나, 훨훨날다, 퍼질 예",水,193,옥편 9획
4695,"설,예",紲,고삐 설/예,11,"고삐, 줄, 도지개, 뛰어넘다. 뛰어넘을 예",木,193,
4696,설,偰,맑을 설,11,"깨끗하다, 맑다. 성의 하나",火,193,
4697,설,設,베풀 설,11,"베풀다, 설립하다, 갖추어지다. 설치하다, 도모하다.",金,193,
4698,설,雪,눈 설,11,"고결하다, 내리다, 희다, 표명하다. 눈, 흰색, 흰것의 비유, 씻다.",水,193,
4699,설,卨,사람이름 설,11,사람 이름. 은나라 시조 이름.,水,193,
4700,설,禼,사람이름 설,12,사람 이름. 은나라 시조 이름.,"木,水",193,
4701,설,媟,깔볼 설,12,"깔보다, 더럽히다, 친압하다.",土,193,
4702,"설,엽,접",揲,"셀 설/엽,접",13,"취하다, 쌓이다, 두르리다, 접다. 두드릴 엽, 접을 접",木,193,옥편 12획
4703,설,楔,연주할 설,13,"연주하다, 악기를 타다, 나무 이름. 문설주, 쐐기.",木,193,
4704,"설,접,잡",渫,"다스릴 설/접,잡",13,"다스리다, 파내다, 그치다, 누설하다. 물결 일렁이는 모양 접, 데칠 잡",水,194,옥편 12획
4705,"설,계",稧,볏짚 설/계,14,"볏단, 벤 벼, 푸닥거리. (목욕)재개하다, 벤 벼 계",木,194,
4706,"설,세,열",說,"말씀 설/세,열",14,"기뻐하다, 진술하다, 유세하다. 달랠 세, 기뻐할 열, 벗을 탈",金,194,
4707,"설,제",⿰扌埶,없앨 설/제,15,"찢어지다, 없애다. 찢어질 제",木,194,"이체자, 15획, 원본 자형 표기 (옥편 14획)"
4708,설,蟄,설만할 설,15,"버릇없이 멋대로 행동하다, 설만하다. 하는짓이 무례하고 거만하다.",火,194,
4709,"설,혜",㨹,없앨 설,15,설. 찢어질 혜. 없앨 설,金,,"2024 보완전사(김기승 성명학 9,491자 기준본 대조 추가)"
4710,설,暬,설만할 설,15,"설만할 설(전통적 표기 그대로). 일정한 정도나 크기를 이르는 옛 표현으로, 그만큼 넉넉하거나 많음을 나타내는 말",火,,"2024 보완전사(김기승 성명학 9,491자 기준본 대조 추가)"
4711,설,褻,더러울 설,17,"추잡하다, 없신여기다, 얕보다. 더럽다, 음란하다, 무람없다, 깔보다",木,194,
4712,설,蔎,향풀 설,17,"향기롭다, 풀 이름. 차의 딴 이름. 향풀, 좋은 향기가 나는 모양,",木,194,옥편 15획
4713,설,薛,성씨 설,19,"성의 하나. 나라 이름, 맑은 대쑥",木,194,옥편 17획
4714,설,爇,불사를 설,19,"불사르다, 사르다, 불타다.",火,194,
4715,설,齧,물 설,21,"깨물다, 침식하다, 씹다, 갉아먹다. 물다,",金,194,
4716,섬,閃,번쩍일 섬,10,"번쩍이다, 엿보다, 나부끼다. 언뜻보이다, 번뜩이게 하다.","木,火",194,
4717,"섬,염",剡,땅이르 섬/염,10,"추천하다, 침범하다, 날카롭다. 삭제하다, 날카로울 염",金,194,
4718,"섬,고",崓,섬 고,11,섬. 섬 고,木,,"2024 보완전사(김기승 성명학 9,491자 기준본 대조 추가); 1차 음의 뜻풀이 누락으로 타 음(고)의 훈으로 대표훈음 대체"
4719,섬,睒,언뜻 볼 섬,13,"훔쳐보다, 엿보다, 보다. 흘끔보는 모양.",木,194,
4720,섬,銛,쟁기 섬,14,"날카롭다. 쟁기, 작살.",金,194,
4721,섬,掺,가늘 섬,15,"취하다, 섬섬하다, 잡다, 가늘다. 가냘프다, 잡다, 쥐다, 가지다. 치다",木,194,옥편 14획
4722,섬,陝,땅이름 섬,15,"땅 이름. 일정하지 아니하다. 고을 이름, 섬서성.",土,194,옥편 10획
4723,섬,暹,햇살치밀 섬,16,"해가 돋다, 햇살이 치밀다. 나라이름, 섬라(태국) 나라 이름 섬","火,土",194,
4724,"섬,삼,참",摻,가늘 섬,16,가늘 섬. 잡을 삼. 칠 참,木,,"2024 보완전사(김기승 성명학 9,491자 기준본 대조 추가)"
4725,"섬,험,첨",憸,"간사할 섬/험,첨",17,"생각함이 많다, 교활하다. 아첨하다, 간살할 험, 간사할 첨",火,194,옥편 16획
4726,섬,韱,부추 섬,17,"가늘다, 섬세하다. 부추, 산부추.",木,194,
4727,섬,蟾,두꺼비 섬,19,"달, 달빛, 두꺼비. 낙수받이, 연적.",水,195,
4728,"섬,첨",孅,가늘 섬/첨,20,"연약하다, 가냘프다, 자질구레하다. 교활하다, 작다, 교활할 첨",土,195,
4729,섬,譫,헛소리 섬,20,"헛소리, 실없는 소리. 말이 많다, 수다스럽다.",金,195,
4730,섬,贍,넉넉할 섬,20,"풍부하다, 넉넉하다, 구조하다. 구제하다, 많다, 돕다, 보태다.",金,195,
4731,섬,殲,멸할 섬,21,"멸하다, 없애다, 죽이다",水,194,
4732,섬,纖,비단 섬,23,"가늘다, 곱다, 비단",木,195,
4733,"섭,첩",涉,건널 섭/첩,11,"섭렵하다, 거닐다, 이르다, 관계하다. 간섭하다, 건너다, 흐르는 모양 첩",水,195,옥편 10획
4734,"섭,접",碟,가죽다룰 섭/접,14,"가죽을 다루다, 접시. 접시 접",金,194,
4735,섭,𦁗,비단 섭,14,섭. 비단 섭,金,,"2024 보완전사(김기승 성명학 9,491자 기준본 대조 추가)"
4736,"섭,엽,접",葉,"땅 이름 섭/엽,접",15,"땅 이름. 성의 하나, 잎, 꽃잎. 세대, 갈래, 잎 엽, 책 접",木,195,옥편 13획
4737,섭,燮,불꽃 섭,17,"정답다, 조화하다, 화해하다. 불꽃, 낙엽이 지는 소리, 익히다.",火,195,
4738,"섭,협,접",鍱,쇳조각 섭,17,쇠조각. 쇳조각 섭. 광석 협. 접시 접,金,,"2024 보완전사(김기승 성명학 9,491자 기준본 대조 추가); 기준본 음(대표) 필드 오류로 뜻풀이 텍스트에서 재추출함"
4739,"섭,접",聶,소곤거릴 섭/접,18,"합하다, 쥐다, 잡다, 소곤거리다. 오그라지다, 저미다, 칠 접",火,195,
4740,섭,㒤,심복할 섭,20,섭. 심복할 섭,金,,"2024 보완전사(김기승 성명학 9,491자 기준본 대조 추가)"
4741,"섭,녑,엽",囁,"소곤거릴 섭/녑,엽",21,"말을 머뭇거리다, 속삭이다. 말 많을 녑, 말 많을 엽",火,195,
4742,섭,欇,삿자리 섭,21,삿자리.,木,195,
4743,섭,㰔,삿자리 섭,21,섭. 삿자리 섭,金,,"2024 보완전사(김기승 성명학 9,491자 기준본 대조 추가)"
4744,"섭,녑,엽,삽",攝,"다스릴 섭/녑,엽,삽",22,"걷다, 돕다, 거느리다, 겹하다, 잡다. 잡을 섭, 편안할 념(엽), 깃꾸미개 삽",木,195,옥편 21획
4745,섭,懾,두려워하 섭,22,"유지하다, 협박하다, 무서워하다. 겁내다, 두려워하다, 으르다, 가지다",火,195,옥편 21획
4746,섭,灄,강이름 섭,22,"강 이름. 물 이름, (이슬이)흠치르르한 모양.",水,195,옥편 21획
4747,"섭,녑",㸎,따뜻할 섭,22,섭. 따뜻할 섭. 따뜻할 녑(엽),金,,"2024 보완전사(김기승 성명학 9,491자 기준본 대조 추가)"
4748,섭,躞,걸을 섭,24,"걸어가는 모양. 걷다, 족자의 마구리, 축심.",土,195,
4749,섭,躡,밟을 섭,25,"본받다, 도달하다, 오르다, 따르다. 뒤쫓다, 밟다, 잇다, 연속하다.",土,195,
4750,섭,鑷,족집게 섭,26,"족집게, 뽑다. 비녀.",金,195,
4751,섭,顳,관자놀이 섭,27,관자놀이. 귀밑 뼈.,火,195,
4752,"성,장",仉,성씨 장,4,성. 성씨 장,金,,"2024 보완전사(김기승 성명학 9,491자 기준본 대조 추가); 1차 음의 뜻풀이 누락으로 타 음(장)의 훈으로 대표훈음 대체"
4753,성,成,이룰 성,7,"이루다, 일어나다, 성숙하다. 정리되다, 갖추어지다, 우거지다.","火,金",195,
4754,"성,운",妘,여자의 자 운,7,성. 여자의 자 운,土,,"2024 보완전사(김기승 성명학 9,491자 기준본 대조 추가); 1차 음의 뜻풀이 누락으로 타 음(운)의 훈으로 대표훈음 대체"
4755,성,姓,성씨 성,8,"성, 성씨. 백성, 겨레, 씨족, 아들. 낳은 자식, 타고난 천성.",土,195,
4756,"성,계,경",昋,성씨 계,8,성. 성씨 계. 나타날 경,木,,"2024 보완전사(김기승 성명학 9,491자 기준본 대조 추가); 1차 음의 뜻풀이 누락으로 타 음(계)의 훈으로 대표훈음 대체"
4757,성,省,살필 성,9,"깨닫다, 명심하다, 살피다, 덜다. 바느질 하다, (옷이)해어지다,",木,195,
4758,성,性,성품 성,9,"바탕, 성질, 마음, 성품, 생명. 타고난 사람의 천성, 성별.",火,196,옥편 8획
4759,성,星,별 성,9,"희뜩희뜩하다, 화폐를 세는 단위. 세월, 별, 별이름, 해, 천문, 밤.",火,196,
4760,"성,서",沀,도랑 서,9,성. 도랑 서,金,,"2024 보완전사(김기승 성명학 9,491자 기준본 대조 추가); 1차 음의 뜻풀이 누락으로 타 음(서)의 훈으로 대표훈음 대체"
4761,성,城,재 성,10,"구축하다, 성을 쌓다, 지키다. 재, 성, 도읍, 나라, 도시, 무덤.",土,196,
4762,성,娍,아름다울 성,10,"아름답다, 헌걸차다, 훤칠한 모양",土,196,
4763,성,宬,서고 성,10,서고. 장서실,木,196,
4764,성,垶,붉은 흙 성,10,성. 붉은 흙 성,金,,"2024 보완전사(김기승 성명학 9,491자 기준본 대조 추가)"
4765,성,晟,밝을 성,11,"빛나다, 환화다, 찬미하다. 밝다, 성하다, 어여삐 여기다.",火,196,賊과 同字
4766,성,賊,밝을 성,11,"빛나다, 환화다, 찬미하다. 밝다, 성하다, 어여삐 여기다.",火,196,晟과 同字
4767,"성,승,정",胜,"넘칠 성/승,정",11,"훌륭하다, 뛰어나다, 넘치다, 이기다. 지나치다, 이길 승, 새 이름 정",水,196,옥편 9획
4768,성,晠,밝을 성,11,밝다(광채가 있음). 기운이 충만하거나 활발함(활기와 번창의 뜻),火,,"2024 보완전사(김기승 성명학 9,491자 기준본 대조 추가)"
4769,성,窚,서고 성,11,성. 서고 성,金,,"2024 보완전사(김기승 성명학 9,491자 기준본 대조 추가)"
4770,"성,생",賍,재물 성/생,12,"재물, 재물을 관리하는 사람",金,196,
4771,성,珹,옥이름 성,12,옥 이름. 구슬 이름.,金,196,옥편 11획
4772,성,盛,성할 성,12,"성대하다, 무성하다, 많다, 높다. 무성하다, 장하게 여기다.",金,196,
4773,"성,각",傕,사람 이름 각,12,성. 사람 이름 각,木,,"2024 보완전사(김기승 성명학 9,491자 기준본 대조 추가); 1차 음의 뜻풀이 누락으로 타 음(각)의 훈으로 대표훈음 대체"
4774,"성,생",貹,재물 성,12,성. 재물 생. 재물 성,金,,"2024 보완전사(김기승 성명학 9,491자 기준본 대조 추가)"
4775,"성,두",鈄,술그릇 두,12,성. 술그릇 두,火,,"2024 보완전사(김기승 성명학 9,491자 기준본 대조 추가); 1차 음의 뜻풀이 누락으로 타 음(두)의 훈으로 대표훈음 대체"
4776,성,郕,땅 이름 성,12,나라이름. 땅 이름 성,金,,"2024 보완전사(김기승 성명학 9,491자 기준본 대조 추가); 기준본 음(대표) 필드 오류로 뜻풀이 텍스트에서 재추출함"
4777,성,猩,성성이 성,13,"성성이(오랑우탄) 개짖는 소리. 붉은 빛, 무자비하다.",土,196,옥편 12획
4778,성,聖,성인 성,13,"거룩하다, 성스럽다, 존엄하다. 성인, 임금, 천자, 걸출한 인물.",火,196,
4779,성,惺,깨달을 성,13,"영리하다, 깨닫다, 슬기롭다. 조용하다, 고요한 모양, 주사위","水,木",196,옥편 12획
4780,성,筬,바디 성,13,"베틀. 바디, 대나무 이름. 가마니, 방직기의 기구의 하나",木,196,
4781,성,煋,더울 성,13,더울. 더울 성,金,,"2024 보완전사(김기승 성명학 9,491자 기준본 대조 추가); 기준본 음(대표) 필드 오류로 뜻풀이 텍스트에서 재추출함"
4782,"성,생",渻,물꼬 성,13,물이름. 물꼬 성. 덜 생,金,,"2024 보완전사(김기승 성명학 9,491자 기준본 대조 추가); 기준본 음(대표) 필드 오류로 뜻풀이 텍스트에서 재추출함"
4783,성,誠,정성 성,14,"공경하다, 참되게 하다, 삼가다. 정성, 참, 참으로, 진실, 자세하다.",金,196,
4784,성,珵,옥빛 성,14,"옥 빛, 빛나다.",金,196,옥편 13획
4785,"성,우,구",萭,풀 이름 우,14,성. 풀 이름 우. 곱자 구,土,,"2024 보완전사(김기승 성명학 9,491자 기준본 대조 추가); 1차 음의 뜻풀이 누락으로 타 음(우)의 훈으로 대표훈음 대체"
4786,성,睲,볼 성,14,눈에광채날. 볼 성,金,,"2024 보완전사(김기승 성명학 9,491자 기준본 대조 추가); 기준본 음(대표) 필드 오류로 뜻풀이 텍스트에서 재추출함"
4787,성,瑆,옥빛 성,14,옷빛. 옥빛 성,金,,"2024 보완전사(김기승 성명학 9,491자 기준본 대조 추가); 기준본 음(대표) 필드 오류로 뜻풀이 텍스트에서 재추출함"
4788,성,腥,비릴 성,15,"비리다, 누리다, 날고기",水,196,옥편 13획
4789,성,𦖤,귀 밝을 성,15,성. 귀 밝을 성,金,,"2024 보완전사(김기승 성명학 9,491자 기준본 대조 추가)"
4790,성,醒,깰 성,16,"깨우치다, 낫다, 깨다, 다시 활동하다. 맑고 산뜻하다, 깨닫다, 청신하다.",金,196,
4791,성,聲,소리 성,17,"말하다, 선언하다, 펴다, 밝히다. 소리, 풍류, 노래, 이름, 명예.",火,196,
4792,성,騂,붉은말 성,17,"붉히다, 붉다, 붉은 말. 붉은 소.",火,196,
4793,세,世,인간 세,5,"한평생, 일생. 세대, 성의 하나. 인간, 생애, 세상, 시기, 대 세",火,196,
4794,"세,태",忕,익숙해질 세/태,7,"익숙해지다, 사치하다, 익히다. 자세히 살피다, 사치할 태",火,197,옥편 6획
4795,세,姺,고요할 세,9,고요하다.,土,197,
4796,세,𡜧,조용할 세,9,세. 조용할 세,金,,"2024 보완전사(김기승 성명학 9,491자 기준본 대조 추가)"
4797,세,帨,수건 세,10,"손을 씻다, 수건.",木,197,
4798,"세,선",洗,씻을 세/선,10,"다듬다, 씻다, 갈고 닦다, 설욕하다. 대야, 그릇, 깨끗이하다, 깨끗할 선.",水,197,옥편 9획
4799,"세,쇄,선,최",洒,"씻을 세/쇄,선,최",10,"시원하다, 씻다, 뿌리다, 소탈하다. 뿌릴 쇄, 엄숙할 선, 험할 최",水,197,옥편 9획
4800,"세,혜",彗,총명할 세/혜,11,"지혜, 혜성, 영리하다",火,197,
4801,세,笹,조릿대 세,11,"말이 많다. 조릿대, 가는 대나무.",木,197,
4802,세,細,가늘 세,11,"자세하다, 가늘다, 드물다, 장황하다. 번거롭다, 천하다, 미미하다",木,197,
4803,세,涗,잿물 세,11,"가라 앉히다, 닦다, 깨끗하게 닦다. 잿물, 재를 우리어 낸 물.",水,197,옥편 10획
4804,"세,탈,열,수,태",稅,"세금 세/탈,열,수,태",12,"놓다, 거두다, 기뻐하다, 벗다, 벗을 탈. 기뻐할 열, 수의 수, 추복 입을 태",木,197,
4805,세,貰,세낼 세,12,"세내다, 용서하다, 놓아주다, 빌리다. 외상으로 사다, 관대하게 대하다.",金,197,
4806,세,勢,형세 세,13,"형세, 권세, 기세, 기회, 동향. 시기, 불알, 고환, 언저리.",土,197,
4807,세,歲,해 세,13,"해, 나이, 세월, 일생, 결실, 수확. 목성, 제사 이름",土,197,
4808,"세,태",蛻,허물 세/태,13,"벗어버리다, 허물. 신선이 되는 일. 허물 벗다, 허물 태",水,197,
4809,"세,설,열,탈",說,"달랠 세/설,열,탈",14,"달래다, 유세하다, 기뻐다, 공경하다. 말씀 설, 기뻐할 열, 벗을 탈",金,197,
4810,세,鍳,구리녹날 세,15,구리가 녹이 나다.,金,197,
4811,"세,예,폐,체",銴,구리 녹 날 세,15,구리 녹날. 구리 녹 날 세. 구리 녹 날 예. 구리 녹 날 폐. 구리 녹 날 체,金,,"2024 보완전사(김기승 성명학 9,491자 기준본 대조 추가); 기준본 음(대표) 필드 오류로 뜻풀이 텍스트에서 재추출함"
4812,"세,혜",繐,베 세/혜,18,삼베. 베(가늘고 성긴 베). 베 혜,木,197,
4813,소,小,작을 소,3,"어리다, 젊다, 적다, 좁다, 삼가다. 작다, 협소하다, 적다고 여기다.",水,197,
4814,소,少,적을 소,4,"젊다, 줄다, 비난하다, 경멸하다. 빠지다, 젊을 소",水,197,
4815,"소,조",召,부를 소/조,5,"청하다, 알리다, 초래하다, 부르다. 대추, 땅이름, 대추 조",水,197,
4816,소,佋,소목 소,7,"소목(조상의 신주를 모시는 차례). 돕다, 소개하다.",火,197,
4817,소,卲,높을 소,7,"높다, 뛰어나다",木,198,
4818,소,所,바 소,8,"처소, 관아, 지위, 위치. 바(일의 방법이나 방도) 것, 곳.",木,198,
4819,소,招,흔들리 소,9,"흔들리다. 목욕상, 과녁.",木,198,
4820,"소,조",昭,밝을 소/조,9,"밝게 빛나다, 밝히다, 돕다. 부지런히 힘쓰다, 비추다, 비출 조",火,198,
4821,"소,조",炤,밝을 소/조,9,"밝다, 비추다, 환히 보이다. 반딧불, 비출 조",火,198,
4822,소,沼,못 소,9,"못, 연못, 늪.",水,198,옥편 8획
4823,소,泝,거슬러올라갈 소,9,"향하다, 맞이하다, 흐르다. 방탕하다, 거슬러 올라가다.",水,198,옥편 8획
4824,소,咲,웃음 소,9,"꽃이 피다, 웃다, 비웃다. 웃음, 조소하다.",水,198,
4825,"소,초",俏,거문고탈 소/초,9,"거문고 타다, 거문고 타는 쇠, 닮다. 예쁘다, 어여쁜 모양, 거문고탈 소",火,364,
4826,소,柖,흔들릴 소,9,"흔들리다, 스스로 또는 외부의 영향으로 흔들어져 안정이 없게 되다(자동적 동작). 흔들다, 손이나 도구로 잡아 움직여 흔들어 놓다(타동적 동작)",木,,"2024 보완전사(김기승 성명학 9,491자 기준본 대조 추가)"
4827,소,素,흴 소,10,"바탕, 넓다, 옳다, 성질, 부질없다. 본디, 정성, 평소, 처음, 희다.",木,198,
4828,소,笑,웃음 소,10,"꽃이 피다, 웃다, 비웃다. 웃음, 조소하다.",木,198,
4829,"소,초",宵,밤 소/초,10,"닮다, 작다, 명주, 비슷하다. 초저녁, 닮을 초",木,198,
4830,소,珿,아름다운옥 소,10,아름다운 옥.,金,198,옥편 9획
4831,소,玿,아름다운 옥 소,10,아름다운옥. 아름다운 옥 소,金,,"2024 보완전사(김기승 성명학 9,491자 기준본 대조 추가); 기준본 음(대표) 필드 오류로 뜻풀이 텍스트에서 재추출함"
4832,소,捎,덜 소,11,"덜다, 베다, 제거하다, 스치다. 치다, 훔치다, 살짝 닿다.",木,198,옥편 10획
4833,소,梳,얼레빗 소,11,"(머리를)빗다, 얼레빗.",木,198,
4834,"소,초",紹,이을 소/초,11,"소개하다, 돕다, 잇다, 받다. 헐겁다, 느슨할 초",木,198,
4835,소,塐,쓸 소,11,"쓸다, 칠하다, 휘두르다, 제거하다. 사양하다, 버리다, 멸망시키다.",土,198,
4836,소,消,사라질 소,11,"사라지다, 없애다, 녹이다, 줄어들다. 거닐다, 물러서다, 행하다.",水,198,옥편 10획
4837,소,巢,새집 소,11,"모이다, 깃들이다, 집, 무리를 짓다. 새집, 큰피리, 악기이름, 사람이름.",水,198,
4838,소,埽,쓸을 소,11,"쓸다, 솔이나 도구로 먼지나 이물질을 털어 치우다(청소). 닦다, 수건이나 천 등으로 문질러 표면을 깨끗이 하다",土,,"2024 보완전사(김기승 성명학 9,491자 기준본 대조 추가)"
4839,소,焇,녹일 소,11,녹일. 녹일 소,金,,"2024 보완전사(김기승 성명학 9,491자 기준본 대조 추가); 기준본 음(대표) 필드 오류로 뜻풀이 텍스트에서 재추출함"
4840,소,掃,쓸 소,12,"바르다, 쓰다, 휘두르다, 제거하다. 쓸다, 거절하다, 버리다, 멸망시키다",木,198,옥편 11획
4841,소,甦,깨어날 소,12,"살다, 깨어나다, 소생하다, 깨다. 가득차다, 긁어모을 소",木,198,
4842,소,傃,향할 소,12,"향하다, 지키다. 분수를 지키다.",火,199,
4843,소,疏,소통할 소,12,"소통하다, 트이다, 드물다, 성기다. 깔다, 멀어지다, 멀다, 새기다.",土,199,
4844,소,邵,땅이를 소,12,"아름답다. 땅이름, 고을이름, 성의 하나.",土,199,옥편 8획
4845,소,疎,성길 소,12,"새기다, 채우다, 성기다, 나누다. 멀어지다, 거칠다, 치우다, 깔다.",土,199,
4846,소,邵,땅이름 소,12,"땅이름, 고을이름, 성의 하나. 아름답다.",土,199,옥편 8획
4847,"소,척",訴,호소할 소/척,12,"사양하다, 하소연하다, 아뢰다. 알리다, 헐뜯을 척",金,199,
4848,"소,수",酥,연유 소/수,12,"매끄럽다, 무르고 연한 것. 연유, 술의 딴 이름, 연우 수",金,199,
4849,소,琑,옥 이름 소,12,소. 옥 이름 소,金,,"2024 보완전사(김기승 성명학 9,491자 기준본 대조 추가)"
4850,소,筱,가는대 소,13,조릿대. 가는 대,木,199,
4851,"소,유,숙",翛,"빠를 소/유,숙",13,"빠르다, 날개가 찢어지다. 빠를 유, 빨리 나는 모양 숙",火,199,
4852,소,塿,흙빚을 소,13,"흙 빚다, 허수아비. 토우.",土,199,
4853,소,塑,흙빚을 소,13,"흙 빚다. 토우, 허수아비.",土,199,
4854,소,蛸,갈거미 소,13,"갈거미, 오징어. 사마귀 알.",水,199,
4855,소,嗉,모이주머니 소,13,"모이주머니. 새 목구멍, 멀떠구니(모이주머니)",水,199,
4856,"소,조",搔,긁을 소/조,14,"굳게 지키다, 붙잡다, 긁다. 마음이 움직이다, 손톱 조",木,199,옥편 13획
4857,소,愫,정성 소,14,"참된 마음, 정성. 진정.",火,199,옥편 13획
4858,"소,색",愬,하연할 소/색,14,"하소연하다, 향하다, 거슬러 맞서다. 비방하다, 헐뜯다, 두려워할 색",火,199,
4859,소,逍,노닐 소,14,"편안하고 한가롭다, 거닐다. 노닐다, 배회하다.",土,199,옥편 11획
4860,소,韶,풍류이름 소,14,"아름답다, 잇다. 풍류이름, 예쁘다.",金,199,
4861,"소,삭",溯,거스를 소/삭,14,"거스르다, 맞서다, 따라 내려가다. 거슬러 올라가다, 물 삭",水,199,옥편 13획
4862,소,蔬,우거질 소,15,"우거지다, 초목이 우거진 모양. 마들가리, 약초이름, 넓은잎딱총나무",木,199,옥편 13획
4863,"소,초",樔,풀막 소/초,15,"풀막, 떠올리다, 끊이다, 움막. 물고리를 떠올리는 그물, 끊을 초",木,200,
4864,소,銷,녹일 소,15,"녹이다, 사라지다, 쇠하다, 무쇠. 녹다, 사라지게 하다, 쇠하게 하다.",金,200,
4865,"소,초",霄,하늘 소/초,15,"하늘, 밤, 구름, 꺼지다, 닮다. 다되다, 비슷하다, 닮을 초",水,200,
4866,소,瘙,피부병 소,15,"부스럼. 피부병, 종기, 가렵다.",水,200,
4867,"소,삭",箾,퉁소 소,15,퉁소 소. 칠 삭,木,,"2024 보완전사(김기승 성명학 9,491자 기준본 대조 추가)"
4868,"소,초",漅,호수 이름 소,15,호수이름. 호수 이름 소. 호수 이름 초,金,,"2024 보완전사(김기승 성명학 9,491자 기준본 대조 추가); 기준본 음(대표) 필드 오류로 뜻풀이 텍스트에서 재추출함"
4869,소,艘,배 소,16,"배, 선박, 척(배의 수효를 세는 말)",木,200,
4870,소,穌,깨어날 소,16,"깨어나다, 긁어모으다, 살다, 깨다. 소행하다, 가득차다, 긁어모을 소",木,200,
4871,소,蘓,깨어날 소,16,"가득차다, 소생하다, 긁어모으다. 살다, 깨어나다, 긁어모을 소",木,200,
4872,소,篠,조릿대 소,16,조릿대. 가는 대.,木,200,
4873,소,燒,사를 소,16,"익히다, 사르다, 애태우다, 불사르다. 물들이다, 안달하다, 야화를 놓다.",火,200,
4874,소,衞,깨끗할 소,16,"깨끗하다, 멈추다, 그치다.",火,200,
4875,"소,조,쇄",璅,"옥돌 소/조,쇄",16,"옥 울리는 소리, 자질구레하다. 옥돌 조, 자질구레할 쇄",金,200,옥편 15획
4876,소,膆,살질 소,16,살찌다. 멀떠구니(모이주머니),水,200,옥편 14획
4877,"소,질",嘯,휘파람 소/질,16,"휘파람을 불다, 울부짖다, 꾸짖다. 꾸짖을 질",水,200,
4878,"소,어",䘘,깨끗할 소,16,소. 어. 깨끗할 소. 멈출 어,金,,"2024 보완전사(김기승 성명학 9,491자 기준본 대조 추가)"
4879,소,縤,생사로 짠 비단 소,16,흰비단. 생사로 짠 비단 소,金,,"2024 보완전사(김기승 성명학 9,491자 기준본 대조 추가); 기준본 음(대표) 필드 오류로 뜻풀이 텍스트에서 재추출함"
4880,"소,조",繅,고치켤 소/조,17,"옥받침, 고치를 켜다. 옥받침, 문체. 고치에서 실을 뽑다. 옥받침 조",木,200,
4881,소,魈,도깨비 소,17,도깨비. 산매(네 발 가진 도깨비),火,200,
4882,소,遡,거스를 소,17,"거스르다, 거슬러 올라가다. 향하다, 따라내려가다, 하소연하다.",土,200,옥편 14획
4883,소,蔬,나물 소,18,"나물, 푸성귀, 날. 성기다(물건의 사이가 뜨다).",木,200,옥편 16획
4884,소,鹵,소금 소,18,소금.,水,200,
4885,"소,초",鮹,문어 소/초,18,"문어, 낙지. 문어 초",水,200,
4886,소,䴛,소금 소,18,소. 소금 소,金,,"2024 보완전사(김기승 성명학 9,491자 기준본 대조 추가)"
4887,소,蕭,쓸쓸할 소,19,"바쁘다, 울다, 쓸쓸하다, 시끄럽다. 떨어지다, 맑은 대쑥 소",木,200,옥편 17획
4888,소,簫,통소 소,19,"통소. 조릿대, 활고자. 활짱 머리에 있는 시위를 매는 곳.",木,201,
4889,"소,초",霄,"하늘 소,초",19,"하늘, 진눈깨비, 꺼지다, 닮다, 밤. 태양곁에 일어나는 운기, 닮을 소",水,201,
4890,소,䨭,하늘 소,19,소. 하늘 소,金,,"2024 보완전사(김기승 성명학 9,491자 기준본 대조 추가)"
4891,소,騷,떠들 소,20,"떠들다, 근심하다, 급하다, 쓸다. 긁다, 비리다, 떨다, 제거하다.",火,201,
4892,소,櫯,다목 소,20,단목. 다목 소,金,,"2024 보완전사(김기승 성명학 9,491자 기준본 대조 추가); 기준본 음(대표) 필드 오류로 뜻풀이 텍스트에서 재추출함"
4893,소,瀟,강이름 소,21,"맑다, 비바람 치다. 강이름.",水,201,옥편 20획
4894,소,蘇,되살아날 소,22,"깨어나다, 깨닫다, 되살아나다. 찾다, 잡다, 거스르다, 차조기 소",木,201,옥편 20획
4895,속,束,묶을 속,7,"합치다, 약속하다, 결박하다. 삼가다, 약속할 속",木,201,
4896,속,俗,풍속 속,9,"범속하다, 평범하다, 흔다다. 풍속, 관습, 속인, 심상하다.",火,201,
4897,속,涑,비올 속,10,"비가오다, 큰 비바람.",水,201,옥편 9획
4898,속,洓,헹굴 속,11,헹구다. 강이름.,水,201,옥편 10획
4899,"속,곳",洬,비가 내림 속,11,비가 내림. 빗물이 고이거나 흐르는 곳,水,,"2024 보완전사(김기승 성명학 9,491자 기준본 대조 추가)"
4900,속,粟,조 속,12,"좁쌀, 식량, 양식, 소름, 공경하다. 조, 오곡, 겉곡식, 과립, 녹봉.",木,201,
4901,속,速,빠를 속,14,"빨리하다, 도래하다, 부르다. 이루다, 삼가다, 에워싸다.",土,201,옥편 11획
4902,속,謖,일어날 속,17,"일어나다, 뛰어나다, 여미다. 일어서다.",金,201,
4903,속,遬,빠를 속,18,"빠르다, 신속하다, 변하다, 줄다. 삼가다, 촘촘하다, 움츠리다, 못나다",土,201,옥편 15획
4904,"속,촉",屬,무리 속/촉,21,"사랑하다, 거느리다, 붙다, 복종하다. 나누다, 모으다, 부착하다, 이을 촉",木,201,
4905,속,續,이을 속,21,"계속하다, 이어지다, 보태다, 잇다. 잇닿다, 더하다, 계승하다.",木,201,
4906,속,贖,속죄할 속,22,"속죄하다, 속바치다, 바꾸다. 속전을 내다.",金,201,
4907,손,孫,손자 손,10,"공손하다, 겸손하다, 물려주다. 손자, 자손, 후손, 돋아난싹, 달아나다.",木,201,
4908,"손,찬",飱,저녁밥 손/찬,11,"저녁밥, 짐승이름, 말다, 먹다, 짓다. 뿔 있고 소 같은 꼬리이 말, 먹을 찬",水,201,
4909,"손,찬",飡,저녁밥 손,11,저녁밥 손. 먹을 찬,水,,"2024 보완전사(김기승 성명학 9,491자 기준본 대조 추가)"
4910,손,巽,공손할 손,12,"유순하다, 공손하다, 부드럽다. 괘 이름, 손괘, 사양하다.","木,土",201,
4911,손,飧,저녁밥 손,12,"권하다, 먹다. 저녁밥, 밥, 익힌 음식, 말다.",水,201,
4912,손,損,덜 손,14,"줄다, 감소하다, 해치다, 헐뜯다. 낮추다, 겸손하다.",木,202,옥편 13획
4913,손,愻,겸손할 손,15,겸손할. 겸손할 손,金,,"2024 보완전사(김기승 성명학 9,491자 기준본 대조 추가); 기준본 음(대표) 필드 오류로 뜻풀이 텍스트에서 재추출함"
4914,손,蓀,향풀이름 손,16,창포의 이름. 향풀의 이름.,木,202,옥편 14획
4915,손,遜,겸손할 손,17,"순하다, 겸손하다, 뒤지다, 따르다. 달아나다.",土,202,옥편 14획
4916,솔,乺,솔 솔,9,음역자 솔.,"木,水",202,
4917,"솔,수",帥,거느릴 솔/수,9,"우두머리, 거느리다, 인솔하다. 따르다, 모이다, 장수 수.",木,202,
4918,"솔,률,율,수",率,"따를 솔/률,율,수",11,"꾸밈없다, 따르다, 가볍다, 거칠다. 비율 률, 비율 율, 우두머리 수.",火,202,
4919,솔,窣,갑자기 솔,13,"느릿느릿 걷다, 갑자기. 구멍에서 갑자기 나오다.","水,木",202,
4920,솔,蟀,귀뚜라미 솔,17,귀뚜라미.,水,202,
4921,솔,衟,거느릴 솔,17,"거느리다, 인도하다",火,202,
4922,솔,𧗿,거느릴 솔,17,솔. 거느릴 솔,金,,"2024 보완전사(김기승 성명학 9,491자 기준본 대조 추가)"
4923,"솔,수",達,거느릴 솔/수,18,"거느리다, 장수. 장수 수",土,202,옥편 15획
4924,솔,䢦,거느릴 솔,18,솔. 거느릴 솔,金,,"2024 보완전사(김기승 성명학 9,491자 기준본 대조 추가)"
4925,송,宋,성씨 송,7,"성의 하나. 송나라, 나라 이름. 송나라 송",木,202,
4926,"송,종",松,소나무 송/종,8,"여유가 있다, 기분이 가볍다. 긴장이 풀리다, 더벅머리 송, 다를 종",木,202,
4927,"송,용",訟,송사할 송/용,11,"고소하다, 드러내다, 자책하다. 꾸짖다, 다투다, 용납할 용",金,202,
4928,송,悚,두려울 송,11,"공경하다, 기뻐하다, 꼿꼿이 서다. 두려워하다.",火,202,옥편 10획
4929,"송,수,속",捒,공경할 송,11,묶을. 공경할 송. 차릴 수. 묶을 속,金,,"2024 보완전사(김기승 성명학 9,491자 기준본 대조 추가); 기준본 음(대표) 필드 오류로 뜻풀이 텍스트에서 재추출함"
4930,송,竦,공경할 송,12,"놀라다, 우뚝솟다, 공경하다. 올리다. 발돋음하다, 서다, 두려워하다.",金,202,
4931,송,淞,강이름 송,12,"강이름. 땅이름, 상고대.",水,202,옥편 11획
4932,"송,용",頌,칭송할 송/용,13,"칭송하다, 기리다, 외우다. 기릴 송, 얼굴 용",火,202,
4933,송,送,보낼 송,13,"배웅하다, 다하다, 알리다, 쫓다. 보내다, 전달하다.",土,202,옥편 10획
4934,송,誦,외울 송,14,"의논하다, 칭송하다, 외우다. 암송하다, 비방하다, 공변되다.",金,202,
4935,송,憁,똑똑할 송,17,"똑똑하다, 또렷하다..",火,202,옥편 16획
4936,"송,종",鬆,소나무 송/종,18,"여유가 있다, 느슨하다, 게으르다. 긴장이 풀리다, 더벅머리 송, 따를 종",火,203,
4937,"송,숭",憽,똑똑할 송,18,똑똑할 송. 똑똑할 숭,火,,"2024 보완전사(김기승 성명학 9,491자 기준본 대조 추가)"
4938,송,㩳,곧게 세울 송,22,송. 곧게 세울 송,金,,"2024 보완전사(김기승 성명학 9,491자 기준본 대조 추가)"
4939,"솥,식",鉽,솥 식,14,솥. 솥 식,金,,"2024 보완전사(김기승 성명학 9,491자 기준본 대조 추가); 1차 음의 뜻풀이 누락으로 타 음(식)의 훈으로 대표훈음 대체"
4940,"솨,수,예,우",惢,의심할 솨,13,의심할. 의심할 솨. 의심할 수. 꽃술 예. 꽃술 우,金,,"2024 보완전사(김기승 성명학 9,491자 기준본 대조 추가); 기준본 음(대표) 필드 오류로 뜻풀이 텍스트에서 재추출함"
4941,쇄,刷,인쇄할 쇄,8,"쓸다, 솔질하다, 깨끗하게 하다. 정돈하다, 없애버리다.",金,203,
4942,"쇄,살,설,시",殺,"빠를 쇄/살,설,시",11,"빠르다, 감하다, 내리다, 죽일 살. 감할 살, 맹도는 모양 설, 윗사람 죽일 시",金,203,
4943,쇄,碎,부술 쇄,13,"부서지다, 깨뜨리다, 잘다, 부수다. 부스러기.",金,203,
4944,쇄,瑣,자질구레할 쇄,15,"젊고 예쁘다, 부스러지다, 천하다. 자질구레하다, 쇠사슬, 세분하다.",金,203,옥편 14획
4945,쇄,鎖,잠글 쇄,18,"가두다, 잠그다, 찡그리다. 비녀장, 쇠사슬, 자물쇠, 항쇄",金,203,
4946,쇄,鏁,쇄사슬 쇄,18,"봉하다, 잠그다. 쇄사슬, 자물쇠, 수갑.",金,203,
4947,쇄,鎻,쇠사슬 쇄,18,鎖. 쇠사슬 쇄,金,,"2024 보완전사(김기승 성명학 9,491자 기준본 대조 추가); 기준본 음(대표) 필드 오류로 뜻풀이 텍스트에서 재추출함"
4948,쇄,曬,쬘 쇄,23,"알리다, 쬐다. (볕이)나다.",火,203,
4949,"쇄,시,리,이",灑,"뿌릴 쇄/시,리,이",23,"깨끗하다, 뿌리다, 떨어지다, 흔들다. 나눌 시, 끊어지지않는 모양 리(이)",水,203,옥편 22획
4950,"쇠,소",釗,밝을 쇠/소,5,"밝다, 드러나다, 힘쓰다, 깎다. 쇠, 사람이름, 만나보다, 볼 소",金,203,
4951,"쇠,최,사",衰,"쇠할 쇠/최,사",11,"약하다, 줄다, 줄이다. 상옷 최, 도롱이 사",木,203,옥편 10획
4952,수,水,물 수,4,"적시다, 축이다, 긷다, 푸다. 물, 강물, 큰물, 홍수, 수재, 수성",水,203,
4953,수,手,손 수,4,"방법, 재주, 권한, 권능, 솜씨. 계략, 사람, 힘, 필적, 가락, 곡조.",木,203,
4954,수,殳,몽둥이 수,4,"몽둥이. 서체의 이름. 나무 지팡이, 창자루, 날없는 창.",金,203,
4955,수,囚,가둘 수,5,"갇히다, 사로잡다. 죄인, 목사, 포로. 가두다, 자유를 빼앗다, 감금되다.",水,203,
4956,수,戍,수자리 수,5,"지키다. 둔영, 병사. 수자리(변방을 지키는 일)",金,203,
4957,수,守,지킬 수,6,"다스리다, 기다리다, 머무르다. 요구하다, 직무, 직책",木,203,
4958,수,収,거둘 수,6,"등용하다, 모으다, 긷다, 잡다. 빼앗다, 약탈하다.",水,203,
4959,수,收,거둘 수,6,거둘. 거둘 수,金,,"2024 보완전사(김기승 성명학 9,491자 기준본 대조 추가); 기준본 음(대표) 필드 오류로 뜻풀이 텍스트에서 재추출함"
4960,"수,천",圳,도랑 수,6,밭도랑. 도랑 수. 도랑 천,金,,"2024 보완전사(김기승 성명학 9,491자 기준본 대조 추가); 기준본 음(대표) 필드 오류로 뜻풀이 텍스트에서 재추출함"
4961,수,秀,빼어날 수,7,"훌륭하다, 성장하다, 피다, 무성하다. 빼어나다, 뛰어나다, 솟아나다.",木,203,
4962,수,寿,목숨 수,7,"목숨, 수명, 오래살다, 헌수하다. 축수하다.",土,203,
4963,수,汓,헤엄칠 수,7,헤엄치다.,水,204,옥편 6획
4964,수,垂,드리울 수,8,"베풀다, 늘어뜨리다, 전하다. 드리우다, 기울다, 쏟다, 물려주다.",土,204,
4965,수,岫,산굴 수,8,"산봉우리, 산굴. 암혈, 산꼭대기.",土,204,
4966,수,峀,산굴 수,8,"산봉우리, 산굴. 암혈, 산꼭대기.",土,204,
4967,수,受,받을 수,8,"받다, 받아들이다, 배우다, 얻다. 거두어 들이다, 회수하다, 수여하다.",水,204,
4968,"수,퇴",杸,팔모진 창 수,8,팔모진창. 팔모진 창 수. 나무 이름 퇴,火,,"2024 보완전사(김기승 성명학 9,491자 기준본 대조 추가); 기준본 음(대표) 필드 오류로 뜻풀이 텍스트에서 재추출함"
4969,"수,솔",帥,장수 수/솔,9,"우두머리, 거느리다, 인도하다. 장수, 인솔자, 통솔자, 거느릴 솔",木,204,
4970,수,首,머리 수,9,"머리, 머리털, 우두머리. 임금, 군주, 첫째, 으뜸, 칼자루.",火,204,
4971,수,泅,헤엄칠 수,9,헤엄치다.,水,204,옥편 8획
4972,수,祟,빌미 수,10,빌미. 빌미 내리다.,木,204,
4973,수,修,닦을 수,10,"베풀다, 다스리다, 갖추다, 꾸미다. 뛰어나아, 고치다, 길다, 높다",火,204,
4974,수,殊,뛰어날 수,10,"뛰어나다, 결심하다, 지나다, 다르다. 끊어지다, 거의 죽다.","水,木",204,
4975,수,狩,사냥할 수,10,"정벌하다, 쫓겨나다, 순시하다. 사냥하다, 토벌하다, 사냥, 짐승",土,204,옥편 9획
4976,수,洙,물가 수,10,"물가. 물이름, 강이름.",水,204,옥편 9획
4977,수,叟,늙은이 수,10,"늙은이, 쌀 씻는 소리. 어른, 움직이는 모양, 촉의 별칭",水,204,
4978,수,倕,무거울 수,10,무거울. 무거울 수,金,,"2024 보완전사(김기승 성명학 9,491자 기준본 대조 추가); 기준본 음(대표) 필드 오류로 뜻풀이 텍스트에서 재추출함"
4979,수,袖,소매 수,11,"소매, 소매속에 숨기다. 반소매저고리, 소매에 넣다.",木,204,옥편 10획
4980,수,羞,부끄러울 수,11,"추천하다, 천거하다, 수줍어하다. 싫어하다, 미워하다, 두려워하다.",土,204,
4981,수,售,팔 수,11,"실현하다, 팔다, 사다. 시집가다.",水,204,
4982,수,浽,작은 비 수,11,작은비. 작은 비 수,金,,"2024 보완전사(김기승 성명학 9,491자 기준본 대조 추가); 기준본 음(대표) 필드 오류로 뜻풀이 텍스트에서 재추출함"
4983,수,茱,수유 수,12,수유나무. 수유(쉬나무 열매),木,204,옥편 10획
4984,수,授,줄 수,12,"전수하다, 받다, 가르치다. 주다, 수여하다, 제수하다.",木,204,옥편 11획
4985,수,晬,돌 수,12,"돌, 일주년. 처음 맞는 생일.",火,205,
4986,수,須,모름지기 수,12,"필요하다, 기다리다, 틀림없이. 결국, 마침내, 드리어, 수염 수",火,205,
4987,수,琇,옥돌 수,12,"빛나다, 아름답다. 광채를 발하다.",金,205,옥편 11획
4988,수,涭,물 모양 수,12,물모양. 물 모양 수,金,,"2024 보완전사(김기승 성명학 9,491자 기준본 대조 추가); 기준본 음(대표) 필드 오류로 뜻풀이 텍스트에서 재추출함"
4989,수,臹,익힐 수,12,익힐. 익힐 수,金,,"2024 보완전사(김기승 성명학 9,491자 기준본 대조 추가); 기준본 음(대표) 필드 오류로 뜻풀이 텍스트에서 재추출함"
4990,"수,추",愁,근심 수/추,13,"근심하다, 원망하다, 괴롭히다. 얼굴빛을 바꾸다.",火,205,
4991,수,睡,졸음 수,13,"졸다. 졸음, 잠, 꽃이 오무려지는 모양.",木,205,
4992,"수,휴",睢,물이름 수/휴,13,"우러러 보다, 사나운 눈으로 보다. 흘뜯다, 비방하다, 부릅떠볼 휴",木,205,
4993,수,睟,바로볼 수,13,"순수하다, 바로보다. 눈동자 맑다. 새털, 새털옷, 함치르하다.",木,205,
4994,수,綏,편안할 수,13,"편안하다, 물러가다. 기의 장식, 끈, 줄",木,205,
4995,수,廀,숨길 수,13,"찾다, 숨기다, 헤아리다, 산모롱이. 숨다, 구하다, 세다, 모롱이.",木,205,
4996,"수,유,조,소",脩,"포 수/유,조,소",13,"닦다, 오래다, 마르다, 멀다, 길다. 술잔 유, 고을이름 조, 쓸쓸할 조, 씻을 척","水,木",205,옥편 11획
4997,수,嫂,형수 수,13,형수. 결혼한 여자.,土,205,
4998,수,竪,세울 수,13,"세우다, 곧다, 짧다, 아이, 천하다. 서다, 더벅머리, 내시, 성의 하나",金,205,
4999,"수,주",酬,갚을 수/주,13,"이루다, 보답하다, 배상하다, 갚다. 보내다, 돌리다, 갚을 주",金,205,
5000,수,廋,숨길 수,13,"숨기다, 감추다(보이게 하지 않다). 몸을 숨기다, 은닉하거나 피신하다",木,,"2024 보완전사(김기승 성명학 9,491자 기준본 대조 추가)"
5001,수,綉,수놓을 수,13,수놓을. 수놓을 수,金,,"2024 보완전사(김기승 성명학 9,491자 기준본 대조 추가); 기준본 음(대표) 필드 오류로 뜻풀이 텍스트에서 재추출함"
5002,"수,주",詶,대답할 수,13,수작할. 대답할 수. 저주할 주,金,,"2024 보완전사(김기승 성명학 9,491자 기준본 대조 추가); 기준본 음(대표) 필드 오류로 뜻풀이 텍스트에서 재추출함"
5003,"수,숙,략,칭",稤,창고 수,13,숙궁. 창고 수. 숙궁 숙. 노략질할 략(약). 저울 칭,金,,"2024 보완전사(김기승 성명학 9,491자 기준본 대조 추가); 기준본 음(대표) 필드 오류로 뜻풀이 텍스트에서 재추출함"
5004,수,綬,인끈 수,14,"끈, 줄, 인끈, 폐슬",木,205,
5005,"수,소",搜,찾을 수/소,14,"탐구하다, 찾다, 가리다, 많다. 빠르다, 쓸쓸하다, 어지러울 소",木,205,옥편 13획
5006,수,壽,목숨 수,14,"장수, 머리, 오래살다, 축수하다. 목숨, 수명, 별이름, 헌수하다.",木,205,
5007,"수,쇄",粹,순수할 수/쇄,14,"아름답다, 순결하다, 자세하다. 정통하다, 변하지 않다, 부술 쇄",木,205,
5008,수,銖,저울눈 수,14,"무디다. 저울눈, 중량이름.",金,205,
5009,수,溲,반죽할 수,14,"씻다, 적시다, 빚다, 반죽하다. 오줌, 빚은 술.",水,205,옥편 13획
5010,"수,삭",嗽,기침할 수/삭,14,"기침하다, 빨아들이다, 핥다, 마시다. 양치질하다.",水,205,
5011,"수,졸",脺,윤택할 수/졸,14,"윤택하다, 무르다, 약하다. 윤기가 있다.",水,205,옥편 12획
5012,수,瘦,여윌 수,14,"여위다, 마르다, 파리하다",水,205,
5013,"수,연",需,쓰일 수/연,14,"기다리다, 구하다, 공급하다. 기르다, 쓸 수, 연할 연",水,206,
5014,수,竪,세울 수,15,"세우다, 서다, 곧다, 천하다, 짧다. 더벅머리, 아이, 내시, 세로.",木,206,
5015,수,穗,이삭 수,15,"이삭, 벼 이삭, 보리 이삭.",木,206,
5016,"수,소",瞍,총명할 수/소,15,"소경, 눈동자, 총명하다, 여위다. 어르신네, 소경 소",木,206,
5017,수,賥,재물 수,15,"재물, 재화.",金,206,
5018,"수,삭,촉",數,"셈 수/삭,촉",15,"셈, 이치, 도리, 꾀, 재주, 솜씨, 등급. 생각하다, 헤아리다, 빠를 삭, 촉.",金,206,
5019,수,誰,누구 수,15,"묻다. 누구, 무엇, 예날, 발어사.",金,206,
5020,수,銹,녹슬 수,15,녹. 녹슬다.,金,206,
5021,수,漱,양치할 수,15,"빨래하다, 씻다, 헹구다. 양치질하다, 빨다.",水,206,옥편 14획
5022,수,䛵,말 전할 수,15,수. 말 전할 수,金,,"2024 보완전사(김기승 성명학 9,491자 기준본 대조 추가)"
5023,수,穂,곡식의 이삭 수,15,"곡식의 이삭(벼, 보리 등의 끝에 달린 열매 부분). 이삭 모양으로 모여 있는 식물의 끝부분(穗狀花序)",木,,"2024 보완전사(김기승 성명학 9,491자 기준본 대조 추가)"
5024,수,豎,똑바로 세울 수,15,"똑바로 세우다, 곧게 세움(세우다). 세로로 선 상태나 세운 모양(세로 방향)",木,,"2024 보완전사(김기승 성명학 9,491자 기준본 대조 추가)"
5025,수,鄋,나라 이름 수,15,나라이름. 나라 이름 수,金,,"2024 보완전사(김기승 성명학 9,491자 기준본 대조 추가); 기준본 음(대표) 필드 오류로 뜻풀이 텍스트에서 재추출함"
5026,수,嬃,맏누이 수,15,누나. 맏누이 수,金,,"2024 보완전사(김기승 성명학 9,491자 기준본 대조 추가); 기준본 음(대표) 필드 오류로 뜻풀이 텍스트에서 재추출함"
5027,수,摗,취할 수,15,취할. 취할 수,金,,"2024 보완전사(김기승 성명학 9,491자 기준본 대조 추가); 기준본 음(대표) 필드 오류로 뜻풀이 텍스트에서 재추출함"
5028,수,樹,나무 수,16,"나무, 심다, 세우다, 막다.",木,206,
5029,수,輸,보낼 수,16,"보내다, 나르다, 실어내다, 짊어지다. 떨어뜨리다, 깨다, 부수다, 쏟다.",火,206,
5030,수,蒐,모을 수,16,"숨기다, 찾아내다, 점검하다. 모으다, 검열하다, 꼭두서니, 사냥.",木,206,옥편 14획
5031,수,陲,변방 수,16,"근처, 경계, 위태하다. 변방, 부근.",土,206,옥편 11획
5032,수,遂,드디어 수,16,"이루다, 나아가다, 오래되다. 드디어, 마침내, 수로, 따를 수","火,土",206,옥편 13획
5033,"수,조",蓚,수산 수/조,16,"수산, 기쁘다, 싹. 싹 조",木,206,옥편 14획
5034,수,瘦,파리할 수,16,"오똑하다, 메마르다, 희미하다. 여위다, 작고 가늘다.",水,206,옥편 14획
5035,수,穗,이삭 수,17,"벼 이삭. 이삭, 보리이삭.",木,206,
5036,"수,유",雖,비록 수/유,17,"비록, 추천하다, 도마뱀붙이, 밀다. 아무리~하여도, 짐승이름 유",火,206,
5037,수,燧,햇불 수,17,"불을 피우다. 부싯돌, 횃불, 봉화, 적에 대한 경계",火,206,
5038,"수,타",隋,수나라 수/타,17,"떨어지다, 게으르다, 둥글길쭉하다. 떨어질 타",土,206,옥편 12획
5039,"수,휴",灘,물이름 수/휴,17,"우러러 보다, 흘뜯다, 비방하다. 부릅떠볼 휴",水,207,옥편 16획
5040,수,鎀,쇳덩이 수,17,쇳덩이. 쇳덩이 수,金,,"2024 보완전사(김기승 성명학 9,491자 기준본 대조 추가); 기준본 음(대표) 필드 오류로 뜻풀이 텍스트에서 재추출함"
5041,"수,선",瓗,옥이름 수/선,18,옥 이름. 아름다운 옥 선,土,207,옥편 17획
5042,수,璲,패옥 수,18,노리개. 패옥.,金,207,옥편 17획
5043,수,濉,물 이름 수,18,"물 이름(강, 개천 등의 고유명사로 쓰임). 고유 지명으로서의 수역이나 강 이름(지명)",水,,"2024 보완전사(김기승 성명학 9,491자 기준본 대조 추가)"
5044,수,膄,파리할 수,18,파리할 수. 여윌 수,水,,"2024 보완전사(김기승 성명학 9,491자 기준본 대조 추가)"
5045,수,颼,바람소리 수,19,"바람소리. 빗소리, (바람이)우수수 불다.",木,207,
5046,수,繡,수놓을 수,19,"수놓다, 오색을 갖추다. 수, 비단, 비단조각.",木,207,
5047,수,鷲,새매 수,19,새매.,火,207,
5048,수,獸,짐승 수,19,"사냥하다, 짐승같은, 야만스러운. 짐승, 가축, 야만, 하류, 포, 포육.",土,207,
5049,수,髓,정수 수,19,"골수. 뼛골, 정수.",水,207,옥편 17획
5050,수,䳠,새매 수,19,수. 새매 수,金,,"2024 보완전사(김기승 성명학 9,491자 기준본 대조 추가)"
5051,수,瓍,구슬 수,19,구슬. 구슬 수,金,,"2024 보완전사(김기승 성명학 9,491자 기준본 대조 추가); 기준본 음(대표) 필드 오류로 뜻풀이 텍스트에서 재추출함"
5052,수,擻,버릴 수,19,털어버릴. 버릴 수,金,,"2024 보완전사(김기승 성명학 9,491자 기준본 대조 추가); 기준본 음(대표) 필드 오류로 뜻풀이 텍스트에서 재추출함"
5053,수,饈,드릴 수,20,"드리다, 반찬.",水,207,
5054,수,䜔,말 좇을 수,20,수. 말 좇을 수,金,,"2024 보완전사(김기승 성명학 9,491자 기준본 대조 추가)"
5055,"수,유",繻,고운 명주 수,20,명주. 고운 명주 수. 고운 명주 유,金,,"2024 보완전사(김기승 성명학 9,491자 기준본 대조 추가); 기준본 음(대표) 필드 오류로 뜻풀이 텍스트에서 재추출함"
5056,수,藪,늪 수,21,늪. 수풀,木,207,옥편 19획
5057,수,籔,조리 수,21,"조리(쌀을 이는데 쓰는 기구). 열엿 말, 휘.",木,207,
5058,"수,복",隨,따를 수/복,21,"추구하다, 따르다, 게으르다. 게으를 타",土,207,옥편 16획
5059,수,邃,깊을 수,21,"정통하다, 아득하다, 시간이 오래다. 깊다, 심오하다, 멀다.",土,207,옥편 18획
5060,"수,추",隧,돌 수/추,21,"돌다, 떨어지다. 떨어질 추",土,207,옥편 16획
5061,수,璲,구슬 수,21,"구슬, 진주 조개. 구슬 이름.",金,207,옥편 20획
5062,수,膸,골수 수,21,"골수(뼈 속의 속살). 신체의 깊은 부분이나 중심(비유적, 해부학적 의미)",水,,"2024 보완전사(김기승 성명학 9,491자 기준본 대조 추가)"
5063,수,鬚,필요할 수,22,"기다리다, 필요하다, 틀림없이. 수염, 술, 식물의 수염, 모름지기 수",火,207,
5064,수,髓,뼛골 수,23,"골수. 뼛골, 정수.",金,207,
5065,수,讎,바로잡을 수,23,"대답하다, 갚다, 팔다, 주다. 비교하여 바로잡다.",金,207,
5066,수,讐,원수 수,23,"원수, 동류, 대답하다, 갚다, 맞다,. 비교하여 바로잡다, 주다, 자주.",金,207,
5067,숙,夙,이를 숙,6,"빠르다, 조심하다, 이르다, 새벽. 삼가다, 어린나이, 이른아침, 일찍.",水,207,
5068,숙,叔,아저씨 숙,8,"젊다, 나이가 어리다, 줍다, 아저씨. 콩 숙",水,208,
5069,"숙,척",俶,비로소 숙/척,10,"뛰어나다, 정돈하다, 움직이다. 착하다, 비롯하다, 기재있을 척",火,208,
5070,숙,倏,빛날 숙,10,"갑자기, 문득, 빛나다, 빨리 달리다. 매우 짧은 시간, 빨리 내닫는 모양.",火,208,
5071,"숙,수",宿,잘 숙/수,11,"찾아 구하다, 안심시키다, 지키다. 크다, 묵다, 별자리 수",木,204,
5072,"숙,수",宿,잘 숙/수,11,"안심시키다, 지키다, 재계하다. 묵다, 자다, 별자리 수",木,208,
5073,숙,婌,궁녀벼슬 숙,11,궁녀벼슬 이름.,土,208,
5074,숙,孰,누구 숙,11,"무르익다, 정통하다, 숙련하다. 여물다, 익을 숙",水,208,
5075,"숙,축",埱,김 오를 숙,11,땅에서기솟을. 김 오를 숙. 김 오를 축,金,,"2024 보완전사(김기승 성명학 9,491자 기준본 대조 추가); 기준본 음(대표) 필드 오류로 뜻풀이 텍스트에서 재추출함"
5076,숙,淑,맑을 숙,12,"아름답다, 상서롭다, 온화하다. 착하다, 어질다, 깨끗하다.",水,208,옥편 11획
5077,숙,肅,엄숙할 숙,13,"공경하다, 정중하다, 경계하다. 엄하다, 절하다, 차다, 삼가다.",火,208,
5078,숙,琡,옥이름 숙,13,옥이름. 큰 홀(제후를 봉할 때 의식에 쓰던),金,208,옥편 12획
5079,숙,塾,글방 숙,14,"글방. 학당, 서당, 행랑방, 과녁.",土,208,
5080,숙,菽,콩 숙,14,"콩, 대두, 콩잎",木,208,옥편 12획
5081,숙,熟,익을 숙,15,"익숙하다, 숙련되다, 정통하다. 무르익다, 여물다",火,208,
5082,숙,橚,줄지어설 숙,17,"무성하다, 우거지다, 밋밋하다. 줄지어서다, 개오동나무.",木,208,
5083,"숙,축",潚,빠를 숙/축,17,"깊고 맑다, 빠르다. 성의 하나. 깊고 맑을 축",水,208,옥편 16획
5084,숙,儵,빠를 숙,19,"빠르다, 검다. 검푸른 빛, 재앙, 재난. 갑자기 숙",火,208,
5085,"숙,도,수",璹,"옥 숙/도,수",19,"옥이름, 옥그릇. 옥이름 도, 옥이름 수.",金,208,옥편 18획
5086,숙,驌,말이름 숙,23,좋은 말. 말 이름.,火,208,
5087,숙,鷫,신조 숙,24,신조(신령한 새). 숙상새.,火,208,
5088,"순,균",旬,열흘 순/균,6,"두루 미치다, 균일하다, 차다. 부역 균",火,208,
5089,"순,연",巡,돌 순/연,7,"순행하다, 따르다, 끼고 돌다. 순행할 순, 따를 연",水,208,
5090,순,徇,재빠를 순,8,"외치다, 재빠르다, 따라 죽다. 깊다.",火,209,
5091,순,昀,사귈 순,8,"사귀다, 명령. 하여금.",土,209,
5092,순,侚,재빠를 순,8,"재빠르다, 민첩하다(민첩한 상태). 급히 움직이다, 서둘러 행동하다(속히 처리하다)",火,,"2024 보완전사(김기승 성명학 9,491자 기준본 대조 추가)"
5093,순,畃,사귈 순,8,"사귀다, 교제하다(친분을 맺다). 사람과 친해져 관계를 맺다(사이가 가까워지다)",土,,"2024 보완전사(김기승 성명학 9,491자 기준본 대조 추가)"
5094,"순,돈,윤",盾,"방패 순/돈,윤",9,"피하다, 숨다. 사람이름 돈, 벼슬이름 윤",木,209,
5095,"순,천",紃,끈 순/천,9,"쫓다, 법, 줄. 끈 천",木,209,
5096,순,盹,졸 순,9,"눈감다, 졸다, 둔한 눈. 정성스럽고 간절한 모양.",木,209,
5097,순,徇,돌 순,9,"총명하다, 자랑하다, 거느리다. 지키다, 빼앗다, 주창할 순",火,209,
5098,순,峋,깊숙할 순,9,깊숙하다. 산이 첩첩이 싸여있는 모양. 산이 높고 낮음이 있는 모양.,土,209,
5099,"순,균,현",姰,"적합할 순/균,현",9,"적합하다, 미치다, 닿다. 적합할 균, 여자가 단정할 현",土,209,
5100,"순,준,돈,전,치",純,"순수할 순/준,돈,전,치",10,"진실하다, 아름답다, 빛내다, 크다. 가선 준, 묶을 돈, 온전할 전, 검은비치",木,209,
5101,순,眴,정성스런 순,10,"눈감다, 졸다, 둔한 눈. 정성스럽고 간절한 모양.",木,209,
5102,순,栒,가름대 순,10,"가름대. 나무이름, 고을이름.",木,209,
5103,"순,준",恂,정성 순/준,10,"정성, 미쁘다, 엄하다, 두려워하다. 참된마음, 진실하다고 하다, 엄할 준",火,209,옥편 9획
5104,"순,현",洵,참으로 순/현,10,"고르다, 같다, 눈물을 흘리다. 멀 현",水,209,옥편 9획
5105,순,殉,따라죽을 순,10,"경영하다, 추구하다, 따르다. 바치다, 따라죽다.",水,209,
5106,순,笋,죽순 순,10,대순. 죽순 순,金,,"2024 보완전사(김기승 성명학 9,491자 기준본 대조 추가); 기준본 음(대표) 필드 오류로 뜻풀이 텍스트에서 재추출함"
5107,"순,현",眴,깜작할 순/현,11,"어지럽다, 눈직하다, 깜작하다. 보다, 어지러울 현",木,209,
5108,순,珣,옥이름 순,11,옥그릇. 옥이름,金,209,옥편 10획
5109,순,荀,풀이름 순,12,풀이름. 사람이름.,木,209,옥편 10획
5110,순,筍,풀이름 순,12,풀이름. 사람이름.,木,209,
5111,순,舜,순임금 순,12,"뛰어나다. 무궁화, 나팔꽃.",木,209,
5112,순,循,돌 순,12,"말하다, 크다, 돌아다니다, 좇다. 차례가 있다.",火,209,
5113,순,順,순할 순,12,"순하다, 편안하다, 물러나다. 가르치다, 잇다, 바르다, 좇다.",火,210,
5114,"순,돈,퇴",焞,"밝을 순/돈,퇴",12,"성하다, 밝다, 어스레하다. 귀갑지지는 불 돈, 성할 퇴",火,210,
5115,"순,준",淳,순박할 순/준,12,"깨끗하다, 맑다, 뿌리다, 크다. 대다, 순박하다, 짜다, 폭 준",水,210,옥편 11획
5116,"순,돈",肫,광대뼈 순,12,광대뼈 순. 정성스러울 순. 새끼돼지 돈,水,,"2024 보완전사(김기승 성명학 9,491자 기준본 대조 추가)"
5117,"순,환",郇,나라 이름 순,12,땅이름. 나라 이름 순. 성씨 환,金,,"2024 보완전사(김기승 성명학 9,491자 기준본 대조 추가); 기준본 음(대표) 필드 오류로 뜻풀이 텍스트에서 재추출함"
5118,"순,민",脣,입술 순/민,13,"입술, 가장자리, 꼭 맞다. 둥근물건, 꼭 맞을 민","木,水",210,옥편 11획
5119,"순,준",楯,난간 순/준,13,"난간, 방패, 빼내다, 잡아뽑다. 책상, 책상 준",木,210,
5120,"순,훈",馴,길들일 순/훈,13,"따르다, 길들이다, 순하다, 익숙하다. 좇다, 옳다, 가르칠 훈",火,210,
5121,순,詢,물을 순,13,"상의하다, 문의하다, 같다, 묻다.",金,210,
5122,순,揗,만질 순,13,만질. 만질 순,金,,"2024 보완전사(김기승 성명학 9,491자 기준본 대조 추가); 기준본 음(대표) 필드 오류로 뜻풀이 텍스트에서 재추출함"
5123,순,諄,타이를 순,15,"정성스럽다, 돕다, 둡탑다. 보좌하다, 알뜰하다, 타이르다.",金,210,
5124,순,醇,전국술 순,15,"순수하다, 진하다, 순박하다. 전국술, 진한 술, 도탑다, 질박하다.",金,210,
5125,순,漘,물가 순,15,물가. 물가 순,金,,"2024 보완전사(김기승 성명학 9,491자 기준본 대조 추가); 기준본 음(대표) 필드 오류로 뜻풀이 텍스트에서 재추출함"
5126,순,橓,무궁화나무 순,16,무궁화. 무궁화나무.,木,210,
5127,"순,현",駒,달릴 순/현,16,말이 달리는 모양. 철총이,火,210,
5128,"순,대",錞,악기 순/대,16,"의거하다, 악기이름, 의거하다. 창고달 대",金,210,
5129,"순,현",駨,말이 달리는 모양 순,16,말이 달리는 모양 순. 말 달릴 순. 철총이 현,火,,"2024 보완전사(김기승 성명학 9,491자 기준본 대조 추가)"
5130,순,蓴,순채 순,17,"순채. 부들, 풀이 더부룩하게 나는 모양.",木,210,옥편 15획
5131,순,瞬,깜직일 순,17,"깜작이다, 주시하다, 보다, 잠깐. 눈깜짝할 사이.",木,210,
5132,순,蕣,무궁화 순,18,무궁화. 무궁화나무.,木,210,옥편 16획
5133,순,鬈,헝클어진머리 순,19,"머리털. 터럭, 헝클어진 머리, 머릿수건.",火,210,
5134,"순,단",鶉,별이름 순/단,19,"메추라기. 상어, 별이름, 수리. 수리 단",火,210,
5135,순,鬊,헝클어진 머리 순,19,헝클어진 머리(단정치 못하게 뒤엉킨 머리털). 흐트러진 머리모양이나 단정치 못한 외양(외형적 상태),火,,"2024 보완전사(김기승 성명학 9,491자 기준본 대조 추가)"
5136,술,戌,개 술,6,"정성, 아름답다, 마름질하다. 가엾게 여기다, 열한째지지 술",金,210,
5137,술,𡊍,높을 술,8,술. 높을 술,金,,"2024 보완전사(김기승 성명학 9,491자 기준본 대조 추가)"
5138,술,沭,내 이름 술,9,물이름. 내 이름 술,金,,"2024 보완전사(김기승 성명학 9,491자 기준본 대조 추가); 기준본 음(대표) 필드 오류로 뜻풀이 텍스트에서 재추출함"
5139,술,珬,옥이름 술,10,옥이름.,金,210,옥편 9획
5140,"술,수",術,재주 술/수,11,"책략, 계략, 재주, 서루하다. 취락이름 수",火,210,
5141,술,絉,끈 술,11,줄.,木,211,
5142,술,荗,봉아술 술,11,술. 봉아술 술,金,,"2024 보완전사(김기승 성명학 9,491자 기준본 대조 추가)"
5143,술,述,펼 술,12,"말하다, 따르다, 계승하다, 펴다. 닦다, 밝히다.",土,211,옥편 9획
5144,술,銊,인도할 술,13,"인도하다, 이끌다, 찌르다. 돗바늘.",金,211,
5145,술,鉥,돗바늘 술,13,바늘. 돗바늘 술,金,,"2024 보완전사(김기승 성명학 9,491자 기준본 대조 추가); 기준본 음(대표) 필드 오류로 뜻풀이 텍스트에서 재추출함"
5146,숭,崇,높을 숭,11,"높이다, 존중하다, 모으다, 차다. 마치다, 높다.",土,211,
5147,숭,崧,우뚝솟을 숭,11,"우뚝솟다, 산이 높다. 산이 높은 모양, 산이름.",土,211,
5148,숭,嵩,우뚝솟을 숭,13,"우뚝솟다, 산이 높다. 산이 높은 모양, 산이름.",土,211,
5149,숭,菘,배추 숭,14,배추.,木,211,옥편 12획
5150,"쉬,졸",倅,버금 쉬/졸,10,"아들, 차다, 다음. 백사람 졸",火,211,
5151,"쉬,줄",淬,담금질할 쉬/줄,12,"힘쓰다, 범하다, 물들다, 목욕하다. 흐를 줄",水,211,옥편 11획
5152,쉬,焠,담금질 쉬,12,"태우다, 지지다, 물들이다. 담금질, 담금질하다, 염색하다.",火,211,
5153,슬,虱,참깨 슬,8,"참깨, 섞이다, 잡거하다. 이(곤충), 관이 끼치는 폐해.",水,211,
5154,슬,瑟,큰거문고 슬,14,"많다, 엄숙하다, 곱다, 쓸쓸하다. 큰 거문고, 비파.",金,211,옥편 13획
5155,슬,蝨,참깨 슬,15,"참깨, 섞이다, 잡거하다. 이(곤충), 관이 끼치는 폐해",水,211,
5156,슬,璱,푸른구슬 슬,16,푸른 구슬. 옥이 산뜻하고 깨끗하다.,金,211,옥편 15획
5157,슬,㻭,푸른 옥구슬 슬,16,슬. 푸른 옥구슬 슬,金,,"2024 보완전사(김기승 성명학 9,491자 기준본 대조 추가)"
5158,슬,膝,무릎 슬,17,무릎,水,211,옥편 15획
5159,슬,璱,푸른구슬 슬,18,푸른 구슬. 옥이 산뜻하고 깨끗하다.,金,211,옥편 17획
5160,슬,𩇣,붉으면서도 푸른색 슬,21,슬. 붉으면서도 푸른색 슬,金,,"2024 보완전사(김기승 성명학 9,491자 기준본 대조 추가)"
5161,"습,십,겁,섭",拾,"주을 습/십,겁,섭",10,"습득하다, 거두다, 모으다. 열 십, 바꿀 겁, 오를 섭",木,211,
5162,습,習,익힐 습,11,"익히다, 연습하다, 배우다. 앙갚음하다, 절뚝거리며 가는 모양.",火,211,
5163,"습,접",慴,두려워할 습/접,15,"위협하다, 두려워하다. 으르다, 두려워서 벌벌떨다, 두려워할 접",火,211,옥편 14획
5164,습,熠,빛날 습,15,"빛나다, 곱다, 선명하다. 빛, 반딧불.",火,211,
5165,습,槢,쐐기 습,15,"쐐기(목재로 만든 끼워 맞추는 도구). 나무 재료로 만든 쐐기 모양의 부속품(목공구, 고정용)",木,,"2024 보완전사(김기승 성명학 9,491자 기준본 대조 추가)"
5166,"습,첩,접",褶,"주름 습/첩,접",17,"주름, 덧옷, 사마치(기마복). 덧옷 첩, 주름 접",木,212,옥편 16획
5167,"습,합,답",濕,"젖을 습/합,답",18,"축축하다, 마르다, 낮추다, 젖다. 나라이름 합, 물이름 답",水,212,옥편 17획
5168,습,隰,진펄 습,22,"물가. 따비밭, 성의 하나. 진펄(땅이 질어서 질퍽한 벌)",土,212,옥편 17획
5169,습,襲,엄습할 습,22,"엄습하다, 치다, 잇다, 물려받다. 뜻하지 아니하는 사이에 습격하다.",木,212,
5170,승,升,되 승,4,"올리다, 나아가다, 태평하다. 오를 승",木,212,
5171,"승,증",丞,이을 승/증,5,"받아들이다, 장가들다, 받들다. 나라이름 증",水,212,
5172,"승,증",丞,정승 승/증,6,"돕다, 받들다, 잇다, 잠기다. 나아가다, 도울 승, 나아갈 증",木,212,
5173,"승,증",氶,이을 승,6,이을 승. 건질 증,水,,"2024 보완전사(김기승 성명학 9,491자 기준본 대조 추가)"
5174,승,呏,갤런 승,7,가론. 갤런 승,金,,"2024 보완전사(김기승 성명학 9,491자 기준본 대조 추가); 기준본 음(대표) 필드 오류로 뜻풀이 텍스트에서 재추출함"
5175,"승,증",承,이을 승/증,8,"받들다, 돕다, 계승하다. 구원할 증",木,212,
5176,승,昇,오를 승,8,"(해가)오르다, 올리다, (임금이)죽다. (높은 곳에)오르다, (지위가)오르다.",火,212,
5177,"승,증",丞,정승 승/증,8,"돕다, 받들다, 잇다, 잠기다. 나아가다, 도울 승, 나아갈 증",土,212,
5178,승,㞼,정승 승,8,승. 정승 승. 도울 승,金,,"2024 보완전사(김기승 성명학 9,491자 기준본 대조 추가)"
5179,승,乘,탈 승,10,"해아리다, 이기다, 업신여기다. 꾀하다, 타다.",火,212,
5180,승,洆,빠질 승,10,빠질. 빠질 승,金,,"2024 보완전사(김기승 성명학 9,491자 기준본 대조 추가); 기준본 음(대표) 필드 오류로 뜻풀이 텍스트에서 재추출함"
5181,승,勝,이길 승,12,"이기다, 뛰어나다, 훌륭하다, 낫다. 눈여겨보다, 똑바로 보다, 넘치다.",土,212,
5182,승,陞,오를 승,12,"오르다, 승진하다, 올리다.",土,212,옥편 10획
5183,승,㴍,땅 이름 승,12,승. 땅 이름 승,金,,"2024 보완전사(김기승 성명학 9,491자 기준본 대조 추가)"
5184,"승,증",塍,밭두둑 승/증,13,밭두둑. 밭두둑 증,土,212,
5185,승,嵊,산 이름 승,13,땅이름. 산 이름 승,金,,"2024 보완전사(김기승 성명학 9,491자 기준본 대조 추가); 기준본 음(대표) 필드 오류로 뜻풀이 텍스트에서 재추출함"
5186,승,縢,잉아 승,14,잉아(베틀의 굵은 실).,木,212,
5187,승,僧,중 승,14,"스님, 마음이 편한 모양. 중, 승려.",火,212,
5188,승,榺,잉아 승,14,"잉아(식물, 목명 등 고유명). 특정 식물의 이름을 가리키는 한자 표기",木,,"2024 보완전사(김기승 성명학 9,491자 기준본 대조 추가)"
5189,승,陞,오를 승,15,"올리다, 승진하다, 오르다. 승진시키다.",土,212,옥편 10획
5190,승,階,오를 승,16,"올리다, 승진하다, 오르다. 승진시키다.",土,212,옥편 11획
5191,승,阩,오를 승,16,"오르다, 올라가다. 지위나 등급이 오르다, 승진하다",土,,"2024 보완전사(김기승 성명학 9,491자 기준본 대조 추가)"
5192,승,繩,노끈 승,19,"바로잡다, 통제하다, 계승하다. 노끈, 줄, 먹줄, 법.",木,212,
5193,승,蠅,파리 승,19,"파리. 광충거미, 돌아다니는 모양.",水,212,
5194,승,鵿,오를 승,19,오를. 오를 승,金,,"2024 보완전사(김기승 성명학 9,491자 기준본 대조 추가); 기준본 음(대표) 필드 오류로 뜻풀이 텍스트에서 재추출함"
5195,승,陹,오를 승,20,"오르다, 올라가다. 지위나 위치가 높아짐(승진, 상승)",土,,"2024 보완전사(김기승 성명학 9,491자 기준본 대조 추가)"
5196,승,鬖,머리헝클어질 승,22,머리 헝클어지다. 머리털이 길다. 머리털이 짧다.,火,213,
5197,승,鬙,머리털 승,22,"머리털, 깃 등이 헝클어지다, 부스스하다. 털이나 머리 모양이 흐트러진 상태",火,,"2024 보완전사(김기승 성명학 9,491자 기준본 대조 추가)"
5198,시,尸,시체 시,3,"시체, 주검. (사람이) 누워 있음, 누운 형태를 나타내는 뜻",水,,"2024 보완전사(김기승 성명학 9,491자 기준본 대조 추가)"
5199,시,市,저자 시,5,"장사, 매매, 시장, 벼슬이름. 저자, 시가, 거래, 값, 가격",木,213,
5200,시,示,보일 시,5,"보이다, 간주하다, 알리다, 지시하다. 가르치다, 베풀다, 보다, 고시.",木,213,
5201,시,矢,화살 시,5,"베풀다, 똑바르다, 정직하다. 늘어놓다.",金,213,
5202,시,兕,외뿔소 시,7,외뿔소. 무소(코뿔소)의 암컷.,"木,水",213,
5203,시,豕,돼지 시,7,돼지.,水,213,
5204,시,始,비로소 시,8,"시작하다, 일으키다, 일찍, 당초에. 비로소, 바야흐로, 먼저, 앞서서.",土,213,
5205,시,侍,모실 시,8,"받들다, 기르다, 부탁하다, 믿다. 기다리다, 권하다.",火,213,
5206,시,旹,때 시,8,시. 때 시,金,,"2024 보완전사(김기승 성명학 9,491자 기준본 대조 추가)"
5207,"시,채,치,자",柴,"섶 시/채,치,자",9,"시제사, 거칠다. 올짱 채, 가지런하지 않을 치, 쌓을 자",木,213,
5208,시,枲,모시풀 시,9,모시풀. 삼. 도꼬마리(국화과에 속하는 한해살이풀),木,213,
5209,시,眂,볼 시,9,"보다, 다스리다. 보이다, 알아보다.",木,213,
5210,시,柹,감나무 시,9,"감나무, 감.",木,213,"柿,枾와 同字"
5211,시,柿,감나무 시,9,"감나무, 감.",木,213,"柹,枾와 同字"
5212,시,是,이 시,9,"바르다, 바로잡다, 다스리다. 옳을 시",火,213,
5213,"시,이",施,베풀 시/이,9,"뽐내다, 기뻐하다, 베풀다. 흩뿌리다, 드러내다, 옮길 이",土,213,
5214,시,涘,내 이름 시,9,"내 이름. 고을이름. 물가, 물결이 밀려오는 바닷가.",水,213,옥편 8획
5215,시,屍,주검 시,9,"주검, 시체. 누워 있는 사람의 모습이나 '누움'을 나타내는 의미",水,,"2024 보완전사(김기승 성명학 9,491자 기준본 대조 추가)"
5216,"시,히",屎,똥 시,9,똥 시. 끙끙거릴 히,水,,"2024 보완전사(김기승 성명학 9,491자 기준본 대조 추가)"
5217,시,枾,감나무 시,9,감나무(감나무속 식물). 감나무의 열매(감),木,,"2024 보완전사(김기승 성명학 9,491자 기준본 대조 추가)"
5218,시,恃,믿을 시,10,"믿다, 의지하다, 자부하다. 의뢰하다, 어머니, 어머니 시",火,213,옥편 9획
5219,시,時,때 시,10,"기한, 계절, 기회, 때를 맞추다. 엿보다, 좋다.",火,213,
5220,시,翅,날개 시,10,"날개, 날다, 날개를 펴다, 미치다. 끝내다, 다만, 뿐.",火,213,
5221,시,豺,승냥이 시,10,승냥이.,水,213,
5222,"시,지,치,이",沶,내 이름 시,10,내 이름 시. 물가 지. 고을 이름 시. 고을 이름 치. 물 이름 이,水,,"2024 보완전사(김기승 성명학 9,491자 기준본 대조 추가)"
5223,시,絁,비단 시,11,가늘다. 깁-명주실로 바탕을 조금 거칠게 짠 비단.,木,214,
5224,시,豉,메주 시,11,"메주, 된장, 청국장,",木,214,
5225,시,偲,굳셀 시,11,"똑똑하다, 재주가 많다, 굳세다. 춤추다.",火,214,
5226,시,匙,숟가락 시,11,숟가락. 열쇠.,金,214,
5227,"시,채",猜,시기할 시/채,12,"헤아리다, 의심하다, 두려워하다. 시기하다, 시길할 채",木,214,옥편 11획
5228,시,視,볼 시,12,"보다, 알아보다, 본받다, 엿보다. 보이다, 간주하다, 성의 하나.",火,214,
5229,"시,제",媞,행복 시/제,12,"복, 행복하다, 아리땁다. 안존할 제",土,214,
5230,"시,사",媤,시집 시/사,12,"시집. 여자의 자, 여자의 자 사.",土,214,
5231,시,啻,다만 시,12,"뿐. 다만,",水,214,
5232,시,䛈,맹세할 시,12,시. 맹세할 시,金,,"2024 보완전사(김기승 성명학 9,491자 기준본 대조 추가)"
5233,"시,질",崼,가까운 산 시,12,가까운산. 가까운 산 시. 가지런하지 않은 모양 질,金,,"2024 보완전사(김기승 성명학 9,491자 기준본 대조 추가); 기준본 음(대표) 필드 오류로 뜻풀이 텍스트에서 재추출함"
5234,시,邿,나라 이름 시,12,나라이름. 나라 이름 시,金,,"2024 보완전사(김기승 성명학 9,491자 기준본 대조 추가); 기준본 음(대표) 필드 오류로 뜻풀이 텍스트에서 재추출함"
5235,"시,대,치,태",徥,슬슬 걸을 시,12,슬슬걸을. 슬슬 걸을 시. 걸어갈 대. 걸어갈 치. 걸어갈 태,金,,"2024 보완전사(김기승 성명학 9,491자 기준본 대조 추가); 기준본 음(대표) 필드 오류로 뜻풀이 텍스트에서 재추출함"
5236,시,塒,깃들 시,13,"깃들다, 홰, 횃대.",土,214,
5237,시,詩,시 시,13,"기록하다, 받들다, 짓다. 시, 시경, 읊다.",金,214,
5238,시,試,시험 시,13,"검사하다, 살피다, 익히다, 떠보다. 사용하다.",金,214,
5239,시,翓,날개칠 시,13,"날개를 편 모양, 날개를 치다, 봉이 춤추는 모양.",火,214,
5240,"시,새",愢,책선할 시/새,13,책선하다. 착한일을 하도록 권장함. 책선할 새,火,214,옥편 12획
5241,시,毸,날개를 칠 시,13,"날개를 치다, 파닥거리다(새가 날개를 퍼덕임). 가볍게 흔들거나 떨리는 동작을 이르는 말",火,,"2024 보완전사(김기승 성명학 9,491자 기준본 대조 추가)"
5242,시,湤,물 이름 시,13,물이름. 물 이름 시,金,,"2024 보완전사(김기승 성명학 9,491자 기준본 대조 추가); 기준본 음(대표) 필드 오류로 뜻풀이 텍스트에서 재추출함"
5243,시,弒,윗사람 죽일 시,13,죽일. 윗사람 죽일 시,金,,"2024 보완전사(김기승 성명학 9,491자 기준본 대조 추가); 기준본 음(대표) 필드 오류로 뜻풀이 텍스트에서 재추출함"
5244,"시,제,지",禔,"복 시/제,지",14,"편안하다, 행복, 즐거움. 복 제, 복 지",木,214,
5245,시,翄,날개 시,14,"펴다, 날다. 끝내다. 날개, 지느러미, 뿐, 다만, 마치다.",火,214,
5246,시,廝,나눌 시,14,"나누다, 천하다, 부리다. 하인, 종, 노예, 서로, (물길을)트다.",水,214,
5247,시,厮,하인 시,14,"하인, 시종(집안에서 일하는 사람). 천히 붙어 다니는 시중꾼이나 종업원을 이르는 말",水,,"2024 보완전사(김기승 성명학 9,491자 기준본 대조 추가)"
5248,시,翤,날개 시,14,날개(새의 날개). 날개를 퍼덕이며 나는 모양이나 그 동작,火,,"2024 보완전사(김기승 성명학 9,491자 기준본 대조 추가)"
5249,시,榯,나무 곧게 설 시,14,나무곧게설. 나무 곧게 설 시,金,,"2024 보완전사(김기승 성명학 9,491자 기준본 대조 추가); 기준본 음(대표) 필드 오류로 뜻풀이 텍스트에서 재추출함"
5250,시,溡,빗물 시,14,빗물. 빗물 시,金,,"2024 보완전사(김기승 성명학 9,491자 기준본 대조 추가); 기준본 음(대표) 필드 오류로 뜻풀이 텍스트에서 재추출함"
5251,시,廝,나눌 시,15,"나누다, 천하다, 부리다. 하인, 종, 노예, 서로, (물길을)트다.",木,214,
5252,시,唌,흐를 시,15,"흐르다. 용의 입에서 나오는 침. 줄줄 흐르다, 침, 거품, 피",水,214,
5253,시,嘶,울 시,15,"울다, 말이 울다, 흐느끼다. (짐승이나 새 등의 울음이)애처롭다.",水,214,
5254,시,緦,삼베 시,15,"생각하다, 소원해지다. 삼베, 시마, 생각하는 모양.",木,215,
5255,시,蒔,모종낼 시,16,"심다. 모종을 내다, 소회향(한약재로 씀)",木,215,옥편 14획
5256,시,蓍,톱풀 시,16,"톱풀, 시초, 서죽, 정대.",木,215,옥편 14획
5257,시,諡,시호 시,16,시호. 시호를 내리다.,金,215,
5258,"시,체",諟,이 시/체,16,"바르다, 바로잡다, 살피다. 자세히 하다, 살필 체",金,215,
5259,시,諰,두려워할 시,16,"생각하다, 두려워하다, 직언하다.",金,215,
5260,"시,사",澌,다할 시/사,16,"다하다, 없어지다. 물 잦을 사",水,215,옥편 15획
5261,"시,태",漦,흐를 시,16,흐를 시. 줄줄 흐를 시. 땅 이름 태,水,,"2024 보완전사(김기승 성명학 9,491자 기준본 대조 추가)"
5262,"시,적",鍉,열쇠 시/적,17,"열쇠, 숟가락. 살촉 적",金,215,
5263,"시,새",顋,뺨 시/새,18,"뺨. 볼, 이마, 아가미. 뺨 새",火,215,
5264,"시,소,리",醳,"술거를 시/소,리",26,"나누다, 술 거르다. 술거를 소, 묽은 술 리",金,215,
5265,"시,소,리",釃,술 거를 시,26,거를. 술 거를 시. 술 거를 소. 묽은 술 리(이),金,,"2024 보완전사(김기승 성명학 9,491자 기준본 대조 추가); 기준본 음(대표) 필드 오류로 뜻풀이 텍스트에서 재추출함"
5266,식,式,법 식,6,"법, 제도, 본뜨다, 본받다, 상가다. 의식, 정도, 절도, 형상, 점치는 기구",金,215,
5267,"식,사,이",食,"밥 식/사,이",9,"음식, 생계, 먹다, 먹이다, 지우다. 먹을 식, 먹이 사, 사람이름 이",水,215,
5268,식,息,쉴 식,10,"쉬다, 생존하다, 살다, 번식하다. 자라다, 그만두다, 망하다.",火,215,
5269,식,栻,점치는기구 식,10,점치는 기구. 나무이름.,木,215,
5270,식,拭,씻을 식,10,"씻다, 닦다, 닦아서 깨끗하게 하다.",木,215,옥편 9획
5271,"식,치",埴,찰흙 식/치,11,"찰흙, 진흙, 견고하다, 단단하다. 찰흙 치",土,215,
5272,"식,치",植,심을 식/치,12,"세우다, 번식하다, 자라다, 두다. 심다, 수립하다, 약하다, 식물, 둘 치",木,215,
5273,식,殖,불릴 식,12,"번식하다, 자라다, 늘어나다. 키우다, 세우다, 바르다.",水,215,
5274,식,寔,이 식,12,"진실로, 방치하다. 이, 이것, 참으로, 두다.",木,215,
5275,식,湜,물맑을 식,13,"물이 맑다, 엄정하다(엄격하고 바르다. 물이 맑아 바닥이 보인다.",水,215,옥편 12획
5276,식,軾,수레앞턱가로나무 식,13,절하다. 수레 앞턱 가로나무.,火,216,
5277,식,媳,며느리 식,13,며느리.,土,216,
5278,"식,칙",飾,꾸밀 식/칙,14,"단장하다, 씻다, 경계하다, 꾸미다. 경계할 칙",水,216,
5279,식,熄,불꺼질 식,14,"없어지다, 그치다, 소멸하다, 멎다. 불이 꺼지다, 불 묻어두다, 망하다.",火,216,
5280,식,蝕,일식 식,15,"일식, 월식, 좀먹다.",水,216,
5281,식,簽,이름 식,15,"사람이름, 대밥통.",木,216,
5282,"식,통",篒,대나무로 만든 통 식,15,"대나무로 만든 통(특히 밥을 담는 용기). 대나무로 만든 그릇, 용기의 한 형태",木,,"2024 보완전사(김기승 성명학 9,491자 기준본 대조 추가)"
5283,식,鄎,나라 이름 식,16,땅이름. 나라 이름 식,金,,"2024 보완전사(김기승 성명학 9,491자 기준본 대조 추가); 기준본 음(대표) 필드 오류로 뜻풀이 텍스트에서 재추출함"
5284,"식,지",識,지식 식/지,19,"알다, 지식, 식견, 친분. 적을 지",金,216,
5285,신,申,거듭 신,5,"거듭, 늘이다, 연장시키다. 아홉째지지 신","木,金",216,
5286,신,臣,신하 신,6,"신하, 어떤 것에 종속됨. 백성, 하인, 포로, 어떤것에 종속됨.",火,216,
5287,신,囟,정수리 신,6,"정수리. 숫구멍, 정문.",水,216,
5288,"신,건",身,몸 신/건,7,"몸, 신체, 신분, 나이, 체험하다. 나, 자신, 출신, 몸소, 나라이름 건",火,216,
5289,신,伸,필 신,7,"펼치다, 진술하다, 내밀다, 늘이다. 자다, 사뢰다.",火,216,
5290,"신,진",辰,때 신/진,7,"때, 시각, 기회, 아침, 시대, 하루. 택일, 해, 달, 벼르이 총칭, 별 진",土,216,
5291,신,辛,매울 신,7,"독하다, 괴롭다, 고생하다, 슬프다. 살생하다, 허물, 큰 죄, 새 것.",金,216,
5292,신,汛,넘칠 신,7,"넘치다, 뿌리다, 바닷물 조수.",水,216,옥편 6획
5293,신,弞,싱긋 웃을 신,7,생긋웃을. 싱긋 웃을 신,金,,"2024 보완전사(김기승 성명학 9,491자 기준본 대조 추가); 기준본 음(대표) 필드 오류로 뜻풀이 텍스트에서 재추출함"
5294,신,侁,걷는 모양 신,8,"걷는 모양, 떼지어 가다, 많은 모양. (말들이)앞다투는 모양.",火,216,
5295,신,呻,읊조릴 신,8,"읊조리다, 웅얼거리다. 앓는 소리를 내다.",水,216,
5296,신,信,믿을 신,9,"맡기다, 성실하다, 확실하다, 알다. 믿다, 신임하다, 마음대로 하다.",火,216,
5297,"신,선",姺,걷을 신/선,9,"걷다. 가다, 걷는 모양, 비트적거리는 모양, 옷날리는 모양 선",土,216,
5298,신,矧,하물며 신,9,"잇몸, 하물며. 치은.",金,216,
5299,신,哂,웃을 신,9,"웃다, 미소짓다, 조롱하여 웃다. 휑뎅그렁하다,",水,216,
5300,신,神,귀신 신,10,"덕이 높은 사람, 해박한 사람. 표정, 신령",木,217,
5301,신,宸,대궐 신,10,"대궐, 집, 하늘, 허공. 처마, 하늘과 땅이 만나는 곳.",木,217,
5302,신,訊,물을 신,10,"말하다, 알리다, 다스리다, 빠르다. 움직이다, 묻다, 나무라다, 간하다.",金,217,
5303,신,娠,아이벨 신,10,"잉태하다, 머금다, 심부름꾼. 아이를 배다, 하인, 마부.",土,217,
5304,신,迅,빠를 신,10,"뛰어넘다, 빠르다, 신속하다.",土,217,옥편 7획
5305,신,甡,모이는 모양 신,10,우글우글할. 모이는 모양 신,金,,"2024 보완전사(김기승 성명학 9,491자 기준본 대조 추가); 기준본 음(대표) 필드 오류로 뜻풀이 텍스트에서 재추출함"
5306,신,紳,띠 신,11,"벼슬아치, 큰 띠.",木,217,
5307,신,晨,새벽 신,11,"새벽, 때. 시일, 진시, 별이름, 새벽을 알리다.",火,217,
5308,"신,진",敒,펼 신,11,다스릴. 펼 신. 다스릴 진,金,,"2024 보완전사(김기승 성명학 9,491자 기준본 대조 추가); 기준본 음(대표) 필드 오류로 뜻풀이 텍스트에서 재추출함"
5309,신,訫,믿을 신,11,信. 믿을 신,金,,"2024 보완전사(김기승 성명학 9,491자 기준본 대조 추가); 기준본 음(대표) 필드 오류로 뜻풀이 텍스트에서 재추출함"
5310,신,兟,나아갈 신,12,나아갈. 나아갈 신,金,,"2024 보완전사(김기승 성명학 9,491자 기준본 대조 추가); 기준본 음(대표) 필드 오류로 뜻풀이 텍스트에서 재추출함"
5311,신,莘,나라이름 신/신,13,"족두리풀, 나라이름, 많다, 길다. 초두머리풀 신",木,217,옥편 11획
5312,신,新,새 신,13,"새로워지다, 개선되다, 나라이름. 새, 새로운, 처음, 새해, 신년.",金,217,
5313,신,脤,제육 신,13,"제육, 재사에 쓸 날고기.",水,217,옥편 11획
5314,"신,진",愼,삼갈 신/진,14,"근신하다, 두려워하다, 따르다. 삼가다, 성의 하나, 땅이름 진",火,217,옥편 13획
5315,신,腎,콩팥 신,14,"콩판, 고환, 불알.",水,217,옥편 12획
5316,"신,진,전",滇,성할 전,14,신. 진. 성할 전. 고을 이름 진,金,,"2024 보완전사(김기승 성명학 9,491자 기준본 대조 추가); 1차 음의 뜻풀이 누락으로 타 음(전)의 훈으로 대표훈음 대체"
5317,신,蜃,큰조개 신,15,"큰 조개, 대합, 이무기",水,217,
5318,"신,이",頣,기를 신/이,15,"보양하다, 기르다, 부리다. 눈 크게 뜨고 보다, 턱 이",火,217,
5319,신,鋠,둥근 무쇠 신,15,둥근무쇠. 둥근 무쇠 신,金,,"2024 보완전사(김기승 성명학 9,491자 기준본 대조 추가); 기준본 음(대표) 필드 오류로 뜻풀이 텍스트에서 재추출함"
5320,신,駪,많을 신,16,(말이)많다. (말이)많은 모양.,火,217,
5321,"신,화,쇄",燊,성할 신,16,불탈. 성할 신. 성할 화. 성할 쇄,金,,"2024 보완전사(김기승 성명학 9,491자 기준본 대조 추가); 기준본 음(대표) 필드 오류로 뜻풀이 텍스트에서 재추출함"
5322,신,燼,불탄끝 신,18,"불타다, 태우다. 땔나무, 불똥, 유민. 불탄 끝, 깜부기불(타다가 남은 것)",火,217,
5323,신,璶,옥돌 신,19,옥돌.,金,217,옥편 18획
5324,신,薪,섶 신,19,"풀, 나무를 하다. (땔감으로)만들다. 섶, 땔감용 나무, 잡초, 봉급,",木,217,옥편 17획
5325,"신,탄",藎,나아갈 신/탄,20,나아가다. 나머지 탄,木,217,옥편 18획
5326,신,賮,보배 신,21,"예물, 보배, 노자, 노수. 전별하다(잔치를 베풀어 작별하다)",金,217,
5327,신,贐,전별할 신,21,전별할. 전별할 신,金,,"2024 보완전사(김기승 성명학 9,491자 기준본 대조 추가); 기준본 음(대표) 필드 오류로 뜻풀이 텍스트에서 재추출함"
5328,"실,일",失,잃을 실/일,5,"떠나다, 잃다, 달아나다, 남기다. 어긋나다, 그르치다, 놓을 일",木,217,
5329,"실,지",実,열매 실/지,8,"재물, 열매, 씨, 종자, 공물, 내용. 바탕, 본질, 녹종, 작록, 이를 지",木,218,
5330,실,室,집 실,9,"가족, 집, 장가들다. 아내, 일가, 몸. 건물, 방, 거실, 거처, 사는 곳, 신체",木,218,
5331,실,悉,깨달을 실,11,"다하다, 깨닫다, 갖추다, 다 알다. 다, 모두, 남김없이, 궁구하다, 펴다",火,218,
5332,"실,지",實,열매 실/지,14,"재물. 열애, 씨, 종자, 재화, 내용. 바탕, 본질, 녹봉, 작록, 이를 지",木,218,
5333,실,蟋,귀뚜라미 실,17,귀뚜라미.,水,218,
5334,심,心,마음 심,4,"가슴, 본성, 뜻, 의지, 중심. 마음, 생각, 영통, 심장, 근본, 중앙.",火,218,
5335,심,伈,두려워할 심,6,두려워할. 두려워할 심,金,,"2024 보완전사(김기승 성명학 9,491자 기준본 대조 추가); 기준본 음(대표) 필드 오류로 뜻풀이 텍스트에서 재추출함"
5336,심,沁,스며들 심,8,"배어들다, 긷다, 스며들다. 더듬어 찾다",水,218,옥편 7획
5337,"심,침",沈,성씨 심/침,8,"잠기다, 가라앉다, 빠지다, 잃다. 오래다, 막히다.",水,218,옥편 7획
5338,심,甚,심할 심,9,"많다, 지나치다, 사납다, 탓하다. 심하다, 깊고 두텁다, 꾸짖다, 참으로",土,218,
5339,심,芯,골풀 심,10,"골풀, 등심초",木,218,옥편 8획
5340,심,尋,찾을 심,12,"높다, 길다, 연구하다, 생각하다. 길다, 캐묻다, 치다, 토벌하다.",木,218,
5341,심,深,깊을 심,12,"많다, 무겁다, 감추다, 심하다. 우성하다, 깊어지다, 짙다.",水,218,옥편 11획
5342,"심,침,담",愖,정성 심,13,믿을. 정성 심. 정성 침. 즐길 담,金,,"2024 보완전사(김기승 성명학 9,491자 기준본 대조 추가); 기준본 음(대표) 필드 오류로 뜻풀이 텍스트에서 재추출함"
5343,심,葚,오디 심,15,오디(뽕나무 열매),木,218,옥편 13획
5344,"심,반",審,살필 심/반,15,"깨닫다, 듣다, 조사하다, 묶다. 살피다, 환히 알다, 빙빙 돌 반",木,218,
5345,심,諗,고할 심,15,고할. 고할 심,金,,"2024 보완전사(김기승 성명학 9,491자 기준본 대조 추가); 기준본 음(대표) 필드 오류로 뜻풀이 텍스트에서 재추출함"
5346,"심,섬",燖,삶을 심/섬,16,"삶다, 데우다, 데치다, 튀기다. 삶을 섬",火,218,
5347,심,諶,참 심,16,"믿다, 참으로. 참.",金,218,
5348,"심,음",潯,물가 심/음,16,"물가, 젖어들다, 연못. 젖어들 음",水,218,옥편 15획
5349,심,鄩,고을 이름 심,18,고을이름. 고을 이름 심,金,,"2024 보완전사(김기승 성명학 9,491자 기준본 대조 추가); 기준본 음(대표) 필드 오류로 뜻풀이 텍스트에서 재추출함"
5350,심,瀋,즙낼 심,19,"즙을 내다. 즙, 성의 하나, 물이름. 성씨 심",水,218,옥편 18획
5351,"심,담",鐔,날밑 심/담,20,"날밑, 칼코등이, 날밑. 날밑 담",金,218,
5352,심,讅,살필 심,22,깨달을. 살필 심,金,,"2024 보완전사(김기승 성명학 9,491자 기준본 대조 추가); 기준본 음(대표) 필드 오류로 뜻풀이 텍스트에서 재추출함"
5353,심,鱏,철갑상어 심,23,철갑상어. 가오리.,水,218,
5354,십,十,열 십,2,"전부, 일체, 완전, 열번. 열, 열배하다.",水,219,
5355,"십,집",什,열사람 십/집,4,"열 집, 여러가지, 열 사람. 세간 집",火,219,
5356,"십,습,겁,섭",拾,"열 십/습,겁,섭",10,"거두다, 줍다, 모으다, 바꾸다. 주을 습, 바꿀 겁, 오를 섭",木,219,옥편 9획
5357,쌍,双,두 쌍,4,"견주다, 비견하다, 짝수, 둘. 서로 짝짓다, 쌍 쌍",水,219,
5358,쌍,雙,두 쌍,18,"견주다, 비견하다, 서로 짝짓다. 짝수, 한쌍, 쌍 쌍",火,219,
5359,"씨,지",氏,각시 씨/지,4,"무너지다, 존칭. 성씨 씨, 나라이름 지",火,219,
5360,아,丫,가닥 아,3,"가장귀(나뭇가지의 갈라진 부분) 가닥, 총각, 포크.","木,土",219,
5361,아,牙,어금니 아,4,"깨물다, 싹트다, 곧지 아니하다. 어금니, 대장기, 관아, 바퀴의 태.",金,219,
5362,아,襾,덮을 아,6,덮을. 덮을 아,土,,"2024 보완전사(김기승 성명학 9,491자 기준본 대조 추가); 기준본 음(대표) 필드 오류로 뜻풀이 텍스트에서 재추출함"
5363,"아,예",兒,아이 아/예,7,"연약하다, 악소하다, 젊은 남자. 아이, 다시난이 예","木,水",219,
5364,"아,압",亞,버금 아/압,7,"다음가는 자리. 버금, 아세아의 준말. 곱사등이, 무리, 아귀, 누를 압",火,219,
5365,아,我,나 아,7,"아집을 부리다, 굶주리다, 외고집. 나, 우리, 나의.",金,219,
5366,아,亜,버금 아,7,"버금(차선의 위치, 부차적). 접두사적으로 ‘준, 아류, 하위’를 나타냄(차등, 하위의 뜻)",火,,"2024 보완전사(김기승 성명학 9,491자 기준본 대조 추가)"
5367,아,児,어린아이 아,7,"어린아이(아동). 자녀, 후손을 가리키는 말 또는 어린 상태를 나타냄",木,,"2024 보완전사(김기승 성명학 9,491자 기준본 대조 추가)"
5368,"아,야",枒,"가장귀 아,야",8,"나뭇가지, 야자나무",木,219,
5369,"아,하",拐,지휘할 아/하,8,"고달프다, 지치다, 비비다, 누르다. 지휘하다, 지휘할 하",木,219,옥편 7획
5370,"아,예",兒,아이 아/예,8,"연약하다, 약소하다, 아기, 젖먹이. 다시난이 예","木,水",219,
5371,"아,압",亞,버금 아/압,8,"다음가는 자리. 버금, 아세아의 준말. 곱사등이, 무리, 아귀, 누를 압",火,219,
5372,아,娿,여자스승 아,8,여자스승,土,219,
5373,아,妸,아름다울 아,8,아름답다. 여자의 자.,土,219,
5374,아,妿,여자 스승 아,8,"여자 스승(여성을 가르치는 사람으로서의 호칭). 여성 교사, 여성 지도자 등을 이르는 말(직업, 호칭)",土,,"2024 보완전사(김기승 성명학 9,491자 기준본 대조 추가)"
5375,아,俄,아까 아,9,"높다, 높게하다, 갑자기, 잠시. 아까, 기울다, 러시아.",火,219,
5376,아,玡,옥 같은 뼈 아,9,땅이름. 옥 같은 뼈 아,土,,"2024 보완전사(김기승 성명학 9,491자 기준본 대조 추가); 기준본 음(대표) 필드 오류로 뜻풀이 텍스트에서 재추출함"
5377,아,芽,싹 아,10,"처음, 비롯하다, 트다, 보이다.",木,219,옥편 8획
5378,아,笌,대순 아,10,대순. 죽순.,木,219,
5379,아,峨,높을 아,10,"위엄있다, 높게하다, 높다, 산이름. 위의가 당당하다, 메, 재, 높은 재.",土,219,
5380,아,娥,예쁠 아,10,"아름답다, 예쁘다. 여자의 자, 미녀, 미인, 항아.",土,220,
5381,아,峨,높을 아,10,"위엄있다, 높게하다, 높다, 산이름. 위의가 당당하다, 메, 재, 높은 재",土,220,
5382,아,哦,읊조릴 아,10,읊조리다. 성오의 감탄사.,水,220,
5383,아,疴,병 아,10,"병, 입 앓이. 질병, 경기.",水,220,
5384,아,峩,우뚝 솟을 아,10,"우뚝 솟다(가파르고 높은 절벽, 봉우리를 이룸). 위엄이나 엄숙함을 지닌 모양(당당함)",土,,"2024 보완전사(김기승 성명학 9,491자 기준본 대조 추가)"
5385,아,婀,아리따울 아,11,"아름답고 날씬한 모양, 머뭇거리다. 아리땁다, 주저하며 결단하지 못하다.",土,220,
5386,아,婭,동서 아,11,"아양떨다, 알랑거리다, 일가. 동서, 버금.",土,220,
5387,아,婹,아리따울 아,11,"아름답고 날씬한 모양, 머뭇거리다. 아리땁다, 주저하며 결단하지 못하다",土,220,
5388,아,迓,마중할 아,11,"영접하다, 맞다, 마중하다. 맞받아치다.",土,220,옥편 8획
5389,아,訝,맞을 아,11,"맞다, 의아하다, 의심하다.",金,220,
5390,"아,액",啞,벙어리 아/액,11,"목이 쉬다, 놀라다, 벙어리. 어린아이의 서투른 말, 웃을 액",水,220,
5391,아,啊,사랑할 아,11,사랑하다. 어조사.,水,220,
5392,아,䋍,가는 비단 아,11,아. 가는 비단 아,土,,"2024 보완전사(김기승 성명학 9,491자 기준본 대조 추가)"
5393,아,孲,어린아이 아,11,갓난아기. 어린아이 아,土,,"2024 보완전사(김기승 성명학 9,491자 기준본 대조 추가); 기준본 음(대표) 필드 오류로 뜻풀이 텍스트에서 재추출함"
5394,아,椏,가장귀질 아,12,가장귀(나뭇가지의 잘라진 부분). 나뭇가지의 아귀.,木,220,
5395,아,雅,맑을 아,12,"우아하다, 아름답다, 고상하다, 크다. 바르다, 맑다, 맞다, 바를 아",火,220,
5396,"아,의,위",猗,"부드러울 아/의,위",12,"의지하다, 보태다, 더하다, 부드럽다. 불깐 개 의, 고분고분할 위.",土,220,옥편 11획
5397,아,硪,바위 아,12,"산이 높다. 돌로 땅을 다지다. 바위, 산이 높은 모양.",金,220,
5398,아,砑,갈 아,12,"으깨다, 갈다, 빛나는 돌. 맷돌, 빛나는 돌, 인두.",金,220,
5399,아,皒,흰빛 아,12,"희다, 흰색. 흰빛.",金,220,
5400,아,莪,쑥 아,13,"쑥. 지칭개, 약초이름.",木,220,옥편 11획
5401,"아,어",衙,마을 아/어,13,"대궐, 모이다. 마을, 관청, 관아. 소리의 형용, 참알하다, 갈 어",火,220,
5402,"아,옥",阿,언덕 아/옥,13,"언덕. 고개, 구릉, 물가, 기슭, 집. 대답하는 소리, 모퉁이, 호칭 옥",土,220,옥편 8획
5403,"아,의",蛾,나방 아/의,13,"예쁜 눈썹, 갑자기, 눈썹. 목이버섯. 나방, 누에나방, 개미, 개미 의",水,221,
5404,아,䄉,제사 이름 아,13,아. 제사 이름 아. 예쁠 아,土,,"2024 보완전사(김기승 성명학 9,491자 기준본 대조 추가)"
5405,"아,가",鈳,노구솥 아,13,작은가마. 노구솥 아. 니오븀 가,土,,"2024 보완전사(김기승 성명학 9,491자 기준본 대조 추가); 기준본 음(대표) 필드 오류로 뜻풀이 텍스트에서 재추출함"
5406,아,誐,좋을 아,14,간사할. 좋을 아,土,,"2024 보완전사(김기승 성명학 9,491자 기준본 대조 추가); 기준본 음(대표) 필드 오류로 뜻풀이 텍스트에서 재추출함"
5407,아,鴉,갈까마귀 아,15,"검다, 갈까마귀. 큰부리 까마귀",火,221,
5408,아,錏,경개 아,16,"투구 목가리개. 경개, (강철을)부드럽게 하다.",金,221,
5409,아,餓,주릴 아,16,"굶주리다, 곪다, 주리다. 배고프다.",水,221,
5410,아,鵝,거위 아,18,거위. 군진의 이름.,火,221,
5411,아,鵞,거위 아,18,거위. 군진의 이름.,火,221,
5412,악,岳,큰 산 악,8,"높은 산, 우뚝 솟다. 큰산, 긴뿔모양, 제후, 대신, 조종.",土,221,
5413,악,咢,바른말 악,9,"바른말 하다, 관 높은 모양, 놀라다. 시끄럽게 다투다. 북치다, 곧은 말하다",水,221,
5414,악,偓,신선 악,11,"악착하다, 신선 이름. 물 뜨는 그릇, 성의 하나,",火,221,
5415,악,鄂,위턱 악,11,위턱.,木,221,
5416,"악,성",堊,거룩할 악/성,11,"거룩하다, 성닌, 희게 칠하다, 백토. 흰 흙, 고운빛의 흙, 색흙, 성인 성",土,221,
5417,악,卾,위턱 악,11,위턱. 상악(입 위쪽의 턱 부분을 이르는 해부학적 용어),火,,"2024 보완전사(김기승 성명학 9,491자 기준본 대조 추가)"
5418,악,幄,휘장 악,12,"장막. 휘장, 군막. 막을 쳐 놓은 곳.",木,221,
5419,"악,오",惡,악할 악/오,12,"추하다, 나쁘다, 더럽다, 병들다. 악하다, 못생기다, 미워할 오",火,221,
5420,악,愕,놀랄 악,13,"곧은 말을 하다, 놀라다, 갑자기. 깜짝 놀라다, 바른말하다, 곧은 마하다",火,221,옥편 12획
5421,"악,옥",握,질 악/옥,13,"주먹, 쥐다, 작다, 악착스럽다. 작을 옥",木,221,옥편 12획
5422,"악,락,낙,요",樂,"노래 악/락,낙,요",13,"즐거워하다, 편안하다, 연주하다. 풍년, 즐길 락(낙), 좋아할 요",木,221,
5423,"악,우",渥,윤기날 악/우,13,"은혜를 입다, 윤기가 나다, 진하다. 극진하다, 붉다, 적시다.",水,221,옥편 12획
5424,"악,옥",喔,닭이울 악/옥,13,"닭이 울다, 이악하다, 선웃음치다. 닭소리, 억지로 아첨하여 웃음, 꽝소리 옥",水,221,
5425,"악,락",樂,"풍류 악,락",15,"풍류, 노래, 음악, 악기",木,221,
5426,악,腭,잇몸 악,15,"잇몸. 치은, 입천장.",水,221,옥편 13획
5427,악,覨,오래살 악,16,"오래 살다. 오래 보다, 응시하다.",火,221,
5428,악,諤,곧은말할 악,16,곧은 말하다. 기탄없이 바른말 하다.,金,222,
5429,악,詻,엄숙할 악,16,"엄숙하다, 순박하다, 놀라다. 경악하다, 엄숙한 모양.",水,222,
5430,악,噩,깜짝 놀랄 악,16,깜짝 놀라다(문어적). 불길하거나 흉한 상태를 이르는 말(고사적 용법),水,,"2024 보완전사(김기승 성명학 9,491자 기준본 대조 추가)"
5431,악,嶽,큰 산 악,17,"높은 산, 우뚝 솟다. 큰산, 긴뿔모양, 제후, 대신, 조종.",土,222,
5432,악,鍔,높을 악,17,"높은 모양, 가장자리, 칼등. 칼날, 칼끝, 창날, 땅 끝.",金,222,
5433,악,萼,꽃받침 악,18,꽃받침,木,222,옥편 16획
5434,악,顎,엄숙할 악,18,"엄하다, 근엄하다, 엄숙히 공경하다. 턱, 얼굴이 높은 모양, 얼굴이 높다.",火,222,
5435,악,鰐,악어 악,20,악어,水,222,
5436,악,鶚,물수리 악,20,"물수리(수릿과의 새). 저구(물수리), 징경이(물수리)",火,222,
5437,악,齶,잇몸 악,24,"잇몸. 치은, 입천장",金,222,
5438,악,齷,잡을 악,24,"악착하다, 잡다. 잔달다(하는 짓이 잘고 인색하다)",金,222,
5439,안,安,편안 안,6,"편안하다, 즐기다, 좋아하다. 편안, 안존하다, 즐거움에 빠지다.",木,222,
5440,안,犴,성씨 안,7,"감옥. (오랑캐 땅의)들개. 성의 하나,",土,222,옥편 6획
5441,"안,연",妟,편안할 안,7,편안할. 편안할 안. 해돋이 연,土,,"2024 보완전사(김기승 성명학 9,491자 기준본 대조 추가); 기준본 음(대표) 필드 오류로 뜻풀이 텍스트에서 재추출함"
5442,안,俺,편안할 안,8,"편안하다, 잔치하다, 늦다..",火,222,
5443,안,岸,언덕 안,8,"높은 지위, 높다, 뛰어나다. 오만하다.",土,222,
5444,"안,간",矸,깨끗할 안/간,8,"깨끗하다, 주사, 산의 돌모양. 돌이 희고 깨끗한 모양, 돌, 산돌 간",金,222,
5445,안,侒,편안할 안,8,"편안하다, 안온함을 이룸(安과 유사한 뜻). 사람을 편하게 하거나 안심시키다(동사적, 파생적 용법)",火,,"2024 보완전사(김기승 성명학 9,491자 기준본 대조 추가)"
5446,안,姲,종용할 안,9,종용하다.,土,222,
5447,"안,알",按,생각할 안/알,10,"생각하다, 안도하다, 어루만지다. 잡아당기다, 억누르다, 막을 알",木,222,옥편 9획
5448,안,桉,안석 안,10,"책상. 안석, 유칼립투스.",木,222,
5449,안,晏,늦을 안,10,"편안하다, 온화하다, 곱다, 화락하다. 저물다, 늦다.",火,222,
5450,안,案,책상 안,10,"인도하다, 상고하다, 어루만지다.",土,222,
5451,"안,알",洝,더운 물 안,10,끓인물. 더운 물 안. 젖을 알,土,,"2024 보완전사(김기승 성명학 9,491자 기준본 대조 추가); 기준본 음(대표) 필드 오류로 뜻풀이 텍스트에서 재추출함"
5452,"안,은",眼,눈 안/은,11,"어린 싹, 보다, 만나다, 눈동자. 눈, 구멍, 시력, 요점, 불거질 은.",木,223,
5453,"안,약",嫣,고울 안/약,11,"곱다, 거만하다, 깨닫지 못하다. 깨닫지 못할 약",土,223,
5454,"안,약",婩,고울 안,11,고울 안. 깨닫지 못할 약,土,,"2024 보완전사(김기승 성명학 9,491자 기준본 대조 추가)"
5455,안,雁,기러기 안,12,"가을, 기러기. 가짜, 정처없이 떠돌다.",火,223,
5456,안,鴈,기러기 안,15,"가을, 기러기. 가짜, 정처없이 떠돌다.",火,223,
5457,안,鞍,안장 안,15,안장. 안장 지우다.,金,223,
5458,안,𤎝,불빛 안,16,안. 불빛 안,土,,"2024 보완전사(김기승 성명학 9,491자 기준본 대조 추가)"
5459,안,錌,연한 쇠 안,16,시우쇠. 연한 쇠 안,土,,"2024 보완전사(김기승 성명학 9,491자 기준본 대조 추가); 기준본 음(대표) 필드 오류로 뜻풀이 텍스트에서 재추출함"
5460,안,鮟,아귀 안,17,아귀(아귓과의 바닷물고기). 메기,水,223,
5461,안,顔,낯 안,18,"명예, 체면, 얼굴드러나다, 앞장서다. 나타나다, 앞장서다, 낯, 아면, 얼굴",火,223,
5462,"안,온",饜,배불리먹을 안/온,19,"배불리 먹다, 쉬다. 배불리 먹을 온",水,223,
5463,"안,온",䭓,배부를 안,19,안. 온. 배부를 안. 접대할 온,土,,"2024 보완전사(김기승 성명학 9,491자 기준본 대조 추가)"
5464,알,穵,깊을 알,6,"더듬다, 파다, 뚫다, 깊다, 텅비다. 구멍, 큰 구멍.",水,223,
5465,알,軋,삐걱거릴 알,8,삐걱거리다. 형벌 이름.,火,223,
5466,"알,계",訐,들추어낼 알/계,10,"들추어내다, 비방하다. 거리낌 없이 말할 계",金,223,
5467,알,擖,뽑을 알,13,"(고갱이를)뽑다, 빼다.",木,223,옥편 12획
5468,"알,간",斡,돌 알/간,14,"관리하다, 돌리다, 빙빙돌다. 주장할 간",火,223,
5469,알,嘎,새소리 알,14,"새소리, 깔깔웃다.",水,223,
5470,알,揠,뽑을 알,14,"뽑다(식물 등을 뿌리째 뽑음). 억지로 끌어당기다, 억제, 재촉함의 뜻으로 비유적으로 쓰임(例: 揠苗助長)",木,,"2024 보완전사(김기승 성명학 9,491자 기준본 대조 추가)"
5471,알,頞,콧대 알,15,"콧대. 콧마루, 안장, 짐승이름. 안장을 지우다.",火,223,
5472,알,遏,막을 알,16,"단절하다, 해치다, 저지하다, 막다. 손상시키다, 은폐하다.",土,223,옥편 13획
5473,알,謁,뵐 알,16,"빌다, 여쭈다, 청하다, 고하다. 알리다, 객사, 명함, 중개.",金,223,
5474,"알,연,어",閼,"가로막을 알/연,어",16,"가로막다, 바람이 세다, 그치다. 끝나다, 막히다, 흉노할 연, 한가할 어",木,223,
5475,"알,길",鴶,뻐꾸기 알/길,17,뻐구기. 뻐구기 길,火,223,
5476,"알,찰",㩵,칠 알,24,알. 칠 알. 칠 찰,土,,"2024 보완전사(김기승 성명학 9,491자 기준본 대조 추가)"
5477,암,岩,바위 암,8,"가파르다, 험하다, 높다, 바위. 언덕, 벼랑, 굴, 석굴",土,223,
5478,"암,엄",庵,암자 암/엄,11,"암자, 갑자기, 훌연히. 갑자기 엄","火,木",224,
5479,암,唵,머금을 암,11,"움켜 먹다, 머금다. 자석. 자기(사기그릇), 발어사.",水,224,
5480,"암,엄",晻,어두울 암/엄,12,"침침하다, 어둡다, 음침하다. 약하다, 장맛비, 침침할 엄",火,224,
5481,암,嵓,바위 암,12,"바위, 가파르다, 험하다, 높다. 언덕, 벼랑, 굴, 석굴.",土,224,
5482,"암,엄",婨,머뭇거릴 암/엄,12,"아름답다, 지저귀다, 결단치 못하다. 머뭇거리다, 아름다울 엄",土,224,
5483,암,唵,입다물 암,12,"장꼬대, 다물다. 코 고는 소리.",水,224,
5484,암,啽,잠꼬대 소리 암,12,"잠꼬대 소리, 잠 중에 내는 중얼거림. 작게 중얼거리거나 혀를 굴려 내는 소리의 뜻으로 쓰임",水,,"2024 보완전사(김기승 성명학 9,491자 기준본 대조 추가)"
5485,"암,엄",媕,머뭇거릴 암,12,머뭇거릴 암. 아름다울 엄,土,,"2024 보완전사(김기승 성명학 9,491자 기준본 대조 추가)"
5486,암,嵒,바위 암,12,바위. 바위 암,土,,"2024 보완전사(김기승 성명학 9,491자 기준본 대조 추가); 기준본 음(대표) 필드 오류로 뜻풀이 텍스트에서 재추출함"
5487,암,暗,어두울 암,13,"어리석다, 깊숙하다, 어둡다. 숨기다, 외우다.",火,224,
5488,암,菴,암자 암,14,"암자. 초막, 절, 우거지다.",木,224,옥편 12획
5489,암,葊,암자 암,15,"암자. 초막, 절, 우거지다.",木,224,옥편 13획
5490,암,腤,고기삶을 암,15,"고기를 삶다, 끓이다, 불결하다. 지저분하다.",水,224,옥편 13획
5491,"암,함",頷,끄덕일 암/함,16,"끄덕이다. 턱, 아래턱, 턱 함. 곪어 누렇게 뜬 모양, 부황이 들다.",火,224,
5492,암,諳,외울 암,16,"알다, 깨닫다, 기억하다, 암송하다. 외우다, 글을 외우다, 큰소리",金,224,
5493,암,馣,향기로울 암,17,"향기롭다, 향기. 향기가 강하다.",木,224,
5494,암,菴,암자 암,17,"달리는 모양, 암자. 초막, 호에 붙이는 자.",木,224,옥편 15획
5495,"암,음",闇,숨을 암/음,17,"어둡다, 숨다, 희미하다, 어렴풋하다. 닫힌 문, 방, 여막, 큰물질 음.",木,224,
5496,암,癌,암 암,17,"암, 종기.",水,224,
5497,암,蓭,암자 암,19,"암자(작은 사찰). 작은 초막, 거처(산중의 집)",木,,"2024 보완전사(김기승 성명학 9,491자 기준본 대조 추가)"
5498,암,黯,검을 암,21,"어둡다, 컴컴하다, 슬퍼하다, 검다. 시커멓다, 흐려서 밝지 못한 모양.",水,224,
5499,암,巖,바위 암,23,"바위, 가파르다, 험하다, 높다. 언덕, 벼랑, 굴, 석굴.",土,224,
5500,"압,갑",押,누를 압/갑,9,"누르다, 맞추다, 주관하다. 단속할 갑. 감독하다, 잡다, 잡아가두다.",木,224,옥편 8획
5501,"압,합",狎,익숙할 압/합,9,"편안하다, 익숙하다, 진압하다. 희롱하다, 업신여기다, 익숙할 합.",土,224,옥편 8획
5502,압,鴨,오리 압,16,"오리, 여종. 집오리, 하비.",火,225,
5503,"압,염,엽,녑",壓,"누를 압/염,엽,녑",17,"평정하다, 좁혀지다, 막다, 누르다. 싫어할 염, 숙일 엽, 누를 엽(녑)",土,225,
5504,앙,卬,높을 앙,4,"자신, 위풍당당한 모양, 높은 모양. 고개를 들다, 우러러보다, 기대다.",木,225,
5505,"앙,영",央,가운데 앙/영,5,"요구하다, 온화하다, 넓다, 다하다. 없어지다, 넓은 모양, 선명한 모양 영","木,土",225,
5506,앙,仰,우러를 앙,6,"의지하다, 의뢰하다, 앙모하다. 높다, 머리를 쳐들다.",火,225,
5507,앙,昂,쳐다볼 앙,8,"밝다, 높다, 오르다, 뜻이 높다. 임금의 덕이 높은 모양.",火,225,昻의 本字
5508,앙,枊,말뚝 앙,8,말뚝. 말뚝 앙,土,,"2024 보완전사(김기승 성명학 9,491자 기준본 대조 추가); 기준본 음(대표) 필드 오류로 뜻풀이 텍스트에서 재추출함"
5509,앙,怏,원망할 앙,9,"불만스럽다, 원망하다, 앙심을 먹다.",火,225,옥편 8획
5510,"앙,영",泱,깊을 앙/영,9,"깊다, 넓다, 구름 일다. 구름일 영.",水,225,옥편 8획
5511,앙,殃,재앙 앙,9,"해치다, 괴롭히다. 하늘이 내리는 벌, 재앙.",水,225,
5512,앙,昻,밝을 앙,9,"밝다, 높다, 오르다, 뜻이 높다. 임금의 덕이 높은 모양.",火,225,昂의 俗字
5513,앙,炴,불빛 앙,9,불빛. 불빛 앙,土,,"2024 보완전사(김기승 성명학 9,491자 기준본 대조 추가); 기준본 음(대표) 필드 오류로 뜻풀이 텍스트에서 재추출함"
5514,앙,秧,모 앙,10,"모내기, 심다, 재배하다. 묘목",木,225,
5515,앙,盎,동이 앙,10,"넘치다, 넘쳐흐르다. 동이, 흰빛깔의 술.",金,225,
5516,앙,詇,슬기로울 앙,12,슬기로울. 슬기로울 앙,土,,"2024 보완전사(김기승 성명학 9,491자 기준본 대조 추가); 기준본 음(대표) 필드 오류로 뜻풀이 텍스트에서 재추출함"
5517,앙,鞅,가슴걸이 앙,14,"지다, 원망하다. 가슴걸이.",金,225,
5518,앙,鴦,원앙 앙,16,원앙. 비오리.,火,225,
5519,"애,예",艾,쑥 애/예,8,"예쁘다, 기르다, 다하다, 보답하다.. 미모, 늙다, 다스릴 예",木,225,옥편 6획
5520,애,厓,언덕 애,8,"가장자리, 노려보다, 흘기다. 흘길 애",土,225,
5521,애,哀,슬플 애,9,"슬퍼하다, 가련하다, 슬프다. 가엾다, 불쌍히 여기다, 사랑하다.",水,225,
5522,"애,희",姟,즐겅울 애/희,10,"기뻐하다, 장난치다, 놀다, 여자 종. 희롱하다, 즐거워하다, 희롱할 희",土,225,
5523,애,埃,티끌 애,10,"더러움, 먼지. 티끌.",土,225,
5524,"애,희",唉,대답할 애/희,10,"대답하다, 한탄하다, 묻다. 한탄할 희",水,226,
5525,"애,희",娭,여자 종 애,10,여자 종 애. 계집종 애. 희롱할 희,土,,"2024 보완전사(김기승 성명학 9,491자 기준본 대조 추가)"
5526,애,挨,밀칠 애,11,"다가오다, 가까이 닥치다, 맞대다. 등지다, 밀치다.",木,226,옥편 10획
5527,애,焕,빛날 애,11,"빛나다, 덥다, 불때다. 불이 이글이글하다.",火,226,
5528,애,崖,언덕 애,11,"경계, 모나다, 흘기다. 언덕, 낭떠러지, 모서리, 끝, 지경.",土,226,
5529,애,崕,언덕 애,11,"물가, 모서리, 모나다, 흘기다. 언덕, 벼랑, 낭떠러지, 끝, 지경.",土,226,
5530,"애,예,해",欸,"한숨쉴 애/예,해",11,"탄식하다, 험담하다, 한숨쉬다. 차조, 성난소리 예(해)",金,226,
5531,애,唲,마실 애,11,"물어뜯다, 마시다, 으르렁거리다. 개싸움하다, 개짖는 소리.",水,226,
5532,"애,희",㶼,빛날 애,11,애. 빛날 애. 불길 세찰 희,土,,"2024 보완전사(김기승 성명학 9,491자 기준본 대조 추가)"
5533,애,啀,마실 애,11,마시다(음료나 술을 들이키다). 술자리나 모임에서 음주하며 즐기다(사교적으로 마심),水,,"2024 보완전사(김기승 성명학 9,491자 기준본 대조 추가)"
5534,애,娾,즐거울 애,11,즐거울. 즐거울 애,土,,"2024 보완전사(김기승 성명학 9,491자 기준본 대조 추가); 기준본 음(대표) 필드 오류로 뜻풀이 텍스트에서 재추출함"
5535,애,捱,막을 애,12,"늙어지다, 막다.",木,226,옥편 11획
5536,애,涯,헤아릴 애,12,"단속하다, 헤아리다, 가늠하다. 끝, 한계",水,226,옥편 11획
5537,애,睚,눈초리 애,13,"흘겨보다, 노려보다, 쳐다보다. 눈초리",木,226,
5538,애,愛,사랑 애,13,"사랑하다, 그리워하다, 인정, 사랑. 자애, 사랑하는 대상, 물욕, 탐욕.",火,226,
5539,"애,의",碍,거리낄 애/의,13,"장애가 되다, 방해하다, 거북하다. 막다, 그치다, 해치다. 푸른돌 의",金,226,
5540,애,獃,어리석을 애,14,"어리석다, 못생기다. 우두커니 서 있다.",土,226,
5541,"애,촉",敱,다스릴 애,14,다스림이있를. 다스릴 애. 칠 촉,土,,"2024 보완전사(김기승 성명학 9,491자 기준본 대조 추가); 기준본 음(대표) 필드 오류로 뜻풀이 텍스트에서 재추출함"
5542,애,僾,어렴풋할 애,15,"어렴풋하다, 흐느껴 울다, 숨다. 방불하다.",火,226,
5543,"애,의",皚,흴 애/의,15,"희다, 서리 눈빛이 희다. 서리 눈빛 흴 의",金,226,
5544,"애,외,마,개",磑,"맷돌 애/외,마,개",15,"견고한 모양, 단단하다, 쌓다. 단단할 애, 쌓을 외, 갈 마, 들어맞을 개",金,226,
5545,애,睚,사람이름 애,15,사람이름.,金,226,
5546,애,濭,물가 애,15,"단속하다, 헤아리다, 물가, 한계. 근처, 끝, 어느 곳, 잡도리하다.",水,226,옥편 14획
5547,애,䝽,사람 이름 애,15,애. 사람 이름 애,土,,"2024 보완전사(김기승 성명학 9,491자 기준본 대조 추가)"
5548,애,噯,숨 애,16,"더운 기운, 숨. 트림, 어머니.",水,226,
5549,애,漄,물가 애,16,"물가, 강가. 얕은 여울이나 물결이 이는 장소",水,,"2024 보완전사(김기승 성명학 9,491자 기준본 대조 추가)"
5550,애,曖,희미할 애,17,"희미하다, 흐리다, 가리워지다. 어두운 모양. 정성이 들여져 있는 모양.",火,226,
5551,"애,사",駭,어리석을 애/사,17,"어리석다, 달리다, 나가다. (짐승이)가는 모양, 달릴 사",火,227,
5552,"애,사",騃,어리석을 애,17,어리석을 애. 달릴 사,火,,"2024 보완전사(김기승 성명학 9,491자 기준본 대조 추가)"
5553,애,曖,가릴 애,18,"희미하다, 흐릿하다, 숨다, 가리다.",木,227,
5554,"애,액",隘,좁을 애/액,18,"가득차다, 막다, 곤궁하다, 좁다. 제한하다, 저지하다, 막을 액",土,227,옥편 13획
5555,애,瞹,가릴 애,18,"가리다, 숨기다. (시야를) 차단하거나 덮어 보이지 않게 하다",木,,"2024 보완전사(김기승 성명학 9,491자 기준본 대조 추가)"
5556,애,璦,아름다운 옥 애,18,옥이름. 아름다운 옥 애,土,,"2024 보완전사(김기승 성명학 9,491자 기준본 대조 추가); 기준본 음(대표) 필드 오류로 뜻풀이 텍스트에서 재추출함"
5557,애,薆,우거질 애,19,"향기롭다, 숨기다, 가리다, 숨다.",木,227,옥편 17획
5558,"애,의",礙,거리낄 애/의,19,"방해하다, 거북하다, 막다, 해치다. 푸른돌 의",金,227,
5559,애,譪,우거질 애,19,힘다할. 우거질 애,土,,"2024 보완전사(김기승 성명학 9,491자 기준본 대조 추가); 기준본 음(대표) 필드 오류로 뜻풀이 텍스트에서 재추출함"
5560,애,藹,우거질 애,22,"윤택하다, 온화하다, 우거지다. 부지런히 일하다.",木,227,옥편 20획
5561,애,靄,아지랑이 애,24,"아지랑이, 자욱하다, 휩싸이다.",水,227,
5562,"애,의",靉,구름낄 애/의,25,"모호하다, 구름끼다. 돋보기. 구름이 많이 낀 모양, 구름낄 의",水,227,
5563,액,厄,액 액,4,"해치다, 핍박하다, 고생하다. 불행한 일",水,227,
5564,액,戹,좁을 액,5,"고생하다, 협소하다, 좁다. 재앙, 재난, 재앙 액",木,227,
5565,액,抲,잡을 액,8,"가지다, 움켜쥐다, 잡다.",木,227,옥편 7획
5566,"액,애",呝,닭소리 액/애,8,"재채기하다, 닭소리, 딸꾹질. 닭소리, 울다, 딸꾹질 애.",水,227,
5567,액,扼,잡을 액,9,잡을 액. 누를 액,木,,"2024 보완전사(김기승 성명학 9,491자 기준본 대조 추가)"
5568,액,掖,겨드랑이 액,12,"끼우다, 부축하다, 곁에서 도와주다. 겨드랑이",木,227,옥편 11획
5569,"액,애",阨,막힐 액/애,12,"곤궁하다, 막아서 지키다, 좁다. 막히다, 길험할 애.",土,227,옥편 7획
5570,"액,석",液,진 액/석,12,"녹다, 담그다, 흩어지다, 겨드랑이. 담글 석",水,227,옥편 11획
5571,액,搤,조를 액,14,"막다, 움켜잡다, 쥐다, 조르다.",木,227,옥편 13획
5572,액,腋,겨드랑이 액,14,겨드랑이.,水,227,옥편 12획
5573,액,縊,목맬 액,16,목매다. 목을 졸라 죽이다.,木,227,
5574,액,額,이마 액,18,"이마. 머릿수, 수효, 수량, 현판. 일정한 액수, 한도.",火,227,
5575,"앵,영",嫈,새색시 앵/영,13,"아름답다, 소심하다, 새색시 영. 수줍어 하는 모양, 나라이름.",土,227,
5576,앵,罃,물동이 앵,16,"물동이. 물독, 술단지, 양병.",土,228,
5577,앵,罌,항아리 앵,20,"양병(배가 부르고 목이 좁고 짧은 오지병), 항아리",土,228,
5578,앵,嚶,새지저귈 앵,20,"새소리, 울다, 방울소리, 외마딧소리. 새 지저귀다, 말이 우는 소리",水,228,
5579,앵,櫻,앵두 앵,21,"앵두나무. 앵두, 벚나무, 벚꽃.",木,228,
5580,앵,鶯,꾀꼬리 앵,21,"꾀꼬리, 깃이 아름답다. 휘파람새, 무늬, 아름다운 모양.",火,228,
5581,앵,鸎,꾀꼬리 앵,25,꾀꼬리. 꾀꼬리 앵,土,,"2024 보완전사(김기승 성명학 9,491자 기준본 대조 추가); 기준본 음(대표) 필드 오류로 뜻풀이 텍스트에서 재추출함"
5582,앵,鸚,앵무새 앵,28,앵무새. 앵무조개.,火,228,
5583,"야,이",也,잇기 야/이,3,"잇기, 또한, 역시, 딴, 다른, 잇달다. 어조사 야, 잇달을 이","木,金",228,
5584,야,冶,풀무 야,7,"풀무, 불리다, 단련하다, 대장장이. 용광로, 대장간, 들, 초야,",水,228,
5585,"야,액",夜,밤 야/액,8,"휴식하다, 어두워지다, 밤, 한밤중. 저녁무렵, 새벽녁, 고을이름 액",水,228,
5586,"야,사",耶,어조사 야/사,9,"그런가, 아버지, 예수, 간사하다. 야소교, 사특하다, 간사할 사",火,228,
5587,"야,여,서",野,"들 야/여,서",11,"질박하다, 들, 들판, 민간, 문밖, 마을. 변두리 여, 농막 서",土,228,
5588,"야,약",若,반야 야/약,11,"반야, 이와같다, 어리다, 성의 하나. 난야(사찰), 같을 약",木,228,옥편 9획
5589,야,挪,여유할 야,11,"놀리다, 조롱하다, 야유하다. 희롱지거리하다, 나머지.",木,228,옥편 10획
5590,야,倻,가야 야,11,"가야, 땅이름. 나라이름.",火,228,
5591,"야,여,서",埜,"들 야/여,서",11,"들판, 질박하다, 마을, 시골, 구역. 변두리 여, 농막 서",土,228,
5592,야,琊,땅 이름 야,11,고을이름. 땅 이름 야,土,,"2024 보완전사(김기승 성명학 9,491자 기준본 대조 추가); 기준본 음(대표) 필드 오류로 뜻풀이 텍스트에서 재추출함"
5593,야,捓,야유할 야,12,"야유하다(비웃고 조롱하다). 조롱 섞인 언사나 몸짓으로 꾸짖거나 놀리다(경멸적, 조롱적 표현)",木,,"2024 보완전사(김기승 성명학 9,491자 기준본 대조 추가)"
5594,야,爺,아버지 야,13,"아버지. 아비, 늙으신네, 남자의 존칭. 아비 야",木,228,
5595,야,椰,야자나무 야,13,"야자나무. 야자, 무릇.",木,228,
5596,야,揶,여유할 야,13,"놀리다, 조롱하다, 야유하다. 희롱지거리하다.",木,228,옥편 12획
5597,야,惹,이끌 야,13,"이끌다, 비방하다, 흐트러지다, 끼다. 부르다, 가볍다.",火,228,
5598,"약,요,적",約,"맺을 약/요,적",9,"약속하다, 묶다, 갖추다, 멈추다. 인색하다. 부질 요, 기러기발 적.",木,228,
5599,약,弱,약할 약,10,"날씬하다, 약해지다, 잃다, 패하다. 약하게 만들다, 쇠해지다, 침노하다.","金,木",229,
5600,"약,야",若,같을 약/야,11,"쫓다, 같다, 어리다. 반야 야",木,229,옥편 9획
5601,"약,적",葯,꽃밥 약/적,15,"꽃밥, 동여매다. 동여맬 적",木,229,옥편 13획
5602,약,蒻,구약나물 약,16,구약나물. 부들.,木,229,옥편 14획
5603,약,篛,대이름 약,16,대순. 대이름.,木,229,
5604,약,龠,피리 약,17,피리. 작(한 홉의 십분의 일),火,229,
5605,약,鶸,댓닭 약,21,댓닭(닭의 한 품종).,火,229,
5606,"약,삭,략",藥,"약 약/삭,략,약",21,"약초, 약, 구릿대, 작약, 독, 아편. 뜨거울 삭, 간맞출 략(약)",木,229,옥편 19획
5607,"약,삭",爚,빛 약/삭,21,"빛나다, 미혹시키다, 사르다, 녹다. 번개, 빛, 스러지다, 빛 삭.",火,229,
5608,약,禴,봄제사 약,22,"봄 제사, 여름 제사, 종묘의 제사 이름. 불시의 제사, 박하다, 약소하다.",木,229,
5609,약,籥,피리 약,23,"피리(악기의 하나), 뛰다. 열쇠, 쇠채우다, 성의 하나.",木,229,
5610,약,䠯,뽑을 약,24,약. 뽑을 약,土,,"2024 보완전사(김기승 성명학 9,491자 기준본 대조 추가)"
5611,"약,적",躍,뛸 약/적,25,"뛰게 하다, 뛰어 오르다, 뛰다. 빨리 달리다, 빨리 달릴 적",土,229,
5612,약,鑰,자물쇠 약,25,"지키다, 수비하다, 닫다, 들어가다. 자물쇠, 열쇠, 닫아걸다.",金,229,
5613,"양,량",羊,양 양(량),6,"상서롭다, 배회하다. 양.",土,229,
5614,"양,량",良,어질 양(량),7,"아름답다, 훌륭하다, 곧다, 착하다. 길하다, 어질다, 어질 량",土,229,
5615,양,坱,먼지 양,8,"티끌, 끝이 없는 모양, 가득찬 모양. 먼지.",土,225,
5616,"양,량",佯,노닐 양(량),8,"가장하다, 속이다, 기만하다. 거짓, 득의한 모양, 노닐다.",火,229,
5617,"양,량",徉,노닐 양(량),9,"노닐다, 어정거리다, 머뭇거리다. 헤메다, 가장하다, ~인 체하다.",火,230,
5618,"양,량",昜,볕 양(량),9,"남성, 하늘, 태양, 양지, 인간세상. 쉬울 이",火,230,
5619,"양,량",亮,밝을 량(양),9,"밝다, 환하다, 날이 밝다, 빛을 내다. 빛나다 드러나다, 나타나다, 날이 밝다",火,230,
5620,"양,량",俍,어질 량(양),9,"어질다, 좋다, 훌륭하다, 아름답다. 착하다, 곧다, 길하다, 진실로, 남편.",火,230,
5621,양,羏,착하고 아름다울 양,9,착할. 착하고 아름다울 양,土,,"2024 보완전사(김기승 성명학 9,491자 기준본 대조 추가); 기준본 음(대표) 필드 오류로 뜻풀이 텍스트에서 재추출함"
5622,"양,량",倆,재주 량(양),10,"재주, 솜씨, 재능. 둘, 두 사람.",火,230,
5623,"양,량",恙,병 양(량),10,"근심하다, 걱정하다. 병, 독충, 진드기의 유충.",火,230,
5624,"양,량",烊,구을 양(량),10,"굽다, (쇠를)녹이다.",火,230,
5625,"양,량",凉,서늘할 량(양),10,"서늘하다, 맑다, 깨끗하다, 미쁘다. 진실되다, 돕다, 쓸쓸하다, 외롭다.",水,230,
5626,"양,량",洋,큰 바다 양(량),10,"거센파도, 만족해 하는 모양. 광대하다, 성대하다.",水,230,옥편 9획
5627,"양,량",眧,눈아름다울 양(량),11,"눈 아름답다, 미간, 아름다운 눈. 눈썹사이.",木,230,
5628,"양,량",梁,들보 량(양),11,"들보, 나무다리, 교량, 제방, 둑, 관골. 기장, 다리 놓다, 양 나라, 성씨, 왕조",木,230,
5629,"양,량",悢,슬퍼할 량(양),11,"슬퍼하다, 서러워 하다, 돌보다. 사랑하여 돌보다. 뜻을 얻지 못할 량.",火,230,옥편 10획
5630,"양,량",痒,가려울 량(양),11,"가렵다, 근지럽다, 넓다, 종기. 병, 유유한 모양.",水,230,
5631,양,眻,눈이 아름다울 양,11,눈이 아름답다(눈매나 눈빛이 곱다). 맑고 또렷한 눈빛이나 표정(눈으로 드러나는 아름다움),木,,"2024 보완전사(김기승 성명학 9,491자 기준본 대조 추가)"
5632,양,羕,강 길 양,11,물이길. 강 길 양,土,,"2024 보완전사(김기승 성명학 9,491자 기준본 대조 추가); 기준본 음(대표) 필드 오류로 뜻풀이 텍스트에서 재추출함"
5633,"양,량",椋,푸조나무 량(양),12,푸조나무(느릅나뭇과의 상록교목),木,230,
5634,"양,량",量,헤아릴 량(양),12,"헤아리다, 추측하다, 가득차다, 달다. 양, 분량, 용기, 용적, 성격, 재능, 도",火,230,
5635,"양,량",涼,서늘할 량(양),12,"서늘하다, 맑다, 깨끗하다, 미쁘다. 진실되다, 돕다, 쓸쓸하다, 외롭다.",水,230,옥편 11획
5636,"양,량",喨,맑을 량(양),12,"소리가 맑다, 맑은 소리.",水,230,
5637,"양,량",粮,양식 량(양),13,"양식, 먹이, 급여, 구실.",木,230,
5638,"양,량",粱,곡식 량(양),13,"좋은 곡식, 기장, 조.",木,230,
5639,"양,량",揚,칭찬할 양(량),13,"칭찬하다, 밝히다, 쳐들다. 날리다, 드러나다, 오르다, 알려지다.",木,230,옥편 12획
5640,"양,량",楊,버들 양(량),13,"버들, 버드나무. 갯버들, 성의 하나.",木,231,
5641,"양,량",暘,밝을 양(량),13,"밝다, 환하다, 말리다, 해돋이.",火,231,
5642,"양,량",煬,비출 양(량),13,"태우다, 세차다, 활활 때다, 쬐다. 밝게 비추다, 가리다.",火,231,
5643,"양,량",敭,오를 양(량),13,"칭찬하다, 나타나다, 쳐들다. 밝히다, 누그러지다, 오르다.",金,231,
5644,"양,상",樣,모양 양/상,15,"본보기, 태도, 격식, 모양. 상수리나무 상.",木,185,
5645,"양,량",養,기를 양(량),15,"기르다, 먹이다, 봉양하다. 수양하다, 가르치다, 맡다.",水,231,
5646,"양,량",輬,수레 양(량),16,"상여, 수레",火,231,
5647,양,輰,수레와 관련된 물건 또는 수레를 가리키는 옛말 양,16,수레와 관련된 물건 또는 수레를 가리키는 옛말(고대어). 문헌에서 수레를 뜻하거나 수레와 연관된 용어로 쓰임,火,,"2024 보완전사(김기승 성명학 9,491자 기준본 대조 추가)"
5648,양,諹,칭찬할 양,16,칭찬할. 칭찬할 양,土,,"2024 보완전사(김기승 성명학 9,491자 기준본 대조 추가); 기준본 음(대표) 필드 오류로 뜻풀이 텍스트에서 재추출함"
5649,"양,량",襄,도울 양(량),17,"돕다, 옮기다, 오르다, 치우다. 이루다, 높다, 탈것.",木,231,
5650,"양,량",陽,볕 양(량),17,"볕, 양지, 해, 태양, 한낮, 양기. 남성, 하늘, 인간세상, 음력시월.","土,火",231,옥편 12획
5651,양,鍚,당노 양,17,당로. 당노 양,土,,"2024 보완전사(김기승 성명학 9,491자 기준본 대조 추가); 기준본 음(대표) 필드 오류로 뜻풀이 텍스트에서 재추출함"
5652,"양,량",颺,날릴 양(량),18,"높이다, 버리다, 풍채가 빼어나다. (바람에)날리다, 날다, 나타나다.",木,231,
5653,양,懩,바랄 양,18,맘가려울. 바랄 양. 가려울 양,土,,"2024 보완전사(김기승 성명학 9,491자 기준본 대조 추가); 기준본 음(대표) 필드 오류로 뜻풀이 텍스트에서 재추출함"
5654,"양,량",瀁,넓을 양(량),19,"넓다, 물이 넘치는 모양. 내 이름, 물 이름.",水,231,옥편 18획
5655,"양,량",壤,흙덩이 양(량),20,"풍년들다, 상하다, 어지럽다, 빼앗다. 흙덩이, 부드러운 흙, 경작지, 국토",土,231,
5656,"양,량,냥",孃,아가씨 양(량)/냥,20,"아가씨. 여자아이, 어머니. 아가씨 냥",土,232,
5657,"양,량",癢,치장할 양(량),20,"넓다, 꾸미다, 근지럽다, 가렵다. 치장하다, 옷자락, 종기, 병, 질병.",水,232,
5658,"양,량",攘,물리칠 양(량),21,"물리치다, 제거하다, 없애다. 침탈하다, 어지러울 녕(영)",木,232,옥편 20획
5659,"양,량",瀼,물흐를 양(량),21,"흐르다, 물 흐르는 모양. 이슬이 많이 내린 모양, 흐를 낭",水,232,옥편 20획
5660,"양,량",禳,물리칠 양(량),22,"물리치다, 제사이름. 물리칠 양",木,232,
5661,"양,량",穰,넉넉할 양(량),22,"풍년, 넉넉하다, 풍성하다. 짚, 풍년들다.",木,232,
5662,"양,량",蘘,양하 양(량),23,"풀 이름, 갠드라미. 양하(생강과에 속하는 숙근초)",木,232,옥편 21획
5663,"양,량",讓,겸손할 양(량),24,"양보하다, 겸손하다, 넘겨주다. 사양하다, 꾸짖다.",金,232,
5664,"양,량",釀,술빚을 양(량),24,"양조하다, 점차생기다, 술을 빚다. 조성해 내다, 술.",金,232,
5665,"양,량",鑲,끼울 양(량),25,"끼우다, 가선 두르다. 거푸집 속, 쇠갈고리, 병기이름.",金,232,
5666,"양,량",驤,머리들 양(량),27,"빠르다, 뛰다, 달리다. 머리들다, 오른쪽 뒷발이 흰 말.",火,232,
5667,"어,오",於,어조사 어/오,8,"의지하다, 따르다, 가다, 존재하다. 기대다, 있다, 탄식하다, 탄식할 오",土,232,
5668,어,圄,옥 어,10,"지키다, 가두다. 옥, 감옥, 말 기르는 사람.",水,232,
5669,"어,아",御,거느릴 어/아,11,"통솔하다, 거느리다, 다스리다. 짐승을 길들이다, 막을 어, 맞을 아",火,232,
5670,어,唹,고요히웃을 어,11,고요히 웃다.,水,232,
5671,어,圉,마부 어,11,"마부. 악기의 이름, 몸이 괴로운 모양. 마구간, 국경, 변경, 옥, 감옥.",水,232,
5672,어,魚,물고기 어,11,"물고기. 물에 빠져 죽다. 말이름, 별이름, 고기잡이 하다.",水,232,
5673,어,敔,막을 어,11,막다. 악기 이름.,金,232,
5674,어,馭,말부릴 어,12,"말을 부리다. 타는 것, 마부, 말을 부리는 방법, 말이거.",火,232,
5675,어,淤,진흙 어,12,"진흙. 앙금, 작은 섬, 실컷 먹다.",水,232,옥편 11획
5676,어,瘀,타박상 어,13,"타박상, 어혈지다, 앓다.",水,233,
5677,어,飫,물릴 어,13,"배부르다, 편안히 먹다, 주다. 물리다, 실컷먹다, 주연, 잔치.",水,233,
5678,어,語,말씀 어,14,"말씀, 이야기, 발표하다, 모의하다. 말, 의논하다, 기뻐하는 모양.",金,233,
5679,어,漁,고기잡을 어,15,"빼앗다, 약탈하다, 사냥하다. 고기잡다, 고기잡이, 어부.",水,233,옥편 14획
5680,어,禦,막을 어,16,"금하다, 멈추다, 방어하다. 올리다, 바치다, 막다, 저항하다.",木,233,
5681,어,齬,어긋날 어,22,"어긋나다, 맞지 않다",金,233,
5682,억,抑,물리칠 억,8,"아름답다, 물리치다, 가라앉다. 억누르다, 속이다, 누르다.",木,233,옥편 7획
5683,억,億,편안할 억,15,"편안하다, 헤아리다, 고구하다. 억, 많은 수, 추측하다, 아(감탄사).",火,233,
5684,억,檍,감탕나무 억,17,창죽나무. 감탕나무.,木,233,
5685,억,憶,생각할 억,17,"추억하다, 잊지않다, 생각하다. 울적해지다, 우울해 하다.",火,233,옥편 16획
5686,"억,의",臆,가슴 억/의,19,"막히다, 억제하다. 가슴, 가슴뼈. 마음, 생각, 단술, 마실 것 의",水,233,옥편 17획
5687,억,纕,끈 억,19,"끈, 줄, 묶다. 술잔 둘레에 박은 무늬, 단 짓다.",木,233,
5688,억,繶,끈 억,19,"끈, 띠(매는 줄). 끈으로 묶다, 매다(동사적 용법)",木,,"2024 보완전사(김기승 성명학 9,491자 기준본 대조 추가)"
5689,"언,은",言,말씀 언/은,7,"말씀, 견해, 의견, 맹세, 호령, 계책. 맹세의 말, 하소연, 화기애애할 은",金,233,
5690,언,彦,선비 언,9,"훌륭한 사람, 크다. 선비.",火,233,
5691,언,彥,선비 언,9,"훌륭한 사람, 크다, 선비.",火,233,
5692,언,匽,휴식할 언,9,"휴식하다, 넘어지다, 눕히다. 쉬다, 도랑(매우 좁고 작은 개울)","水,土",233,
5693,"언,이",焉,어찌 언/이,11,"어찌, 어떻게, 어디에, ~보다, 이에. ~도다, ~그러하다, 오랑캐 이",火,233,
5694,언,偃,쓰러질 언,11,"쓰러지다, 휴식하다, 편안하다. 눕다, 맹랑하다.",火,233,
5695,언,堰,둑 언,12,"둑, 보, (볼름)막다. 방죽, (흐르는 물을)막다.",土,233,
5696,언,嵃,가파를 언,12,산가파를. 가파를 언,土,,"2024 보완전사(김기승 성명학 9,491자 기준본 대조 추가); 기준본 음(대표) 필드 오류로 뜻풀이 텍스트에서 재추출함"
5697,언,傿,고을이름 언,13,고을이름. 신선이름.,火,233,
5698,언,嫣,아름다울 언,14,"아름답다, 잇닿다, 상긋웃다. 연하다, 아름다운 모양.",土,233,
5699,언,嘕,즐길 언,14,기꺼워할. 즐길 언,土,,"2024 보완전사(김기승 성명학 9,491자 기준본 대조 추가); 기준본 음(대표) 필드 오류로 뜻풀이 텍스트에서 재추출함"
5700,언,郾,고을 이름 언,15,나라이름. 고을 이름 언,土,,"2024 보완전사(김기승 성명학 9,491자 기준본 대조 추가); 기준본 음(대표) 필드 오류로 뜻풀이 텍스트에서 재추출함"
5701,언,漹,강 이름 언,15,물이름. 강 이름 언,土,,"2024 보완전사(김기승 성명학 9,491자 기준본 대조 추가); 기준본 음(대표) 필드 오류로 뜻풀이 텍스트에서 재추출함"
5702,"언,은",㥼,생각할 언,15,언. 은. 그칠 은. 생각할 언,土,,"2024 보완전사(김기승 성명학 9,491자 기준본 대조 추가)"
5703,"언,안",諺,언문 언/안,16,"언문, 상말, 자랑하다, 조문하다. 강하고 억세다, 속담 언, 자랑할 언",金,234,
5704,언,鄢,고을이름 언,18,"고을이름, 신선이름.",土,234,옥편 14획
5705,언,鶠,봉새 언,20,봄새. 봉새 언,土,,"2024 보완전사(김기승 성명학 9,491자 기준본 대조 추가); 기준본 음(대표) 필드 오류로 뜻풀이 텍스트에서 재추출함"
5706,언,鼴,두더지 언,22,두더지. 큰 쥐.,水,234,
5707,언,鼹,두더지 언,23,두더지. 큰 쥐.,水,234,
5708,"언,얼",讞,평의할 언/얼,27,"묻다, 정직하다, 평의하다. 평의할 얼",金,234,
5709,얼,臬,목표 얼,9,"말뚝, 목표, 한도. 기둥, 과녁, 법, 극한, 위태롭다.",木,234,
5710,"얼,늘",乻,땅이름 얼/늘,9,땅이름. 땅이름 늘,木,234,
5711,얼,孼,서자 얼,18,"꾸미다, 치장하다, 거스름, 서자. 첩의 소생, 천민, 움, 움돋이, 불효.",水,234,
5712,얼,糱,치장할 얼,22,"빚다, 싹트다, 누룩. 곡식에 싹이 자란 것.",木,234,
5713,"얼,벽,폐",蘖,"그루터기 얼/벽,폐",23,"쳐내다, 쓰다, 괴롭다, 허물. 황경나무 벽, 승검초 폐",木,234,옥편 21획
5714,얼,糵,누룩 얼,23,"누룩(곡물을 발효시키는 덩어리). 술, 음식 발효에 쓰이는 효모, 균체(발효를 일으키는 물질)",木,,"2024 보완전사(김기승 성명학 9,491자 기준본 대조 추가)"
5715,얼,蘖,누룩 얼,25,"빚다, 싹트다, 누룩. 곡식에 싹이 자란 것.",木,234,옥편 23획
5716,"엄,광,암",广,"빛날 엄/광,암",3,"집, 마룻대, 넓다, 빛나다, 넓히다. 넓게 되다, 넓을 광, 암자 암",木,234,
5717,엄,奄,위로할 엄,8,"덮다, 가리다, 위로하다, 오래다. 문득, 갑자기, 고자, 환간. 덮어가리다",木,234,
5718,"엄,암",俺,클 엄/암,10,"크다, 어리석다. 나, 자신, 우리들. 나 암",火,234,
5719,엄,崦,산이름 엄,11,"산이름. 피리, 날카로운 소리, 대나무.",土,234,
5720,엄,掩,감쌀 엄,12,"숨기다, 비호하다, 감싸다, 닫다. 가리다, 불의에 차다, 공격하다.",木,234,옥편 11획
5721,엄,淹,머무를 엄,12,"담그다, 머무르다, 적시다. 오래되다.",水,234,옥편 11획
5722,"엄,압",罨,덮을 엄/압,14,"그물질하다. 그물, 덮다, 그물 압",木,234,옥편 13획
5723,"엄,암",醃,절일 엄/암,15,"절이다. 큰비, 김치, 빗소리. 절인 채소, 절인 생선, 절일 암",金,234,
5724,엄,閹,숨길 엄,16,"환관, 고자, 숨기다. 성하다(기운, 세력이 한창 왕성하다)",木,234,
5725,엄,巌,엄할 엄,17,"엄격하다, 엄밀하다, 지독하다. 빈틈없다, 심하다, 급하다.",木,235,
5726,엄,厳,엄격할 엄,17,"엄격하다, 엄중하다(규율, 태도가 엄함). 엄숙하고 장중하다(분위기, 행사 따위가 엄숙함)",水,,"2024 보완전사(김기승 성명학 9,491자 기준본 대조 추가)"
5727,엄,襲,고명할 엄,20,"높고 밝은 모양, 고명하다. 고명한 모양.",土,235,
5728,엄,嚴,엄할 엄,20,"혹독하다, 엄격하다, 지독하다. 엄하다, 심하다, 엄밀하다, 급하다.",水,235,
5729,엄,龑,고명할 엄,20,고명하다(높이 빛나거나 명예가 높음을 이룸). 장엄하거나 고귀한 기운을 나타내는 글자적 의미,土,,"2024 보완전사(김기승 성명학 9,491자 기준본 대조 추가)"
5730,엄,儼,의젓할 엄,22,"의젓하다, 근엄하다, 공손하다. 엄연하다, 공근하다, 삼가다, 아리땁다",火,235,
5731,엄,曯,해다닐 엄,24,해 다니다. 해 운행길.,火,235,
5732,엄,曮,해가 다닐 엄,24,"해가 다니다, 햇빛이 비치다(해가 움직이거나 비침). 햇빛이 골고루 비쳐 환히 드러남을 나타냄",火,,"2024 보완전사(김기승 성명학 9,491자 기준본 대조 추가)"
5733,업,業,업 업,13,"학업, 순서, 기초, 선악의 소행. 업, 직업, 기업, 산업, 공적, 차례.",木,235,
5734,업,嶪,높고험할 업,16,"험준하다, 높고 협하다.",土,235,
5735,업,嶫,험준할 업,16,험준하다. 산 높은 모양.,土,235,
5736,"업,민",錉,돈꿰미 민,16,업. 돈꿰미 민,水,,"2024 보완전사(김기승 성명학 9,491자 기준본 대조 추가); 1차 음의 뜻풀이 누락으로 타 음(민)의 훈으로 대표훈음 대체"
5737,업,鄴,위나라서울 업,20,위나라의 서울. 성의 하나.,土,235,옥편 16획
5738,에,恚,성낼 에,10,"분노하다. 성내다, 성(화, 분노).",火,235,
5739,"에,예",曀,음산할 에/예,16,"덮어가리다, 음산하다, 어둡다.. (바람이)불다, 먼지, 음산할 예",火,235,
5740,"엔,원",円,화폐단위 엔/원,4,"화폐단위, 온전하다, 원만하다. 둥글다, 둘레, 동그라미, 둥글 원",土,235,
5741,"여,예",予,나 여/예,4,"인정하다, 주다, 허락하다, 용서하다. 팔다, 함께하다, 줄 여, 미리 예",金,235,
5742,"여,려",如,같을 여(려),6,"따르다, 이르다, 어떠하다, 미치다. 비슷하다, 같다, 말이을 이",土,235,
5743,여,伃,궁녀 여,6,궁녀의벼슬이름. 궁녀 여,土,,"2024 보완전사(김기승 성명학 9,491자 기준본 대조 추가); 기준본 음(대표) 필드 오류로 뜻풀이 텍스트에서 재추출함"
5744,"여,려",余,나 여(려),7,"남다, 여가, 남기다. 나, 나머지 시간, 여분, 남을 여",火,235,
5745,"여,려",好,아름다울 여(려),7,"자다, 여관, 아름답다. 한대의 궁녀의 벼슬 이름.",土,235,
5746,"여,려",汝,너 여(려),7,"물이름. 너,",水,235,옥편 6획
5747,여,妤,여관 여,7,여관 여. 궁녀 여,土,,"2024 보완전사(김기승 성명학 9,491자 기준본 대조 추가)"
5748,여,忬,미리 여,8,미리. 미리 여,土,,"2024 보완전사(김기승 성명학 9,491자 기준본 대조 추가); 기준본 음(대표) 필드 오류로 뜻풀이 텍스트에서 재추출함"
5749,여,侞,고르게 할 여,8,온순할. 고르게 할 여,土,,"2024 보완전사(김기승 성명학 9,491자 기준본 대조 추가); 기준본 음(대표) 필드 오류로 뜻풀이 텍스트에서 재추출함"
5750,"여,려",舁,마주들 여(려),9,"들다, 마주들다, 일으키다, 행하다. 맞들다, 낱낱이 들다, 들추어 내다.",土,236,
5751,여,洳,강 이름 여,10,습한땅. 강 이름 여,土,,"2024 보완전사(김기승 성명학 9,491자 기준본 대조 추가); 기준본 음(대표) 필드 오류로 뜻풀이 텍스트에서 재추출함"
5752,"여,려",悇,잊을 여(려),11,"기뻐하다, 편안하다, 잊다. 기분이 좋다, 근심하다, 느슨해질 서",火,236,
5753,"여,려",茹,먹을 여(려),12,"먹다, 부드럽다, 연하다, 받다. 썩다, 헤아리다, 말라죽다, 채소.",木,236,옥편 10획
5754,"여,려",艅,배이름 여(려),13,배이름. 오나라의 배.,木,236,
5755,"여,려",與,함께할 여(려),14,"함께하다, 참여하다, 베풀어주다. 허락하다, 협조하다, 간여하다.",土,236,
5756,"여,려",餘,남을 여(려),16,"나머지, 남기다, 남다, 여가. 나머지 시간, 정식 이외의, 다른.",水,236,
5757,"여,려,예",輿,수레 여(려)/예,17,"수레, 가마, 차상, 하인, 노비, 땅. 수레를 만드는 사람, 명예 예",火,236,
5758,"여,려",歟,어조사 여(려),18,편안한 기운. 어조사.,金,236,
5759,"여,려",璵,옥 여(려),19,"옥이름, 옥.",金,237,옥편 18획
5760,"여,려",礖,돌이름 여(려),19,돌이름. 여돌.,金,237,
5761,"여,려",轝,수레 여(려),21,"수레. 수레를 만드는 사람, 기본. 가마, 차상, 하인, 노비, 땅, 대지.",火,237,
5762,"역,력,액",亦,또 역(력)/액,6,"가령, 단지, 이미, 모두, 쉽다, 크다. 다스리다, 겨드랑이 액",火,238,
5763,"역,력",役,부릴 역(력),7,"일을 시키다, 힘쓰다, 경영하다. 줄짓다, 골몰하다, 천하다.",火,238,
5764,"역,력,이",易,바꿀 역(력)/이,8,"교환하다, 무역하다, 전파하다. 번지어 퍼지다, 바뀌다, 쉬울 이",火,238,
5765,"역,력",疫,전염병 역(력),9,"전염병, 돌림병. 역귀(돌림병을 퍼뜨리는 귀신)",水,238,
5766,"역,력",域,지경 역(력),11,"구역, 땅 가장자리, 경계를 짓다. 나라, 국토, 국가, 묘지, 무덤자리.",土,238,
5767,"역,력",昜,해반짝날 역(력),12,"해가 반짝 나다. 해돋이, 말리다. 밝다, 환하다, 해돋이 양",火,238,
5768,"역,력",減,빨리흐를 역(력),12,"빨리 흐르다, 도랑. 해자(성 밖을 둘러싼 못)",水,238,옥편 11획
5769,"역,석",晹,해 반짝 날 역,12,해 반짝 날 역. 해 반짝 날 석,火,,"2024 보완전사(김기승 성명학 9,491자 기준본 대조 추가)"
5770,"역,력",逆,거스릴 역(력),13,"거스르다, 거역하다, 거절하다. 어기다, 배반하다, 맞이하다, 만나다.",土,238,옥편 10획
5771,"역,혁",淢,빨리 흐를 역,13,빨리 흐를 역. 도랑 혁,水,,"2024 보완전사(김기승 성명학 9,491자 기준본 대조 추가)"
5772,"역,력",閾,문지방 역(력),16,"한정하다, 문지방. 안팎을 구별짓다.",木,238,
5773,"역,력",嶧,산이름 역(력),16,"산 이름, 고을 이름. 잇닿은 산, 잇닿다.",土,238,
5774,"역,력",懌,기뻐할 역(력),17,"기쁘게 하다, 즐거워하다. 순종하다. 잇다, 풀다.",火,238,옥편 16획
5775,"역,력",繹,풀릴 역(력),19,"풀리다, 끌어내다, 다스리다. 당기다, 늘어놓다, 찾다, 실마리.",木,238,
5776,"역,력",譯,번역할 역(력),20,"통번하다, 풀이하다, 번역하다. 나타내다.",金,238,
5777,"역,력",驛,역 역(력),23,"역, 역참, 역말, 역관, 정거장. (말을 태워)인도하다, 연락부절하다.",火,239,
5778,"연,련",延,이끌 연(련),7,"늘이다, 벌여놓다, 불러들이다, 끌다. 이끌다, 인도하다, 넓어지다, 퍼지다.",木,239,
5779,"연,련",均,고를 연(련),7,"평평하다, 고르다, 가지런하다. 운운, 따를 연",土,239,
5780,"연,련",妍,고울 연(련),7,"예쁘다, 우아하다, 총명하다, 곱다. 아름답다.",土,239,
5781,"연,련",困,깊을 연(련),7,"웅덩이, 모이는 곳, 근원, 출처. 깊다, 조용하다.",水,239,
5782,"연,터",囦,못 연,7,"못, 연못(물이 고인 곳). 작은 저수지나 웅덩이 같은 물이 모인 터(작은 규모의 물 저장 장소)",水,,"2024 보완전사(김기승 성명학 9,491자 기준본 대조 추가)"
5783,연,兖,바를 연,8,"바르다, 단정하다, 믿다",木,239,
5784,"연,련",沇,흐를 연(련),8,"강이름, 유행하는 모양, 흐르다. 물 흐르는 모양.",水,239,옥편 7획
5785,연,㳄,침 연,8,연. 침 연,土,,"2024 보완전사(김기승 성명학 9,491자 기준본 대조 추가)"
5786,"연,련",兗,당정할 연(련),9,"바르다, 단정하다, 묶다, 믿음. 옭아매다, 땅이름-연주, 땅이름 연",木,239,
5787,"연,련",衍,넘칠 연(련),9,"넓히다, 확충하다, 넘치다, 흐르다. 남다, 넉넉하다, 풍부하다, 지나다.",火,239,
5788,"연,련",妍,고울 연(련),9,"아름답다, 예쁘다, 우아하다, 곱다. 총명하다.",土,239,
5789,"연,련",娟,예쁠 연(련),9,"아름답다, 예쁘다, 맑고 밝은 모양. 날씬하고 아름다운 모양, 예쁘다.",土,239,
5790,"연,련",沿,물 따라갈 연(련),9,"따르다, 좇다, 가장자리, 언저리. 따를 연",水,239,옥편 8획
5791,연,姢,예쁠 연,9,"예쁘다, 아름답다(보기 좋다). 여성의 미모를 칭찬하는 말(곱고 단정한 모양)",土,,"2024 보완전사(김기승 성명학 9,491자 기준본 대조 추가)"
5792,연,姸,아름다울 연,9,"아름답다, 고우다(외형이 곱고 보기 좋다). 고상하고 우아한 태도나 분위기를 나타냄(우아함)",土,,"2024 보완전사(김기승 성명학 9,491자 기준본 대조 추가)"
5793,연,抁,움직일 연,9,"움직이다, 흔들리다(어떤 것이 움직이는 동작). 손으로 가볍게 건드리다, 쥐어당기다(간단한 힘을 써서 이동시키다)",木,,"2024 보완전사(김기승 성명학 9,491자 기준본 대조 추가)"
5794,연,耎,가냘플 연,9,부드러울. 가냘플 연,土,,"2024 보완전사(김기승 성명학 9,491자 기준본 대조 추가); 기준본 음(대표) 필드 오류로 뜻풀이 텍스트에서 재추출함"
5795,연,肙,장구벌레 연,9,작은벌레. 장구벌레 연,土,,"2024 보완전사(김기승 성명학 9,491자 기준본 대조 추가); 기준본 음(대표) 필드 오류로 뜻풀이 텍스트에서 재추출함"
5796,"연,련",埏,땅가장자리 연(련),10,"땅 가장자리. 묘도(무덤으로 가는 길). (흙을)이기다, (흙을)반죽하다.",土,239,
5797,"연,인",烟,"연기 연,인",10,"연기, 안개, 담배, 아편",火,240,
5798,"연,련",宴,잔치 연(련),10,"잔치하다, 술자리를 베풀다, 즐기다. 편안하게 쉬다, 안정되다.",木,240,
5799,"연,련",娫,빛날 연(련),10,"예쁘다, 빛나다, 환화다.",土,240,
5800,"연,련",娟,예쁠 연(련),10,"아름답다, 예쁘다, 맑고 밝은 모양. 날씬하고 아름다운 모양, 예쁘다.",土,240,
5801,"연,련",捐,버릴 연(련),11,"없애다, 바치다, 기부하다, 덜다. 버리다, 객사하다, 주다, (벼슬을)사다",木,240,옥편 10획
5802,"연,련",挻,늘릴 연(련),11,"끌다, 당기다, 늦추다, 취하다. 늘이다, 빼앗다, 이기다, 이길 선",木,240,옥편 10획
5803,"연,련",軟,연할 연(련),11,"부드럽다, 연하다, 가볍다, 연약하다. 보잘 것 없다, 품질이 나쁘다.",火,240,
5804,"연,련",悁,성낼 연(련),11,"분노하다, 근심하다, 지치다. 성내다, 조급하다, 조급할 견",火,240,옥편 10획
5805,"연,형,련",硏,갈 연/형(련),11,"문지르다, 연구하다, 탐구하다. 벼루 연, 관 이름 형",金,240,
5806,"연,련,경",硯,벼루 연(련)/경,11,"벼루, 윤기. 윤기 경",金,240,
5807,"연,련",涎,침 연(련),11,"침, 줄지어 잇닿는 모양. 입 밖으로 흐르는 침, 연해 흐르다.",水,240,옥편 10획
5808,"연,련,현",涓,시내 연(련)/현,11,"작은 흐름, 가리다, 깨끗하다. 시내, 실개천, 흐르다, 우는 모양 현",水,240,옥편 10획
5809,"연,경",䂩,벼루 연,11,연. 벼루 연. 윤기 경,土,,"2024 보완전사(김기승 성명학 9,491자 기준본 대조 추가)"
5810,연,珚,옥 이름 연,11,옥이름. 옥 이름 연,土,,"2024 보완전사(김기승 성명학 9,491자 기준본 대조 추가); 기준본 음(대표) 필드 오류로 뜻풀이 텍스트에서 재추출함"
5811,"연,련",然,그럴 연(련),12,"틀림이 없다, 명백하다, 분명하다. 허락하다, 불타다, 밝다.",火,240,
5812,"연,련",埏,빈터 연(련),12,빈 터. 성 밑에 있는 땅. 묘의 안담과 바깥담 사이에 있는 땅,土,240,
5813,"연,련,견",硯,벼루 연(련)/견,12,"벼루, 문지르다, 궁구하다. 연구하다. 탐구하다, 곱고 윤택한 돌 견",金,240,
5814,"연,련",淵,못 연(련),12,"못, 웅덩이, 근원, 출처, 조용하다. 모이는 곳, 북소리, 깊다.",水,240,옥편 11획
5815,"연,땅,곳",堧,빈터 연,12,"빈터, 비어 있는 땅(사람이 쓰지 않는 공터). 사용하지 않는 대지나 놀랄 만한 곳(텅 빈 공간)",土,,"2024 보완전사(김기승 성명학 9,491자 기준본 대조 추가)"
5816,연,郔,땅 이름 연,12,땅이름. 땅 이름 연,土,,"2024 보완전사(김기승 성명학 9,491자 기준본 대조 추가); 기준본 음(대표) 필드 오류로 뜻풀이 텍스트에서 재추출함"
5817,"연,인",胭,연지 연,12,연지. 연지 연. 목구멍 인,土,,"2024 보완전사(김기승 성명학 9,491자 기준본 대조 추가); 기준본 음(대표) 필드 오류로 뜻풀이 텍스트에서 재추출함"
5818,"연,련,전",掾,인연 연(련)/전,13,"인연, 뛰어좇다. 아전. 뛰어좇을 전",木,240,옥편 12획
5819,"연,련",筵,대자리 연(련),13,"대자리, 연회, 장소, 좌석. 주연, 곳, (자리를)펴다.",木,240,
5820,"연,련",椽,서까래 연(련),13,서까래. 사다리.,木,240,
5821,"연,련",莚,벋을 연(련),13,"벋다, 대자리, 길게 자라나다, 좌석. 연회, 주연, 풀이름 연, 대자리 연",木,240,옥편 11획
5822,"연,련,인",煙,연기 연(련)/인,13,"연기, 아리땁다. 안개, 그을음. 연기가 끼다, 제사지내다, 제사지낼 인",火,241,
5823,"연,련",鉛,납 연(련),13,"납, 잿빛. 연필심, 흑연, 현 이름.",金,241,
5824,"연,련,유",浟,물이름 연(련)/유,13,"물이름, 흐르다. 흐를 유",水,241,옥편 12획
5825,"연,련",淵,못 연(련),13,"못, 웅덩이, 근원, 출처, 조용하다. 모이는 곳, 북소리, 깊다,",水,241,옥편 12획
5826,"연,못",渊,깊은 못 연,13,"깊은 못, 심연(물 깊고 아득한 곳). 근원, 깊은 뜻(비유적으로 근본이나 심오함을 이룸)",水,,"2024 보완전사(김기승 성명학 9,491자 기준본 대조 추가)"
5827,연,棩,굽을 연,13,나무굽을. 굽을 연,土,,"2024 보완전사(김기승 성명학 9,491자 기준본 대조 추가); 기준본 음(대표) 필드 오류로 뜻풀이 텍스트에서 재추출함"
5828,"연,나,유,난",愞,여릴 연,13,약할. 여릴 연. 나약할 나. 약할 유. 미상 난,火,,"2024 보완전사(김기승 성명학 9,491자 기준본 대조 추가); 기준본 음(대표) 필드 오류로 뜻풀이 텍스트에서 재추출함"
5829,"연,련",鳶,솔개 연(련),14,"솔개, 나무 연. 연(공중에 높이 날리는 장난감)",火,241,
5830,"연,련",瑛,옥돌 연(련),14,옥돌,金,241,옥편 13획
5831,"연,유",渷,물 이름 연,14,물 이름 연. 흐를 유,水,,"2024 보완전사(김기승 성명학 9,491자 기준본 대조 추가)"
5832,"연,계",溎,물 창일할 연,14,물창일할. 물 창일할 연. 물 이름 계,木,,"2024 보완전사(김기승 성명학 9,491자 기준본 대조 추가); 기준본 음(대표) 필드 오류로 뜻풀이 텍스트에서 재추출함"
5833,연,碝,옥돌 연,14,아름다운옥돌. 옥돌 연,土,,"2024 보완전사(김기승 성명학 9,491자 기준본 대조 추가); 기준본 음(대표) 필드 오류로 뜻풀이 텍스트에서 재추출함"
5834,연,緣,인연 연,15,"인연, 연분, 까닭, 이유",木,241,
5835,연,演,펼칠 연,15,"펼치다, 넓히다, 연기하다",水,241,옥편 14획
5836,"연,련",姌,성씨 연(련),15,"성의 하나, 여자의 자태.",土,241,
5837,"연,련",蜦,장구벌레 연(련),15,"장구벌레, 넓다.",水,241,
5838,연,㜣,여자의 자태 연,15,연. 여자의 자태 연,土,,"2024 보완전사(김기승 성명학 9,491자 기준본 대조 추가)"
5839,연,䄗,연,15,연(음이 '연'인 드문 한자). 이체자 또는 고문서에 보이는 희귀 문자로 구체적 의미는 용례에 따름,土,,"2024 보완전사(김기승 성명학 9,491자 기준본 대조 추가); 1차 음의 뜻풀이 누락, 대체 가능한 훈도 없어 음만 기재"
5840,연,瑌,옥돌 연,15,옥돌(빛나고 귀한 옥석). 옥으로 만든 작은 장식품이나 구슬,土,,"2024 보완전사(김기승 성명학 9,491자 기준본 대조 추가)"
5841,연,蜵,장구벌레 연,15,장구벌레(작은 벌레의 한 종류). 유충류나 작은 환형동물을 가리키는 명칭으로 쓰이는 말,水,,"2024 보완전사(김기승 성명학 9,491자 기준본 대조 추가)"
5842,"연,련",燃,탈 연(련),16,"불이 타다, 사르다, 불을 붙이다.",火,241,
5843,"연,련",燕,제비 연(련),16,"예쁘다, 아름답다, 편안하다. 잔치하다, 즐겁게 하다. 업신여기다.",火,241,
5844,"연,련",輭,연할 연(련),16,"연하다, 부드럽다, 연약하다, 가볍다. 보잘 것 없다, 변변치 못하다.",火,241,
5845,연,橪,멧대추나무 연,16,산대추. 멧대추나무 연,土,,"2024 보완전사(김기승 성명학 9,491자 기준본 대조 추가); 기준본 음(대표) 필드 오류로 뜻풀이 텍스트에서 재추출함"
5846,"연,현,치",䲻,솔개 연,16,연. 현. 제비 현. 솔개 연. 올빼미 치,土,,"2024 보완전사(김기승 성명학 9,491자 기준본 대조 추가)"
5847,"연,인",縯,길 연,17,길 연. 당길 인,木,,"2024 보완전사(김기승 성명학 9,491자 기준본 대조 추가)"
5848,연,壖,빈터 연,17,빈땅. 빈터 연,土,,"2024 보완전사(김기승 성명학 9,491자 기준본 대조 추가); 기준본 음(대표) 필드 오류로 뜻풀이 텍스트에서 재추출함"
5849,"연,련",橼,구연나무 연(련),19,구연나무. 레몬.,木,242,
5850,"연,련",嬿,아름다울 연(련),19,"아름답다, 편하다, 안락하다. 수더분하다.",土,242,
5851,"연,련",璉,옥돌 연(련),19,옥돌,金,242,옥편 18획
5852,"연,련",嚥,삼킬 연(련),19,"삼키다, 마시다.",水,242,
5853,연,櫞,구연나무 연,19,구연나무(구연유나 향이 있는 감귤류의 나무). 그 나무의 열매나 향기가 나는 과실,木,,"2024 보완전사(김기승 성명학 9,491자 기준본 대조 추가)"
5854,"연,련",曣,청명할 연(련),20,"청명하다, 따뜻하다, 기운이 성하다. 해가 뜨고 구름이 없다.",火,242,
5855,"연,련",蠕,꿈틀거릴 연(련),20,꿈틀거리다. 벌레의 움직이는 모양.,水,242,
5856,연,瓀,옥돌 연,20,옥돌(빛나고 귀한 옥석). 옥으로 만든 작은 물건이나 장식품,土,,"2024 보완전사(김기승 성명학 9,491자 기준본 대조 추가)"
5857,연,灁,못 연,21,깊을. 못 연,土,,"2024 보완전사(김기승 성명학 9,491자 기준본 대조 추가); 기준본 음(대표) 필드 오류로 뜻풀이 텍스트에서 재추출함"
5858,"연,련,인",臙,연지 연(련)/인,22,"연지(입술, 뺨에 찍는 붉은 빛깔 염료) 목구멍. 목구멍 인",水,242,옥편 20획
5859,연,酀,땅 이름 연,22,고을이름. 땅 이름 연,土,,"2024 보완전사(김기승 성명학 9,491자 기준본 대조 추가); 기준본 음(대표) 필드 오류로 뜻풀이 텍스트에서 재추출함"
5860,"연,련",醼,잔치 연(련),23,잔치. 연회.,金,242,
5861,"연,련",攣,경련할 연,24,경련할 연. 걸릴 련(연),木,,"2024 보완전사(김기승 성명학 9,491자 기준본 대조 추가)"
5862,"열,렬,인,연",咽,"목멜 열(렬)/인,연",9,"목메다, 막히다, 북을 치다, 삼키다. 목구멍 인, 삼킬 연",水,243,
5863,"열,렬",悅,기쁠 열(렬),11,"사랑하다, 기뻐하다, 심복하다. 손쉽다, 기쁨, 기쁘다.",火,243,옥편 10획
5864,"열,렬",挒,비틀 열,11,비틀 열. 비틀 렬(열),木,,"2024 보완전사(김기승 성명학 9,491자 기준본 대조 추가)"
5865,"열,렬",說,기뻐할 열(렬),14,"기뻐하다, 따르다, 공경하다, 쉽다. 말씀 설, 달랠 세, 벗을 탈",金,243,
5866,"열,렬",閱,볼 열(렬),15,"검열하다, 분간하다, 가리다, 읽다. 모으다, 거느리다, 들어가다, 셀 열",木,243,
5867,"열,렬",熱,더울 열(렬),15,"따뜻하다, 태우다, 성하다, 흥분하다. 덥다, 바쁘다, 몸이 달다, 열, 더위.",火,243,
5868,"열,렬",噎,목멜 열(렬),15,"근심하다, 가로막다, 덮어서 막다. 목메다, 울음소리",水,243,
5869,"열,렬",澭,물흐를 열(렬),16,물 흐르는 모양,水,243,옥편 15획
5870,열,潱,물이 천천히 흐르거나 스며드는 모양 열,17,물이 천천히 흐르거나 스며드는 모양(잔잔히 흐름). 물결이 잔잔히 일거나 흐르는 상태를 이르는 말,水,,"2024 보완전사(김기승 성명학 9,491자 기준본 대조 추가)"
5871,"염,렴",冉,나아갈 염(렴),5,"부드럽다, 침범하다, 위태롭다. 나아가다, 귀갑의 가장자리.",土,243,
5872,"염,렴,담",炎,불꽃 염(렴)/담,8,"아름답다, 불타다, 태우다, 덥다. 아름다울 담",火,243,
5873,"염,렴",染,물들 염(렴),9,"염색하다, 옮다, 받다, 물들다. 입다, 더러워지다, 더럽다, 연루되다.",木,244,
5874,"염,렴",冄,풀우거질 염(렴),11,"성하다, 흘러가다. 부드럽고 약한 모양.",木,244,옥편 9획
5875,"염,렴",扊,문빗장 염(렴),12,"문빗장, 처자, 아내. 운 자물쇠,",木,244,
5876,"염,렴",焰,불꽃 염(렴),12,"불빛, 비차, 불 붙기 시작하는 모양. 빛, 불이 댕기다.",火,244,
5877,"염,렴",琰,옥 염(렴),13,"(옥을)깎다, 갈다. 옥, 홀",金,244,옥편 12획
5878,염,苒,풀이 무성하게 자랄 염,13,"풀이 무성하게 자라다, 우거지다. 초목이 무성한 상태(풍성함을 나타냄)",木,,"2024 보완전사(김기승 성명학 9,491자 기준본 대조 추가)"
5879,"염,압,엽",猒,물릴 염,13,배부를. 물릴 염. 막을 압. 막을 엽,土,,"2024 보완전사(김기승 성명학 9,491자 기준본 대조 추가); 기준본 음(대표) 필드 오류로 뜻풀이 텍스트에서 재추출함"
5880,"염,렴",髥,구렛나루 염(렴),14,구렛나루. 수염이 많은 사람.,火,244,
5881,"염,렴,엽,암",厭,"싫어할 염(렴)/엽,암",14,"싫어하다, 물리다, 조용하다, 기리다. 따르다, 마음에 들다, 누를 엽, 빠질 암",土,244,
5882,"염,렴",閻,마을 염(렴),16,"아리땁다, 아름답고 예쁘다. 거리, 마을, 마을 안의 문, 여염..",木,244,
5883,염,嬮,고요할 염,17,고요할. 고요할 염,土,,"2024 보완전사(김기승 성명학 9,491자 기준본 대조 추가); 기준본 음(대표) 필드 오류로 뜻풀이 텍스트에서 재추출함"
5884,"염,렴",檿,산뽕나무 염(렴),18,산뽕나무,木,244,
5885,"염,렴",憖,편안할 염(렴),18,"넉넉하다, 만족하다, 나른하다. 싫어하다, 앓는 모양,",火,244,
5886,"염,렴",艶,고울 염(렴),19,"아름답다, 부러워하다, 탐내다. 탐스럽다, 선망하다, 곱다, 광택",土,244,
5887,염,懕,편안할 염,19,편안할 염(편안하고 태평한 상태). 마음이 놓이고 안정된 상태를 이르는 말(평온함),火,,"2024 보완전사(김기승 성명학 9,491자 기준본 대조 추가)"
5888,"염,렴",饜,포식할 염(렴),23,"흐뭇하다, 실컷 먹다, 포식하다. 실증을 느끼다.",水,245,
5889,"염,렴,엽",魘,잠꼬대할 염(렴),24,"잠꼬대하다, 가위눌리다. (악몽에)시달리다, 가위눌릴 엽",火,245,
5890,"염,렴",艷,고울 염(렴),24,"아름답다, 부러워하다, 탐내다. 탐스럽다, 선망하다, 곱다, 광택",土,245,
5891,"염,렴",鹽,소금 염(렴),24,"소금, 자반, 노래이름, 후렴, 산이름. 못이름, 성의 하나, 절이다.",水,245,
5892,"염,렴,암",黶,사마귀 염(렴)/암,26,"사마귀, 검다, 검은 점. 검은점 암",水,245,
5893,"염,렴",灩,출렁거릴 염(렴),27,(물결이)출렁거리다. 물이 가득찬 모양.,水,245,옥편 26획
5894,엽,枼,나뭇잎 엽,9,모진나무. 나뭇잎 엽,土,,"2024 보완전사(김기승 성명학 9,491자 기준본 대조 추가); 기준본 음(대표) 필드 오류로 뜻풀이 텍스트에서 재추출함"
5895,"엽,협",偞,가벼울 엽,11,가벼울. 가벼울 엽. 억눌릴 협,土,,"2024 보완전사(김기승 성명학 9,491자 기준본 대조 추가); 기준본 음(대표) 필드 오류로 뜻풀이 텍스트에서 재추출함"
5896,"엽,녑,념",惗,사랑할 엽,13,사랑할 엽. 사랑할 녑(엽). 사랑할 념(염),火,,"2024 보완전사(김기승 성명학 9,491자 기준본 대조 추가)"
5897,"엽,렵,황",燁,밝을 엽(렵)/황,14,"환히 비치다, 밝은 모양. 이글거릴 황",火,245,
5898,"엽,렵,섭,접",葉,"잎 엽(렵)/섭,접",15,"꽃잎, 책장. 땅이름 섭, 책 접",木,245,옥편 13획
5899,엽,瞱,노려볼 엽,15,빛날. 노려볼 엽,土,,"2024 보완전사(김기승 성명학 9,491자 기준본 대조 추가); 기준본 음(대표) 필드 오류로 뜻풀이 텍스트에서 재추출함"
5900,"엽,렵",燁,빛날 엽(렵),16,"번쩍번쩍하다, 불빛모양, 빛나다. 불 성하다.",火,245,
5901,"엽,렵",曅,빛날 엽(렵),16,"빛나다, 빛을 발하다, 번쩍거리다. 불빛 모양, 불 성하다.",火,245,
5902,"엽,렵",曄,빛날 엽(렵),16,"빛나다, 성내다, 성한 모양. 번개가 치는 모양.",火,245,
5903,"엽,렵",爗,빛날 엽(렵),20,"빛나다, 번쩍번쩍하다, 불빛 모양. 번개가 치는 모양, 성내다.",火,245,
5904,"엽,렵",靨,보조개 엽(렵),23,"보조개. 어금니 아래뼈, 검은 사마귀",火,245,
5905,"영,령",永,길 영(령),5,"길다, 오래다, 길게하다, 오래 끌다",水,245,
5906,"영,령",咏,읊을 영(령),8,"읊다, 노래하다, (시가를)짓다. 읊는 시.",水,246,
5907,"영,령",呤,속삭일 영,8,속삭일 영. 속삭일 령(영),水,,"2024 보완전사(김기승 성명학 9,491자 기준본 대조 추가)"
5908,"영,령",柃,나무이름 영(령),9,나무 이름,木,246,
5909,"영,령",栄,영화 영(령),9,"영예, 영광, 번성하다, 즐기다. 명예, 드러나다, 미혹하다, 꽃 영",木,246,
5910,"영,령,앙",映,비칠 영(령)/앙,9,"비추다, 덮다, 덮어 가리다. 햇빛. 비치다, 반사하다, 희미할 앙",火,246,
5911,"영,령",盈,예쁠 영(령),9,"예쁘다, 가득하다, 충만하다, 남다. 불어나다, 채우다, 교만하다, 이루다.",金,246,
5912,영,栐,특정한 나무 이름 영,9,"특정한 나무 이름(전통적으로 불리는 나무). 그 나무의 목재, 잎, 특성 등을 이르는 말로 쓰임",木,,"2024 보완전사(김기승 성명학 9,491자 기준본 대조 추가)"
5913,"영,앙",柍,매화나무 영,9,추녀끝. 매화나무 영. 가운데 앙,土,,"2024 보완전사(김기승 성명학 9,491자 기준본 대조 추가); 기준본 음(대표) 필드 오류로 뜻풀이 텍스트에서 재추출함"
5914,영,偀,꽃부리 영,10,빼어날. 꽃부리 영,土,,"2024 보완전사(김기승 성명학 9,491자 기준본 대조 추가); 기준본 음(대표) 필드 오류로 뜻풀이 텍스트에서 재추출함"
5915,"영,령",英,꽃부리 영(령),11,"명예, 재주 뛰어나다. 싹, 영웅의 약칭. 꽃부리(꽃잎 전체를 일컫는 말)",木,247,옥편 9획
5916,"영,령,송",荣,"영화 영(령)/송,영",12,"영광스럽다, 명예, 영광. 약초이름 송, 꽃 영.",木,247,옥편 10획
5917,"영,령",脛,똑바로볼 영(령),12,"똑바로 보다, (눈이)어둡다. 희미하게 보이다.",木,247,
5918,"영,령",詠,읊을 영(령),12,"읊다, 노래하다, (시가를)짓다. 읊는 시.",金,247,
5919,"영,경",䀴,똑바로 볼 영,12,영. 똑바로 볼 영. 어두울 경,土,,"2024 보완전사(김기승 성명학 9,491자 기준본 대조 추가)"
5920,영,䨍,깊은 못 영,12,영. 깊은 못 영,土,,"2024 보완전사(김기승 성명학 9,491자 기준본 대조 추가)"
5921,"영,정,징",浧,거침없이 흐를 영,12,거침없이 흐를 영. 가득찰 영. 통할 정. 맑을 징,水,,"2024 보완전사(김기승 성명학 9,491자 기준본 대조 추가)"
5922,"영,령",楹,기둥 영(령),13,"기둥. 맞선모양, 채(가옥을 세는 단위)",木,247,
5923,"영,령,앙",暎,비칠 영(령)/앙,13,"비추다, 덮다, 덮어 가리다. 햇빛, 희미할 앙",火,247,
5924,"영,령",煐,빛날 영(령),13,빛나다. 사람이름.,火,247,
5925,"영,령",塋,무덤 영(령),13,"무덤, 분묘, 매장하다. 산소, 장지.",土,247,
5926,"영,령",渶,물맑을 영(령),13,물 맑다. 강이름.,水,247,옥편 12획
5927,"영,령",朠,달빛 영(령),13,달빛.,水,247,
5928,"영,녕",寗,차라리 영,13,차라리 영. 편안할 녕(영),木,,"2024 보완전사(김기승 성명학 9,491자 기준본 대조 추가)"
5929,"영,령",榮,영화 영(령),14,"영광, 명예, 영예롭다, 무성하다. 영화, 영예, 피, 혈액, 영광스럽다.",木,248,
5930,"영,령",郢,초나라서울 영(령),14,"초나라 서울. 땅이름, 절기 이름, 가다.",土,248,옥편 10획
5931,"영,령",瑛,옥빛 영(령),14,"옥빛. 수정, 패옥(허리띠에 차는 옥)",金,248,옥편 13획
5932,"영,령",碤,물속돌 영(령),14,화반석. 물속의 돌.,金,248,
5933,영,䁐,움펑눈 영,14,영. 움펑눈 영,土,,"2024 보완전사(김기승 성명학 9,491자 기준본 대조 추가)"
5934,"영,령",影,그림자 영(령),15,"그림자, 모습, 자태, 불빛, 도움. 환상, 형상, 가상, 초상, 햇살.",火,248,
5935,"영,령",潁,강이름 영(령),15,강이름. 물이름,水,248,
5936,영,璟,옥빛 경,16,"옥빛, 옥의 광채, 광채가 나다. 璟과 同字",火,33,
5937,"영,령",穎,이삭 영(령),16,"이사가, 자루, 고리, 빼어나다. 뾰족한 끝, 줄기가시.",木,248,
5938,"영,령",縈,얽힐 영(령),16,"감기다, 굽다, 둘러싸다, 두르다. 얽히다, 팔다, 보이지 않다.",木,248,
5939,"영,령",嬴,찰 영(령),16,"나타나다, 펴다, 차다, 가득차다. 남다, 이기다.",土,248,
5940,"영,령,형,옥",瑩,"밝을 영(령)/형,옥",16,"밝다, 맑다, 투명하다, 명백하게 하다. 갈고 다듬다, 의혹할 형, 옥돌 옥.",金,248,옥편 15획
5941,"영,령",齡,소금 영(령),16,"소금, 조수가 들어 오는 곳.",水,248,
5942,영,禜,재앙 막는 제사 영,16,기우제. 재앙 막는 제사 영,土,,"2024 보완전사(김기승 성명학 9,491자 기준본 대조 추가); 기준본 음(대표) 필드 오류로 뜻풀이 텍스트에서 재추출함"
5943,"영,령",營,경영할 영(령),17,"계획하다, 두려워하다, 변명하다. 재다, 현혹하다, 갈다.",火,248,
5944,"영,령",嬰,어린아이 영(령),17,"어린아이, 지니다, 더하다, 닿다. 안다, 연약하다, 갓난아이",土,248,
5945,"영,령",嶸,가파를 영(령),17,"험하다, 산이 높다. 산이 높고 험한 모양.",土,249,
5946,"영,령,앙",鍈,방울소리 영(령)/앙,17,방울 소리. 방울소리 양,金,249,
5947,"영,령",霙,진눈깨비 영(령),17,"진눈깨비. 눈, 눈꽃, 싸라기.",水,249,
5948,"영,령",瀯,물이졸졸흐를 영(령),18,"물이 졸졸 흐르다. 실개천 모양, 물이 돌아나가다, 물소리, 물 바자울",水,249,옥편 17획
5949,"영,령",瀠,물이졸졸흐를 영(령),18,"물이 졸졸 흐르다. 실개천 모양, 물이 돌아나가다, 물소리, 물 바자울",水,249,옥편 17획
5950,"영,령",謍,풍류이름 영(령),18,풍류이름.,水,249,
5951,영,韺,풍류나 음악의 이름 영,18,"풍류나 음악의 이름(옛 악곡, 선율의 명칭). 풍류, 예악과 관련된 선율이나 가락을 이르는 말",土,,"2024 보완전사(김기승 성명학 9,491자 기준본 대조 추가)"
5952,"영,앵,쟁",䪯,소리 영,19,영. 소리 영. 신음할 앵. 신음할 쟁,土,,"2024 보완전사(김기승 성명학 9,491자 기준본 대조 추가)"
5953,영,濚,물이 졸졸 흐를 영,19,물이 졸졸 흐르다(작고 맑은 물줄기). 잔잔히 흐르는 물의 소리나 모습(졸졸 흐르는 물),水,,"2024 보완전사(김기승 성명학 9,491자 기준본 대조 추가)"
5954,"영,령",贏,남을 영(령),20,"남다, 넘치다, 가득차다, 성장하다. 돈을 벌다, 성하다, 이기다, 낫다.",金,249,
5955,"영,령",瀛,바다 영(령),20,"바다. 늪, 신선이 사는 섬.",水,249,옥편 19획
5956,"영,령",蠑,영원 영(령),20,영원(도롱뇽과에 속하는 양서류),水,249,
5957,영,鐛,물릴 영,20,물릴. 물릴 영,土,,"2024 보완전사(김기승 성명학 9,491자 기준본 대조 추가); 기준본 음(대표) 필드 오류로 뜻풀이 텍스트에서 재추출함"
5958,영,孾,어린아이 영,20,어린아이. 어린아이 영,土,,"2024 보완전사(김기승 성명학 9,491자 기준본 대조 추가); 기준본 음(대표) 필드 오류로 뜻풀이 텍스트에서 재추출함"
5959,영,廮,편안할 영,20,편안히그칠. 편안할 영,土,,"2024 보완전사(김기승 성명학 9,491자 기준본 대조 추가); 기준본 음(대표) 필드 오류로 뜻풀이 텍스트에서 재추출함"
5960,"영,령",瀯,물졸졸흐를 영(령),21,"물 졸졸 흐르다, 풀이름. 물소리, 물이 돌아 흐르는 모양.",水,249,옥편 20획
5961,영,𢥏,호위할 영,21,영. 호위할 영,土,,"2024 보완전사(김기승 성명학 9,491자 기준본 대조 추가)"
5962,영,攖,얽힐 영,21,가까이할. 얽힐 영,土,,"2024 보완전사(김기승 성명학 9,491자 기준본 대조 추가); 기준본 음(대표) 필드 오류로 뜻풀이 텍스트에서 재추출함"
5963,영,瀴,질펀할 영,21,큰물. 질펀할 영,土,,"2024 보완전사(김기승 성명학 9,491자 기준본 대조 추가); 기준본 음(대표) 필드 오류로 뜻풀이 텍스트에서 재추출함"
5964,"영,령",瓔,옥돌 영(령),22,옥돌,金,249,옥편 21획
5965,"영,령",癭,흙 영(령),22,"군더더기. 말이 나오지 아니하는 병. 흑, 남아도는 물건, 벙어리.",水,249,
5966,영,䕦,국화 영,22,영. 국화 영,土,,"2024 보완전사(김기승 성명학 9,491자 기준본 대조 추가)"
5967,"영,령",纓,갓끈 영(령),23,"노끈, 감다, 휘감다, 애이다. 두르다.",木,249,
5968,"예,례,애",乂,벨 예(례)/애,2,"평온하다, 안정되다, 다스리다. 깎다, 어질다, 뛰어나다, 징계할 애.",金,250,
5969,"예,례",刈,벨 예(례),4,"제거하다, 베어 죽이다. 베다, 자르다, 낫.",金,250,
5970,"예,례",曳,끌 예(례),6,"끌리다, 끌다, 나부끼다, 힘겹다. 고달프다.",火,250,
5971,"예,례",艾,다스릴 예(례),8,"예쁘다, 보답하다, 다하다, 기르다. 쑥 애",木,250,옥편 6획
5972,"예,례,논",柄,장부 예(례)/논,8,"장부, 자루, 기둥. 싹날 논",木,250,
5973,"예,례",汭,물굽이 예(례),8,"물굽이, 합수, 어귀, 해, 해돋. 물속, 굽어 흐르는 강의 안쪽 부분",水,250,옥편 7획
5974,"예,눈",枘,장부 예,8,장부 예. 싹 날 눈,木,,"2024 보완전사(김기승 성명학 9,491자 기준본 대조 추가)"
5975,예,枍,궁 이름 예,8,궁이름. 궁 이름 예,土,,"2024 보완전사(김기승 성명학 9,491자 기준본 대조 추가); 기준본 음(대표) 필드 오류로 뜻풀이 텍스트에서 재추출함"
5976,예,呭,수다스러울 예,8,말수다할. 수다스러울 예,土,,"2024 보완전사(김기승 성명학 9,491자 기준본 대조 추가); 기준본 음(대표) 필드 오류로 뜻풀이 텍스트에서 재추출함"
5977,"예,례",翊,날아오를 예(례),9,"사람이름. 궁술의 명인, 날아오르다.",火,250,
5978,예,羿,인명 예,9,"인명(고대 전설, 역사 속 인물 이름, 예: 후羿 등). 궁술에 능한 사람을 가리키는 말 또는 그 상징(명사)",火,,"2024 보완전사(김기승 성명학 9,491자 기준본 대조 추가)"
5979,"예,례,운",芸,재주 예(례)/운,10,"촘촘하다, 재주, 많다. 평지 운, 심을 예",木,250,옥편 8획
5980,"예,례,열",芮,성씨 예(례)/열,10,"방패, 작은 모양, 물가. 나라이름 열",木,250,옥편 8획
5981,"예,례",拽,끌 예(례),10,"질질 끌다. 배 젓는 노, 뱃전, 끌다.",木,250,옥편 9획
5982,"예,례",倪,어린아이 예(례),10,"연약하다, 나누다, 오만하다. 흘겨보다, 다시난이 예",火,250,
5983,"예,례",玴,옥돌 예(례),10,옥돌.,金,250,옥편 9획
5984,"예,례",蚋,파리매 예(례),10,"모기, 독충. 파리매(파릿맷과의 곤충)",水,250,
5985,"예,례",堄,성가퀴 예(례),11,성가퀴(성 위에 쌓은 담).,土,250,
5986,"예,례,세",埶,재주 예(례)/세,11,"곡식, 학문, 법도, 심다, 재주가 있다. 기예, 재주, 나누다, 심을 예, 형세 세",土,250,
5987,예,婗,갓난아이 예,11,젖먹이. 갓난아이 예,土,,"2024 보완전사(김기승 성명학 9,491자 기준본 대조 추가); 기준본 음(대표) 필드 오류로 뜻풀이 텍스트에서 재추출함"
5988,"예,례",挽,비길 예(례),12,"이기다, 비기다, 견주다, 반죽하다. 땅기다, 켕기어지다.",木,250,옥편 11획
5989,"예,례",猊,사자 예(례),12,"사자, 부처가 앉는 자리.",土,250,옥편 11획
5990,"예,례,준",睿,밝을 예(례)/준,12,"준설하다, 밝다. 깊이 파올리다, 준설할 준.",水,251,
5991,"예,례",汭,물가 예(례),12,물가.,水,251,옥편 11획
5992,"예,체",跇,뛰어넘을 예,12,뛰어넘을. 뛰어넘을 예. 뛰어넘을 체,土,,"2024 보완전사(김기승 성명학 9,491자 기준본 대조 추가); 기준본 음(대표) 필드 오류로 뜻풀이 텍스트에서 재추출함"
5993,"예,준",䜭,밝을 예,12,예. 준. 밝을 예. 준설할 준,土,,"2024 보완전사(김기승 성명학 9,491자 기준본 대조 추가)"
5994,예,詍,수다스러울 예,12,잔말할. 수다스러울 예,土,,"2024 보완전사(김기승 성명학 9,491자 기준본 대조 추가); 기준본 음(대표) 필드 오류로 뜻풀이 텍스트에서 재추출함"
5995,"예,례",裔,후손 예(례),13,"변방, 남다, 옷단, 오랑캐. 후손, 자락, 옷단, 가선, 가, 끝.",木,251,
5996,"예,례",睨,곁눈질할 예(례),13,"흘겨보다, 노려보다, 엿보다. (해가)기울다, 곁눈질하다.",木,251,
5997,"예,례",預,맡길 예(례),13,"참여하다, 관계하다, 즐기다, 놀다. 맡기다, 미리, 사전에.",火,251,
5998,"예,례",嫕,유순할 예(례),13,"유순하다, 정숙하다.",土,251,
5999,"예,례",詣,이를 예(례),13,"도달하다, 나아가다, 이르다. 다다르다, 가다, 출두하다, 참배하다",金,251,
6000,"예,열",掜,비길 예,13,비길 예. 이길 열,木,,"2024 보완전사(김기승 성명학 9,491자 기준본 대조 추가)"
6001,"예,곳",淣,물가 예,13,"물가(강가나 연안). 잔잔하거나 얕은 물이 있는 곳(여울, 모래톱)",水,,"2024 보완전사(김기승 성명학 9,491자 기준본 대조 추가)"
6002,"예,례",睿,슬기 예(례),14,"깊고 밝다, 사리에 밝다, 너그럽다. 총명하다, 슬기롭다.",木,251,
6003,"예,례",嫛,갓난아이 예(례),14,"유순하다, 갓난아이",土,251,
6004,"예,례",蜺,애미미 예(례),14,무지개. 애매미(매밋과에 속하는 곤충),水,251,
6005,"예,이",勩,수고로울 예,14,수고로울. 수고로울 예. 수고로울 이,土,,"2024 보완전사(김기승 성명학 9,491자 기준본 대조 추가); 기준본 음(대표) 필드 오류로 뜻풀이 텍스트에서 재추출함"
6006,"예,례",郳,나라이름 예(례),15,나라이름. 소주.,土,251,옥편 11획
6007,"예,례",銳,날카로울 예(례),15,"왕성하다, 치밀하다, 민첩하다. 날카롭다, 빠르다, 절박하다.",金,251,
6008,"예,례",嬖,편안할 예(례),15,"편안하다, 다스리다.",金,251,
6009,예,㙯,재주 예,15,예. 재주 예,土,,"2024 보완전사(김기승 성명학 9,491자 기준본 대조 추가)"
6010,예,䢃,다스릴 예,15,예. 다스릴 예,土,,"2024 보완전사(김기승 성명학 9,491자 기준본 대조 추가)"
6011,"예,례",橤,꽃술 예(례),16,"드리우다, 축 늘어지다. 꽃술.",木,251,
6012,"예,례",瞖,흐릴 예(례),16,"(눈이)흐리다, (눈에)백태가 끼다. 안질, 약초이름.",木,251,
6013,"예,례",叡,밝을 예(례),16,"밝게 하다, 통달하다, 슬기롭다. (사리에)밝다, 임금의 언행.","火,水",251,
6014,"예,례",藝,재주 예(례),16,"법도, 재주가 있다, 나누다. 극진하다, 학문, 법, 심다.",土,251,
6015,"예,례,역",霓,무지개 예(례)/역,16,"무지개. 벼락, 가장자리, 무지개 역.",水,251,
6016,"예,례",瘱,고요할 예(례),16,"편안하다, 자세하다, 고요하다. 그윽하다.",水,251,
6017,"예,례",豫,미리 예(례),16,"기뻐하다, 즐기다, 편안하다. 참여하다, 싫어하다, 필 서",水,251,
6018,"예,례",蓺,심을 예(례),17,"다하다, 끝나다, 심다. 과녁, 과녁을 맞추다.",木,252,옥편 15획
6019,"예,례",槧,창전대 예(례),17,"창전대(창에 씌우는 자루). 이, 아(탄식하는 소리)",木,252,
6020,"예,례",翳,깃일산 예(례),17,"달리다, 뛰다, 가리다, 흐리다. 물리치다, 가로막다, 말라죽다.",火,252,
6021,"예,례",獩,민족이름 예(례),17,민족 이름. 나라 이름,土,252,옥편 16획
6022,"예,례",濊,종족이름 예(례),17,"깊다, 더럽다, 흐리다. 그물던지는 소리 활",水,252,옥편 16획
6023,예,繄,창전대 예,17,"창전대(전통, 고문서 등에 남은 명칭, 기구명으로 이해되는 어휘). 고대 군사 편성이나 장비와 관련된 명칭(역사적 용어)",木,,"2024 보완전사(김기승 성명학 9,491자 기준본 대조 추가)"
6024,"예,례,전",蕊,꽃술 예(례)/전,18,"꽃술, 모이다. 모일 전. 향초일므, 초목이 더부룩 나는 모양.",木,252,옥편 16획
6025,"예,례",穢,더러울 예(례),18,"더럽다, 더러워지다, 거칠다. 더럽히다, 잡초.",木,252,
6026,예,繠,드리워질 예,18,드리울. 드리워질 예,土,,"2024 보완전사(김기승 성명학 9,491자 기준본 대조 추가); 기준본 음(대표) 필드 오류로 뜻풀이 텍스트에서 재추출함"
6027,"예,례",薉,거칠 예(례),19,"더럽다, 더럽히다, 거칠다. 악하다, 더러워지다, 잡초.",木,252,옥편 17획
6028,"예,례",麑,사자 예(례),19,사자. 사슴 새끼.,土,252,
6029,"예,례",壡,밝을 예(례),19,"(사리에)밝다, 어질다. 성인.",水,252,
6030,"예,례",鯢,도롱뇽 예(례),19,"도롱뇽. 늙은 사람의 이. 산초어, 고래의 암컷, 잔고기.",水,252,
6031,예,𣫙,아름다울 예,19,예. 아름다울 예,土,,"2024 보완전사(김기승 성명학 9,491자 기준본 대조 추가)"
6032,"예,례",藝,재주 예(례),21,"재주가 있다, 나누다, 극진하다. 법도, 재주, 기예, 학문, 글, 과녁.",木,252,옥편 19획
6033,"예,례",譽,기릴 예(례),21,"찬양하다, 칭찬하다, 바로잡다. 명예, 즐기다, 기리다.",金,252,
6034,"예,례",蕊,꽃술 예(례),22,"꽃술, 모이다. 향초이름. 초목이 더부룩 나는 모양, 모일 전",木,252,옥편 20획
6035,"예,례",鷖,갈매기 예(례),22,"갈매기. 봉황, 감색.",火,252,
6036,"예,례",囈,잠꼬대 예(례),24,"잠꼬대, 자면서 생긋거리며 웃다. 허황된 말, 깜짝 놀라다.",水,253,
6037,예,蘂,꽃술 예,24,"꽃술(꽃의 수술, 암술 등 생식 기관의 부분). 꽃의 중심을 이루는 구조나 꽃가루와 관련된 부분을 이르는 말",木,,"2024 보완전사(김기승 성명학 9,491자 기준본 대조 추가)"
6038,오,五,다섯 오,4,"다섯. 별이름, 다섯번 하다. 다섯번, 다섯곱절, 오행, 제위.","木,土",253,
6039,오,午,낮 오,4,"다섯, 거스르다, 어수선하다, 엇갈리다. 낮(정오), 어기다, 교착하다, 꿰뚫다",火,253,
6040,오,伍,다섯사람 오,6,"동반다, 섞다, 섞이다, 대오, 대열. 다섯사람, 다섯집, 다섯.",火,253,
6041,오,仵,짝 오,6,"같다, 거스르다, 대등하다. 위배되다. 짝, 검시인, 성의 하나.",火,253,
6042,오,圬,흙손 오,6,"(벽에 흙을)칠하다, 바르다. 흙손(벽을 바르는 염모)",土,253,
6043,오,弙,활 겨눌 오,6,활꽉당겨겨눌. 활 겨눌 오,土,,"2024 보완전사(김기승 성명학 9,491자 기준본 대조 추가); 기준본 음(대표) 필드 오류로 뜻풀이 텍스트에서 재추출함"
6044,"오,어,아",吾,"나 오/어,아",7,"멈추게 하다, 친하지 않다. 친하지 않을 어, 땅이름 아",水,253,
6045,"오,우,와",汙,"더러울 오/우,와",7,"수고롭다, 나쁘다, 추하다, 더럽다. 구부릴 우, 팔 와",水,253,옥편 6획
6046,"오,우,와",汚,"더러울 오/우,와",7,"수고롭다, 나쁘다, 추하다, 더럽다. 구부릴 우, 팔 와",水,253,옥편 6획
6047,"오,화",吳,성씨 오/화,7,"성의 하나, 큰소리치다, 지껄이다. 떠들석하다, 큰 입, 큰소리질 화",水,253,
6048,오,旿,밝을 오,8,"밝다, 한 낮.",火,253,
6049,오,忤,거스를 오,8,"섞이다, 미워하다, 거역하다, 반대하다. 어지럽다, 뒤섞여 갈피를 잡을 수 없다",火,253,옥편 7획
6050,오,㬳,밝을 오,8,오. 밝을 오,土,,"2024 보완전사(김기승 성명학 9,491자 기준본 대조 추가)"
6051,오,扷,헤아릴 오,8,헤아릴. 헤아릴 오,土,,"2024 보완전사(김기승 성명학 9,491자 기준본 대조 추가); 기준본 음(대표) 필드 오류로 뜻풀이 텍스트에서 재추출함"
6052,오,俉,맞이할 오,9,"맞이하다, 만나다.",火,253,
6053,"오,우",俁,갈래지을 오/우,9,"크다, 얼굴이 크다, 장대하다. 갈래짓다, 또, 클 우",火,253,
6054,오,俣,갈래지을 오,9,갈래지을 오. 클 오,火,,"2024 보완전사(김기승 성명학 9,491자 기준본 대조 추가)"
6055,"오,우",迂,"에돌 오,우",10,"에돌다, 멀다, 광대하다",土,253,
6056,"오,아",烏,까마귀 오/아,10,"환호하는 소리, 탄식하다, 까마귀. 검다, 탄식하는 소리, 나라이름 아.",火,253,
6057,"오,우",迂,굽을 오/우,10,"(길이)굽다, 굽히다, 피하다, 억제하다. 굽어돌다, 에돌다, 멀다, 에돌 우",土,253,옥편 7획
6058,오,娛,즐길 오,10,"장난치다, 안정되다, 즐거워하다. 즐기다, 농담하다, 삭이다, 가라앉히다",土,253,
6059,오,唔,글읽는소리 오,10,"깨다, 글 읽는 소리.",水,253,
6060,오,捂,거스를 오,11,"향하다, 접촉하다, 거스르다, 버티다. 어긋나다, 마주대다, 닿다, 괴다.",木,253,옥편 10획
6061,"오,어",梧,오동나무 오/어,11,"장대하다, 거문고, 날다람쥐, 버티다. 오동나무, 책상, 기둥, 크다, 악기이름 어",木,254,
6062,오,悟,깨달을 오,11,"총명하다, 슬기롭다, 깨닫다, 깨달음. 깨우쳐주다, 계발하다, 눈뜨다.",火,254,옥편 10획
6063,오,晤,총명할 오,11,"똑똑하다, 총명하다, 만나다. 깨닫다, 밝다, 대면하다, 만날 오.",火,254,
6064,오,迕,만날 오,11,"만나다, 섞이다, 거스르다, 등지다. 범하다, 닿다, 틀리다, 거스를 오",土,254,옥편 8획
6065,오,敖,거만할 오,11,"놀다, 거만하다, 시끄럽다. 희롱하다.",金,254,
6066,오,浯,강이름 오,11,강이름. 산이름.,水,254,옥편 10획
6067,오,啎,만날 오,11,거스를. 만날 오. 거스를 오,土,,"2024 보완전사(김기승 성명학 9,491자 기준본 대조 추가); 기준본 음(대표) 필드 오류로 뜻풀이 텍스트에서 재추출함"
6068,오,牾,거스를 오,11,거스를. 거스를 오,土,,"2024 보완전사(김기승 성명학 9,491자 기준본 대조 추가); 기준본 음(대표) 필드 오류로 뜻풀이 텍스트에서 재추출함"
6069,"오,욱",奧,깊을 오/욱,12,"흐리다, 깊숙하다, 깊다, 쌓다, 속. 그윽하다, 흐려지다, 구석, 따뜻할 욱",木,254,
6070,"오,악",惡,미워할 오/악,12,"싫어하다, 비방하다, 불길하다. 기피하다, 헐뜯다, 악할 악",火,254,
6071,오,珸,옥돌 오,12,옥돌.,金,254,옥편 11획
6072,오,㻍,옥돌 오,12,오. 옥돌 오,土,,"2024 보완전사(김기승 성명학 9,491자 기준본 대조 추가)"
6073,"오,어",莫,풀이름 오/어,13,"풀이름, 들깨. 들깨 어",木,254,옥편 11획
6074,오,筽,버들고리 오,13,"버들고리, 대이름, 곡식, 조. 고리버들의 가지로 결어 만든 상자",木,254,
6075,오,傲,거만할 오,13,"오만하다, 교만하다, 날뛰다. 멸시하다, 업신여기다, 나가서 놀다.",火,254,
6076,오,塢,둑 오,13,"둑, 제방, 마을, 보루, 성채. 후미진 곳.",土,254,
6077,오,嗚,슬플 오,13,"탄식하다, 흐느껴 울다, 애달파하다. 슬프다, 목메어 울다, 탄식소리.",水,254,
6078,오,蜈,지네 오,13,지네.,水,254,
6079,오,䎸,들을 오,13,오. 들을 오,土,,"2024 보완전사(김기승 성명학 9,491자 기준본 대조 추가)"
6080,"오,우",迃,굽을 오,13,굽을 오. 에돌 우. 에돌 오,土,,"2024 보완전사(김기승 성명학 9,491자 기준본 대조 추가)"
6081,오,郚,고을 이름 오,13,고을이름. 고을 이름 오,土,,"2024 보완전사(김기승 성명학 9,491자 기준본 대조 추가); 기준본 음(대표) 필드 오류로 뜻풀이 텍스트에서 재추출함"
6082,오,逜,깨우칠 오,13,깨우칠. 깨우칠 오,土,,"2024 보완전사(김기승 성명학 9,491자 기준본 대조 추가); 기준본 음(대표) 필드 오류로 뜻풀이 텍스트에서 재추출함"
6083,오,寤,잠깰 오,14,"깨닫다, 각성하다, 만나다, 잠깨다. 대이름, 꿈, 거꾸로.",木,254,
6084,오,嫯,교만할 오,14,"깔보다, 교만하다.",土,254,
6085,오,誤,그르칠 오,14,"그르치다, 의혹하다, 그릇. 잘못하다, 의혹하게 하다, 잘못.",金,254,
6086,오,嗷,시끄러울 오,14,"떠들썩하다, 슬프게 우는 소리. 여럿이 근심하다, 지껄이다, 시끄럽다",水,254,
6087,오,熬,볶을 오,15,"견디다, 오래 끓이다, 볶다, 삶다. 놀다, 타다, 애태우다, 근심하는 소리",火,254,
6088,오,慠,오만할 오,15,"오만하다, 날뛰다, 교만하다,. 멸시하다, 업신여기다.",火,255,옥편 14획
6089,오,獒,개 오,15,"맹견, 발이 없는 벌레, 키 큰 개. (벌레가)굼실거리다, 길이 잘든 개.",土,255,
6090,"오,악",噁,미워할 오/악,15,"부끄러워하다, 두려워하다, 불길하다. 미워하다, 싫어하다, 악할 악",水,255,
6091,오,茣,옛 문헌에 나오는 풀의 이름 오,15,옛 문헌에 나오는 풀의 이름(약재나 사료로 쓰임). 들판이나 습지에 나는 초본의 한 종류,木,,"2024 보완전사(김기승 성명학 9,491자 기준본 대조 추가)"
6092,"오,욱",隩,물가 오/욱,16,"물가, 뭍. 물가 욱",土,255,
6093,오,竈,부엌 오,16,"깨다, 깨닫다, 부엌. 아궁이.",水,255,
6094,"오,욱",墺,물가 오,16,물가 오. 물가 욱,土,,"2024 보완전사(김기승 성명학 9,491자 기준본 대조 추가)"
6095,오,窹,부엌 오,16,"부엌, 조리하는 장소(옛말). 작은 방이나 굴을 이르는 옛 용어",水,,"2024 보완전사(김기승 성명학 9,491자 기준본 대조 추가)"
6096,오,鄔,땅 이름 오,16,땅이름. 땅 이름 오,土,,"2024 보완전사(김기승 성명학 9,491자 기준본 대조 추가); 기준본 음(대표) 필드 오류로 뜻풀이 텍스트에서 재추출함"
6097,오,聱,듣지아니할 오,17,"어렵다, 뭇소리, 시끄러운 소리. (남의 말을)듣지 아니하다.",火,255,
6098,"오,욱",懊,탐낼 오/욱,17,"아끼다, 탐내다, 한하다, 슬프다. 고기잡이하는 노래, 쓰리다, 슬플 욱",火,255,옥편 16획
6099,"오,우",燠,불 오/우,17,"선명하다, 따뜻하게 하다, 위로하다. 불안하다, 위태하다. 위로할 우, 불 우",火,255,
6100,"오,욱",澳,깊을 오/욱,17,"깊다, 후미, 굽이. 후미 욱",水,255,옥편 16획
6101,오,遨,놀 오,18,"놀다, 즐겁게 놀다.",土,255,옥편 15획
6102,오,謷,헐뜯을 오,18,"거만하다, 오만하다, 크다, 헐뜯다. 남의 말을 듣지 않다, 거짓, 고원하다",金,255,
6103,오,襖,웃옷 오,19,"웃옷. 겹옷, 가죽옷. 갖옷(짐승의 털가죽으로 안을 댄 옷)",木,255,옥편 18획
6104,오,鏊,번철 오,19,번철(솥뚜껑처럼 생긴 무쇠 그릇). 산 이름.,金,255,
6105,오,鏖,오살할 오,19,"격렬하게 싸우다, 오살하다. 시끄럽다, 왁자지껄하다, 냄비.",金,255,
6106,오,顤,높고클 오,20,높고 크다. 굵다.,火,255,
6107,오,鼯,날다람쥐 오,20,날다람쥐,水,255,
6108,오,䫨,높고 클 오,20,오. 높고 클 오,土,,"2024 보완전사(김기승 성명학 9,491자 기준본 대조 추가)"
6109,오,驁,준마 오,21,"오만하다, 깔보다, 뻣뻣하다, 크다. 준마, 악장의 이름, 거만하다.",火,255,
6110,"오,욱",隩,물굽이 오/욱,21,"물굽이, 숨기다, 숨다, 거처. 따뜻하다, 거처 욱",土,255,옥편 16획
6111,오,鰲,자라 오,22,"자라. 꽃게. 솥, 흙가마솥, 바다거북, 가재,",水,255,
6112,오,鼇,자라 오,24,"자라. 꽃게. 솥, 흙가마솥, 바다거북, 가재,",土,255,
6113,옥,玉,구슬 옥,5,"아름답다, 가꾸다, 소중히 하다. 구슬, 옥, 임금, 훌륭하다.",金,256,
6114,옥,沃,기름질 옥,8,"성하다, 비옥하다, 기름지다. (물을)대다, 관개하다, 물댈 옥",水,256,옥편 7획
6115,"옥,악",屋,집 옥/악,9,"집, 주거, 덮개, 장막, 멸망하다. 무거운 형벌로 다스리다, 휘장 악",木,256,
6116,옥,鈺,보배 옥,13,보배. 쇠.,金,256,
6117,"옥,록",琭,옥 록,13,옥. 옥 록(녹),火,,"2024 보완전사(김기승 성명학 9,491자 기준본 대조 추가); 1차 음의 뜻풀이 누락으로 타 음(록)의 훈으로 대표훈음 대체"
6118,옥,獄,옥 옥,15,"감옥, 판결, 죄",土,256,옥편 14획
6119,옥,鋈,도금 옥,15,도금. 도금 옥,土,,"2024 보완전사(김기승 성명학 9,491자 기준본 대조 추가); 기준본 음(대표) 필드 오류로 뜻풀이 텍스트에서 재추출함"
6120,"옥,경,결",璚,옥 이름 경,17,옥. 옥 이름 경. 패옥 결,木,,"2024 보완전사(김기승 성명학 9,491자 기준본 대조 추가); 1차 음의 뜻풀이 누락으로 타 음(경)의 훈으로 대표훈음 대체"
6121,"옥,번",璠,아름다운 옥 번,17,옥. 아름다운 옥 번,水,,"2024 보완전사(김기승 성명학 9,491자 기준본 대조 추가); 1차 음의 뜻풀이 누락으로 타 음(번)의 훈으로 대표훈음 대체"
6122,온,昷,어질 온,9,"어질다, 온화하다.",火,256,
6123,온,𥁕,온화할 온,10,온. 온화할 온,土,,"2024 보완전사(김기승 성명학 9,491자 기준본 대조 추가)"
6124,"온,오",媪,할머니 온/오,12,"할머니, 어머니, 늙은여자, 살찌다. 노모, 땅귀신, 여자, 할머니 오",土,256,
6125,온,媼,할머니 온,13,"할머니, 어머니, 늙은여자, 살찌다. 노모, 여자, 땅귀신.",土,256,
6126,온,㬈,따뜻할 온,13,온. 따뜻할 온,土,,"2024 보완전사(김기승 성명학 9,491자 기준본 대조 추가)"
6127,"온,은",稳,편안할 온/은,14,"믿음직하다, 평온하다, 침착하다. 확실하다, 확고하다, 편안할 은",木,256,
6128,"온,올",榲,기둥 온/올,14,"기둥. 올발, 마르벨로, 올발 올.",木,256,
6129,온,慍,성낼 온,14,"원망하다, 괴로워하다, 화를 내다. 성내다, 화, 노여움.",火,256,옥편 13획
6130,온,熅,숯불 온,14,"따뜻하다, 어스레하다, 덥다. 숯불, 불꽃이 없는 불, 천지의 기운",火,256,
6131,온,溫,따뜻할 온,14,"부드럽다, 온화하다, 온순하다. 단조롭다, 익히다, 쌓을 온",水,256,옥편 13획
6132,온,氳,기운어릴 온,14,"기운이 성하다, 가득차다. 기운, 어리다, 기운이 성한 모양.",水,256,
6133,온,瑥,사람이름 온,15,사람이름,金,256,옥편 14획
6134,온,瘟,염병 온,15,"염병(장티푸스를 속되게 이르는 말) 괴로워하다, 아픈 모양, 온역(전염병)",水,256,
6135,온,𥠺,성한 모양 온,15,온. 성한 모양 온,土,,"2024 보완전사(김기승 성명학 9,491자 기준본 대조 추가)"
6136,온,縕,헌솜 온,16,"어지럽다, 그윽하다, 감추다. 깊숙하다, 갈무리하다.",木,256,
6137,온,轀,와거 온,16,와거. (누워서 쉬며 갈 수 있게 만든 수레),火,256,
6138,"온,은",㒚,안온할 온,16,온. 은. 기댈 은. 안온할 온,土,,"2024 보완전사(김기승 성명학 9,491자 기준본 대조 추가)"
6139,온,醞,빚을 온,17,"온자하다, 조화하다, 거듭 빚다. (술을)빚다, 술밑, 온자함, 너그러움",金,256,
6140,"온,은",穩,편안할 온/은,19,"신중하다, 믿음직하다, 침착하다. 안정되다, 편안하다, 편안할 은",木,256,
6141,온,薀,붕어마름 온,19,"간직하다, 모이다, 왕성하다, 쌓다. 붕어마름(풀), 따뜻하다, 쌓을 온",木,257,옥편 17획
6142,온,馧,향기로울 온,19,향기롭다.,木,257,
6143,"온,운",韞,감출 온/운,19,"감추다, 싸다, 활집, 상자, 주황색. 적황색, 붉은 빛, 감출 온",金,257,
6144,"온,안",饐,배불리먹을 온/안,19,"배불리 먹다. 보리를 서로 먹다, (밥이)쉬다.",水,257,
6145,온,蘊,쌓을 온,22,"너그럽다, 간직하다, 저축하다. 모이다, 우거지다, 따뜻하다, 쌓다.",木,257,옥편 20획
6146,올,兀,우뚝할 올,3,"우뚝하다, 위태롭다, 무지하다. 발꿈치를 베다, 움직이지 않다.",木,257,
6147,올,杌,나무그루터기 올,7,"수선하다, 위태하다. 나무 그루터기, 걸상, 완악하다.",木,257,
6148,올,嗢,목멜 올,13,"목메다, 마시다, 크게 웃다.",水,257,
6149,올,膃,살질 올,16,"살지다, 살지고 부드럽다. 물개.",水,257,옥편 14획
6150,"옷,임",袵,옷섶 임,12,옷. 옷섶 임,土,,"2024 보완전사(김기승 성명학 9,491자 기준본 대조 추가); 1차 음의 뜻풀이 누락으로 타 음(임)의 훈으로 대표훈음 대체"
6151,옹,瓮,독 옹,9,"독, 항아리. 물장군.",土,257,
6152,"옹,우",禺,땅이름 옹/우,9,땅이름. 긴꼬리원숭이 우,"水,土",257,
6153,옹,翁,늙은이 옹,10,"늙은이, 성대한 모양. 어르신네, 아버지, 장인, 시아버지.",火,257,
6154,옹,邕,막힐 옹,10,"화락하다, 막히다, 화하다. 막다.",土,257,
6155,"옹,우",喁,벌름거릴 옹/우,12,"우러러 따르다, 웅크리다, 벌름거리다. 화답하다, (물고기가)숨쉬다, 화답할 우",水,257,
6156,옹,雍,화할 옹,13,"화목하다, 기뻐하다, 모으다, 돕다. 화하다, 보우하다, 가리다, 가려막다",火,257,
6157,옹,㷏,사람 이름 옹,13,옹. 사람 이름 옹,土,,"2024 보완전사(김기승 성명학 9,491자 기준본 대조 추가)"
6158,옹,滃,구름일 옹,14,"용솟음치다, 구름이 일다. 빛깔이 흐린 모양, 용솟음하는 모양.",水,257,옥편 13획
6159,옹,㨣,낄 옹,14,옹. 낄 옹,土,,"2024 보완전사(김기승 성명학 9,491자 기준본 대조 추가)"
6160,옹,蓊,장다리 옹,16,"우거지다. 장다리(무, 배추 따위의 꽃줄기)",木,257,옥편 14획
6161,옹,壅,막을 옹,16,"막히다, 에이다, 가리다, 숨기다. 막다, 북을 돋우다, 구석지고 으슥한 곳",土,257,
6162,옹,擁,낄 옹,17,"호위하다, 끼다, 가지다, 막다. 안다, 들다.",木,257,옥편 16획
6163,옹,甕,독 옹,18,항아리. 독,土,257,
6164,옹,雝,화락할 옹,18,"누그러지다, 막다, 푹 삶다, 할미새. 화락하다(화평하게 즐기다), 막히다",火,258,
6165,옹,顒,엄숙할 옹,18,"크다, 힘세다, 우러르다, 엄숙하다. 큰 머리통, 성의 하나.",火,258,
6166,옹,癰,악창 옹,18,"종기, (코가)냄새를 맡지 못하다. 등창, 악창, 헌데.",水,258,
6167,옹,罋,항아리 옹,19,항아리. 두레박.,土,258,
6168,옹,廱,학교 옹,21,"화락하다, 막히다, 막다. 학교, 벽옹(고대 중국의 대학)",木,258,
6169,옹,饔,아침밥 옹,22,"요리하다, 희생, 익은 음식. 아침밥,",水,258,
6170,옹,癕,악창 옹,23,"종기, 등창, (코가)냄새를 맡지 못하다. 악창(고치기 힘든 부스럼), 헌데.",水,258,
6171,와,瓦,기와 와,5,"기와, 질그릇, 실패, 방패의 등. 유곽, 왈, (기와를)이다.",土,258,
6172,"와,유",訛,달라질 와/유,7,"달라지다, 낳다, 유혹하는 사물. 후힘새, 매개, 화하다, 후림새 유",水,258,
6173,"와,유",囮,후림새 와,7,후림새 와. 후림새 유,水,,"2024 보완전사(김기승 성명학 9,491자 기준본 대조 추가)"
6174,와,吪,움직일 와,7,움직일. 움직일 와,土,,"2024 보완전사(김기승 성명학 9,491자 기준본 대조 추가); 기준본 음(대표) 필드 오류로 뜻풀이 텍스트에서 재추출함"
6175,"와,액",枙,옹이 와/액,8,"옹이, 구속하다, 속박하다, 멍에. (멍에를)메우다, 멍에 액",木,258,
6176,와,臥,누울 와,8,"휴식하다, 그만두다, 넘어지다, 엎다. 눕다, 엎드리다, 누워자다, 숨어살다",火,258,
6177,"와,화,과",咼,입비뚤어질 괘,9,"입 비뚤어지다, 바르지 못하다, 부정. 입 비뚤어질 와, 화할 화, 가를 과",水,47,
6178,"와,규,화",哇,"토할 와/규,화",9,"노래하다, 울부짖다, 소리치다. 뱉다. 토하다, 노래할 규, 목멜 화",水,258,
6179,"와,왜,외,규",洼,"웅덩이 와/왜,외,규",10,"웅덩이, 웅덩이 깊다, 굽다, 물이름. 물이름 왜, 구울 외, 성씨 규",水,258,옥편 9획
6180,와,窊,우묵할 와,10,"우묵하다, 낮다, 웅덩이, 낮은 땅",水,258,
6181,"와,과",娃,날씬할 와/과,11,"아름답다, 예쁘다, 과감하다. 모시다, 날씬하다, 모실 과",土,258,
6182,와,訛,그릇될 와,11,"움직이다, 변하다, 거짓되다, 깨다. 이상야릇하다.",金,258,
6183,"와,과",婐,날씬할 와,11,날씬할 와. 과감할 와. 모실 과,土,,"2024 보완전사(김기승 성명학 9,491자 기준본 대조 추가)"
6184,"와,왜",蛙,개구리 와/왜,12,"개구리, 음란하다, 사특하다. 두견이 개구리 왜, 두견이 결.",水,258,
6185,와,猧,발바리 와,13,개 이름. 발바리.,土,258,옥편 12획
6186,"와,과",渦,소용돌이 와/과,13,소용돌이 치다. 강이름 과.,水,258,옥편 12획
6187,와,窩,움집 와,14,"움집, 우묵한 곳, 간직해 두는 곳. 별장, 집.",木,258,
6188,와,窪,웅덩이 와,14,"우묵하다, 낮다, 웅덩이.","木,水",259,
6189,와,萵,상추 와,15,상추,木,259,옥편 13획
6190,와,蝸,달팽이 와,15,"달팽이. 고둥, 패류의 총칭.",水,259,
6191,"와,궤",譌,잘못될 와/궤,19,"거짓되다, 속이다, 이상야릇하다. 그릇되다, 변하다, 깨다, 속일 궤.",金,259,
6192,완,刓,깎을 완,6,"조각하다, 도려내다, 파내다, 닳다. 깎다, 새기다, 가파르다.",金,259,
6193,완,完,완전할 완,7,"온전하다, 수선하다, 다스리다. 완전하다, 끝내다, 둥글다.",木,259,
6194,완,妧,좋을 완,7,"아리땁다, 곱다, 좋다.",土,259,
6195,완,岏,산 뾰족할 완,7,"높다, 가파르다, 산이 뾰족하다. 산이 뾰족이 솟은 모양",土,259,
6196,완,抏,꺾을 완,8,"무너지다, 닳아 없어지다, 주무르다. 가지고 놀다, 희롱하다, 꺾다.",木,259,옥편 7획
6197,"완,원,온,울",宛,"완연할 완/원,온,울",8,"완연하다, 억울하다, 쌓이다. 고을이름 원, 쌓일 온, 맺힐 울",木,259,
6198,완,忨,익힐 완,8,"탐하다, 욕심내다, 장난하다. 익히다, 희롱하다.",火,259,옥편 7획
6199,완,玩,희롱할 완,9,"사랑하다, 놀이하다, 익히다, 얕보다. 감상하다, 구경하다, 희롱하다.",金,259,옥편 8획
6200,"완,환",垸,바를 완/환,10,"섞어서 바르다, 굴러가다, 칠하다. 바르다, 구르다, 제방, 둑, 바를 환",土,259,
6201,완,盌,주발 완,10,주발(놋쇠로 만든 밥그릇),金,259,
6202,완,唍,빙그레 웃는 모양 완,10,방긋웃을. 빙그레 웃는 모양 완,土,,"2024 보완전사(김기승 성명학 9,491자 기준본 대조 추가); 기준본 음(대표) 필드 오류로 뜻풀이 텍스트에서 재추출함"
6203,완,椀,도마 관,11,"도마, 장작, 땔 나무. 도마 완, 문지를 환",木,44,
6204,"완,관,환",椀,"도마 완/관,환",11,"도마, 적대, 장작, 땔나무. 도마 관, 문지를 환.",木,259,
6205,완,婠,품성좋을 완,11,품성이 좋다. 어린아이 쌓진 모양.,土,259,
6206,완,婉,아름다울 완,11,"아름답다, 은근하다, 간략하다. 순하다, 아름다울 완.",土,259,
6207,"완,관",浣,빨 완/관,11,"빨다, 씻다, 씻어버리다, 세탁하다. 열흘(관리들의 휴가), 수준기 관.",水,259,옥편 10획
6208,완,䛃,사람 이름 완,11,완. 사람 이름 완,土,,"2024 보완전사(김기승 성명학 9,491자 기준본 대조 추가)"
6209,"완,괄",捖,문지를 완,11,회섞어버를. 문지를 완. 문지를 괄,土,,"2024 보완전사(김기승 성명학 9,491자 기준본 대조 추가); 기준본 음(대표) 필드 오류로 뜻풀이 텍스트에서 재추출함"
6210,완,椀,주발 완,12,주발. 바리.,木,259,
6211,완,惋,한탄할 완,12,"한하다, 한탄하다, 답답하다. 놀라다, 탄식하다.",火,260,옥편 11획
6212,"완,원",阮,성씨 완/원,12,"악기 이름, 나라이름. 나라이름 원.",土,260,옥편 7획
6213,완,琓,옥이름 완,12,옥이름,金,260,
6214,"완,와,원",涴,"흐를 완/와,원",12,"물굽이쳐 흐르다, 더러워지다. 더럽히다, 더럽힐 와, 내이름 원.",水,260,옥편 11획
6215,"완,관,환",莞,"웃을 완/관,환",13,"빙그레 웃다, 왕골 완, 땅이름 관. 왕골 관, 빙그레 웃을 환",木,260,옥편 12획
6216,완,頑,완고할 완,13,"미련하다, 둔하다, 욕심이 많다. 완고하다.",火,260,
6217,완,琬,아름다운옥 완,13,아름다운 옥. 홀(제후를 봉할 때 의식에 쓰던),金,260,옥편 12획
6218,완,碗,사발 완,13,사발. 주발,金,260,
6219,"완,한,환",脘,"밥통 완/한,환",13,"밥통, 고기. 살 한, 뼈 기름 환",水,260,옥편 11획
6220,완,腕,솜씨 완,14,"재주, 솜씨. 팔뚝, 팔목, 기량.",水,260,옥편 12획
6221,"완,원,울,운",菀,"동산 완/원,울,운",14,"자완(여러해살이풀), 동산. 동산 원, 무성할 울, 쌓일 운",木,260,옥편 12획
6222,완,輐,둥글 완,14,둥글릴. 둥글 완,土,,"2024 보완전사(김기승 성명학 9,491자 기준본 대조 추가); 기준본 음(대표) 필드 오류로 뜻풀이 텍스트에서 재추출함"
6223,완,豌,완두 완,15,완두. 콩엿.,木,260,
6224,완,緩,느릴 완,15,"부드럽다, 너그럽다, 늦추다. 느리다, 느슨하다.",木,260,
6225,완,翫,희롱할 완,15,"깔보다, 탐하다, 희롱하다, 구경하다. 연습하다, 욕심내다, 비틀거리다.",火,260,
6226,"완,원",鋺,주발 완/원,16,"주발, 바리.",金,260,
6227,왈,曰,가로 왈,4,"일컫다, 부르다, 이르다, 말하다. 가로되, 말하기를, 이에, ~라 하다.",火,260,
6228,"왕,옥",王,임금 왕/옥,5,"임금, 천자, 수령, 왕성하다, 으뜸. 할아버지, 왕노릇하다, 통치하다, 옥 옥",金,260,옥편 4획
6229,왕,匡,바로잡을 광,6,"바르다, 바로잡다, 구원하다, 돕다. 편안하다, 높지위, 앉은뱅이 왕","土,水,木",46,
6230,왕,旺,왕성할 왕,8,"아름답다, 곱다. 왕성하다.",火,260,
6231,왕,往,갈 왕,8,"향하다, 보내주다, 가다, 보내다, 뒤. 과거, 이따금, 일찍, 언제나, 이후",火,260,
6232,왕,汪,넓을 왕,8,"(깊고)넓다, 바다, 땅이름. (눈물이)그렁그렁하다, 못, 연못.",水,260,옥편 7획
6233,"왕,광",枉,굽을 왕/광,8,"억울하다, 굽히다, 능멸하다. 복종하다, 사특하다, 미칠 광",木,261,
6234,왕,迬,갈 왕,12,"향하다, 보내다, 가다. 과거, 옛날, 이따금, 일찍, 언제나.",土,261,옥편 9획
6235,왕,㳹,큰물 왕,12,왕. 큰물 왕,土,,"2024 보완전사(김기승 성명학 9,491자 기준본 대조 추가)"
6236,왕,暀,빛 고울 왕,12,빛고울. 빛 고울 왕. 갈 왕,土,,"2024 보완전사(김기승 성명학 9,491자 기준본 대조 추가); 기준본 음(대표) 필드 오류로 뜻풀이 텍스트에서 재추출함"
6237,"왕,황",潢,깊을 왕/황,19,"깊다, 물 깊고 넓은 모양. 깊을 황",水,261,옥편 18획
6238,왕,瀇,깊을 왕,20,깊다(물과 관련하여 깊음). 물이 잔잔히 흐르거나 물결이 깊고 어두운 모양을 이르는 말,水,,"2024 보완전사(김기승 성명학 9,491자 기준본 대조 추가)"
6239,"왜,와",娃,예쁠 왜/와,9,"아름답다, 예쁘다, 예쁜 여자. 예쁠 와",土,261,
6240,"왜,외",歪,기울 왜/외,9,"기울다, 바르지 아니하다, 비뚤다. 기울 외",土,261,
6241,"왜,위,와",倭,"유순할 왜/위,와",10,"유순하다, 아름다운 모양. 뻥돌다, 구불구불할 위, 나라이름 와",火,261,
6242,"왜,와,과",媧,"여신 왜/와,과",12,"사람이름, 여신. 사람이름 와, 사람이름 과",土,261,
6243,왜,矮,난쟁이 왜,13,"난쟁이, 작다, 짧다, 짧게하다.",金,261,
6244,외,外,바깥 외,5,"언행, 용모, 표면, 겉, 사랑, 바깥채. 바깥, 밖, 남, 타인, 외국, 외가.",水,261,
6245,외,畏,두려워할 외,9,"경외하다, 조심하다, 조심하다. 꺼리다, 으르다, 두려워하다.",土,261,
6246,외,偎,가까이할 외,11,"친숙해지다, 사랑하다, 가까이하다. 어렴풋하다, 분명하지 않다.",火,261,
6247,"외,위",嵔,꾸불꾸불할 외/위,12,산세가 험준하다. 산이 높고 아래가 험한 모양 위,土,261,
6248,"외,위",崴,높을 외/위,12,"평탄치 아니하다, 높고 험준하다. 높다, 산 모양 위",土,261,
6249,외,煨,묻은 불 외,13,"익히다, 불타다, 묻은 불, 불씨. (재 묻어서)굽다.",火,261,
6250,외,崣,높을 외,13,"높고 평평하지 못하다, 허망하다. 술에 취하다, 높다.",土,261,
6251,외,猥,외람할 외,13,"많다, 쌓다, 외람하다, 더럽다. 통합하다, 추하다.",土,261,옥편 12획
6252,"외,위",溾,빠질 외/위,13,"물결 일다, 빠지다, 흐르다. 흐릴 위",水,261,옥편 12획
6253,외,嵬,높을 외,13,높다(우뚝 솟음). 가파르고 험준하다(산세나 절벽이 험한 모양),土,,"2024 보완전사(김기승 성명학 9,491자 기준본 대조 추가)"
6254,외,愄,착할 외,13,마음착할. 착할 외,土,,"2024 보완전사(김기승 성명학 9,491자 기준본 대조 추가); 기준본 음(대표) 필드 오류로 뜻풀이 텍스트에서 재추출함"
6255,"외,괴",碨,돌 외/괴,14,"돌무더기, 높고 험한 모양, 험하다. 돌, 산돌의 모양, 돌무더기 괴",金,261,
6256,"외,위",渨,빠질 외,14,빠질 외. 흐릴 위,水,,"2024 보완전사(김기승 성명학 9,491자 기준본 대조 추가)"
6257,"외,위",磥,우툴두툴할 외/위,15,"돌모양, 돌이 고르지 않은 모양. 돌 우툴두툴할 위",金,261,
6258,"외,괴",磈,돌 외,15,돌 외. 돌무더기 괴,土,,"2024 보완전사(김기승 성명학 9,491자 기준본 대조 추가)"
6259,"외,회",聵,귀머거리 외/회,18,귀머거리. 귀머거리 회,火,261,
6260,외,隗,높을 외,18,높다. 성의 하나.,土,262,옥편 13획
6261,외,巍,높고 클 외,21,"장원하다, 높고 큰 모양, 높고 크다.",土,262,
6262,"요,료",幺,작을 요(료),3,"그윽하다, 어둡다, 작다, 어리다.",火,262,
6263,"요,료",夭,일찍죽을 요(료),4,"어리다, 젊다, 척척하다, 어릴 요. 어린아이 오, 따이름 옥, 예쁠 외",水,262,
6264,"요,료",凹,오목할 요(료),5,"가운데가 쑥 들어가다, 오목하다.","木,水",262,
6265,"요,료",妖,요사할 요(료),7,"아리땁다, 요염하다, 괴이하다, 요괴. 요사하다(젊은 나이에 죽다)",土,262,
6266,"요,료",坳,우묵할 요(료),8,"우묵하다. 우묵하게 패어 들어가다. 가운데가 쑥 들어가다, 팬곳.",土,262,
6267,"요,료",殀,일찍죽을 요(료),8,"죽이다, 일찍 죽다.",水,262,
6268,요,枖,무성한 모양 요,8,나무번성할. 무성한 모양 요,土,,"2024 보완전사(김기승 성명학 9,491자 기준본 대조 추가); 기준본 음(대표) 필드 오류로 뜻풀이 텍스트에서 재추출함"
6269,요,咬,새소리 교,9,"물다, 깨물다, 새가 지저귀다. 새소리, 음란한 소리 요",木,49,
6270,"요,료",拗,우길 요(료),9,"고집스럽다, 비꼬이다, 누르다. 꺾다, 언누르다, 우기다, 비틀다.",木,262,옥편 8획
6271,"요,료",祅,재앙 요(료),9,"괴이하다, 요염하다, 재앙.",木,262,
6272,"요,료",姚,예쁠 요(료),9,"아름답다, 곱다, 예쁘다, 가볍다. 굳세고 빠르다, 경솔할 조",土,262,
6273,"요,료",要,요긴할 요(료),9,"적중하다, 취득하다, 모으다. 맞히다, 바라다, 요구하다, 중요하다.",金,262,
6274,"요,료",突,그윽할 요(료),9,"아름답다, 침침하다, 그윽하다, 깊다. (학문 등이)깊다, 겹집, 모퉁이,",水,262,
6275,요,穾,깊을 요,9,깊다(깊고 그윽함). 사물의 심오함이나 난해함을 비유(심원함),水,,"2024 보완전사(김기승 성명학 9,491자 기준본 대조 추가)"
6276,요,垚,높은 모양 요,9,사람이름. 높은 모양 요,土,,"2024 보완전사(김기승 성명학 9,491자 기준본 대조 추가); 기준본 음(대표) 필드 오류로 뜻풀이 텍스트에서 재추출함"
6277,"요,료",窈,고요할 요(료),10,"아리땁다, 양전하다, 천박하다. 어둡다, 고요하다, 그윽하다..",木,262,
6278,"요,료",窅,움평눈 요(료),10,"으슥하다, 멀리 바라보다, 한적하다. 움평눈(움푹 들어간 눈)",木,262,
6279,요,烑,빛날 요,10,빛날. 빛날 요,土,,"2024 보완전사(김기승 성명학 9,491자 기준본 대조 추가); 기준본 음(대표) 필드 오류로 뜻풀이 텍스트에서 재추출함"
6280,"요,료",僄,날씬할 요(료),11,"날씬하다, 양전한 모양. 허리 가늘다, 낭창거리다.",火,263,
6281,요,偠,날씬할 요,11,날씬하다(몸매가 늘씬하고 가늘다). 가볍고 날렵한 모양(움직임이 민첩하고 경쾌함),火,,"2024 보완전사(김기승 성명학 9,491자 기준본 대조 추가)"
6282,요,珧,강요주 요,11,대합조개. 강요주 요,土,,"2024 보완전사(김기승 성명학 9,491자 기준본 대조 추가); 기준본 음(대표) 필드 오류로 뜻풀이 텍스트에서 재추출함"
6283,"요,료",堯,요임금 요(료),12,"높은 모양, 높다, 멀다. 요임금.",土,263,
6284,"요,료",喓,벌레소리 요(료),12,벌레소리. 큰소리로 외치다.,水,263,
6285,"요,료",徭,역사 요(료),13,"역사, 부역, 노역, 부리다, 요족. 성의 하나.",火,263,
6286,요,嗂,기꺼울 요,13,기꺼울. 기꺼울 요,土,,"2024 보완전사(김기승 성명학 9,491자 기준본 대조 추가); 기준본 음(대표) 필드 오류로 뜻풀이 텍스트에서 재추출함"
6287,요,睹,밝을 요,14,"밝다, 햇빛",火,263,
6288,"요,료",搖,흔들 요(료),14,"움직이다, 오르다, 흔들리다. 어지럽히다, 빠르다.",木,263,옥편 13획
6289,"요,료",僥,요행 요(료),14,"바라다, 구하다, 속이다, 요행. 속일 교",火,263,
6290,요,暚,햇빛 요,14,"햇빛, 해빛(해가 비추는 빛). 볕의 기운(따뜻하고 밝은 빛이나 기운을 이르는 말)",火,,"2024 보완전사(김기승 성명학 9,491자 기준본 대조 추가)"
6291,요,榣,큰 나무 요,14,큰나무. 큰 나무 요,土,,"2024 보완전사(김기승 성명학 9,491자 기준본 대조 추가); 기준본 음(대표) 필드 오류로 뜻풀이 텍스트에서 재추출함"
6292,"요,료",睎,눈매고울 요(료),15,"눈매가 곱다. 멀리보다, 보는 모양. 찡긋하고 보는 모양.",木,263,
6293,"요,료",樂,좋아할 요(료),15,"즐거워하다, 편안하다, 좋아하다. 즐길 락(낙), 노래 악",木,263,
6294,"요,료",窯,기와가마 요(료),15,"기와를 굽다. 기와 가마, 오지그릇.","木,土",263,
6295,"요,료",墝,메마른땅 요(료),15,"평평하지 않다, 척박한 땅. 메마른 땅, 땅의 높이가 심하다.",土,263,
6296,"요,료",嶢,높을 요(료),15,"산이 높은 모양, 메마르다, 높다. 위태로운 모양.",土,263,
6297,"요,료",瑤,아름다운옥 요(료),15,"아름다운 옥, 옥돌.",金,263,옥편 14획
6298,"요,료",腰,허리 요(료),15,"신장, 콩팥, 허리, 중요한 곳. 기슭, 밑동, (허리에)차다.",水,264,옥편 13획
6299,"요,교",儌,구할 요,15,요. 구할 교. 구할 요,土,,"2024 보완전사(김기승 성명학 9,491자 기준본 대조 추가)"
6300,"요,뇨,효",橈,굽을 요(료),16,"꺾어지다, 구부리다, 굽히다. 굽을 뇨,노,요, 노 뇨",木,264,
6301,"요,료",⿰氵堯,물댈 요(료),16,"경박하다, 엏다, 물을 대다.",水,264,"이체자, 유니코드 미상 / 원본 자형 표기 (옥편 15획)"
6302,요,遙,멀 요,17,"멀다, 아득하다, 거닐다",土,264,옥편 14획
6303,"요,료,유,주",繇,"역사 요(료)/유,주",17,"우거지아, 무성하다, 흔들리다. 멀다, 말미암을 유, 점사 주.",木,264,
6304,"요,료",謠,노래 요(료),17,"노래하다, 헐뜯다, 소문. 노래, 가요.",金,264,
6305,"요,뇨",澆,물 댈 요,17,물 댈 요. 물 돌아 흐르는 모양 뇨(요),水,,"2024 보완전사(김기승 성명학 9,491자 기준본 대조 추가)"
6306,요,蕘,땔나무 요,17,땔나무. 땔나무 요,土,,"2024 보완전사(김기승 성명학 9,491자 기준본 대조 추가); 기준본 음(대표) 필드 오류로 뜻풀이 텍스트에서 재추출함"
6307,"요,료",蕎,땔나무 요(료),18,"땔나무. 나무 이름. 풋나무, 순무, 약초이름,",木,264,옥편 16획
6308,"요,료",擾,시끄러울 요(료),19,"길들이다, 어지럽다, 흐려지다. 시끄럽다, 움직이다, 움직일 우",木,265,옥편 18획
6309,"요,료",遶,두를 요(료),19,"에워싸다, 두르다.",土,265,옥편 16획
6310,욕,辱,욕될 욕,10,"무렵다, 거스르다, 더럽히다, 욕되다. 수치스럽다, 모욕을 당하다.",土,265,
6311,욕,欲,하고자할 욕,11,"하기 시작하다, 온순하다, 바라다. 사랑하다, 편안하다, 정숙하다.",火,265,
6312,욕,浴,목욕할 욕,11,"목욕하다, 몸을 씻다, 수양하다. 새가 나는 모양.",水,265,옥편 10획
6313,욕,溽,젖을 욕,14,"짙다, 기름지다, 찌다, 젖다.",水,265,옥편 13획
6314,욕,慾,욕심 욕,15,"탐내다, 욕심, 욕정",火,266,
6315,욕,蓎,방석 욕,16,"방석, 깔개, 새싹이 나다",木,266,옥편 14획
6316,욕,縟,꾸밀 욕,16,"꾸미다, 가늘다, 번거롭게 않다. 화문 놓다, 번다하다, 무늬, 채색.",木,266,
6317,욕,褥,요 욕,16,"요, 까는 침구. 깃저고리.",木,266,옥편 15획
6318,욕,蓐,깔개 욕,18,"깔개, 침구(침대나 잠자리에 까는 물건). 잠자리와 관련된 물건이나 용구를 이르는 말(요, 이불 등)",木,,"2024 보완전사(김기승 성명학 9,491자 기준본 대조 추가)"
6319,"용,룡",冗,쓸데없을 용(룡),4,"쓸데없다, 번거롭다, 무익하다. 남아돌다, 섞다.","水,木",266,
6320,"용,룡",用,쓸 용(룡),5,"베풀다, 다스리다, 들어주다. 일하다, 행하다, 쓰다, 부리다.",水,266,
6321,"용,룡",宂,한가로울 용(룡),5,"번거롭다, 바쁘다, 한가롭다. 떠다니다.","水,木",266,
6322,"용,룡,동",甬,길 용(룡)/동,7,"길, 휘, 섬, 범상하다, 솟아오르다. 범상하다, 부리다, 땅이름, 대롱 동",水,266,
6323,"용,룡",勇,날랠 용(룡),9,"과감하다, 용감하다, 강하다, 용기. 날래다, 결단력 있다.",土,266,
6324,"용,룡",俑,목우 용(룡),9,"목우, 허수아비, 아프다.",火,266,
6325,"용,룡",容,얼굴 용(룡),10,"용납하다, 받아들이다, 용서하다. 얼굴, 모양, 몸가짐",木,266,
6326,"용,룡",埲,길돋울 용(룡),10,"골목길, 길 돋우다.",土,266,
6327,"용,룡",戛,사나울 용(룡),10,"날래다, 사납다.",金,266,
6328,"용,질",㦶,사나울 용,10,용. 사나울 용. 날랠 질,土,,"2024 보완전사(김기승 성명학 9,491자 기준본 대조 추가)"
6329,용,埇,길을 돋울 용,10,길을 돋우다(길을 높게 만들거나 다져 올리는 일). 제방이나 길가를 쌓아 올리는 것 또는 그런 작업을 이르는 말,土,,"2024 보완전사(김기승 성명학 9,491자 기준본 대조 추가)"
6330,"용,룡",庸,떳떳할 용(룡),11,"고용하다, 범상하다, 어리석다. 쓰다, 크다, 떳떳하다, 쓸 용",木,266,
6331,"용,룡",舂,찧을 용(룡),11,"절구질하다, 해가지다, 치다, 찧다. 찌르다, 형벌의 이름, 산이름.",土,266,
6332,"용,룡",涌,물솟을 용(룡),11,"물이 솟다, 솟구치다, 나오다. 솟아나다, 떠오르다, 나타나다.",水,266,옥편 10획
6333,"용,룡",茸,풀날 용(룡),12,"우거지다, 어지럽다, 풀이나다, 버섯. 밀다, 잔털, 녹용, 미련쟁이, 버섯이",木,266,옥편 10획
6334,"용,룡",傛,익숙할 용(룡),12,"아름답다, 불안하다, 근심스럽다. 익숙하다, 자태가 예쁜 모양.",火,266,
6335,"용,룡",硧,숫돌 용(룡),12,"숫돌, 갈다. 갈 동",金,266,
6336,용,恿,용감할 용,12,용감할. 용감할 용,土,,"2024 보완전사(김기승 성명학 9,491자 기준본 대조 추가); 기준본 음(대표) 필드 오류로 뜻풀이 텍스트에서 재추출함"
6337,용,媶,예쁜 모양 용,12,이쁠. 예쁜 모양 용,土,,"2024 보완전사(김기승 성명학 9,491자 기준본 대조 추가); 기준본 음(대표) 필드 오류로 뜻풀이 텍스트에서 재추출함"
6338,"용,룡",傭,품팔 용(룡),13,"품팔이 하다, 품팔다, 고르다. 고를 총",火,266,
6339,"용,룡",崷,산이름 용(룡),13,봉우리 모양. 산봉우리가 높고 낮게 서 있는 모양,土,267,
6340,"용,룡",蛹,번데기 용(룡),13,번데기. 초파리.,水,267,
6341,"용,룡",湧,물솟을 용(룡),13,"솟구치다, 떠오르다, 나타나다. 물이 솟다, 오르다, 토하다.",水,267,옥편 12획
6342,용,塘,담장 용,14,"담, 담장, 벽",土,267,
6343,"용,룡",榕,보리수 용(룡),14,"벵골보리수, 용나무",木,267,
6344,"용,룡",熔,쇠녹일 용(룡),14,"쇠를 녹이다, 주조하다, 녹이다. 녹다.",火,267,
6345,"용,룡",慂,권할 용(룡),14,"억지로 권유하다, 권하다.",火,267,
6346,"용,룡",踊,뛸 용(룡),14,"춤추다, 오르다, 뛰다. 신발, 심히, 미리.",土,267,
6347,"용,룡",溶,녹을 용(룡),14,"용해하다, 흔들다, 도도히 흐르다. 성대하다.",水,267,옥편 13획
6348,"용,흙,담",墉,성곽이나 흙 용,14,"성곽이나 흙, 돌로 쌓은 담(방어, 경계의 뜻). 울타리처럼 둘러싼 구조나 경계(비유적 폐쇄, 구획의 뜻)",土,,"2024 보완전사(김기승 성명학 9,491자 기준본 대조 추가)"
6349,"용,룡",橸,나무이름 용(룡),15,"나무이름, 무기걸이.",木,267,
6350,"용,룡",慵,게으를 용(룡),15,"평범하다, 범상하다, 나태하다. 게으르다, 마음이 내키지 아니하다.",火,267,옥편 14획
6351,"용,룡,창,송",憃,"천지 용(룡)/창,송",15,"어리석다, 천치. 어리석을 창, 어리석을 송",火,267,
6352,"용,룡",瑽,패옥소리 용(룡),15,패옥(허리띠에 차는 옥) 소리,金,267,옥편 14획
6353,용,槦,나무 이름 용,15,나무 이름(특정 수목을 가리키는 고유명칭). 그 나무의 목재나 용도(목재로서의 사용을 가리킴),木,,"2024 보완전사(김기승 성명학 9,491자 기준본 대조 추가)"
6354,"용,룡",蓉,연꽃 용(룡),16,"부용, 연꽃, 나무연꽃.",木,267,옥편 14획
6355,"용,룡",踴,뛸 용(룡),16,"오르다, 춤추다, 뛰다. 신발, 심히, 미리.",土,267,
6356,용,䞻,갈 용,16,용. 갈 용,土,,"2024 보완전사(김기승 성명학 9,491자 기준본 대조 추가)"
6357,용,瑢,패옥 용,16,"패옥(장식용 옥, 구슬)의 이름 또는 그 종류를 가리키는 말(보석류). 옥기나 구슬에서 나는 맑은 소리, 빛깔을 비유적으로 이르는 말",土,,"2024 보완전사(김기승 성명학 9,491자 기준본 대조 추가)"
6358,"용,룡,송",聳,솟을 용(룡)/송,17,"권하다, 공경하다, 두려워하다. 솟다, 솟게하다, 두려워할 송",火,267,
6359,"용,룡",鎔,쇠녹일 용(룡),18,"쇠를 녹이다, 주조하다, 녹이다. 녹다.",金,267,
6360,"용,룡",鏞,쇠북 용(룡),19,쇠북. 종,金,267,
6361,우,又,또 우,2,"또한, 동사에, 더욱, 거듭하다. 용서하다.",水,268,
6362,"우,어",于,어조사 우/어,3,"동작을 하다, 구하다, 굽다, 크다. 광대하다, 비슷하다, 닮다, 어조사 어","火,水",268,
6363,우,尤,으뜸 우,4,"으뜸, 훌륭한 사람, 뛰어난 것, 과실. 탓하다, 결점, 원한, 원망, 허물.",土,268,
6364,우,牛,소 우,4,"희생, 고집스럽다, 순종하지 않다. 무릅쓰다.",土,268,
6365,우,友,벗 우,4,"사랑하다, 벗하다, 사귀다, 돕다. 가까이하다, 우애가 있다, 순종하다.",水,268,
6366,우,右,오른쪽 우,5,"높다, 귀하다, 강하다, 권하다. 돕다, 굽다, 오른손, 도울 우",水,268,
6367,우,宇,집 우,6,"덮어 가리다, 비호하다, 하늘, 지붕. 꾸밈새, 생김새.",木,268,
6368,"우,호",羽,깃 우/호,6,"깃 장식, 새, 조류, 살깃, 늦출 호. 깃, 깃털, 깃꽃이, (짐승의)날개.",火,268,
6369,우,圩,오목할 우,6,"오목하다, 웅퓩파이다, 물가. 제방, 염전",土,268,
6370,"우,유",吁,탄식할 우/유,6,"근심하다, 부르다, 탄식하다. 구하다, 내불다, 내쉬다, 부를 유",水,268,
6371,우,优,넉넉할 우,6,오곡휠. 넉넉할 우. 뛰어날 우,土,,"2024 보완전사(김기승 성명학 9,491자 기준본 대조 추가); 기준본 음(대표) 필드 오류로 뜻풀이 텍스트에서 재추출함"
6372,우,扜,당길 우,7,"끌어당기다, 지휘하다, 지시하다. 잡아당기다,",木,268,옥편 6획
6373,우,杅,사발 우,7,"만족하다, 누르다, 견제하다, 사발. 바리, 목욕통.",木,268,
6374,우,佑,도울 우,7,"돌리다, 도와주다, 진헌하다, 돕다. 도움",火,268,
6375,우,旰,클 우,7,"해뜨다, 해 돋는 모양, 크다.",火,268,
6376,우,汙,비 우,7,"비, 물. 물이름.",水,268,
6377,우,扝,당길 우,7,우. 당길 우. 지휘할 우,土,,"2024 보완전사(김기승 성명학 9,491자 기준본 대조 추가)"
6378,우,旴,클 우,7,"클 우. 크거나 넓음, 크게 트인 모양",火,,"2024 보완전사(김기승 성명학 9,491자 기준본 대조 추가)"
6379,우,吘,화합할 우,7,부를. 화합할 우,土,,"2024 보완전사(김기승 성명학 9,491자 기준본 대조 추가); 기준본 음(대표) 필드 오류로 뜻풀이 텍스트에서 재추출함"
6380,우,盱,쳐다볼 우,8,"넓히다, 바라보다, 크다, 기리다. 기뻐하는 모양, 근심하다, 쳐다보다.",木,268,
6381,우,玗,옥돌 우,8,옥돌,金,268,옥편 7획
6382,우,盂,사발 우,8,"밥그릇, 주발.",金,268,
6383,우,雨,비 우,8,"배부르다, 넘치도록 가득하다. 과식하다, 포만하다.",水,268,
6384,우,㲾,비 우,8,우. 비 우,土,,"2024 보완전사(김기승 성명학 9,491자 기준본 대조 추가)"
6385,"우,후",芋,토란 우/후,9,"덮다, 가리다, 보유하다, 크다. 클 후",木,268,옥편 7획
6386,우,竽,피리 우,9,"피리(악기의 하나), 두목(우두머리)",木,269,
6387,우,禹,성씨 우,9,"임금, 느슨하다, 돕다, 성의 하나. 하우씨, 벌레, 곡척, 곱자로 재다.",木,269,
6388,우,紆,굽을 우,9,"드리우다, 늘어뜨리다, 울적하다. 감돌다, 얽히다, 구부리다, 굽다.",木,269,
6389,우,偊,클 우,9,"장대하다, 크다. 얼굴이 크다.",火,269,
6390,우,㺜,흑 우,9,"사마귀, (머리를)흔들다. 흑",水,269,
6391,"우,혹",疣,혹 우,9,"혹 우. 피부에 돋은 혹, 사마귀나 작은 종기. 비유적으로 결점이나 흠을 이르는 말",水,,"2024 보완전사(김기승 성명학 9,491자 기준본 대조 추가)"
6392,우,祐,복 우,10,"도와주다, 올리다, 돕다, 복. 도울 우",火,269,
6393,"우,오",迂,에돌 우/오,10,"굽히다, 피하다, 억제하다, 비뚤다. 멀다, 잘못하다, 기세를 꺾다, 굽을 오",土,269,옥편 7획
6394,우,邘,땅이름 우,10,땅이름,土,269,옥편 6획
6395,우,區,구역 구,11,"구역, 구분하다, 나누다, 행정구획. 방위, 거처, 구별, 숨길 우",土,53,
6396,우,偶,짝 우,11,"짝, 허수아비, 짝짓다, 대하다, 배필. 마침, 우연.",火,269,
6397,우,傴,혼자걸을 우,11,"삽가다, 혼자 걷다, 삽가는 모양. 몸을 구부린 모양",火,269,
6398,우,釬,창고달 우,11,악기의 이름. 바리때(승려의 밥그릇).,金,269,
6399,우,浤,소용돌이쳐흐를 우,11,소용돌이 치는 모양. 물이 소용돌이 쳐 흐르다.,"金,水",269,
6400,우,雩,기우제 우,11,기우제. 기우제를 지내다.,水,269,
6401,우,盓,물 소용돌이쳐 흐를 우,11,물 소용돌이쳐 흐를 우. 물 소용돌이치며 흐를 우,土,,"2024 보완전사(김기승 성명학 9,491자 기준본 대조 추가)"
6402,"우,문",釪,창고달 우,11,"창고달 우. (고어) 창고, 저장과 관련된 쇠붙이나 장치. 금속제 걸이, 장식 또는 창고 문, 문고리와 관련된 도구",土,,"2024 보완전사(김기승 성명학 9,491자 기준본 대조 추가)"
6403,우,訧,허물 우,11,허물. 허물 우,土,,"2024 보완전사(김기승 성명학 9,491자 기준본 대조 추가); 기준본 음(대표) 필드 오류로 뜻풀이 텍스트에서 재추출함"
6404,우,祤,고을 이름 우,11,현이름. 고을 이름 우,土,,"2024 보완전사(김기승 성명학 9,491자 기준본 대조 추가); 기준본 음(대표) 필드 오류로 뜻풀이 텍스트에서 재추출함"
6405,우,寓,부칠 우,12,"맡기다, 기탁하다, 붙어살다, 보내다. 머무르다, 남에게 의지하며 살다.",木,269,
6406,우,廙,부칠 우,12,"맡기다, 위탁하다, 기탁하다, 부치다. 남에게 의지하며 살다, 머무르다.",木,269,
6407,우,翶,날 우,12,날다.,火,269,
6408,우,嵎,산굽이 우,12,"산모퉁이, 구석, 가파르다.",土,269,
6409,우,堣,모퉁이 우,12,"모퉁이, 구석. 땅이름.",土,269,
6410,우,㝢,집 우,12,우. 집 우,土,,"2024 보완전사(김기승 성명학 9,491자 기준본 대조 추가)"
6411,우,亴,날 우,12,"날 우. 날아오르다, 하늘을 날거나 급히 움직이다. 빠르게 지나가거나 날렵하게 움직이는 모양",火,,"2024 보완전사(김기승 성명학 9,491자 기준본 대조 추가)"
6412,"우,함",庽,부칠 우,12,"부칠 우. 보내다, 부치다(물건이나 사람을 전송함). 맡겨 두거나 위탁하여 처리하게 함(사무적, 법적 용법)",木,,"2024 보완전사(김기승 성명학 9,491자 기준본 대조 추가)"
6413,"우,유",迶,걸음 유,12,우. 걸음 유,土,,"2024 보완전사(김기승 성명학 9,491자 기준본 대조 추가); 1차 음의 뜻풀이 누락으로 타 음(유)의 훈으로 대표훈음 대체"
6414,우,虞,염려할 우,13,"생각하다, 편안하다, 즐기다, 돕다. 근심하다, 염려하다, 나라이름 우",木,269,
6415,우,愷,기쁠 우,13,기쁘다. 황홀한 모양. 기뻐하다.,火,269,
6416,우,愚,어리석을 우,13,"우직하다, 어리석다, 고지식하다. 어리석게 하다, 나(자기의 겸칭)",火,270,
6417,우,麀,암사슴 우,13,암사슴,土,270,
6418,우,㥥,기쁠 우,13,우. 기쁠 우,土,,"2024 보완전사(김기승 성명학 9,491자 기준본 대조 추가)"
6419,우,㬂,사람 이름 우,13,우. 사람 이름 우,土,,"2024 보완전사(김기승 성명학 9,491자 기준본 대조 추가)"
6420,우,楀,나무 이름 우,13,나무이름. 나무 이름 우,土,,"2024 보완전사(김기승 성명학 9,491자 기준본 대조 추가); 기준본 음(대표) 필드 오류로 뜻풀이 텍스트에서 재추출함"
6421,우,湡,강 이름 우,13,물이름. 강 이름 우,土,,"2024 보완전사(김기승 성명학 9,491자 기준본 대조 추가); 기준본 음(대표) 필드 오류로 뜻풀이 텍스트에서 재추출함"
6422,우,禑,복 우,14,복,木,270,
6423,우,瑀,패옥 우,14,"패옥, 옥돌, 하루살이.",金,270,옥편 13획
6424,우,霨,물소리 우,14,"깃털, 물소리. 깃 우",水,270,
6425,우,䨒,물소리 우,14,우. 물소리 우. 깃 우,土,,"2024 보완전사(김기승 성명학 9,491자 기준본 대조 추가)"
6426,우,耦,나란히갈 우,15,"마주서다, 짝짓다, 나란히 가다.",木,270,
6427,우,惲,공경할 우,15,"공경하다, 삼가다, 화내다.",火,270,옥편 14획
6428,우,憂,근심 우,15,"근심, 질병, 고통, 걱정하다. 고생하다, 괴로워하다, 두려워하다.",火,270,
6429,우,郵,우편 우,15,"역참, 허물, 탓하다, 지나다. 우편, 역말, 오두막집,",土,270,옥편 11획
6430,우,鄅,나라 이름 우,15,나라이름. 나라 이름 우,土,,"2024 보완전사(김기승 성명학 9,491자 기준본 대조 추가); 기준본 음(대표) 필드 오류로 뜻풀이 텍스트에서 재추출함"
6431,우,踽,외로울 우,16,"홀로 가다, 외롭다, 곱사등이",土,270,
6432,우,遇,만날 우,16,"만나다, 대접하다, 합치다, 짝하다.",土,270,옥편 13획
6433,"우,구",慪,공경할 우,16,공경할 우. 아낄 우. 아낄 구,火,,"2024 보완전사(김기승 성명학 9,491자 기준본 대조 추가)"
6434,"우,욱,오",煖,"위로할 우/욱,오",17,"따뜻하다, 위로하다, 선명하다. 불안하다, 따뜻할 우, 불 오",火,270,
6435,우,優,넉넉할 우,17,"후하다, 품위있다, 뛰어나다, 낫다. 넉넉하다, 부드럽다, 뛰어날 우",火,270,
6436,우,隅,모퉁이 우,17,"모퉁이. 구석, 귀, 절개, 정조.",土,270,옥편 12획
6437,우,鍝,톱 우,17,톱. 귀고리.,金,270,
6438,우,澞,언덕 사이 물 우,17,언덕사이물. 언덕 사이 물 우,土,,"2024 보완전사(김기승 성명학 9,491자 기준본 대조 추가); 기준본 음(대표) 필드 오류로 뜻풀이 텍스트에서 재추출함"
6439,우,麌,수사슴 우,18,"수사슴, 떼 짓다.",土,270,
6440,"우,후",謣,망령될 우/후,18,망령되다. 어영차 후,金,270,
6441,우,瀀,어살 우,19,융기많을. 어살 우,土,,"2024 보완전사(김기승 성명학 9,491자 기준본 대조 추가); 기준본 음(대표) 필드 오류로 뜻풀이 텍스트에서 재추출함"
6442,우,藕,연뿌리 우,21,"연뿌리, 연근, 서로 맞다.",木,270,옥편 19획
6443,우,耰,곰방메 우,21,"곰방메, 갈다, 씨앗 덮다.",木,270,
6444,우,齲,덧니 우,24,"덧니, 충치, 잇병.",金,270,
6445,욱,旭,아침해 욱,6,"아름답다, 만족하다, 해뜨다. 빠르다, 환하다, 빛나다.",火,271,
6446,욱,昱,햇빛밝을 욱,9,"빛나다, 환하다, 밝게 비추다. 햇빛이 밝다.",火,271,
6447,"욱,유",栯,산앵두 욱/유,10,"산앵두. 나무이름, 나무이름 유.",木,271,
6448,욱,彧,문채 욱,10,"아름다운 광채, 무성하다. 긴 모양.",火,271,
6449,욱,勖,힘쓸 욱,11,"노력하다, 권면하다, 힘쓰다.",土,271,
6450,욱,稢,서직무성할 욱,13,서직 무성하다.,木,271,
6451,"욱,육",煟,빛날 욱/육,13,"비치다, 성하다, 빛나다. 불꽃, 화염, 빛나는 모양, 빛날 육",火,271,
6452,"욱,옥",頊,삼갈 욱/옥,13,"삼가다, 멍하다, 삼가는 모양. 사람이름, 뒤통수, 뒤통수 옥",火,271,
6453,"욱,울",郁,성할 욱/울,13,"향기롭다, 그윽하다, 우거지다. 성하다, 답답할 울, 울창할 울",土,271,옥편 9획
6454,"욱,읍",煜,빛날 욱,13,빛날 욱. 빛날 읍,火,,"2024 보완전사(김기승 성명학 9,491자 기준본 대조 추가)"
6455,욱,穛,서직무성할 욱,15,서직 무성하다.. 서직이 우거진 모양.,木,271,
6456,욱,稶,(기존) 서직 무성할 욱(원문 표기 보존) · 곡식이나 풀 등이 풍성하게 자라 이삭이 탐스러운 상태 욱,15,(기존) 서직 무성할 욱(원문 표기 보존). 곡식이나 풀 등이 풍성하게 자라 이삭이 탐스러운 상태,木,,"2024 보완전사(김기승 성명학 9,491자 기준본 대조 추가)"
6457,욱,𢒰,문채 나는 모양 욱,16,욱. 문채 나는 모양 욱,土,,"2024 보완전사(김기승 성명학 9,491자 기준본 대조 추가)"
6458,"욱,우,오",燠,"따뜻할 욱/우,오",17,"따뜻하다, 선명하다, 위로하다. 위태하다, 위로할 우, 불 오",火,271,
6459,욱,鹹,빛날 욱,17,빛나다. 문채(아름다운 광채)나다.,金,271,
6460,운,云,이름 운,4,"말하다, 다다르다, 도착하다. 으르다, 운행하다, 돌아가다, 구름 운","木,水",271,
6461,운,夽,높을 운,7,"높다, 크다.",木,271,
6462,운,沄,돌아흐를 운,8,"넓다, 깊다, 넓고 깊은 모양. 돌아흐르다, 소리가 멀리 들리는 모양",水,271,옥편 7획
6463,운,抎,잃을 운,8,잃어버릴. 잃을 운,土,,"2024 보완전사(김기승 성명학 9,491자 기준본 대조 추가); 기준본 음(대표) 필드 오류로 뜻풀이 텍스트에서 재추출함"
6464,"운,예",芸,향기 운/예,10,"평지(풀), 궁궁이(풀), 향기, 촘촘하다. 김매다, 많다, 재주 예, 심을 예",木,271,옥편 8획
6465,운,耘,김맬 운,10,"없애다, 제거하다, 김매다.",木,271,
6466,운,紜,성할 운,10,"성하다, 어지럽다.",木,271,
6467,"운,원",員,더할 운/원,10,"더하다, 이르다, 둥글다. 인원 원",水,271,
6468,운,雲,구름 운,12,"높음의 비유, 구름, 습기.",水,271,
6469,운,惲,혼후할 운,13,"중후하다, 계획하다, 혼후하다. 도탑다.",火,272,옥편 12획
6470,"운,훈",暈,햇무리 운/훈,13,"침침하다, 희미하다, 어지럽다. 멀미, 무리, 햇무리, 달무리, 무리 훈",火,272,
6471,운,韵,운치 운,13,"운치, 정취, 소리, 음향, 기품. 운, 소리의 울림, 운문, 기회, 취향.",金,272,
6472,운,㜏,여자의 자 운,13,운. 여자의 자 운,土,,"2024 보완전사(김기승 성명학 9,491자 기준본 대조 추가)"
6473,운,熉,노란모양 운,14,노란 모양.,火,272,
6474,운,殞,죽을 운,14,"떨어지다, 추락하다, 죽다. 훼손하다.",水,272,
6475,운,溳,강 이름 운,14,물이름. 강 이름 운,土,,"2024 보완전사(김기승 성명학 9,491자 기준본 대조 추가); 기준본 음(대표) 필드 오류로 뜻풀이 텍스트에서 재추출함"
6476,운,霣,떨어질 운,15,"떨어지다, 추락하다, 스러지다, 죽다. 구름이 일다.",水,272,
6477,운,䆬,구름 일 운,15,운. 구름 일 운. 떨어질 운,土,,"2024 보완전사(김기승 성명학 9,491자 기준본 대조 추가)"
6478,"운,윤,오",蝹,굼틀거릴 운,15,용굼틀거릴. 굼틀거릴 운. 굼틀거릴 윤. 괴물 이름 오,土,,"2024 보완전사(김기승 성명학 9,491자 기준본 대조 추가); 기준본 음(대표) 필드 오류로 뜻풀이 텍스트에서 재추출함"
6479,운,橒,나무무늬 운,16,"나무무늬, 나무이름.",木,272,
6480,운,運,옮길 운,16,"운반하다, 쓰다, 옮기다, 나르다. 가지고 놀다, 어지럽다.",土,272,옥편 13획
6481,운,賱,넉넉할 운,16,"넉넉하다, 많이 있다. 재운이 있다.",金,272,
6482,운,澐,큰물결 운,16,"큰 물결, 물이 흐르는 모양. 큰 물결이 일다.",水,272,옥편 15획
6483,운,篔,왕대 운,16,왕대. 대이름.,木,272,
6484,운,鄆,나라이름 운,17,나라이름. 땅이름.,土,272,옥편 13획
6485,운,蕓,평지 운,18,"향기, 많다, 촘촘하다. 평지, 궁궁이, 운향, 김매다.",木,272,옥편 16획
6486,운,簹,왕대 운,18,왕대. 대이름.,木,272,
6487,"운,원",隕,떨어질 운/원,18,"무너지다, 사로잡히다, 잃다, 죽다. 떨어지다, 둘레 원",土,272,옥편 13획
6488,"운,곤",霣,떨어질 운/곤,18,"떨어지다, 추락하다, 죽다. 스러지다, 드리우다, 우레 곤",水,272,
6489,운,䉙,왕대 운,18,운. 왕대 운,土,,"2024 보완전사(김기승 성명학 9,491자 기준본 대조 추가)"
6490,"운,혼",頵,둥글 운/혼,19,"둥글다, 혼혼하다. 둥글 혼",火,272,
6491,운,韻,운 운,19,"소리, 여운, 기품, 운치, 정치, 음향. 운(한자의 음절에서 성모를 제외한 부분)",金,272,
6492,"운,혼",䫟,둥글 운,19,운. 혼. 둥글 운. 둥글 혼,土,,"2024 보완전사(김기승 성명학 9,491자 기준본 대조 추가)"
6493,운,鄖,나라 이름 운,21,"나라 이름 운(고대 지명). 지명으로 쓰이는 옛 지명, 지역 명칭",土,,"2024 보완전사(김기승 성명학 9,491자 기준본 대조 추가)"
6494,"울,우",亐,땅이름 울/우,4,땅이름. 어조사 우.,木,272,
6495,울,𠃗,땅 이름 울,4,땅이름. 땅 이름 울,土,,"2024 보완전사(김기승 성명학 9,491자 기준본 대조 추가); 기준본 음(대표) 필드 오류로 뜻풀이 텍스트에서 재추출함"
6496,"울,조,주",啁,비웃을 조,11,울. 비웃을 조. 새소리 주,金,,"2024 보완전사(김기승 성명학 9,491자 기준본 대조 추가); 1차 음의 뜻풀이 누락으로 타 음(조)의 훈으로 대표훈음 대체"
6497,"울,완",菀,"울창 울,완",14,"울창하다, 무성하다",木,272,옥편 12획
6498,"울,위",蔚,고을이름 울/위,17,"번민하다, 답답하다, 빽빽하다. 무성하다, 제비쑥 위",木,272,옥편 15획
6499,울,䵥,검을 울,18,울. 검을 울,土,,"2024 보완전사(김기승 성명학 9,491자 기준본 대조 추가)"
6500,울,鬱,답답할 울,29,"화려하다, 찬란하다, 아름답다. 우울하다, 답답하다, 울적할 울",木,273,
6501,울,灪,큰물 울,33,번창할. 큰물 울,土,,"2024 보완전사(김기승 성명학 9,491자 기준본 대조 추가); 기준본 음(대표) 필드 오류로 뜻풀이 텍스트에서 재추출함"
6502,웅,雄,수컷 웅,12,"용감하다, 이기다, 승리하다. 씩씩하다, 뛰어나다, 웅장하다, 두목",火,273,
6503,웅,僌,다스릴 웅,13,웅. 다스릴 웅,土,,"2024 보완전사(김기승 성명학 9,491자 기준본 대조 추가)"
6504,"웅,내",熊,곰 웅/내,14,"빛나다, 세찬 모양. 세발자라 내.",火,273,
6505,원,元,으뜸 원,4,"우두머리, 두목, 처음, 기운.",木,273,
6506,"원,완",杬,나무이름 원/완,8,"어루만지다, 주무르다. 나무이름, 어루만질 완",木,259,
6507,"원,완",杬,나무이름 원/완,8,"어루만지다, 주무르다. 어루만질 완.",木,273,
6508,원,沅,강이름 원,8,강이름. 물이름.,水,273,옥편 7획
6509,원,朊,희미할 원,8,희미하다. 알부민(albumin),水,273,
6510,원,妴,얌전할 원,8,순직할. 얌전할 원,土,,"2024 보완전사(김기승 성명학 9,491자 기준본 대조 추가); 기준본 음(대표) 필드 오류로 뜻풀이 텍스트에서 재추출함"
6511,"원,은",怨,원망할 원/은,9,"풍자하다, 책망하다, 미워하다. 어긋나다, 위배되다, 헤어지다, 쌓을 온",火,273,
6512,원,垣,담 원,9,"울타리, 두르다, 에워싸다. 담장.",土,273,
6513,원,爰,이에 원,9,"이르다, 느즈러지다, 미치다. 속이다, 끌다.","金,木",273,
6514,"원,연",貟,작은벌레 원/연,9,"이르다, 둥글다, 더하다, 늘이다. 인원.",水,273,員의 俗字
6515,원,芫,팔꽃나무 원,10,팔꽃나무,木,273,옥편 8획
6516,원,袁,성씨 원,10,옷이 치렁치렁한 모양. 성의 하나.,木,273,
6517,원,笎,대무늬 원,10,대무늬.,木,273,
6518,원,惌,즐거워할 원,10,"권하다, 깊은 생각에 잡기다.. 즐거워하다.",火,273,
6519,"원,환",洹,물이름 원/환,10,"세차게 흐르다, 물이 많은 모양. 세차게 흐를 환",水,273,옥편 9획
6520,"원,운",員,인원 원/운,10,"이르다, 둥글다, 더하다, 늘이다. 인원, 더할 운",水,273,
6521,원,原,근원 원,10,"근원, 거듭나다, 기인하다, 의거하다. 삼가다, 캐묻다, 찾다, 언덕 원.",水,273,
6522,원,冤,원통할 원,10,"억울하다, 원죄, 재앙, 누명, 원수. 원통하다.",水,273,
6523,"원,완",䏓,위 완,10,원. 위 완,土,,"2024 보완전사(김기승 성명학 9,491자 기준본 대조 추가); 1차 음의 뜻풀이 누락으로 타 음(완)의 훈으로 대표훈음 대체"
6524,"원,완",倇,즐거워할 원,10,즐거워할 원. 즐거워할 완,火,,"2024 보완전사(김기승 성명학 9,491자 기준본 대조 추가)"
6525,원,邧,고을 이름 원,10,땅이름. 고을 이름 원,土,,"2024 보완전사(김기승 성명학 9,491자 기준본 대조 추가); 기준본 음(대표) 필드 오류로 뜻풀이 텍스트에서 재추출함"
6526,"원,울",苑,동산 원/울,11,"마르다, 쌓이다, 막힐 울",木,273,옥편 9획
6527,원,寃,원통할 원,11,"억울하다, 원죄, 원수, 재앙, 누명",木,274,
6528,원,婉,예쁠 원,11,"예쁘다, 아름답다, 깊고 그윽하다. 매우 정성스럽다, 순하다, 젊다.",土,274,
6529,"원,완",阮,나라이름 원/완,12,"나라이름, 성씨 완",土,274,옥편 7획
6530,원,媛,여자 원,12,"아름답다, 미인, 우아한 여자, 끌다.",土,274,
6531,원,援,도울 원,13,"매달리다, 구원하다, 뽑다, 돕다. 당기다, 잡다.",木,274,옥편 12획
6532,원,榬,신골 원,13,"느티나무, 얼레.",木,274,
6533,원,猨,원숭이 원,13,원숭이. 짐승이름.,土,274,옥편 12획
6534,원,嫄,사람이름 원,13,사람이름.,土,274,
6535,원,湲,흐를 원,13,"맑다, 흐르다, 졸졸흐르는 모양.",水,274,옥편 12획
6536,원,園,동산 원,13,"뜰, 동산, 밭.",水,274,
6537,"원,엔",圓,둥글 원/엔,13,"온전하다, 원만하다, 둥글다. 화폐단위 엔",水,274,
6538,원,楥,신골 원,13,"신골(옛 문헌에 나오는 물건 이름). 고유한 사물 이름으로, 옛 문헌에서 쓰이는 명칭",木,,"2024 보완전사(김기승 성명학 9,491자 기준본 대조 추가)"
6539,원,愿,정성 원,14,"성실하다, 공손하다, 정중하다. 사모하다, 부러워하다, 삼가다.",火,274,
6540,원,瑗,패옥 원,14,"패옥, 도리옥, 구슬.","木,金",274,옥편 13획
6541,원,源,근원 원,14,"기원, 근원, 발원지",水,274,옥편 13획
6542,"원,완",蜿,굼틀거릴 원/완,14,"굼틀거리다, 구불구불하다. 굼틀거릴 완",水,274,
6543,원,溒,물 흐를 원,14,근원. 물 흐를 원,土,,"2024 보완전사(김기승 성명학 9,491자 기준본 대조 추가); 기준본 음(대표) 필드 오류로 뜻풀이 텍스트에서 재추출함"
6544,원,院,집 원,15,"마을, 정원, 담, 집.",土,274,옥편 10획
6545,원,褑,노리개 원,15,"노리개, 차다.",木,274,옥편 14획
6546,원,猿,원숭이 원,15,원숭이(동물). 재주가 있거나 장난스러운 사람을 비유하여 이르는 말,水,,"2024 보완전사(김기승 성명학 9,491자 기준본 대조 추가)"
6547,"원,천,환",蒝,우거진 모양 원,15,줄기와잎떨어질. 우거진 모양 원. 초목 모양 천. 풀 이름 환,土,,"2024 보완전사(김기승 성명학 9,491자 기준본 대조 추가); 기준본 음(대표) 필드 오류로 뜻풀이 텍스트에서 재추출함"
6548,원,鴛,원앙 원,16,원앙. 원앙의 수컷.,火,274,
6549,"원,완",鋺,저울판 원/완,16,"주발. 호미목, 저울판, 바리, 주발 완",金,274,
6550,원,轅,끌채 원,17,"끌다, 끌채(멍에를 매는 부분)",火,274,
6551,원,遠,멀 원,17,"많다, 멀리하다, 소원하다, 싫어하다. 어긋나다, 깊다, 멀다, 심오하다.",土,275,옥편 14획
6552,원,鼋,자라 원,17,"자라. 큰자라, 별이름. 영원(도롱뇽과에 속하는 양서류)",土,275,
6553,원,謜,천천히말할 원,17,"끊임 없다, 천천히 말하다.",金,275,
6554,원,黿,자라 원,17,자라(거북의 일종). 큰 민물거북을 가리키는 한자어,土,,"2024 보완전사(김기승 성명학 9,491자 기준본 대조 추가)"
6555,"원,위",薳,애기풀 원,18,애기풀. 애기풀 원. 성씨 위,土,,"2024 보완전사(김기승 성명학 9,491자 기준본 대조 추가); 기준본 음(대표) 필드 오류로 뜻풀이 텍스트에서 재추출함"
6556,원,薗,동산 원,19,"사원, 밭, 별장, 동산",木,275,옥편 17획
6557,원,鵍,원추새 원,19,원추새,火,275,
6558,원,願,원할 원,19,"기원하다, 정중하다, 사모하다, 향기. 부러워하다, 원하다, 향기롭다.",火,275,
6559,원,鵷,원추새 원,19,원추새(전설적이거나 희귀한 새의 이름). 고고하고 고상한 것을 비유적으로 이르는 말,火,,"2024 보완전사(김기승 성명학 9,491자 기준본 대조 추가)"
6560,원,騵,절따말 원,20,절따말(털빛이 붉은 말),火,275,
6561,원,邍,넓은들판 원,23,"넓은 들판, 넓은 언덕.",土,275,옥편 20획
6562,월,月,달 월,4,"달빛, 세월.",水,275,
6563,월,刖,벨 월,6,"위태롭다, 자르다, 베다.",金,275,
6564,월,泧,큰물 월,9,큰물. 큰물 월,土,,"2024 보완전사(김기승 성명학 9,491자 기준본 대조 추가); 기준본 음(대표) 필드 오류로 뜻풀이 텍스트에서 재추출함"
6565,월,粤,어조사 월,12,"두텁다, 나라이름, 땅이름.",木,275,
6566,"월,활",越,넘을 월/활,12,"지나다, 경과하다, 빼앗다, 어기다. 넘다, 멀다, 건너가다, 부들자리 활",火,275,
6567,월,鉞,도끼 월,13,"뛰어넘다, 도끼.",金,275,
6568,위,危,위태할 위,6,"높다, 아슬아슬하게 높다, 엄하다. 위태롭다, 불안하다, 두려워하다.","火,水,木",275,
6569,"위,리,이",位,"자리 위/리,이",7,"직위, 자리잡다, 위치하다, 임하다. 임할 리, 임할 이",火,275,
6570,위,委,맡길 위,8,"의젓하다, 쌓다, 맡기다, 버리다. 굽다, 시들다, 쇠퇴하다.",土,275,
6571,위,威,위엄 위,9,"권세, 힘, 위엄, 존엄하다. 두려움.",土,275,
6572,위,韋,가죽 위,9,"부드럽다, 에워싸다, 떠나다, 틀리다. 어기다, 위배되다, 가죽, 둘레.",金,275,
6573,위,洈,물 이름 위,10,물이름. 물 이름 위,土,,"2024 보완전사(김기승 성명학 9,491자 기준본 대조 추가); 기준본 음(대표) 필드 오류로 뜻풀이 텍스트에서 재추출함"
6574,위,偉,클 위,11,"훌륭하다, 위대하다, 크다. 기이하다, 성하다.",火,275,
6575,위,尉,벼슬 위,11,"위로하다, 본성, 다리다, 편안하다. 벼슬.","火,木",275,
6576,위,胃,밥통 위,11,"말하다, 이르다. 밥통, 마음, 별이름.",水,276,옥편 9획
6577,위,幃,휘장 위,12,휘장,木,276,
6578,위,爲,할 위,12,"이루어지다, 배우다, 가장하다. 우하다, 속하다, 있다, 할 위",金,276,
6579,"위,국",圍,에워쌀 위/국,12,"포위하다, 두르다, 사냥하다. 지키다, 에워싸다, 나라 국",水,276,
6580,"위,귀,괴",喟,한숨 쉴 위,12,한숨 쉴 위. 한숨 쉴 귀. 불쌍히 여길 괴,水,,"2024 보완전사(김기승 성명학 9,491자 기준본 대조 추가)"
6581,위,暐,햇빛 위,13,"환하다, 빛나는 모양, 햇빛. 번쩍거리는 모양.",火,276,
6582,위,骫,굽을 위,13,"굽히다, 굽다, 모이다.",金,276,
6583,위,渭,물이름 위,13,"흩어지다, 물이름",水,276,옥편 12획
6584,위,痿,거느릴 위,13,"인도하다, 거느리다, 바람맞다, 각기병. 저리다, 마비되다, 복속시키다.,",水,276,
6585,위,骪,굽음 위,13,"굽음, 굽은 모양을 나타냄(굽은 상태). 굽은 형태의 물체나 동물의 상태를 가리키는 말",土,,"2024 보완전사(김기승 성명학 9,491자 기준본 대조 추가)"
6586,위,湋,물 돌아 흐를 위,13,땅이름. 물 돌아 흐를 위,土,,"2024 보완전사(김기승 성명학 9,491자 기준본 대조 추가); 기준본 음(대표) 필드 오류로 뜻풀이 텍스트에서 재추출함"
6587,위,萎,시들 위,14,"알다, 시들다, 마르다, 쇠미하다.",木,276,옥편 12획
6588,"위,와",僞,거짓 위/와,14,"잘못되다, 틀리다, 고치다, 속이다. 그릇되게 바뀌다, 잘못될 와.",火,276,
6589,위,瑋,옥 위,14,"아름답다, 진귀하다, 진중하다, 옥. 옥이름.",金,276,옥편 13획
6590,위,葦,갈대 위,15,갈대,木,276,옥편 13획
6591,위,葳,우거질 위,15,"우거지다, 쇠하다. 동글레, 능소화, 초목이 무성한 모양",木,276,옥편 13획
6592,"위,휘",褘,아름다울 위/휘,15,"아름답다, 손수건. 폐슬 휘",木,276,옥편 14획
6593,위,緯,다스릴 위,15,"만들다, 구상하다, 다스리다, 짜다.",木,276,
6594,위,慰,위로할 위,15,"위로하다, 안심시키다, 우울해지다. 원망하다, 성내다.",火,276,
6595,위,衛,지킬 위,15,"아름답다, 호위하다, 경영하다. 좋다, 덮다, 의심하다, 막다.",火,276,
6596,"위,울",熨,따뜻할 위/울,15,"따뜻이 하다, 찜질하다, 다림질하다. 붙이다, 낙인찍다, 다릴 울",火,276,
6597,위,逶,구불구불갈 위,15,구불구불 가다.,土,276,옥편 12획
6598,위,諙,번거롭게할 위,15,"번거롭게 하다, 핑계되다, 맡기다.",金,276,
6599,위,蝟,고슴도치 위,15,고슴도치(가시로 몸을 방어하는 소형 포유류). 가시가 많은 작은 동물(비유적으로 방어적이거나 둔갑하는 성격을 이르는 말),水,,"2024 보완전사(김기승 성명학 9,491자 기준본 대조 추가)"
6600,위,諉,번거롭게 할 위,15,번거롭게 하다(성가시게 하다). 변명을 늘어놓아 책임을 전가하다(핑계를 대다),土,,"2024 보완전사(김기승 성명학 9,491자 기준본 대조 추가)"
6601,위,衞,지킬 위,16,"지키다, 보위하다, 호위하다, 막다. 아름답다, 좋다, 경영하다, 나라이름",火,277,"衛,衛와 同字"
6602,위,違,어긋날 위,16,"어기다, 다르다, 떨어지다, 피하다. 달아나다, 멀리하다, 원망하다.",土,277,옥편 13획
6603,위,諱,근면할 위,16,"근면하다, 생각하, 힘쓰다, 이르다. 가리키다, 설명하다, 알리다.",金,277,
6604,위,謂,말할 위,16,"말하다, 이르다(언급하거나 주장하다). 뜻하다, 지칭하다(의미를 나타내다)",土,,"2024 보완전사(김기승 성명학 9,491자 기준본 대조 추가)"
6605,위,闈,대궐 위,17,"대궐, 안방.. 문, 과장(과거를 보이는 장소)",木,277,
6606,"위,뇌",餧,기를 위/뇌,17,"먹이다, 기르다, 주리다, 썩다. 음식, 기야, 주릴 뇌",水,277,
6607,위,蔿,애기풀 위,18,"떠들다, 번화하다, 잘못되다.",木,277,옥편 16획
6608,"위,외",巍,대궐 위/외,18,"대궐, 궁궐, 높다, 좋다, 빼어나다. 나라이름, 빼어날 외.",水,277,
6609,위,韙,옳을 위,18,"바르다, 옳다, 좋다.",金,277,
6610,"위,외",魏,나라 이름 위,18,나라 이름 위. 빼어날 외,火,,"2024 보완전사(김기승 성명학 9,491자 기준본 대조 추가)"
6611,위,鄬,땅 이름 위,18,땅이름. 땅 이름 위,土,,"2024 보완전사(김기승 성명학 9,491자 기준본 대조 추가); 기준본 음(대표) 필드 오류로 뜻풀이 텍스트에서 재추출함"
6612,위,韡,활짝필 위,21,"빛나다, 성하다, 활짝 피다.",金,277,
6613,유,厶,세모창 구,4,"세모창, 기승부리다, 거세다. 발자국 유, 밟을 유","火,水",51,
6614,"유,류,임",尣,망설일 유(류)/임,4,"나아가다, 게으르다, 망설이다. 걷다, 찌르다, 머뭇거리다, 나아갈 임",木,277,
6615,"유,임",冘,망설일 유,4,망설일 유. 나아갈 임,木,,"2024 보완전사(김기승 성명학 9,491자 기준본 대조 추가)"
6616,"유,류,요",由,말미암을 유(류)/요,5,"행하다, 꾀하다, 같다, 등용하다. 좇다, 따르다, 여자의 웃는 모양 요",木,277,
6617,"유,류,요",幼,어릴 유(류)/요,5,"사랑하다, 어리다, 미숙하다, 작다. 그윽하다, 오묘하다, 그윽할 요",火,277,
6618,"유,류",有,있을 유(류),6,"가지다, 존재하다, 넉넉하다, 알다. 소유, 자재, 독차지하다, 많다, 있다",木,277,
6619,"유,류",酉,닭 유(류),7,"술, 연못, 닭, 대다. 열째지지 유",金,277,
6620,"유,류",攸,빠를 유(류),7,"재빠른 모양, 아득하다, 위태롭다. 오래다, 달리다, 장소.",金,277,
6621,"유,류",侑,도울 유(류),8,"돕다, 권하다, 용서하다, 배식하다. 종사하다, 보답.",火,277,
6622,"유,류,연",沇,흐를 유(류)/연,8,"흐르다, 물 흐르는 모양. 유행하는 모양, 강이름 연",水,277,옥편 7획
6623,"유,류",呦,울 유(류),8,"목이 에다, 울다, 흐느껴 울다. 슬퍼 우는 소리",水,277,
6624,"유,류",乳,젖 유(류),8,"젖, 기르다, 낳다, 젖을 먹이다. 알을 깨다, 어머니, 어버이.",水,277,
6625,"유,뉴",杍,"상록수 유,뉴",8,"감탕나무, 상록수",木,277,
6626,유,岰,산굽이 유,8,산굽이. 산굽이 유,土,,"2024 보완전사(김기승 성명학 9,491자 기준본 대조 추가); 기준본 음(대표) 필드 오류로 뜻풀이 텍스트에서 재추출함"
6627,"유,류",柔,사랑할 유(류),9,"사랑하다, 연약하다, 순하다, 좇다. 여리다, 복종하다, 부드럽다.",木,278,
6628,"유,류",宥,너그러울 유(류),9,"너그럽다, 어질다, 돕다, 보우하다. 용서하다, 사로잡히다, 심원하다.",木,278,
6629,"유,류,수",俞,편안할 유(류)/수,9,"대답하다, 수긍하다, 보답하다. 병이 낫다, 편안하다, 나라이름 수","木,土",278,
6630,"유,류,축",柚,유자 유(류)/축,9,"유자나무. 유자, 대나무 이름, 바디 축",木,278,
6631,"유,류",俞,편안할 유(류),9,"편안하다, 지나가다, 대답하다. 보답하다, 수긍하다, 응답하다.",火,278,
6632,"유,류,용",臾,비옥할 유(류)/용,9,"비옥하다, 권하다, 종용하다, 잠깐. 약한 활, 권할 용",土,278,
6633,"유,류",姷,짝 유(류),9,짝.,土,278,
6634,"유,류",囿,모일 유(류),9,"구역, 영토, 모이다, 여들다. 모여들다, 얽매이다, 국한되다.",水,278,
6635,"유,류",幽,그윽할 유(류),9,"그윽하다, 조용하다, 가두다. 어둡다, 피하여 숨다, 멀다, 검을 유",火,278,
6636,"유,류",油,기름 유(류),9,"윤기 나는 모양, 느긋하고 느린 모양. 온화하고 공근한 모양, 유동하는 모양",水,278,옥편 8획
6637,"유,류,요",泑,검을 유(류)/요,9,"물빛 검다, 잿물. 물 이름 요",水,278,옥편 8획
6638,"유,수",兪,대답할 유,9,대답할 유. 나라 이름 수,土,,"2024 보완전사(김기승 성명학 9,491자 기준본 대조 추가)"
6639,유,羑,착한 말 할 유,9,권할. 착한 말 할 유,土,,"2024 보완전사(김기승 성명학 9,491자 기준본 대조 추가); 기준본 음(대표) 필드 오류로 뜻풀이 텍스트에서 재추출함"
6640,"유,류",秞,무성할 유(류),10,(벼의 기장이)무성하다. (곡식이)무성하다.,木,278,
6641,"유,류",洧,강이름 유(류),10,"강이름, 땅이름.",水,278,옥편 9획
6642,"유,류",帷,덮을 유(류),11,"가리다, 덮다, 휘장.",木,278,
6643,"유,류",聊,교요할 유(류),11,"교요하다, 짐승의 발자국. 짐승의 발자취.",火,278,
6644,"유,류",悠,생각할 유(류),11,"많다, 한가롭다, 생각하다, 아득하다. 멀다, 근심하다, 나부끼다, 펄럭이다",火,278,
6645,"유,류,와",婑,아리따울 유(류)/와,11,"아리땁다, 날씬하고 아름답다. 정숙하다, 정숙할 와",土,278,
6646,"유,류,수",唯,오직 유(류)/수,11,"생각하다, 오직, 다만, 공손. 누구 수",水,279,
6647,"유,류",蚴,굼틀거릴 유(류),11,"굼틀거리다, 나나니벌-구멍벌과 곤충. 꿈틀거리며 가는 모양,",水,279,
6648,"유,류",蚰,그리마 유(류),11,그리마(절지동물),水,279,
6649,유,聈,교요할 유,11,교요하다(부드럽게 권하거나 교화함을 이르는 말). 말이나 태도로 부드럽게 권유하거나 가르침을 주다(문헌적 용법),火,,"2024 보완전사(김기승 성명학 9,491자 기준본 대조 추가)"
6650,유,桵,참나무 유,11,두릅나무. 참나무 유,土,,"2024 보완전사(김기승 성명학 9,491자 기준본 대조 추가); 기준본 음(대표) 필드 오류로 뜻풀이 텍스트에서 재추출함"
6651,"유,류",蕤,많을 유(류),12,"피다, 장식, 꽃이 축 늘어지다. 많다, 열매가 많이 열리다.",木,279,
6652,"유,류",惟,생각할 유(류),12,"생각하다, 사려하다, 늘어세우다. 마땅하다, 들어맞다, 오직, 오로지.",火,279,옥편 11획
6653,"유,류",鈾,광택 유(류),12,"보배, 윤, 광택",火,279,
6654,"유,류",琉,유리 류(유),12,"버들, 버드나무, 수레 이름, 별이름. 모이다, 오음의 하나, 상여의 장식.",金,279,옥편 11획
6655,"유,류",瘐,병들 유(류),12,"근심하여 앓다, 속박하다, 병들다. 시름하는 병",水,279,
6656,"유,류",喩,깨우칠 유(류),12,"기뻐하다, 깨우치다.",水,279,
6657,"유,투",婾,즐거워할 유,12,유. 즐거워할 유. 훔칠 투,土,,"2024 보완전사(김기승 성명학 9,491자 기준본 대조 추가)"
6658,유,庾,곳집 유,12,"곳집(곡식을 쌓아 두는 창고). 저장고, 창고로서의 장소(곡물이나 물품을 비축, 보관함)",木,,"2024 보완전사(김기승 성명학 9,491자 기준본 대조 추가)"
6659,유,甤,꽃 유,12,꽃 유. 열매 드리워진 모양 유,木,,"2024 보완전사(김기승 성명학 9,491자 기준본 대조 추가)"
6660,유,釉,유약 유,12,"유약, 광택(도자기 표면에 바르는 유리질 층). 표면에 윤기를 주는 물질이나 그 효과(광택을 냄)",火,,"2024 보완전사(김기승 성명학 9,491자 기준본 대조 추가)"
6661,"유,수",荽,고수풀 유,12,고수풀. 고수풀 유. 고수풀 수,土,,"2024 보완전사(김기승 성명학 9,491자 기준본 대조 추가); 기준본 음(대표) 필드 오류로 뜻풀이 텍스트에서 재추출함"
6662,"유,류,수",莠,가라지 유(류),13,"강아지풀, 추하다. 씀바귀 수",木,279,옥편 11획
6663,"유,류",楺,바로잡을 유(류),13,"순하게 하다, 섞이다, 휘다. 바로잡다, 주무르다.",木,279,옥편 12획
6664,"유,류,요",揶,야유할 유(류)/요,13,"빈정거리다, 희롱하다, 야유하다. 퍼내다, 요적못 요",木,279,옥편 12획
6665,"유,류",裕,넉넉할 유(류),13,"넉넉하게 하다, 관대하다, 느긋하다. 받아들이다, 용납하다, 헐렁하다.",木,279,옥편 12획
6666,"유,류",楢,졀참나무 유(류),13,"졀참나무. 내 이름, 화롯불을 피우다.",木,279,
6667,"유,류",楡,느릅나무 유(류),13,"흔들다, 요동시키다, 쏟다, 옮기다. 해질무렵, 별이름.",木,279,
6668,"유,류,투",愉,즐거울 유(류)/투,13,"기뻐하다, 즐겁다, 깨우쳐 주다. 화열하다, 구차하다, 구차할 투",火,279,옥편 12획
6669,"유,류",愈,유쾌할 유(류),13,"유쾌하다, 즐기다, 낫다, 뛰어나다. 근심하다, 괴로워하다, 구차할 투",火,279,
6670,"유,류,요",猶,크게할 유(류)/요,13,"크게, 지나치게, 다만, 그대로. 움직일 요",土,280,옥편 12획
6671,"유,류",猷,꾀 유(류),13,"꾀하다, 그리다, 같다, 모략, 계책. 도리, 법칙.",土,280,
6672,"유,류",琟,옥돌 유(류),13,옥돌,金,280,옥편 12획
6673,"유,류",泂,깊을 유(류),13,깊다.,水,280,옥편 12획
6674,"유,류",游,헤엄칠 유(류),13,"사귀다, 놀다, 헤엄치다, 유동하다. 뜨다, 어스렁거리다, 깃발 류(유)",水,280,옥편 12획
6675,"유,류",洏,물이름 유(류),13,물이름,水,280,옥편 12획
6676,유,煣,나무 구부릴 유,13,불에구워구부릴. 나무 구부릴 유,土,,"2024 보완전사(김기승 성명학 9,491자 기준본 대조 추가); 기준본 음(대표) 필드 오류로 뜻풀이 텍스트에서 재추출함"
6677,유,逌,웃을 유,14,"웃다, 만족하다, 말미암다",土,280,옥편 11획
6678,"유,류",維,벼리 류(유),14,"생각하다, 유지하다, 매다, 오직. 벼리(그물 코를 꿴 굵은 줄)",木,280,
6679,"유,류",綏,늘어질 유(류),14,"늘어지다, 갓끈..",木,280,
6680,"유,류",瑜,고운옥 유(류),14,"아름다운 모양, 옥빛.",金,280,옥편 13획
6681,"유,류",誘,꾈 유(류),14,"달래다, 권하다, 불러내다, 유인하다. 꾀다, 유혹하다, 혼란시키다, 속이다",金,280,
6682,"유,류",瘉,병나을 유(류),14,"해치다,, 앓다, 낫다, 병이 낫다. 해치다, 더욱, 한층 더",水,280,
6683,"유,류",痩,병들 유(류),14,"속박하다, 근심하여 앓다, 병들다. 시름하는 병.",水,280,
6684,"유,류,두",窬,넘을 유(류)/두,14,"뚫다, 비다, 넘다, 협문, 뒷간. 초과하다, 협문 두.",水,280,
6685,유,㽥,비옥한 밭 유,14,유. 비옥한 밭 유,土,,"2024 보완전사(김기승 성명학 9,491자 기준본 대조 추가)"
6686,"유,요,수,투",揄,야유할 유,14,야유할 유. 끌 유. 옷 이름 요. 벗을 수. 늘어뜨릴 투,木,,"2024 보완전사(김기승 성명학 9,491자 기준본 대조 추가)"
6687,유,揉,주무를 유,14,"주무르다, 문지르다(손으로 비비거나 주물러서 다듬음). 반죽, 치댐 등 손으로 힘을 가해 형태를 만들다(반죽, 마사지의 뜻)",木,,"2024 보완전사(김기승 성명학 9,491자 기준본 대조 추가)"
6688,유,湵,물 이름 유,14,"물 이름(하천, 개울 등의 고유명사). 지명으로 쓰이는 하천명(수계명으로의 용례)",水,,"2024 보완전사(김기승 성명학 9,491자 기준본 대조 추가)"
6689,"유,끈",緌,갓끈 유,14,"갓끈(갓이나 관모를 매는 끈). 관복이나 모자의 장식, 고정용 끈(복식에서 쓰이는 끈)",木,,"2024 보완전사(김기승 성명학 9,491자 기준본 대조 추가)"
6690,"유,류",茰,수유 유(류),15,"수유, 수유나무.",木,280,옥편 13획
6691,"유,류",糅,섞을 유(류),15,"섞이다, 섞다, 무침, 먹다. 잡곡밥",木,280,
6692,"유,류",褕,고울 유(류),15,"황후의 옷, 곱다.. 황후 옷 요/ 속옷",木,280,옥편 14획
6693,"유,류",牖,깨우칠 유(류),15,"깨우치다, 들창. 성의 하나.",木,281,
6694,"유,류",逌,웃을 유(류),15,"웃다, 말미암다, 바.",土,281,옥편 11획
6695,"유,류",瑠,유리 류(유),15,"맑은 유리, 유리, 나라 이름.",金,281,옥편 14획
6696,"유,류",窳,어지러질 유(류),15,"게으르다, 나태하다, 약해지다. 거칠다, 우묵하다, 이지러지다.",木,281,
6697,"유,류",腴,살찔 유(류),15,"풍족하다, 비옥하다, 살찌다, 좋다.",水,281,옥편 13획
6698,"유,류,추",蜦,하루살이 유(류)/추,15,"하루살이, 꽃게. 나무굼벵이 추",水,281,
6699,"유,뉴",䋴,잡색 비단 뉴,15,유. 잡색 비단 뉴(유),土,,"2024 보완전사(김기승 성명학 9,491자 기준본 대조 추가); 1차 음의 뜻풀이 누락으로 타 음(뉴)의 훈으로 대표훈음 대체"
6700,유,瑈,옥의 이름 유,15,옥의 이름(특정 옥을 가리키는 명칭). 옥돌의 한 종류나 옥명으로 쓰이는 고유어(장식용 옥의 명칭),土,,"2024 보완전사(김기승 성명학 9,491자 기준본 대조 추가)"
6701,"유,추",蝤,하루살이 유,15,하루살이 유. 나무굼벵이 추,水,,"2024 보완전사(김기승 성명학 9,491자 기준본 대조 추가)"
6702,유,鄃,고을 이름 유,15,고을이름. 고을 이름 유,土,,"2024 보완전사(김기승 성명학 9,491자 기준본 대조 추가); 기준본 음(대표) 필드 오류로 뜻풀이 텍스트에서 재추출함"
6703,유,滺,흐를 유,15,철철흐를. 흐를 유,土,,"2024 보완전사(김기승 성명학 9,491자 기준본 대조 추가); 기준본 음(대표) 필드 오류로 뜻풀이 텍스트에서 재추출함"
6704,유,槱,태울 유,15,화톳불놓을. 태울 유,土,,"2024 보완전사(김기승 성명학 9,491자 기준본 대조 추가); 기준본 음(대표) 필드 오류로 뜻풀이 텍스트에서 재추출함"
6705,"유,류,요",踰,넘길 유(류)/요,16,"지나가다, 뛰다, 멀다,, 물가언덕. 멀 요",土,281,
6706,"유,류",儒,선비 유(류),16,"부드럽다, 어색하다, 나약하다. 짧다, 너그럽다.",火,281,
6707,"유,류,투",逾,넘을 유(류)투,16,"건너가다, 지나가다, 건너뛰다, 넘다. 넘기다, 구차스럽다, 구차스러울 투",土,281,옥편 13획
6708,"유,류",遊,놀 유(류),16,"사귀다, 즐기다, 놀다, 떠돌다. 유세하다, 배우다, 공부하다.",土,281,옥편 13획
6709,"유,류",蹂,밟을 유(류),16,"밟다, 축이다, 빠르다, 짓밟다. 축축하게 만들다.",土,281,
6710,"유,류",諛,아첨할 유(류),16,"비위를 맞추는 말, 아첨하다. 즐겨따르는 모양",金,281,
6711,"유,류",諭,깨달을 유(류),16,"비유하다, 깨닫다, 깨우침.",金,281,
6712,"유,류",橊,석류나무 유,16,석류나무 유. 석류나무 류(유),木,,"2024 보완전사(김기승 성명학 9,491자 기준본 대조 추가)"
6713,"유,류",鍮,놋쇠 유(류),17,놋쇠,金,281,
6714,"유,류",孺,젖먹이 유(류),17,"사모하다, 어리다, 친근하다. 따르다, 젖먹이, 어린애",水,281,
6715,"유,류",黢,검푸른빛 유(류),17,"검푸르다, 칠하다. 검푸른빛",水,282,
6716,"유,류",鮪,참다랑어 유(류),17,"참다랑어, 강이름",水,282,
6717,유,萸,수유나무 유,17,수유나무(산수유 등 식물의 이름). 그 열매(약재나 식용으로 쓰이는 과실),木,,"2024 보완전사(김기승 성명학 9,491자 기준본 대조 추가)"
6718,"유,색",黝,검푸른빛 유,17,"검푸른빛, 짙은 푸른빛을 띤 색(검푸른색). 어두운 빛깔, 검음(피부나 물건의 색)",水,,"2024 보완전사(김기승 성명학 9,491자 기준본 대조 추가)"
6719,유,嬬,아내 유,17,아내. 아내 유,土,,"2024 보완전사(김기승 성명학 9,491자 기준본 대조 추가); 기준본 음(대표) 필드 오류로 뜻풀이 텍스트에서 재추출함"
6720,"유,류",蕕,누린내풀 유(류),18,누린내풀.,木,282,옥편 16획
6721,"유,류",蕤,많을 유(류),18,"많다, 피다. 열매가 많이 열리다.",木,282,옥편 16획
6722,"유,류",曘,햇빛 유(류),18,"햇빛, (날이)어둡다.",火,282,
6723,"유,류",鞣,가죽 유(류),18,"가죽, 무두질 하다.",金,282,
6724,"유,류",癒,병나을 유(류),18,"뛰어나다, 앓다, 해치다, 낫다.",水,282,
6725,"유,류",鼬,족제비 유(류),18,족제비. 성의 하나.,水,282,
6726,"유,추",䜅,나아갈 유,18,유. 나아갈 유. 꾸짖을 추,土,,"2024 보완전사(김기승 성명학 9,491자 기준본 대조 추가)"
6727,유,燸,따뜻할 유,18,따뜻할. 따뜻할 유,土,,"2024 보완전사(김기승 성명학 9,491자 기준본 대조 추가); 기준본 음(대표) 필드 오류로 뜻풀이 텍스트에서 재추출함"
6728,유,濰,강 이름 유,18,물이름. 강 이름 유,土,,"2024 보완전사(김기승 성명학 9,491자 기준본 대조 추가); 기준본 음(대표) 필드 오류로 뜻풀이 텍스트에서 재추출함"
6729,"유,류,수",遺,남길 유(류)/수,19,"남기다, 전하다, 잃다, 버리다, 잊다. 두다, 떨어지다, 빠지다, 따를 수",土,282,옥편 16획
6730,"유,류",壝,울타리 유(류),19,"울타리, 토담.",土,282,
6731,유,薷,목이버섯 유,19,향유. 목이버섯 유,土,,"2024 보완전사(김기승 성명학 9,491자 기준본 대조 추가); 기준본 음(대표) 필드 오류로 뜻풀이 텍스트에서 재추출함"
6732,"유,류,퇴",讁,전할 유(류)/퇴,23,"전하다, 꾸짖다, 성내다, 통변하다. 속일 퇴",金,282,
6733,"유,퇴",讉,성낼 유,23,성낼 유. 속일 퇴,土,,"2024 보완전사(김기승 성명학 9,491자 기준본 대조 추가)"
6734,"유,류",龥,구할 유(류),26,"부르짓다, 부드럽게 하다, 구하다. 화하게 하다, 누그러지다.",火,282,
6735,"유,류,약",龤,화할 유(류)/약,32,"부르다, 부드럽게 하다, 누그러지다. 화하게 하다, 부를 약",木,282,
6736,"유,약",籲,부를 유,32,부를 유. 부를 약,木,,"2024 보완전사(김기승 성명학 9,491자 기준본 대조 추가)"
6737,"육,륙",肉,고기 육(륙),6,"고기, 혈연, 둘레, 살, 몸.",水,283,
6738,"육,륙",育,기를 육(륙),10,"기르다, 급히 가는 모양, 자라다. 어리다, 외로운 모양, 낳다.",水,283,옥편 8획
6739,"육,륙",堉,기름진땅 육(륙),11,"기름진 땅, 기름지다.",土,283,
6740,육,淯,강 이름 육,12,물이름. 강 이름 육,土,,"2024 보완전사(김기승 성명학 9,491자 기준본 대조 추가); 기준본 음(대표) 필드 오류로 뜻풀이 텍스트에서 재추출함"
6741,"육,륙",毓,기를 육(륙),14,"기르다, 어리다.",土,283,
6742,"육,륙",儥,팔 육(륙),17,"팔다, 사다, 물건을 살 사람",火,283,
6743,윤,尹,벼슬 윤,4,"바로잡다, 미쁘다, 벼슬, 광택, 무늬",水,283,
6744,"윤,연",允,맏 윤/연,8,"미쁘다, 마땅하다, 허락하다, 믿음. 아첨하다, 진실로 윤, 마을이름 연",木,283,
6745,윤,昀,햇빛 윤,8,햇빛,火,283,
6746,"윤,연",沇,흐를 윤/연,8,"강이름, 유행하는 모양, 흐르다. 물 흐르는 모양.",水,283,옥편 7획
6747,"윤,문",玧,붉은구슬 윤/문,9,"귀막이, 구슬, 붉은 구슬. 붉은 구슬 문",金,283,옥편 8획
6748,윤,胄,자손 윤,11,"계승하다, 잇닿다, 혈통, 후손, 맏. 악곳, 잇다, 외설하다.",火,283,
6749,윤,胤,자손 윤,11,"잇다, 계승하다, 잇닿다, 맏아들. 혈통, 자손, 외설하다.",水,283,옥편 9획
6750,윤,㣧,이을 윤,11,윤. 이을 윤,土,,"2024 보완전사(김기승 성명학 9,491자 기준본 대조 추가)"
6751,"윤,륜",圇,완전할 윤,11,완전할 윤. 완전할 륜(윤),水,,"2024 보완전사(김기승 성명학 9,491자 기준본 대조 추가)"
6752,윤,閏,윤달 윤,12,"윤달, 잉여. 정통이 아닌 임금의 자리",木,284,
6753,윤,阭,높을 윤,12,높다.,土,284,옥편 7획
6754,"윤,예",銃,병기 윤/예,12,"병기, 근신이 가지는 창. 병기 예",金,284,
6755,윤,芛,연뿌리 윤,13,"연뿌리, 대순",木,284,옥편 11획
6756,윤,閠,윤달 윤,13,"윤달, 잉여. 정통이 아닌 임금의 자리",木,284,
6757,윤,閏,윤달 윤,15,"윤달, 잉여. 정통이 아닌 임금의 자리",木,284,
6758,윤,潫,물깊고넓을 윤,15,물이 깊고 넓다. 소용돌이 치는 모양.,"木,水",284,
6759,윤,鋆,금 윤,15,"금, 황금, 쇠불이",金,284,
6760,윤,䦞,윤달 윤,15,윤. 윤달 윤,土,,"2024 보완전사(김기승 성명학 9,491자 기준본 대조 추가)"
6761,윤,奫,물이 깊고 넓음 윤,15,"물이 깊고 넓음(큰 물웅덩이, 연못을 이룸). 물이 넓게 퍼지거나 풍부함(수심이 깊고 범람함)",木,,"2024 보완전사(김기승 성명학 9,491자 기준본 대조 추가)"
6762,"윤,운,균",荺,연뿌리 윤,15,연뿌리 윤. 풀뿌리 윤. 풀뿌리 운. 풀뿌리 균,木,,"2024 보완전사(김기승 성명학 9,491자 기준본 대조 추가)"
6763,윤,橍,나무이름 윤,16,나무이름,木,284,
6764,윤,潤,불을 윤,16,"부드럽다, 온순하다, 윤택하다. 더하다, 젖다, 붇다, 윤택할 윤",水,284,옥편 15획
6765,"윤,빈",贇,예쁠 윤/빈,19,"예쁘다, 빛나다. 예쁠 빈",金,284,
6766,"율,률",聿,붓 율(률),6,"빠르다, 신속하다, 펴다, 닦다, 좇다. 드리어, 붓.",火,284,
6767,"율,일",欥,오직 율,8,율. 일. 오직 율. 기뻐할 일,土,,"2024 보완전사(김기승 성명학 9,491자 기준본 대조 추가)"
6768,"율,골",汩,맑을 율/골,9,"맑다, 깨끗하다, 흐르다, 통하다. 빨리, 갑자기. 다스릴 골.",水,284,
6769,"율,외,필",茟,명아주 율,11,명아두. 명아주 율. 봉오리 외. 붓 필,土,,"2024 보완전사(김기승 성명학 9,491자 기준본 대조 추가); 기준본 음(대표) 필드 오류로 뜻풀이 텍스트에서 재추출함"
6770,"율,률,휼",矞,송곳질 율(률)/휼,12,"송곳질하다, 놀라서 허둥지둥하다. 꽃구름, 궤휼하다, 속일 휼",金,285,
6771,"율,률",嵂,가파를 율,12,가파를 율. 가파를 률(율),土,,"2024 보완전사(김기승 성명학 9,491자 기준본 대조 추가)"
6772,"율,률,건",建,걷는모양 율(률)/건,13,"일으키다, 세우다, 끼우다, 엎지르다. 걸어가는 모양, 세울 건, 엎지를 건",土,285,옥편 10획
6773,율,䫻,큰 바람 율,13,율. 큰 바람 율,土,,"2024 보완전사(김기승 성명학 9,491자 기준본 대조 추가)"
6774,"율,률",燏,빛날 율(률),16,"빛나다, 불빛",火,285,
6775,"율,률",鴥,빠를 율(률),16,"빨리 날다, 빠르다. 새가 빨리 나는 모양.",火,285,
6776,"율,률,휼,술",潏,"사주 율(률)/휼,술",16,"사주, 샘솟다, 물 흐르는 모양. 샘솟을 휼, 둑 술",水,285,옥편 15획
6777,"율,률",瑮,옥 무늬 율,16,옥 무늬 율. 옥 아름다울 률(율),土,,"2024 보완전사(김기승 성명학 9,491자 기준본 대조 추가)"
6778,"융,륭",戎,도울 융(륭),6,"돕다, 크다, 싸움, 전쟁, 그대.",金,285,
6779,"융,륭",狨,사나울 융(륭),10,"원숭이 이름, 사납다.",土,285,옥편 9획
6780,"융,륭",絨,가는베 융(륭),12,"가는 베, 융.",木,285,
6781,"융,륭",融,녹을 융(륭),16,"크게 밝다, 오래다, 즐겁다, 융합하다. 화하다, 녹다, 녹이다, 창성하다.",水,285,
6782,"융,륭",瀛,물깊고넓은 융(륭),20,물이 깊다. 물이 깊고 넓은 모양.,水,285,옥편 19획
6783,융,瀜,물이 깊고 넓은 모양 융,21,"물이 깊고 넓은 모양(깊고 넓은 연못, 호수의 상태). 물결이 잔잔하거나 넓게 펼쳐진 수면의 모습",水,,"2024 보완전사(김기승 성명학 9,491자 기준본 대조 추가)"
6784,은,圻,지경 은,7,"영토, 경계. 경기 기",土,285,
6785,"은,이,청",听,"웃을 은/이,청",7,"웃다, 따지다, 논쟁하다, 기다리다. 듣다, 판결하다. 입벌린 모양 이, 들을 청",水,285,
6786,은,斦,모탕 은,8,모탕. 모탕 은,土,,"2024 보완전사(김기승 성명학 9,491자 기준본 대조 추가); 기준본 음(대표) 필드 오류로 뜻풀이 텍스트에서 재추출함"
6787,은,垠,지경 은,9,"가장자리, 낭떠러지, 땅끝, 자취",土,286,
6788,은,恩,은혜 은,10,"사랑하다, 은혜, 인정, 베풀다. 혜택, 감사하게 여기다.",火,286,
6789,은,垼,앙금 은,10,"앙금, 돌다, 찌꺼기, 빙 두르다.",土,286,
6790,은,訔,언쟁할 은,10,"언쟁하다, 논쟁하다, 누그러지다. 시비하는 모양, 삼가는 모양.",金,286,
6791,"은,안",殷,성할 은/안,10,"부유하다, 성하다, 두텁다, 크다.. 깊다, 우뚝하다, 험준하다, 격렬하다",金,286,
6792,은,浪,물가 은,10,물가.,水,286,옥편 9획
6793,은,圁,물가이름 은,10,"물이름, 고을이름.",水,286,
6794,은,垽,앙금 은,10,"앙금, 침전물(액체 속에 가라앉은 찌꺼기). 물질이 가라앉아 밑바닥에 쌓인 성분이나 잔여물",土,,"2024 보완전사(김기승 성명학 9,491자 기준본 대조 추가)"
6795,은,狺,으르렁거릴 은,11,"으르렁거리다, 개가 다투다. 개 짖는 소리",土,286,옥편 10획
6796,"은,간",珢,옥돌 은/간,11,"옥돌, 옥무늬. 옥무늬 간",金,286,옥편 10획
6797,"은,흔,희",訢,"화평할 은/흔,희",11,"화평하다, 기뻐하다, 찌다. 기뻐할 흔, 찔 희",金,286,
6798,은,泿,물가 은,11,"물가, 강가(강, 호수 따위의 가장자리). 연안의 얕은 지대나 습지(물과 맞닿은 낮은 땅)",水,,"2024 보완전사(김기승 성명학 9,491자 기준본 대조 추가)"
6799,은,慁,괴로워할 은,14,"친절하다, 부유하게 하다, 은근하다. 괴로워하다, 몹시 애태우다.",火,286,
6800,은,銀,은 은,14,"은빛, 날카롭다, 예리한 날붙이. 화폐, 은.",金,286,
6801,은,潵,물소리 은,14,"물소리, 물이름",水,286,옥편 13획
6802,은,闇,온화할 은,15,"온화하다, 향기가 이야기하다.. 질다, 화기애애하다.",金,286,
6803,은,磤,우렛소리 은,15,우뢰소리. 우렛소리 은,土,,"2024 보완전사(김기승 성명학 9,491자 기준본 대조 추가); 기준본 음(대표) 필드 오류로 뜻풀이 텍스트에서 재추출함"
6804,은,㥯,삼갈 은,15,은. 삼갈 은,土,,"2024 보완전사(김기승 성명학 9,491자 기준본 대조 추가)"
6805,은,慇,괴로워할 은,15,괴로워하다(근심하거나 괴로워하는 상태). 정성스럽고 온화하다(공손하거나 정중한 태도),火,,"2024 보완전사(김기승 성명학 9,491자 기준본 대조 추가)"
6806,은,溵,물 흐르는 소리 은,15,"물 흐르는 소리(시냇물, 물결 소리). 작은 물결이나 물살이 일어나는 소리",水,,"2024 보완전사(김기승 성명학 9,491자 기준본 대조 추가)"
6807,은,誾,온화할 은,15,온화하다(부드럽고 점잖다). 온순한 태도나 말씨로 대하다(상냥함),土,,"2024 보완전사(김기승 성명학 9,491자 기준본 대조 추가)"
6808,은,𤨒,옥 은,15,은. 옥 은,土,,"2024 보완전사(김기승 성명학 9,491자 기준본 대조 추가)"
6809,은,蒿,풀빛푸른 은,16,"풀빛이 푸르다, 야채의 이름",木,286,옥편 14획
6810,은,葱,풀이름 은,16,풀 이름,木,286,옥편 14획
6811,"은,흔",憖,억지로 은/흔,16,"기뻐하다, 원하다, 한가하다, 억지로. 웃는 모양, 기뻐할 은, 웃는모양 흔.",火,286,
6812,"은,온",儢,기댈 은/온,16,"편안하다, 기대다, 남에게 의지하다. 안온하다, 안온할 온",火,286,
6813,은,隄,도지개 은,17,도지개(트집난 활을 바로잡는 틀) 바로잡다.,木,286,
6814,은,鄞,고을이름 은,17,고을 이름,土,286,옥편 14획
6815,은,嶾,산높을 은,17,산이 높다.,土,287,
6816,은,檃,도지개 은,17,"도지개(전통적인 도구 이름). 나무로 만든 긴 막대기, 건축, 제작에 쓰이는 목제 기구",木,,"2024 보완전사(김기승 성명학 9,491자 기준본 대조 추가)"
6817,은,檽,마룻대 은,18,마룻대. 도지개.,木,287,
6818,은,濦,강이름 은,18,강이름.,水,287,옥편 17획
6819,은,嚚,어리석을 은,18,"어리석다, 모질다, 간사하다. 말에 진실성이 없다, 벙어리.",水,287,
6820,은,檭,은행나무 은,18,은행나무. 은행나무 은,土,,"2024 보완전사(김기승 성명학 9,491자 기준본 대조 추가); 기준본 음(대표) 필드 오류로 뜻풀이 텍스트에서 재추출함"
6821,은,檼,마룻대 은,18,마룻대(집의 중앙 가로재). 건축 자재로서 지붕이나 구조를 이루는 목재 부재,木,,"2024 보완전사(김기승 성명학 9,491자 기준본 대조 추가)"
6822,"은,색",蒑,풀빛이 푸를 은,18,"풀빛이 푸르다(연녹색, 초록빛). 초록빛을 띠는 식물이나 잎의 색",木,,"2024 보완전사(김기승 성명학 9,491자 기준본 대조 추가)"
6823,은,蒽,어떤 풀의 이름 은,18,"어떤 풀의 이름(식물명). 약용, 식용으로 쓰이는 야생초나 나물",木,,"2024 보완전사(김기승 성명학 9,491자 기준본 대조 추가)"
6824,"은,인",齗,잇몸 은/인,19,"싸우다, 성내며 질투하다, 싸우다. 말다툼하는 모양, 싸울 인",金,287,
6825,은,𨶡,온화할 은,19,은. 온화할 은,土,,"2024 보완전사(김기승 성명학 9,491자 기준본 대조 추가)"
6826,은,䌥,꿰맬 은,20,은. 꿰맬 은,土,,"2024 보완전사(김기승 성명학 9,491자 기준본 대조 추가)"
6827,은,癮,두드러기 은,22,두드러기,水,287,
6828,은,隱,숨을 은,22,"쌓다, 점치다, 가엾어하다, 근심하다. 무게있다, 기대다, 음흉하다.",土,287,옥편 17획
6829,은,蘟,나물이름 은,23,나물 이름.,木,287,옥편 21획
6830,"은,인",𪙤,이 가지런할 은,27,은. 이 가지런할 인. 이 가지런할 은,土,,"2024 보완전사(김기승 성명학 9,491자 기준본 대조 추가)"
6831,을,乙,새 을,1,"굽다, 표하다, 새, 둘째, 생선창자.","木,火",287,
6832,을,圪,우뚝할 을,6,흙더미가 우뚝하다.,土,287,
6833,"을,알",鳦,제비 을/알,12,제비.,火,287,
6834,"음,금",吟,읊을 음/금,7,"노래하다, 탄식하다, 신음하다, 읊다. 끙끙앓다, 취주하다, 다물 금.",水,287,
6835,음,音,소리 음,9,"소식, 말, 음악, 소리. 글 읽는 소리.",金,287,
6836,음,崟,높을 음,11,"높다, 험준하다, 산봉우리. 산이 높고 가파른 모양.",土,287,
6837,"음,요,염",淫,"음란할 음/요,염",12,"미혹시키다, 어지럽다, 음란하다. 탐하다, 장마 음, 요수 요, 강이름 염",水,287,옥편 11획
6838,음,喑,벙어리 음,12,"벙어리, 입 다물다, 외치다. 목이 쉬도록 울다, 큰소리로 부르짖다",水,287,
6839,음,飮,마실 음,13,"호흡하다, 마시게 하다, 먹이다. 숨기다, 마시다.",水,287,
6840,음,愔,조용할 음,13,"화평하다, 조용하다. 깊숙하고 조용한 모양.",火,287,옥편 12획
6841,음,廕,덮을 음,14,"덮다, 보호하다, 감싸다, 그늘.",木,287,
6842,"음,암",陰,그늘 음/암,16,"세월, 그림자, 어둠, 저승, 음기. 응달, 흐르는 시간, 침묵할 암.",土,287,옥편 11획
6843,음,蔭,그늘 음,17,"덕택, 비호하다, 덮어 가리다. 그늘, 해그림자.",木,288,옥편 15획
6844,음,噾,크게 외칠 음,17,크게외칠. 크게 외칠 음,土,,"2024 보완전사(김기승 성명학 9,491자 기준본 대조 추가); 기준본 음(대표) 필드 오류로 뜻풀이 텍스트에서 재추출함"
6845,음,靇,장마 음,19,"장마, 장맛비, 눈물",水,288,
6846,음,馨,화할 음,20,"화하다, 따뜻하고 부드럽다.",金,288,
6847,음,韾,화날 음,20,"화나다(분노를 일으키다). 분노의 상태(성난 감정, 격앙된 기색)",土,,"2024 보완전사(김기승 성명학 9,491자 기준본 대조 추가)"
6848,"읍,압",邑,고을 읍/압,7,"묶다, 영유하다, 영지, 우울한 모양. 마을, 아첨할 압",土,288,
6849,"읍,립,입,삽",泣,"울 읍/립,입,삽",9,"울다, 울리다, 근심하다, 걱정하다. 바람빠를 립(입), 원할하지않을 삽",水,288,옥편 8획
6850,읍,挹,뜰 읍,11,"뜨다, 당기다, 누르다, 겸양하다. 추중하다.",木,288,옥편 10획
6851,읍,悒,근심할 읍,11,"위태하다, 답답하다, 근심하다. 마음이 즐겁지 아니하다.",火,288,옥편 10획
6852,"읍,압",浥,젖을 읍/압,11,"젖다, 흐르다, 적시다. 성의 하나, 흐를 압",水,288,옥편 10획
6853,"읍,집,즙",揖,"모을 읍/집,즙",13,"모으다, 사양하다. 모을 집, 모을 즙",木,288,옥편 12획
6854,응,凝,엉길 응,16,"엉기다, 얼다, 차다, 굳다, 모으다. 그치다, 집중하다, 멈추다, 막다.",水,288,
6855,응,應,응할 응,17,"화답하다, 대답하다, 당하다. 응하다, 받다, 맞장구치다, 승낙하다.",火,288,
6856,응,膺,가까이할 응,19,"받다, 접수하다, 마음, 가까이 하다. 알다, 가슴.",水,288,옥편 17획
6857,응,𥌾,응시할 응,22,응. 응시할 응,土,,"2024 보완전사(김기승 성명학 9,491자 기준본 대조 추가)"
6858,응,鷹,매 응,24,송골매,火,288,
6859,의,衣,옷 의,6,"옷, 덮는 것, 이끼, 입다, 덮다. 행하다, 실천하다.",木,288,
6860,의,矣,어조사 의,7,"~었다, ~이다, ~뿐이다, ~여라.",金,288,
6861,"의,예",医,의원 의,7,醫. 의원 의. 동개 예,土,,"2024 보완전사(김기승 성명학 9,491자 기준본 대조 추가); 기준본 음(대표) 필드 오류로 뜻풀이 텍스트에서 재추출함"
6862,의,宜,마땅 의,8,"알맞다, 화목하다, 형편이 좋다. 아름답다, 사정이 좋다.",木,288,
6863,의,依,의지할 의,8,"의지하다, 돕다, 믿다, 비기다, 좇다. 도으이하다, 허락하다, 용서하다.",火,288,
6864,의,妏,여자이름 의,9,"여자의 자, 여자 이름.",土,288,
6865,의,㛄,여자의 자 의,9,의. 여자의 자 의,土,,"2024 보완전사(김기승 성명학 9,491자 기준본 대조 추가)"
6866,"의,기",倚,의지할 의/기,10,"의지하다, 기대다, 치우다, 기울다. 믿다, 인하다. 맞추다, 기이할 기",火,288,
6867,의,椅,의자 의,12,"의자. 걸상, 의나무.",木,288,
6868,"의,아,위",猗,"불깐개 의/아,위",12,"부드럽다, 연약하다, 의지하다, 묶다. 기대다, 길다 부드러울 아, 고분고분할 위",土,288,옥편 11획
6869,"의,기",欹,감탄사 의/기,12,"기울다, 비뚤어지다, 기대다. 의지하다, 기울 기",金,289,
6870,"의,애",澺,눈쌓일 의/애,12,눈서리 쌓이다. 눈서리 쌓일 애,水,289,
6871,"의,애",凒,눈서리 쌓일 의,12,눈서리 쌓일 의. 눈서리 쌓일 애,水,,"2024 보완전사(김기승 성명학 9,491자 기준본 대조 추가)"
6872,"의,억",意,뜻 의/억,13,"생각, 정치, 의심하다, 헤아리다, 뜻. 생각하다, 사사로운 마음, 기억할 억",火,289,
6873,의,義,옳을 의,13,"옳다, 의롭다, 바르다, 선량하다. 착하다, 순응하다, 맺다, 섞다.",土,289,
6874,"의,응",疑,의심할 의/응,14,"의심하다, 헛갈리다, 믿지 아니하다. 미혹되다, 두려워하다, 안정할 응",火,289,
6875,의,禕,아름다울 의,14,아름다울. 아름다울 의,土,,"2024 보완전사(김기승 성명학 9,491자 기준본 대조 추가); 기준본 음(대표) 필드 오류로 뜻풀이 텍스트에서 재추출함"
6876,의,儀,예절 의,15,"본보기, 예절, 선물, 헤아리다.",火,289,
6877,의,毅,굳셀 의,15,"강인하다, 용맹스럽다, 화내다. 잔혹하다, 굳세다, 성을 발끈 내다.",金,289,
6878,의,誼,옳을 의,15,"도리, 옳다, 의논하다, 정, 의. 정분,",金,289,
6879,의,漪,잔물결 의,15,"잔물결, 물결 일다.",水,289,옥편 14획
6880,"의,애",儗,견줄 의/애,16,"참람하다, 본뜨다, 견주다, 비교하다. 의심하다, 막히다, 어리석은 모양 애",火,289,
6881,의,劓,코벨 의,16,"코 베다, 베다, 자르다.",金,289,
6882,의,螘,개미 의,16,"검은 빛깔, 검다, 보잘것 없다. 미천함의 비유.",水,289,
6883,"의,억",嶷,산이름 의/억,17,"높다, 높고 험준하다, 영리하다. 높다, 숙성하다, 높을 억",土,289,
6884,의,擬,헤아릴 의,18,"비기다, 비교하다, 헤아리다, 견주다. 본뜨다, 흉내내다, 모방하다, 향하다.",木,289,옥편 17획
6885,의,醫,의원 의,18,"의사, 무당, 유모. 구하다. 치료하다,",火,289,
6886,의,礒,바위 의,18,"바위, 돌모양.",金,289,
6887,"의,차",艤,배댈 의/차,19,"배 대다, 정박하다, 거룻배. 배가 떠날 준비를 갖추다, 거룻배 차.",木,289,
6888,"의,억",薏,율무 의/억,19,"율무, 연밥. 율무 억",木,289,옥편 17획
6889,의,蟻,개미 의,19,개미(작고 사회적인 곤충). 비유적으로 작고 많은 무리(작은 존재를 가리키는 말),水,,"2024 보완전사(김기승 성명학 9,491자 기준본 대조 추가)"
6890,"의,억",薿,우거질 의,19,우거질. 우거질 의. 우거질 억,土,,"2024 보완전사(김기승 성명학 9,491자 기준본 대조 추가); 기준본 음(대표) 필드 오류로 뜻풀이 텍스트에서 재추출함"
6891,의,議,의논할 의,20,"의논하다, 토의하다, 책잡다, 가리다. 분간하다, 의견, 주장, 의논.",金,289,
6892,의,䣡,땅 이름 의,20,의. 땅 이름 의,土,,"2024 보완전사(김기승 성명학 9,491자 기준본 대조 추가)"
6893,"의,애,열",饐,"쉴 의/애,열",21,"쉬다, 목메다. 쉴 애, 목멜 열",水,289,
6894,의,懿,아름다울 의,22,"아름답다, 훌륭하다, 기리다, 깊다. 칭송하다, 크다, 탄식하는 소리.",火,290,
6895,의,鸃,금계 의,24,봉황새. 금계 의,土,,"2024 보완전사(김기승 성명학 9,491자 기준본 대조 추가); 기준본 음(대표) 필드 오류로 뜻풀이 텍스트에서 재추출함"
6896,"이,리",二,두 이(리),2,"둘째, 병이 심하다, 두가지 마음. 둘로 하다.",木,290,
6897,"이,리",已,이미 이(리),3,"매우, 낫다, 말다, 그치다, 끝나다. 대단히, 반드시.","土,火",290,
6898,"이,리",以,써 이(리),5,"~써, ~를 가지고, ~를 근거로, ~대로. ~때문에, ~까닭에, ~로 인하여.",火,290,
6899,"이,리",尔,너 이(리),5,"너, 같이, 그러하다, 가깝다.",水,290,
6900,"이,리",夷,온화할 이(리),6,"상하다, 죽이다, 온화하다. 평평하다, 깎다.",木,290,
6901,"이,리",伊,저 이(리),6,"너, 그, 그이, 이러하여, 그래서.",火,290,
6902,"이,리,잉",耳,귀 이(리)/잉,6,"귀, 익다, 듣다, 싹나다. 팔대째 손자 잉",火,290,
6903,"이,리,시,치",弜,"늦출 이(리)/시,치",6,"쉬다, 느슨하다, 풀리다, 게으르다. 부서지다, 부수다, 베풀 시, 떨어질 치",金,290,
6904,"이,리,능",而,말이을 이(리)/능,6,"말을 잇다, 같다, 만약, 그대, 뿐. 능히 능",水,290,
6905,"이,시,치",弛,늦출 이,6,늦출 이. 베풀 시. 떨어질 치,土,,"2024 보완전사(김기승 성명학 9,491자 기준본 대조 추가)"
6906,"이,리",李,오얏 리(이),7,"오얏, 자두, 자두나무, 심부름꾼. 벼슬아치, 별이름, 성씨.",木,290,
6907,"이,리,치",柂,피나무 이(리)/치,7,"넓히다, 떨어지다, 뻗치다, 조개다. 쪼갤 치",木,290,
6908,"이,치,리,타",杝,피나무 이,7,피나무 이. 쪼갤 치. 바자울 리(이). 키 타,木,,"2024 보완전사(김기승 성명학 9,491자 기준본 대조 추가)"
6909,"이,리,역",易,쉬울 이(리)/역,8,"쉽다, 편안하다, 기쁘다, 평탄하다. 다스리다, 생략하다, 바꿀 역",火,290,
6910,"이,리,내",佴,따를 이(리)/내,8,"잇다, 뒤따르다, 머무르다, 두다. 부끄러워 하다. 성씨 내",火,290,
6911,"이,리,대,례",隶,"살필 이(리)/대,례",8,"살피다, 조사하다, 익히다, 붙다. 좇다, 미칠 대, 종 례(예)",水,290,
6912,이,怡,기뻐할 이,9,"기뻐하다, 즐겁다, 좋다",火,291,옥편 8획
6913,"이,리",姩,여자의자 이(리),9,여자의 자,土,291,
6914,"이,리",姨,이모 이(리),9,이모.,土,291,
6915,"이,리",妃,아름다울 이(리),9,"아름답다, 성장하다, 즐거워하다. 기뻐하다, 화락하다.",土,291,
6916,"이,리",咿,글읽을 이(리),9,"선웃음치다, 글 읽는 소리.",水,291,
6917,이,㛅,여자의 자 이,9,이. 여자의 자 이,土,,"2024 보완전사(김기승 성명학 9,491자 기준본 대조 추가)"
6918,"이,희",巸,아름다울 이,9,아름다울 이. 즐거워할 희,土,,"2024 보완전사(김기승 성명학 9,491자 기준본 대조 추가)"
6919,이,峓,산 이름 이,9,산이름. 산 이름 이,土,,"2024 보완전사(김기승 성명학 9,491자 기준본 대조 추가); 기준본 음(대표) 필드 오류로 뜻풀이 텍스트에서 재추출함"
6920,"이,리",栭,목이버섯 이(리),10,목이버섯..,木,291,
6921,"이,리",珆,옥돌 이(리),10,"옥돌, 옥무늬, 옥 무늬 태.",金,291,옥편 9획
6922,"이,리,타,탄",詑,으쓱거릴 이(리),10,"으쓱거리다, 속이다, 방종하다. 속일 타, 방종할 탄",金,291,
6923,"이,리,체",洟,콧물 이(리)/체,10,"콧물, 눈물. 콧물 체",水,291,옥편 9획
6924,이,栮,목이버섯 이,10,목이버섯(식용 균류). 식재료로 쓰이는 목이버섯을 가리키는 한자명(식용 균류의 일종),木,,"2024 보완전사(김기승 성명학 9,491자 기준본 대조 추가)"
6925,이,恞,기꺼울 이,10,기꺼울. 기꺼울 이,土,,"2024 보완전사(김기승 성명학 9,491자 기준본 대조 추가); 기준본 음(대표) 필드 오류로 뜻풀이 텍스트에서 재추출함"
6926,이,洢,저 이,10,물이름. 저 이,土,,"2024 보완전사(김기승 성명학 9,491자 기준본 대조 추가); 기준본 음(대표) 필드 오류로 뜻풀이 텍스트에서 재추출함"
6927,이,洱,강 이름 이,10,물이름. 강 이름 이,土,,"2024 보완전사(김기승 성명학 9,491자 기준본 대조 추가); 기준본 음(대표) 필드 오류로 뜻풀이 텍스트에서 재추출함"
6928,"이,리",苢,질경이 이(리),11,"질경이, 율무",木,291,옥편 9획
6929,"이,리",異,다를 이(리),11,"달리하다, 기이하다, 뛰어나다. 진귀하다, 우대하다, 다를 이",土,291,
6930,"이,리,치",移,옮길 이(리)/치,11,"부끄러운 말, 옮기다, 늦추다, 바꾸다. 미치다, 연루되다, 베풀다, 크게할 치",木,292,
6931,"이,리",珥,귀고리 이(리),11,"귀고리, 베다, 바르다, 칠하다. 토하다, 개우다, 끼우다.",金,292,옥편 10획
6932,"이,리",痏,상처 이(리),11,"상처 입다, 다치다.",水,292,
6933,이,㺿,화반석 이,11,이. 화반석 이,土,,"2024 보완전사(김기승 성명학 9,491자 기준본 대조 추가)"
6934,이,痍,상처 이,11,상처. 상처로 남은 흉터(부상으로 인한 상흔),水,,"2024 보완전사(김기승 성명학 9,491자 기준본 대조 추가)"
6935,"이,리",荑,벨 이(리),12,"베다, 깎다.",木,292,옥편 10획
6936,"이,리,타",迡,경사질 이(리)/타,12,"비스듬하다, 경사지다, 굽이지다. 잇닿다, 연하다, 잇닿을 타",土,292,옥편 9획
6937,"이,리,선",羨,넘을 이(리)/선,12,"뛰어넘다, 초월하다, 길다, 잃다. 그르치다, 넉넉해지다, 부러워할 선",土,292,
6938,"이,리,희,비",嬰,"기쁠 이(리)/희,비",12,"기쁘다, 즐거워하다. 기쁠 희, 아내 비",土,292,
6939,"이,리",貽,남길 이(리),12,"끼치다, 남기다, 전하다, 주다. 증여하다.",金,292,
6940,"이,리",貤,도울 이(리),12,"돕다, 의심하다, 거듭하다. 배신하다, 어기다, 변하다.",金,292,
6941,"이,리",胖,질길 이(리),12,힘줄이 질기다.,水,292,옥편 10획
6942,이,䏪,힘줄 질길 이,12,이. 힘줄 질길 이,土,,"2024 보완전사(김기승 성명학 9,491자 기준본 대조 추가)"
6943,"이,희,비",媐,기쁠 이,12,기쁠 이. 기쁠 희. 아내 비,土,,"2024 보완전사(김기승 성명학 9,491자 기준본 대조 추가)"
6944,"이,선",羡,고을 이름 이,12,고을 이름 이. 부러워할 선,土,,"2024 보완전사(김기승 성명학 9,491자 기준본 대조 추가)"
6945,이,貳,둘 이,12,"둘(수). 제2의, 거듭됨(두 번째의 의미)",土,,"2024 보완전사(김기승 성명학 9,491자 기준본 대조 추가)"
6946,이,陑,땅 이름 이,12,땅이름. 땅 이름 이,土,,"2024 보완전사(김기승 성명학 9,491자 기준본 대조 추가); 기준본 음(대표) 필드 오류로 뜻풀이 텍스트에서 재추출함"
6947,"이,태",詒,보낼 이,12,속일. 보낼 이. 속일 태,土,,"2024 보완전사(김기승 성명학 9,491자 기준본 대조 추가); 기준본 음(대표) 필드 오류로 뜻풀이 텍스트에서 재추출함"
6948,이,敡,업신여길 이,12,업신여길. 업신여길 이,土,,"2024 보완전사(김기승 성명학 9,491자 기준본 대조 추가); 기준본 음(대표) 필드 오류로 뜻풀이 텍스트에서 재추출함"
6949,"이,뉵",聏,화할 이,12,화할. 화할 이. 부끄러워할 뉵(육),土,,"2024 보완전사(김기승 성명학 9,491자 기준본 대조 추가); 기준본 음(대표) 필드 오류로 뜻풀이 텍스트에서 재추출함"
6950,"이,리",肄,익힐 이(리),13,"익히다, 수고, 노력, 나머지.",火,293,
6951,이,苡,질경이 이,13,"질경이(식물 이름). 그 씨앗(식용, 약재로 쓰임)",木,,"2024 보완전사(김기승 성명학 9,491자 기준본 대조 추가)"
6952,"이,리",廙,공경할 이(리),14,"공경하다, 천막, 행랑. 천막 익",木,293,
6953,"이,리",爾,너 이(리),14,"너, 같이, 그러하다, 가깝다.",火,293,
6954,"이,리",飴,먹일 이(리),14,"달다, 주다, 보내주다, 먹이다. 맛 좋은 음식, 단 맛.",水,293,
6955,이,㒃,두 이,14,이. 두 이,土,,"2024 보완전사(김기승 성명학 9,491자 기준본 대조 추가)"
6956,"이,니",馜,진한 향기 이,14,진한 향기 이. 진한 향기 니(이),木,,"2024 보완전사(김기승 성명학 9,491자 기준본 대조 추가)"
6957,이,鉺,갈고리 이,14,갈고리. 갈고리 이,土,,"2024 보완전사(김기승 성명학 9,491자 기준본 대조 추가); 기준본 음(대표) 필드 오류로 뜻풀이 텍스트에서 재추출함"
6958,이,歋,서로 웃을 이,14,서로웃을. 서로 웃을 이,土,,"2024 보완전사(김기승 성명학 9,491자 기준본 대조 추가); 기준본 음(대표) 필드 오류로 뜻풀이 텍스트에서 재추출함"
6959,"이,리",頤,턱 이(리),15,"기르다, 보양하다, 이사하다. 부리다.",火,293,
6960,"이,타",迤,비스듬할 이,15,비스듬할 이. 잇닿을 타,土,,"2024 보완전사(김기승 성명학 9,491자 기준본 대조 추가)"
6961,"이,리",彛,떳떳할 이(리),16,"떳떳하다, 평탄하다, 변하지 아니하다. 상도, 떳떳한 도리, 술그릇",火,293,
6962,"이,리",鳾,제비 이(리),17,제비,火,294,
6963,"이,리",彞,떳떳할 이(리),18,"떳떳하다, 평탄하다, 변하지 아니하다. 상도, 떳떳한 도리, 술그릇, 제기이름",火,294,
6964,이,彝,떳떳할 이,18,떳떳할 이. 제기 이름 이,火,,"2024 보완전사(김기승 성명학 9,491자 기준본 대조 추가)"
6965,"이,미,니",濔,많을 이,19,많을 이. 물 가득할 미. 많을 니(이),水,,"2024 보완전사(김기승 성명학 9,491자 기준본 대조 추가)"
6966,"이,녜",薾,번성할 이,19,꽃번성할. 번성할 이. 번성할 녜(예),土,,"2024 보완전사(김기승 성명학 9,491자 기준본 대조 추가); 기준본 음(대표) 필드 오류로 뜻풀이 텍스트에서 재추출함"
6967,"이,리",邇,가까울 이(리),21,"가깝다, 가까이 하다.",土,294,옥편 18획
6968,익,弋,주살 익,3,"빼앗다, 취하다, 사냥하다, 뜨다. 검다, 말뚝, 새그물, 주살질 하다.",金,294,
6969,익,杙,말뚝 익,7,말뚝. 말뚝 익,土,,"2024 보완전사(김기승 성명학 9,491자 기준본 대조 추가); 기준본 음(대표) 필드 오류로 뜻풀이 텍스트에서 재추출함"
6970,"익,일",益,더할 익/일,10,"더하다, 이롭다, 유익하다, 돕다. 보좌하다, 많다, 너넉해지다, 넘칠 일","金,土,水",294,
6971,익,翊,도울 익,11,"돕다, 공경하다, 삼가다, 날개. 밝다, 공경하는 마음, 다음날",火,294,
6972,익,翌,밝을 익,11,"다음날, 밝다, 돕다, 보좌하다.",火,294,
6973,익,釴,솥귀 익,11,솔귀. 솥귀 익,土,,"2024 보완전사(김기승 성명학 9,491자 기준본 대조 추가); 기준본 음(대표) 필드 오류로 뜻풀이 텍스트에서 재추출함"
6974,익,榏,이물 익,14,푸른새그린배. 이물 익,土,,"2024 보완전사(김기승 성명학 9,491자 기준본 대조 추가); 기준본 음(대표) 필드 오류로 뜻풀이 텍스트에서 재추출함"
6975,익,燚,사람이름 익,15,"사람이름, 빛나다.",火,295,
6976,익,熤,인명으로 쓰이는 글자 익,15,인명으로 쓰이는 글자(개인명에 쓰임). 드물게 고유명사로 쓰이는 경우,火,,"2024 보완전사(김기승 성명학 9,491자 기준본 대조 추가)"
6977,익,翼,날개 익,17,"날개, 법칙, 솥의 손잡이. 지느러미, 이튿날, 도움, 처마, 배.",火,295,
6978,"익,시",謚,웃을 익/시,17,"웃다, 웃는 모양. 시호 시",金,295,
6979,익,瀷,강이름 익,21,"강이름. 물결의 무늬. 물이름, 낭떠러지의 흐름.",水,295,옥편 20획
6980,익,鴯,익조 익,21,"익조, 배, 선박.",火,295,
6981,익,鷁,익조 익,21,"익조(전설적, 상징적 새). 새의 한 종류 또는 상징적 새 이름",火,,"2024 보완전사(김기승 성명학 9,491자 기준본 대조 추가)"
6982,"인,린,예",儿,어진사람 인(린)/예,2,"어진사람, 아이, 젖먹이, 연약하다. 젊은남자의 애칭, 아이야, 다시난이 예",木,295,
6983,"인,린",人,사람 인(린),2,"사랑, 인격, 낯, 체면, 명예, 성인.",火,295,
6984,"인,린",刃,칼날 인(린),3,"칼날, 칼, 병기의 총칭, 미늘. 칼질하다, 베다.",金,295,
6985,"인,린",引,끌 인(린),4,"끌다, 당기다, 이끌다, 인도하다. 늘이다, 연장하다, 맡다, 추천하다.",火,295,
6986,"인,린",仁,어질 인(린),4,"인자하다, 감감이 있다, 민감하다. 사랑하다, 불쌍히 여기다.",火,295,
6987,"인,린",仞,높을 인(린),5,"길다, 재다, 깊다, 알다. 높다, 차다, 채우다.",火,295,
6988,"인,린",印,도장 인(린),6,"벼슬, 찍다, 박다, 묻어나다.",木,295,
6989,"인,린",忎,어질 인(린),6,"사랑하다, 인자하다, 감각이 있다. 어질다, 자애롭다, 민감하다, 어진이",火,295,
6990,"인,린",因,인할 인(린),6,"말미암다, 의지하다, 의거하다. 좇다. 부탁하다, 잇닿다, 겹치다.",水,295,
6991,"인,린",忎,어질 인(린),7,"사랑하다, 인자하다, 감각이 있다. 어질다, 자애롭다, 민감하다. 어진이",火,295,
6992,"인,린",忍,참을 인(린),7,"잔인하다, 질기다, 용서하다, 참다. 동정심이 없다, 차마 못하다, 참음.",火,295,
6993,"인,린",牣,찰 인(린),7,"차다, 충만하다, 살찌다, 더하다. 막다.",土,295,
6994,"인,린",汈,젖어맞붙을 인(린),7,젖어 맞붙다.,水,295,옥편 6획
6995,"인,년,상",㲽,젖어 맞붙을 인,7,인. 젖어 맞붙을 인. 물 이름 년(연). 물 이름 상,土,,"2024 보완전사(김기승 성명학 9,491자 기준본 대조 추가)"
6996,인,忈,어질을 인,7,"어질다(仁과 유사한 뜻). 인자함, 자비를 나타내는 한자적 의미",火,,"2024 보완전사(김기승 성명학 9,491자 기준본 대조 추가)"
6997,인,扨,집을 인,7,그러하다. 집을 인,土,,"2024 보완전사(김기승 성명학 9,491자 기준본 대조 추가); 기준본 음(대표) 필드 오류로 뜻풀이 텍스트에서 재추출함"
6998,"인,린",姻,혼인 인(린),9,"혼인, 인연, 연분, 혼인하다.",土,296,
6999,"인,린,열,연",咽,"목구멍 인(린)/열,연",9,"목구멍, 목, 북을 치다, 목메다. 삼키다, 막히다. 목멜 열, 삼킬 연",水,296,
7000,"인,린",蚓,지렁이 인(린),10,지렁이,水,296,
7001,"인,린",芢,씨 인(린),10,"씨, 풀이름",木,296,옥편 8획
7002,"인,린",氤,천지기운 인(린),10,"기운 어리다, 기운이 성하다. 천지기운, 기운이 성한 모양.",水,296,
7003,"인,린,연",洇,빠질 인(린)/연,10,"빠지다, 막히다. 막힐 연.",水,296,옥편 9획
7004,인,㧢,의지할 인,10,인. 의지할 인,土,,"2024 보완전사(김기승 성명학 9,491자 기준본 대조 추가)"
7005,"인,린",寅,범 인(린),11,"동표, 공경하다, 나아가다, 당기다. 크다, 범, 셋째지지 인",木,296,
7006,"인,린",稛,벼꽃 인(린),11,벼꽃,木,296,
7007,인,㸾,찰 인,11,인. 찰 인,土,,"2024 보완전사(김기승 성명학 9,491자 기준본 대조 추가)"
7008,인,秵,벼꽃 인,11,"벼꽃 인(벼의 꽃, 이삭). 벼의 이삭이나 꽃이 핀 상태를 이르는 말",木,,"2024 보완전사(김기승 성명학 9,491자 기준본 대조 추가)"
7009,"인,린",絪,성한기운 인(린),12,"기운이 성한 모양, 깔개. 기운, 요.",木,296,
7010,"인,린",茵,자리 인(린),12,"자리, 깔다. 깔개, 요, 사철쑥.",木,296,옥편 10획
7011,"인,린",韧,부드러울 인(린),12,"부드럽다, 잘 끊어지지 않다. 질기다.",金,296,
7012,"인,린",堚,막을 인(린),12,"막다, 흙을 쌓다, 산을 만들다. 묻다, 들어막다, 묻히다. 사다리",土,296,
7013,"인,린",婣,혼인 인(린),12,"혼인, 장인, 인연, 연분, 혼인하다.",土,296,
7014,"인,린",裀,요 인(린),12,"요, 자리.",木,296,옥편 5획
7015,"인,린",靭,질길 인(린),12,"질기다, 잘 끊어지지 않다, 부드럽다.",金,296,
7016,인,䄄,제사 지낼 인,12,인. 제사 지낼 인,土,,"2024 보완전사(김기승 성명학 9,491자 기준본 대조 추가)"
7017,인,堙,막을 인,12,막을 인(길이나 틈을 막아 통하지 않게 하다). 메우다(구멍이나 빈틈을 채워 없애다),土,,"2024 보완전사(김기승 성명학 9,491자 기준본 대조 추가)"
7018,인,韌,질길 인,12,질길 인(질기고 단단함). 쉽게 굴하지 않는 성질이나 인내심(비유적 용법),土,,"2024 보완전사(김기승 성명학 9,491자 기준본 대조 추가)"
7019,인,鈏,주석 인,12,백철. 주석 인,土,,"2024 보완전사(김기승 성명학 9,491자 기준본 대조 추가); 기준본 음(대표) 필드 오류로 뜻풀이 텍스트에서 재추출함"
7020,"인,린,연",湮,묻힐 인(린)/연,13,"묻히다, 잠기다, 빠지다, 스미다. 통하지 않다, 막히다, 막힐 연",水,296,옥편 12획
7021,"인,린",靷,가슴걸이 인(린),13,"이끄는 가죽 끈, 잡아당이다.",金,296,
7022,인,歅,의심할 인,13,막힐. 의심할 인,土,,"2024 보완전사(김기승 성명학 9,491자 기준본 대조 추가); 기준본 음(대표) 필드 오류로 뜻풀이 텍스트에서 재추출함"
7023,"인,린",禋,제사지낼 인(린),14,"제사 지내다, 공경하다.",木,297,
7024,"인,린",楝,작은북 인(린),14,작은 북. 작은 북의 소리.,火,297,
7025,"인,린",認,알 인(린),14,"알다, 인식하다, 인정하다, 허가하다. 행하다, 적다, 쓰다.",金,297,
7026,인,禽,공경할 인,14,"조심하다, 공경하다, 이어지다, 깊다. 연장되다, 잇닿다, 삼가고 두려워하다",水,297,
7027,인,夤,조심할 인,14,조심할 인. 공경할 인,水,,"2024 보완전사(김기승 성명학 9,491자 기준본 대조 추가)"
7028,"인,북",朄,작은북 인,14,"작은북 인(작고 편편한 북, 타악기). 의식, 행사용 또는 반주용으로 쓰이는 작은 북",火,,"2024 보완전사(김기승 성명학 9,491자 기준본 대조 추가)"
7029,"인,린",粼,물 맑을 인,14,물 맑을 인. 물 맑을 린(인),木,,"2024 보완전사(김기승 성명학 9,491자 기준본 대조 추가)"
7030,인,𣍃,작은 북 인,14,인. 작은 북 인,土,,"2024 보완전사(김기승 성명학 9,491자 기준본 대조 추가)"
7031,"인,린",戴,창 인(린),15,"창, 사람 이름",金,297,
7032,"인,연",戭,창 인,15,창 인. 창 연,土,,"2024 보완전사(김기승 성명학 9,491자 기준본 대조 추가)"
7033,인,璷,사람이름 인,16,사람 이름,金,297,옥편 15획
7034,"인,린",誺,공경할 인(린),16,"공경하다, 삼가다.",金,297,
7035,인,諲,공경할 인,16,공경할 인(공경하고 존중하다). 공손한 태도나 공경의 뜻을 담아 말하거나 행동함,土,,"2024 보완전사(김기승 성명학 9,491자 기준본 대조 추가)"
7036,인,璌,사람 이름 인,17,"사람 이름 인(인명에 쓰이는 글자). 옥, 구슬 같은 보석류나 그 빛깔을 나타내어 이름에 쓰임",土,,"2024 보완전사(김기승 성명학 9,491자 기준본 대조 추가)"
7037,인,𦟘,등심 인,17,인. 등심 인,土,,"2024 보완전사(김기승 성명학 9,491자 기준본 대조 추가)"
7038,"인,린",瀳,물줄기 인(린),18,"물줄기, 물이 땅 속으로 흐르다.",水,297,옥편 17획
7039,인,濥,물줄기 인,19,물줄기 인(좁은 시내나 흐르는 물줄기). 흐름이 약한 물길이나 물이 흐르는 상태를 이르는 말,水,,"2024 보완전사(김기승 성명학 9,491자 기준본 대조 추가)"
7040,일,一,한 일,1,"같다, 동일하다, 오로지, 약간. 모든, 한결 같은, 잠시, 한번, 하나.",木,298,
7041,일,日,날 일,4,"날, 낮, 매일.",火,298,
7042,"일,질",佅,예쁠 일/질,7,"예쁘다, 아름답다, 요염하다, 잃다. 편안하다, 숨다, 달아나다, 방탕할 질",火,298,
7043,일,劮,기쁠 일,7,"기쁘다, 외람하다, 방탕하다.",土,298,
7044,"일,질",佚,편안할 일,7,편안할 일. 방탕할 질,火,,"2024 보완전사(김기승 성명학 9,491자 기준본 대조 추가)"
7045,일,佾,줄춤 일,8,줄 춤. 춤 줄(춤을 출 때 늘어선 줄),火,298,
7046,"일,질",妷,방탕할 일,8,일. 질. 조카 질. 방탕할 일,土,,"2024 보완전사(김기승 성명학 9,491자 기준본 대조 추가)"
7047,일,泄,음탕할 일,9,"음탕하다, 넘치다.",水,298,옥편 8획
7048,일,䒤,풀 이름 일,10,일. 풀 이름 일,土,,"2024 보완전사(김기승 성명학 9,491자 기준본 대조 추가)"
7049,일,泆,음탕할 일,10,음탕할 일(정욕이 과하여 방탕함). 음란하고 문란한 행위나 상태를 이르는 말,水,,"2024 보완전사(김기승 성명학 9,491자 기준본 대조 추가)"
7050,일,浂,물가 언덕 일,10,물가. 물가 언덕 일,土,,"2024 보완전사(김기승 성명학 9,491자 기준본 대조 추가); 기준본 음(대표) 필드 오류로 뜻풀이 텍스트에서 재추출함"
7051,"일,인",壹,한 일/인,12,"순박하다, 통일하다, 오로지, 하나. 갖은 한 일, 혼돈 인.",木,298,
7052,"일,질,철",軼,"뛰어난 일/질,철",12,"앞지르다, 뛰어나다, 우수하다, 지나다. 잃다, 번갈아들 질, 수레바퀴 철",火,298,
7053,일,𨓜,달아날 일,13,일. 달아날 일,土,,"2024 보완전사(김기승 성명학 9,491자 기준본 대조 추가)"
7054,일,馹,역말 일,14,역말.,火,298,
7055,일,溢,넘칠 일,14,"넘치다, 가득차다, 잠기다, 지나치다. 교만하다, 타이르다, 삼가다.",水,298,옥편 13획
7056,일,逸,편안할 일,15,"뛰어나다, 즐기다, 숨다, 그르치다. 편안하다, 없어지다, 빠르다, 잃다.",水,299,옥편 12획
7057,일,鎰,무게이름 일,18,중량.,金,299,
7058,"임,림",壬,성대할 임(림),4,"크다, 성대하다, 아첨하다. 간사하다,",水,299,
7059,"임,림",任,맡길 임(림),6,"맡기다, 주다, 능하다, 잘하다, 배다. 맞다, 당하다, 견디다, 감내하다.",火,299,
7060,"임,림",妊,아이밸 임(림),7,"아리를 배다, 임신하다.",土,299,
7061,"임,림",姙,아이밸 임(림),9,"아리를 배다, 임신하다.",土,299,
7062,"임,림",衽,옷섶 임(림),10,"옷섶, 솔기, 깔다, 여밀다.",木,299,옥편 9획
7063,"임,림,님",恁,생각할 임(림)/님,10,"생각하다, 이러하다, 당신. 너 님, 너 임",火,299,
7064,"임,감,림,겸,음",玪,옥 임,10,옥 임. 옥 이름 감. 옥 림(임). 옥 겸. 옥 음,土,,"2024 보완전사(김기승 성명학 9,491자 기준본 대조 추가)"
7065,"임,림",訦,생각할 임(림),11,생각하다.,金,299,
7066,"임,림",晽,알고자 할 임,12,알고자 할 임. 알고자 할 림(임),火,,"2024 보완전사(김기승 성명학 9,491자 기준본 대조 추가)"
7067,"임,일",絍,짤 임,12,짜다(실로 엮어 만들다). 실을 묶거나 매는 일(매듭을 지음),木,,"2024 보완전사(김기승 성명학 9,491자 기준본 대조 추가)"
7068,"임,침,림",棽,무성할 임,12,무성할 임. 우거질 침. 무성할 림(임),木,,"2024 보완전사(김기승 성명학 9,491자 기준본 대조 추가)"
7069,"임,림",賃,품삯 임(림),13,"품삯, 고용되다, 세내다, 빌리다. 뿌리다.",金,299,
7070,"임,림",飪,익힐 임(림),13,"익히다, 삶다, 너무 익다, 잘고아지다. 곰국, 떡국, 잘끓인 음식.",水,300,
7071,임,䛘,믿을 임,13,임. 믿을 임,土,,"2024 보완전사(김기승 성명학 9,491자 기준본 대조 추가)"
7072,"임,림",銋,젖을 임(림),14,"젖다, 굽다, 구부러지다.",金,300,
7073,임,腍,맛 좋을 임,14,익힐. 맛 좋을 임,土,,"2024 보완전사(김기승 성명학 9,491자 기준본 대조 추가); 기준본 음(대표) 필드 오류로 뜻풀이 텍스트에서 재추출함"
7074,"입,림",入,들 입(림),2,"성기다, 들다, 간여하다, 빠지다. 떨어지다, 투신하다.",木,300,
7075,"입,림",卄,스물 입(림),3,"스물, 이십.","水,木",300,
7076,"입,림",廿,스물 입(림),4,"볶은 쌀, 미숫가루, 스물.",水,300,
7077,잉,仍,따를 잉,4,"인하다, 기대다, 따르다, 거듭하다. 좇다, 슬퍄하다.",火,300,
7078,잉,孕,아이밸 잉,5,"품다, 품어가지다, 기르다. 분만하다, 머금다.",水,300,
7079,잉,芿,새풀싹 잉,10,"새 풀싹, 묵은 풀, 잡초.",木,300,옥편 8획
7080,잉,剩,남을 잉,11,"남다, 길다, 볼까다, 거세다. 더구나, 더욱, 나머지, 남음.",金,300,
7081,잉,媵,줄 잉,13,"주다, 따라보내다, 전송하다. 잉첩:시집가는 여인이 가져가는 시첩",土,300,
7082,자,子,아들 자,3,"아들, 남자.",水,301,
7083,자,仔,세밀할 자,5,"자세하다, 세밀하다, 어리다. 견더내다.",火,301,
7084,자,自,스스로 자,6,"스스로, 저절로, 자연히, 진실로. 본연, 처음, 출처.",木,301,
7085,자,字,글자 자,6,"글자, 기르다, 양육하다, 낳다. 사랑하다, 정혼하다.",木,301,
7086,자,孖,쌍둥이 자,6,"쌍둥이, 무성해지다, 우거지다.",水,301,
7087,자,姉,손위누이 자,7,"손위 누이, 어머니.",土,301,
7088,자,孜,힘쓸 자,7,"힘쓰다, 부지런하다, 근면하다.",水,301,
7089,자,秄,붙을돋을 자,8,"망령되다, 속이다, 북을 돋우다.",木,301,
7090,"자,적",炙,구울 자/적,8,"굽다, 가까이하다, 고기굽다. 구울 적.",火,301,
7091,자,姊,손위누이 자,8,"손위 누이, 맏누이.",土,301,
7092,"자,척,라,나,체",刺,"찌를 자/척,라,나,체",8,"찌르다, 긍다, 나무라다, 헐뜯다. 찌를 척, 수라 라(나), 비방할 체.",金,301,
7093,자,柘,산뽕나무 자,9,사탕수수,木,301,
7094,자,耔,북돋을 자,9,"북(식물의 뿌리를 싸고 있는 흙)을 돋우다, 돋우어 가꾸다",木,301,
7095,자,姿,모양 자,9,"모양, 맵시, 바탕, 소질, 성품. 모양내다, 방종할, 내맡기다.",土,301,
7096,자,咨,물을 자,9,"묻다, 상의하다, 꾀하다, 탄식하다.",水,301,
7097,자,蚄,며루 자,9,"며루(벼, 조의 해충). 자방충.",水,301,
7098,자,呰,흠 자,9,"흉집, 헐뜯다, 악하다, 서투르다. 게으르다.",水,301,
7099,자,虸,며루 자,9,며루(옛 그릇 이름). 작은 벌레(벌레를 가리키는 부수적 의미로 쓰임),水,,"2024 보완전사(김기승 성명학 9,491자 기준본 대조 추가)"
7100,자,籽,씨앗 자,9,씨앗. 씨앗 자,金,,"2024 보완전사(김기승 성명학 9,491자 기준본 대조 추가); 기준본 음(대표) 필드 오류로 뜻풀이 텍스트에서 재추출함"
7101,"자,현",玆,이 자/현,10,"이, 이에, 여기, 지금, 검다, 흐리다. 검을 자, 검을 현",火,301,
7102,자,恣,마음대로 자,10,"마음대로, 방자하다, 방종하다. 맡기다, 방자할 자.",火,301,
7103,자,牸,암소 자,10,암소.,土,301,
7104,자,者,놈 자,10,"놈, 허락하는 소리, 기재하다, 적다.",土,302,옥편 9획
7105,"자,체",泚,선명할 자/체,10,"맑다, 적시다, 담그다, 선명한 모양. 강이름, 땀이 나는 모양, 맑을 체",水,302,옥편 9획
7106,"자,제,지",眦,"흘길 자/제,지",11,"흘기다, 보다, 눈초리가 찢어지다. 눈초리, 눈초리 제, 눈초리 지",木,302,
7107,"자,제,지",眥,"흘길 자/제,지",11,"흘기다, 보다, 눈초리가 찢어지다. 보다, 눈초리, 눈초리 제, 눈초리 지",木,302,
7108,자,瓷,사기그릇 자,11,사기그릇.,土,302,
7109,"자,제,새",疵,"허물 자/제,새",11,"허물, 결점, 재앙, 흥보다, 비난하다. 노려보다, 노려볼 제, 앓을 새.",水,302,
7110,"자,치,시",茈,"보라색 자/치,시",12,"지치, 보라색, 가지런하지 않다. 가지런하지 않을 치, 시호 시",木,302,옥편 10획
7111,자,茨,지붕일 자,12,"지붕을 이다, 잇다, 쌓다.",木,302,옥편 10획
7112,자,紫,자줏빛 자,12,자줏빛. 자줏빛의 옷.,木,302,
7113,"자,제",粢,기장 자/제,12,"기장(제사에 쓰는 서직) 떡, 곡식, 술, 술 제",木,302,
7114,자,胏,고깃점 자,12,"고깃점, 산적",水,302,
7115,"자,기",䛋,꾀할 기,12,자. 꾀할 기,金,,"2024 보완전사(김기승 성명학 9,491자 기준본 대조 추가); 1차 음의 뜻풀이 누락으로 타 음(기)의 훈으로 대표훈음 대체"
7116,"자,주,취",觜,"별이름 자/주,취",13,"별이름, 바다거북, 썩은 창자. 바다거북 주, 부리 취.",木,302,
7117,자,慈,사랑 자,13,"사랑하다, 동정, 인정, 어머니. 사랑, 자비.",火,302,
7118,자,煮,익을 자,13,"삶다, 끓이다, 굽다, 익히다, 익다.",火,302,
7119,자,訾,생각할 자,13,"헐뜯다, 싫어하다, 되질하다. 탄식하다, 생각하다, 한정하다.",金,302,
7120,자,貲,재물 자,13,"재물, 자본, 대속하다, 세다. 측량하다.",金,302,
7121,자,資,재물 자,13,"재물, 자본, 바탕, 의뢰, 도움, 돕다. 취하다, 주다, 쓰다.",金,302,
7122,자,滋,불을 자,13,"붇다, 증가하다, 늘다, 많아지다. 번식하다, 자라다, 우거지다, 많다.",水,302,옥편 12획
7123,자,孶,부지런할 자,13,"부지런하다, 붇다, 우거지다, 낳다. 새끼 가지다.",水,302,
7124,"자,책",莿,까끄라기 자/책,14,"까끄라기, 헐뜯다. 가시, 풀이름, 까끄라기 책.",木,302,옥편 12획
7125,자,雌,암컷 자,14,"암컷, 암새, 약하다, 쇠악해지다. 지다, 패배하다",火,303,
7126,자,胾,고깃점 자,14,"고깃점(얇게 썬 고기 조각). 고기 가공품(육포, 절임류 등 육류 관련 식품)",土,,"2024 보완전사(김기승 성명학 9,491자 기준본 대조 추가)"
7127,자,茲,불을 자,14,불을 자. 무성할 자,木,,"2024 보완전사(김기승 성명학 9,491자 기준본 대조 추가)"
7128,"자,석",褯,포대기 자/석,16,포대기. 자리 석,木,303,옥편 15획
7129,자,髭,예쁜머리 자,16,"머리 예쁘다, 윗수염. 코밑수염.",火,303,
7130,자,赭,붉은흙 자,16,"붉은 흙, 붉다, 벌거벗기다, 다하다.",火,303,
7131,자,嬥,너그럽고순할 자,16,너그럽고 순하다.,土,303,
7132,자,諮,물을 자,16,"묻다, 상의하다, 꾀하다, 의논하다. 꾀다.",金,303,
7133,자,鮓,생선젓 자,16,"생선젓, 식해, 해파리.",水,303,
7134,자,嬨,너그럽고 순함 자,16,너그럽고 순함(온화하고 관대한 성품). 온순하고 다정한 태도,土,,"2024 보완전사(김기승 성명학 9,491자 기준본 대조 추가)"
7135,자,蔗,사탕수수 자,17,"맛이 좋다, 감미롭다, 사탕수수. 감자",木,303,옥편 15획
7136,자,鎡,호미 자,17,"호미, 괭이.",金,303,
7137,자,頾,예쁜머리 자,18,"머리 예쁘다, 윗수염.",火,303,
7138,자,磁,자석 자,18,자석. 자기.,金,303,
7139,자,頿,윗수염 자,18,윗수염(입 위의 수염). 수염이 많은 모양이나 수염을 이르는 한자어,火,,"2024 보완전사(김기승 성명학 9,491자 기준본 대조 추가)"
7140,"자,적,차",藉,"깔 자/적,차",20,"깔다, 짓밟다, 범하다, 업신여기다. 짓밟을 적, 빌 차, 빌릴 차",木,303,옥편 18획
7141,자,鸕,가마우지 자,20,가마우지(가마우시과의 물새),火,303,
7142,자,鶿,가마우지 자,20,가마우지(어로활동을 하는 물새). 물고기를 사냥하는 조류의 한 종류,火,,"2024 보완전사(김기승 성명학 9,491자 기준본 대조 추가)"
7143,자,鴽,자고새 자,22,자고(꿩과의 새),火,303,
7144,자,鷓,자고 자,22,자고(새 이름의 옛말). 작은 새류(야생 조류의 한 종류를 이르는 말),火,,"2024 보완전사(김기승 성명학 9,491자 기준본 대조 추가)"
7145,작,勺,구기 작,3,"잔, 푸다, 떠내다. 구기(자루가 달린 술을 푸는 용기)",金,303,
7146,"작,균",圴,흙자국 작,6,흙자국. 흙자국 작. 고를 균,金,,"2024 보완전사(김기승 성명학 9,491자 기준본 대조 추가); 기준본 음(대표) 필드 오류로 뜻풀이 텍스트에서 재추출함"
7147,"작,저,주",作,"지을 작/저,주",7,"짓다, 만들다, 창작하다, 일하다. 행동하다, 비롯되다, 저주 저, 만들 주",火,303,
7148,작,灼,밝을 작,7,"밝다, 선명하다, 불사르다, 태우다. 밝히다, 성하다, 굽다, 놀라다.",火,303,
7149,작,狝,아롱짐승 작,7,"아롱짐승, 표범",土,303,옥편 6획
7150,"작,약",汋,샘솟을 작/약,7,"샘솟다, 떠내다, 익히다, 삶다. 아름다운 모양, 익힐 약.",水,303,옥편 6획
7151,"작,책",岝,높을 작/책,8,"높다, 높은 모양, 산이름. 산 이름 책",土,303,
7152,작,犳,표범 작,8,"표범(맹수의 일종, 옛 명칭). 표범 무늬처럼 보이는 무늬나 생김새",水,,"2024 보완전사(김기승 성명학 9,491자 기준본 대조 추가)"
7153,작,妰,얌전할 작,8,계집도용할. 얌전할 작,金,,"2024 보완전사(김기승 성명학 9,491자 기준본 대조 추가); 기준본 음(대표) 필드 오류로 뜻풀이 텍스트에서 재추출함"
7154,작,昨,어제 작,9,"어제, 옛날, 지난날. 이전.",火,304,
7155,"작,적",芍,함박꽃 작/적,9,"함박꽃, 요리하다, 연밥(연꽃 열매) 작약, 연밥 적.",木,304,옥편 7획
7156,"작,책,사",柞,"조롱나무 작/책,사",9,"조롱나무, 좁다, 협소하다. 발매할 책, 강이름 사",木,304,
7157,작,怍,부끄러워할 작,9,"부끄러워하다, 빨개지다, 변하다. 노하다, 화내다.",火,304,옥편 8획
7158,"작,찰",炸,터질 작/찰,9,"터지다, 폭발하다, 튀기다. 퀴긴 음식, 튀길 찰",火,304,
7159,작,斫,벨 작,9,"베다, 자르다, 무지하다, 어리석다. 치다, 찍다, 때리다.",金,304,
7160,작,酌,술부을 작,10,"술 붓다, 따르다, 마시다, 펴내다. 푸다, 가리다, 선택하다, 짐작하다.",金,304,
7161,작,雀,참새 작,11,"참새, 뛰다.",火,304,
7162,작,婥,예쁠 작,11,예쁠. 예쁠 작,金,,"2024 보완전사(김기승 성명학 9,491자 기준본 대조 추가); 기준본 음(대표) 필드 오류로 뜻풀이 텍스트에서 재추출함"
7163,작,焯,밝을 작,12,"밝다, 빛나다, 태우다.",火,304,
7164,"작,석,탁",鵴,"빛날 작/석,탁",12,"빛나다, 이어지다, 주춧돌, 잇다. 소금밭, 신 석, 글 탁",土,304,
7165,작,斱,벨 작,13,"베다, 자르다, 무지하다, 어리석다. 치다, 찍다, 때리다.",金,304,
7166,작,綽,너그러울 작,14,"너그럽다, 유순하다, 얌전하다, 많다. 더디다, 몸이 가냘프고 맵시가 있다.",木,304,
7167,작,碏,사람이름 작,14,"공경하다, 돌 얼룩지다, 거리끼다. 훼방하다, 상가다.",金,304,
7168,작,爵,벼슬 작,18,"벼슬, 주다, 마시다.","木,金",304,
7169,작,鵲,까치 작,19,까치,火,304,
7170,작,嚼,씹을 작,21,"씹다, 맛보다, 술을 강권하다.",水,304,
7171,잔,剗,다스릴 잔,10,"깎다, 베다, 다스리다. 농기구.",金,304,
7172,"잔,진",棧,사다리 잔/진,12,"사다리, 주막, 여관, 우리, 장강틀. 잔교, 쇠북 잔, 창고, 마판, 성할 진",木,304,
7173,잔,殘,잔인할 잔,12,"잔인하다, 흉악하다, 해치다, 멸하다. 없애다, 사납다, 모자라다, 남다.",水,304,
7174,잔,孱,나약할 잔,12,"나약하다, 신음하다, 삼가다, 좁다. 가지런하지 않다.",水,304,
7175,잔,盞,잔 잔,13,"술잔. 잔, 등잔, (술 등의)세는 단위.",金,305,
7176,잔,濺,졸졸흐를 잔,16,졸졸 흐르다.,水,305,옥편 15획
7177,"잔,물",潺,졸졸 흐르는 물 잔,17,졸졸 흐르는 물(모양). 물이 졸졸 흐르는 소리 또는 그 상태를 가리키는 말,水,,"2024 보완전사(김기승 성명학 9,491자 기준본 대조 추가)"
7178,잔,驏,안장없는말 잔,22,안장 없는 말.,火,305,
7179,"잠,음",岑,높을 잠/음,7,"높다, 높이 솟다, 크다, 봉우리. 낭떠러지, 산세가 험준한 모양 음.",土,305,
7180,잠,湛,괸물 잠,11,"괸물, 큰물, 못, 눈물 흐르다. 비 축축오다.",水,305,옥편 10획
7181,잠,涔,괸물 잠,12,괸물(고여 있는 물). 물이 조금 고여 있는 상태나 습윤한 상태를 이르는 말,水,,"2024 보완전사(김기승 성명학 9,491자 기준본 대조 추가)"
7182,잠,箴,경계 잠,15,"경계, 돌침, 바늘, 경계하다.",木,305,
7183,잠,暫,잠깐 잠,15,"짧다, 오래지 않다, 잠깐, 졀지에.",火,305,
7184,잠,潠,잠길 잠,16,"잠기다, 가라앉다, 감추다, 숨기다. 깊다, 자맥질하다. 물이름, 고기깃",水,305,옥편 15획
7185,잠,潜,깊을 잠,16,"숨다, 숨기다, 가라앉다, 깊다. 몰래,",水,305,옥편 15획
7186,잠,潛,잠길 잠,17,잠길 잠. 무자맥질할 잠,水,,"2024 보완전사(김기승 성명학 9,491자 기준본 대조 추가)"
7187,잠,簪,비녀 잠,18,"비녀, 꽂다, 빠르다, 신속하다.",木,305,
7188,"잠,천",蠶,누에 잠/천,24,"잠식하다, 치다, 누에. 양잠, 지렁이. 지러이 천.",水,305,
7189,"잡,가",卡,지킬 잡/가,5,"지키다, 꼭 끼이다, 기침을 하다. 관문, 길이 험한 곳, 음역자 가",水,305,
7190,잡,眐,깜작일 잡,10,"깜작이다, 에꾸눈.",木,305,
7191,잡,眨,눈을 깜빡일 잡,10,눈을 깜빡이다(깜박거리다). 눈짓으로 신호하거나 윙크하다(의도적 눈짓),木,,"2024 보완전사(김기승 성명학 9,491자 기준본 대조 추가)"
7192,"잡,섭",磼,"높을 잡, 섭",17,"높다, 산이 높은 모양. 물건이 깨지는 소리 섭",金,305,
7193,잡,褯,섞일 잡,18,"섞이다, 어수선하다, 번거롭다. 섞다, 잘달다.",木,305,옥편 17획
7194,잡,雜,섞일 잡,18,"섞이다, 섞다, 어수선하다, 모이다. 남다, 꾸미다, 같다, 뚫다, 만나다.",火,305,
7195,잡,襍,섞일 잡,19,"섞이다. 雜의 이체자(같은 뜻으로 쓰이는 문자), 여러 가지가 뒤섞임을 이르는 말",木,,"2024 보완전사(김기승 성명학 9,491자 기준본 대조 추가)"
7196,잡,囃,메기는소리 잡,21,"메기는 소리, 시끄럽다.",水,305,
7197,장,丈,어른 장,3,"얇다, 어른, 썩은 나무 냄새, 장인. 노인에 대한 존칭, 남편, 남자노인.",木,305,
7198,장,仗,의장 장,5,"의장, 지팡이, 호위, 의지하다. 짚다, 무기, 병장기, 기대다.",火,305,
7199,장,壯,굳셀 장,6,"장하다, 굳세다, 씩씩하다, 크다. 단단하다, 젊다, 견고하다, 웅장하다",木,305,
7200,장,庄,씩씩할 장,6,"씩씩하다, 단정활, 바르다, 엄하다. 장중하다, 정중하다, 꾸미다.",木,306,
7201,장,匠,장인 장,6,"장인, 기술자, 우두머리, 가르침. 고안, 궁리, 바치.",土,306,
7202,장,壮,건장하고 장대할 장,6,건장하고 장대하다(힘차고 튼튼함). 기세가 크거나 규모가 큰 모양을 이르는 말,木,,"2024 보완전사(김기승 성명학 9,491자 기준본 대조 추가)"
7203,장,壯,장할 장,7,"장하다, 굳세다, 기상이 훌륭하다. 씩씩하다, 크다, 젊다, 견고하다.",木,306,
7204,장,杖,지팡이 장,7,"의지하다, 짚다, 때리다, 장형. 지팡이.",木,306,
7205,장,妝,단장할 장,7,"단장하다, 꾸미다, 화장하다. 분장하다, 가장하다.",土,306,
7206,장,長,길 장,8,"길다, 낫다, 나아가다, 자라다, 맏. 우두머리, 처음, 늘, 항상.",木,306,
7207,"장,상",狀,문서 장/상,8,"문서, 편지, 문투, 문체이름, 숨기다. 용모, 정상, 형상 상",土,306,
7208,장,戕,죽일 장,8,"죽이다, 상하다, 손상을 입히다. 착하다, 마음이 곱고 어질다, 사납다.",金,306,
7209,장,奘,클 장,10,"크다, 성하다, 튼튼하다, 건장하다.",木,306,
7210,장,将,장수 장,10,"장수, 인솔자, 거느리다, 장차, 문득. 발전하다, 나아가다, 받들다, 무릇.",木,306,將의 俗字
7211,장,牂,무성할 장,10,"성하다, 무성하다, 괴이하다.",木,306,
7212,장,胖,숫양 장,10,숫양.,土,306,
7213,"장,양",羘,숫양 장,10,숫양 장. 양 양,土,,"2024 보완전사(김기승 성명학 9,491자 기준본 대조 추가)"
7214,장,將,장수 장,11,"장수, 인솔자, 문득, 한편, 대부분. 장차 장",木,306,
7215,장,帳,장막 장,11,"장막, 휘장, 군막, 천막, 장부책",木,306,
7216,장,張,베풀 장,11,"베풀다, 어떤 일을 벌이다, 넓히다. 크게 하다, 내밀다, 드러내다.",火,306,
7217,장,章,글 장,11,"글, 문장, 모범, 본보기, 법.",金,306,
7218,장,場,마당 장,12,"마당, 때, 시기, 장소, 들판, 무대. 구획, 시장, 시험장, 신을 모신 곳.",土,306,
7219,장,粧,단장할 장,12,"화장하다, 꾸미다, 단장하다. 추하게 생기다, 어미돼지, 가장하다.",木,306,
7220,장,掌,손바닥 장,12,"손바닥, 솜씨, 웅덩이, 치다, 맡다. 주관하다, 주장하다, 바로잡다.",木,306,
7221,장,莊,씩씩할 장,13,"씩씩하다, 단정하다, 엄하다. 바르다, 장중하다, 꾸미다.",木,306,옥편 11획
7222,장,裝,꾸밀 장,13,"꾸미다, 치장하다, 넣다, 묶다, 싣다. 싸다, 간직하다, 흉내내다, 의복.",木,307,
7223,장,僋,놀랄 장,13,"두려워하다, 놀라다. 시숙(남편의 형제)",火,307,
7224,장,傽,두려워할 장,13,"두려워하다, 겁내다(공포를 느끼다). 놀라다, 위축되다(문어적, 비유적 용법)",火,,"2024 보완전사(김기승 성명학 9,491자 기준본 대조 추가)"
7225,장,獎,장려할 장,14,"장려하다, 권면하다, 칭찬하다. 표창하다, 돕다, 성취하다, 이루다.",木,307,
7226,장,臧,착할 장,14,"착하다, 좋다, 감추다, 숨다, 뇌물.",火,307,
7227,장,嶂,산봉우리 장,14,"높고 험한 산, 산봉우리 둘리다. 산봉우리",土,307,
7228,장,萇,양도 장,14,양도(꽹이밥과에 속하는 여러해살이 만초). 장초나무,木,307,옥편 12획
7229,장,奬,장려할 장,14,"장려하다, 격려하여 북돋우다(격려의 의미). 상을 주어 표창하다(포상, 시상)",木,,"2024 보완전사(김기승 성명학 9,491자 기준본 대조 추가)"
7230,"장,영,앵",賏,자개를이어꿴목치 장,14,자개를이어꿴목치 장. 목치장 영. 목치장 앵,土,,"2024 보완전사(김기승 성명학 9,491자 기준본 대조 추가)"
7231,장,墇,막을 장,14,막을. 막을 장,金,,"2024 보완전사(김기승 성명학 9,491자 기준본 대조 추가); 기준본 음(대표) 필드 오류로 뜻풀이 텍스트에서 재추출함"
7232,장,嶈,산 높을 장,14,산이높고클. 산 높을 장,金,,"2024 보완전사(김기승 성명학 9,491자 기준본 대조 추가); 기준본 음(대표) 필드 오류로 뜻풀이 텍스트에서 재추출함"
7233,장,葬,장사지낼 장,15,"장사 지내다, 매장하다.",木,307,옥편 13획
7234,장,漳,물이름 장,15,"물이름, 막다. 둑, 주 이름.",水,307,옥편 14획
7235,장,樟,녹나무 장,15,녹나무.,木,307,
7236,장,暲,밝을 장,15,"밝다, 해가 돋다, 햇발이 돋아오다.",火,307,
7237,장,檣,돗대 장,15,돗대.,木,307,
7238,장,獐,노루 장,15,노루.,土,307,옥편 14획
7239,장,腸,창자 장,15,"창자, 마음, 충심, 자세하다.",水,307,옥편 13획
7240,장,漿,즙 장,15,"즙, 미음, 마실 것, 음료. 풀을 먹이다.",水,307,
7241,장,墻,담 장,16,"담, 경계, 치다, 쌓다, 관을 덮는 옷.",土,307,
7242,장,璋,홀 장,16,"밝다, 구슬. 홀(제후를 봉할 때 의식에 쓰던)",金,307,옥편 15획
7243,장,瘴,장기 장,16,"장기(축축하고 더운 땅에서 생기는 독한 기운), 풍토병",水,307,
7244,"장,색",廧,담 장/색,16,"담, 담장, 경계, 치다. 궁녀, (담을)치다, 쌓다, 소신 색.",木,307,
7245,장,嫱,궁녀 장,16,궁녀. 궁녀의 벼슬이름. 여자의 자.,土,307,
7246,장,嬙,궁중의 여종 장,16,"궁중의 여종, 여인(궁녀를 가리키는 용례로 전통 문헌에 등장). 여성, 아가씨를 가리키는 고문서적 표기(문어적 용례)",土,,"2024 보완전사(김기승 성명학 9,491자 기준본 대조 추가)"
7247,장,蔣,성씨 장,17,"깔개, 빛이 강렬한 모양, 격려하다.",木,307,옥편 15획
7248,장,餦,엿 장,17,"엿, 유과.",水,308,
7249,장,粧,단장할 장,17,"단장, 단장하다, 꾸미다, 화장하다. 가장하다, 분장하다.",木,308,
7250,장,牆,담 장,17,"담, 경계, 치다, 쌓다.",木,308,
7251,장,糚,단장할 장,17,"단장하다, 꾸미다(외모나 물건을 장식함). 고문서에서 장식, 치장의 의미로 쓰이는 표기(이체자 용례)",木,,"2024 보완전사(김기승 성명학 9,491자 기준본 대조 추가)"
7252,장,遧,드러낼 장,17,드러낼. 드러낼 장,金,,"2024 보완전사(김기승 성명학 9,491자 기준본 대조 추가); 기준본 음(대표) 필드 오류로 뜻풀이 텍스트에서 재추출함"
7253,장,醬,장 장,18,"장, 장조림, 젓갈",金,308,
7254,장,鄣,고을이를 장,18,"고을이름, 칸막이, 막다, 가로막히다. 장애, 보루, 둑, 병풍, 막을 장",土,308,옥편 14획
7255,장,障,막을 장,19,"막다, 가로막히다, 장애, 칸막이. 보루, 둑, 병풍, 밭두둑길, 지경.",土,308,옥편 14획
7256,장,薔,장미 장,19,장미. 여뀌(엿뀌과의 한해살이 풀),木,308,옥편 17획
7257,장,鏘,금옥소리 장,19,"금옥소리, 소리.",金,308,
7258,장,藏,감출 장,20,"감추다, 숨다, 광.",木,308,옥편 18획
7259,장,贓,장물 장,21,"장물, 받다, 수뢰하다, 숨기다. 감추다.",金,308,
7260,장,欌,장롱 장,22,장롱. 의장.,木,308,
7261,장,麞,노루 장,22,노루.,土,308,
7262,장,蘠,장미 장,22,장미꽃. 장미 장,金,,"2024 보완전사(김기승 성명학 9,491자 기준본 대조 추가); 기준본 음(대표) 필드 오류로 뜻풀이 텍스트에서 재추출함"
7263,장,臟,오장 장,24,"오장, 내장.",水,308,옥편 22획
7264,재,才,재주 재,4,"재주, 재능, 근본, 바탕, 결단하다. 기본, 사격의 하나, 겨우, 조금.",木,308,옥편 3획
7265,재,在,있을 재,6,"있다, 존재하다, 찾다. 묻다, 보다, 살피다.",土,308,
7266,재,再,거듭 재,6,"두 번, 거듭하다, 두 번 하다.",土,308,
7267,재,扗,있을 재,7,"있다, 존재하다, 찾다,. 보다, 살피다",木,308,옥편 6획
7268,재,材,재목 재,7,"재목, 수완, 성질, 자질, 바탕. 도리, 보물, 헤아리다.",木,308,
7269,재,災,재앙 재,7,"재앙, 화재, 죄악, 불태우다. 재앙을 내리다, 응징하다.",火,308,
7270,재,灾,재앙 재,7,"재앙, 화재, 죄악, 불태우다. 응징하다, 재앙을 내리다.",火,308,
7271,재,哉,처음 재,9,"비롯하다, 처음, 재난, 재앙.",水,309,
7272,재,齋,공손할 재,9,"재계하다, 공손하다, 삼가다. 공경하다, 집, 방.",土,309,
7273,재,㦳,재,9,"재(고문자 표기). 문헌에서 특정 의미로 쓰이는 '재'의 표기(어근, 기호적 용법)",金,,"2024 보완전사(김기승 성명학 9,491자 기준본 대조 추가); 1차 음의 뜻풀이 누락, 대체 가능한 훈도 없어 음만 기재"
7274,재,夈,재계할 재,9,재계할. 재계할 재,金,,"2024 보완전사(김기승 성명학 9,491자 기준본 대조 추가); 기준본 음(대표) 필드 오류로 뜻풀이 텍스트에서 재추출함"
7275,재,財,재물 재,10,"재물, 재산, 보물, 재능, 마르다. 물품, 녹봉, 재료, 성의 하나, 겨우.",金,309,
7276,재,宰,재상 재,10,"재상, 우두머리, 벼슬아치, 요리사. 주관하다, 다스리다, 저미다.",木,309,
7277,재,栽,심을 재,10,"심다, 어린 싹, 묘목, 분재.",木,309,
7278,재,捚,손바닥에받을 재,11,손바닥에 받다.,木,309,옥편 10획
7279,"재,자",梓,가래나무 재/자,11,"가래나무, 목수. 가리나무 자.",木,309,
7280,재,釮,날카로울 재,11,날카로울. 날카로울 재,金,,"2024 보완전사(김기승 성명학 9,491자 기준본 대조 추가); 기준본 음(대표) 필드 오류로 뜻풀이 텍스트에서 재추출함"
7281,재,裁,만들 재,12,"마르다, 자르다, 짓다, 만들다. 교육하다, 결단하다, 결정하다.",木,309,
7282,"재,새,사",崽,"자식 재/새,사",12,"자식. 자식 새, 자식 사.",土,309,
7283,"재,대",載,실을 재/대,13,"싣다, 오르다, 올라타다, 행하다. 시행하다, 비롯하다, 떠받들 대.",火,309,
7284,재,渽,맑을 재,13,맑다. 물이름,水,309,옥편 12획
7285,"재,자,치",滓,"찌꺼기 재/자,치",14,"찌꺼기, 더러운 것, 흐리다. 더럽히다, 찌꺼기 자, 더럽힐 치.",水,309,옥편 13획
7286,재,溙,물이름 재,14,물이름.,水,309,옥편 13획
7287,"재,자",梓,가래나무 재/자,14,"가래나무, 목수, 나무그릇. 가래나무 자",木,309,
7288,재,榟,가래나무 재,14,가래나무(식물의 이름). 가래나무 목재(목재로 쓰이는 수목),木,,"2024 보완전사(김기승 성명학 9,491자 기준본 대조 추가)"
7289,재,溨,물 이름 재,15,"물 이름(하천, 연못 등의 고유명칭으로 쓰이는 물의 이름). 하천, 수역을 가리키는 명칭으로 사용됨",水,,"2024 보완전사(김기승 성명학 9,491자 기준본 대조 추가)"
7290,재,縡,일 재,16,"일, 싣다.",木,309,
7291,재,賳,재물 재,16,"곧바로 열다, 재물, 재화",金,309,
7292,"재,자",齋,공경할 재/자,17,"재계하다, 정진하다, 공경하다. 시주하다, 집 재, 상복 자.",土,309,
7293,재,䮨,얼룩말 재,20,재. 얼룩말 재,金,,"2024 보완전사(김기승 성명학 9,491자 기준본 대조 추가)"
7294,"재,자",賫,가져올 재/자,21,"가져오다, 가져가다, 주다, 보내다. 증여하다, 가지다, 갖추다, 탄식할 자",土,309,
7295,"재,자,제",齎,가져올 재,21,가져올 재. 탄식하는 소리 재. 탄식하는 소리 자. 가져올 제,土,,"2024 보완전사(김기승 성명학 9,491자 기준본 대조 추가)"
7296,"재,삼",纔,재능 재/삼,23,"재주, 재능, 근본, 바탕, 겨우, 조금. 잿빛 삼",木,309,
7297,쟁,爭,경쟁할 쟁,8,"다투다, 논쟁하다, 경쟁하다. 간하다, 모자라다, 차이나다.",金,309,
7298,쟁,崝,가파를 쟁,11,"가파르다, 산 높고 험하다. 높은 산마루, 추위가 혹독한 모양.",土,310,
7299,쟁,崢,가파를 쟁,11,"가파르다, 험준하다(산세나 절벽이 높고 가파름). 우뚝 솟다, 높고 날카로운 암벽의 모양을 나타냄",土,,"2024 보완전사(김기승 성명학 9,491자 기준본 대조 추가)"
7300,쟁,猙,짐승이름 쟁,12,"개털, 얄밉다. 짐승이름.",土,310,옥편 11획
7301,쟁,琤,옥소리 쟁,13,"옥 소리, 거문고 소리",金,310,옥편 12획
7302,쟁,箏,쟁 쟁,14,쟁(국악현악기의 하나). 풍경,木,310,
7303,쟁,諍,간할 쟁,15,"간하다, 송사하다, 다투다, 멈추다. 간하는 말이나 글.",金,310,
7304,쟁,錚,쇳소리 쟁,16,"쇳소리, 징",金,310,
7305,"쟁,창",鎗,종소리 쟁/창,18,"종소리, 창, 술그릇.",金,310,
7306,"저,녕,영",宁,"뜰 저/녕,영",5,"뜰, 우두커니 서다, 잠시 멈추어 서다. 저장하다, 모으다, 편안할 녕(영)",木,310,
7307,"저,지",氐,근본 저/지,5,"근본, 근원, 근심하다, 번민하다. 속이다, 낮다, 천하다, 땅이름 지",火,310,
7308,저,低,낮을 저,7,"속이다, 구부리다, 약하다. 머무르다, 싸다, 낮다.",火,310,
7309,저,佇,쌓을 저,7,"우두커니 서다, 머물러 있다, 쌓다. 기다리다.",火,310,
7310,"저,지",底,밑 저/지,8,"밑, 바닥, 기초, 그치다, 숨기다. 막히다, 이룰 지.",木,310,
7311,저,杼,방망이 저,8,"공이, 다듬잇방망이.",木,310,
7312,"저,서",杍,얇을 저/서,8,"북, 벽, 담, 앓다, 말하다, 펴다. 길다, 푸다, 퍼내다, 상수리나무 서.",木,310,
7313,저,姐,누이 저,8,"누이, 부드럽다, 여자, 교만하다.",土,310,
7314,"저,조",岨,험할 저/조,8,"어긋나다, 험하다, 불안하다. 마음이 편하지 않다, 울퉁불퉁할 조.",土,310,
7315,저,咀,씹을 저,8,"씹다, 맛보다, 방자하다, 저주하다.",水,310,
7316,"저,처",杵,공이 저,8,공이 저. 공이 처,木,,"2024 보완전사(김기승 성명학 9,491자 기준본 대조 추가)"
7317,"저,지",抵,막을 저/지,9,"막다, 배척하다, 거스르다, 겨루다. 이르다, 다다르다, 저촉되다, 칠 지.",木,310,옥편 8획
7318,저,柢,뿌리 저,9,"뿌리, 근본, 기초, 싹트다. 뿌리를 내리다.",木,310,
7319,저,牴,만날 저,9,"부딪히다, 닿다, 만나다, 대략. 숫양, 숫양 저",土,310,
7320,저,狙,찾을 저,9,"엿보다, 노리다, 교활하다, 찾다.",土,311,옥편 8획
7321,저,沮,막을 저,9,"막다, 꺾이다, 그치다. 새다, 적시다, 담그다.",水,311,옥편 8획
7322,저,㤖,지혜 저,9,저. 지혜 저,金,,"2024 보완전사(김기승 성명학 9,491자 기준본 대조 추가)"
7323,저,疽,등창 저,10,"등창, 악창, 종기.",水,311,
7324,저,苧,모시풀 저,11,모시풀.,木,311,옥편 9획
7325,"저,차,자,조",苴,"깔 저/차,자,조",11,"깔다, 검다, 거칠다, 마른 풀. 물위에 뜬 풀 차, 두엄풀 자, 절인 채소 조.",木,311,옥편 9획
7326,저,袛,속적삼 저,11,속적삼.,木,311,옥편 10획
7327,저,紵,모시 저,11,모시풀.,木,311,
7328,저,罝,그물 저,11,그물,木,311,옥편 10획
7329,저,羝,숫양 저,11,"숫양(수컷 양). (고어, 비유) 용맹하거나 거친 사람을 비유적으로 이르는 말",土,,"2024 보완전사(김기승 성명학 9,491자 기준본 대조 추가)"
7330,저,蛆,구더기 저,11,구더기(썩은 유기물 속의 유충). (비유) 더럽고 혐오스러운 것이나 벌레 같은 존재,水,,"2024 보완전사(김기승 성명학 9,491자 기준본 대조 추가)"
7331,"저,지",觝,닿을 저/지,12,"닿다, 부딪다, 닥뜨리다, 이르다. 도달하다, 치다, 칠 지",木,311,
7332,저,邸,집 저,12,"집, 곳간, 병풍, 밑",土,311,옥편 8획
7333,저,貯,쌓을 저,12,"쌓다, 담다, 저축하다, 안치하다. 기다리다, 우두커니 서다.",金,311,
7334,저,詛,맹세할 저,12,"저주하다, 맹세하다, 헐뜯다. 욕하다, 원망하다, 맹세, 저주.",金,311,
7335,저,詆,꾸짖을 저,12,"꾸짖다, 흉보다,. 들추어내다, 속이다",金,311,
7336,저,詝,슬기로울 저,12,슬기로울. 슬기로울 저,金,,"2024 보완전사(김기승 성명학 9,491자 기준본 대조 추가); 기준본 음(대표) 필드 오류로 뜻풀이 텍스트에서 재추출함"
7337,저,雎,물수리 저,13,"물수리(수릿과의 새), 가기 어렵다. 징경이(물수리)",火,311,
7338,저,猠,돼지 저,13,"돼지, 돼지 새끼, 웅덩이, 괴다.",土,311,옥편 12획
7339,저,渚,물가 저,13,"물가, 모래성, 삼각주.",水,311,옥편 12획
7340,"저,자",菹,김치 저/자,14,"김치, 절이다, 늪. 늪 자",木,311,옥편 12획
7341,저,這,이 저,14,"이것, 낱낱, 이때, 지금, 이렇게. 맞다, 맞이하다.",土,311,옥편 11획
7342,저,猪,돼지 저,14,"돼지(집돼지 및 멧돼지 등을 아우름). 멧돼지(야생의 돼지) 또는 비유적으로 탐욕, 무지를 이르는 말",水,,"2024 보완전사(김기승 성명학 9,491자 기준본 대조 추가)"
7343,"저,착",著,지을 저/착,15,"나타나다, 분명하다, 드러나다, 쌓다. 그리다, 짓다, 비축하다, 붙을 착.",木,311,옥편 13획
7344,저,楮,닥나무 저,15,"닥나무, 종이, 돈, 지폐",木,311,
7345,저,樗,가죽나무 저,15,"가죽나무, 쓸모 없는 물건.",木,312,
7346,"저,착",箸,젓가락 저/착,15,"젓가락, 대통, 붙다, 입다. 붙을 착",木,312,
7347,저,褚,솜옷 저,15,"솜옷, 두다, 쌓다, 주머니, 구의",木,312,옥편 14획
7348,저,瀦,웅덩이 저,16,"웅더이, 괴다.",水,312,옥편 15획
7349,"저,도",隄,물가 저/도,17,"물가, 둔덕, 담장. 담 도",土,312,옥편 12획
7350,저,潴,웅덩이 저,17,"웅덩이(물이나 액체가 고여 있는 곳). 늪지, 고여 흐르지 않는 작은 연못이나 물웅덩이",水,,"2024 보완전사(김기승 성명학 9,491자 기준본 대조 추가)"
7351,저,儲,쌓을 저,18,"쌓다, 저축하다, 마련해두다, 동궁. 태자, 버금.",火,312,
7352,"저,차",齟,어긋날 저/차,20,"어긋나다, 맞지 않다, 씹다. 이 바르지 못하다. 이 바릇 못할 차",金,312,
7353,저,瀦,웅덩이 저,20,"웅덩이, 괴다.",水,312,옥편 19획
7354,저,蹢,머뭇거릴 저,20,"머뭇거리다, 건너뛰다.",土,312,
7355,"저,착",躇,머뭇거릴 저,20,머뭇거릴 저. 건너뛸 착,土,,"2024 보완전사(김기승 성명학 9,491자 기준본 대조 추가)"
7356,"저,도",陼,물가 저,21,물가 저. 담 도,土,,"2024 보완전사(김기승 성명학 9,491자 기준본 대조 추가)"
7357,"저,서",藷,감자 저/서,22,"감자, 고구마. 감자 서",木,312,옥편 20획
7358,"적,조",吊,위문할 적/조,6,"이르다, 도달하다, 다다르다. 조문하다, 문안하다, 조상할 조",水,312,
7359,적,赤,붉을 적,7,"붉다, 비다, 벌거벗다, 베다, 멀하다. 몰살시키다, 염탐하다, 실하다, 진심.",火,312,
7360,적,的,과녁 적,8,"과녁, 목표, 표준, 맏아들. 이마가 흰 말.",金,312,
7361,"적,자",炙,구울 적/자,8,"굽다, 가까이하다, 고기구이. 구울 자.",火,312,
7362,적,玓,빛날 적,8,빛날. 빛날 적,金,,"2024 보완전사(김기승 성명학 9,491자 기준본 대조 추가); 기준본 음(대표) 필드 오류로 뜻풀이 텍스트에서 재추출함"
7363,적,狄,(고대의) 북방 민족을 가리키던 호칭(오랑캐) · 이방인·외적을 이르는 말(고전적 용법) 적,9,"(고대의) 북방 민족을 가리키던 호칭(오랑캐). 이방인, 외적을 이르는 말(고전적 용법)",水,,"2024 보완전사(김기승 성명학 9,491자 기준본 대조 추가)"
7364,적,寂,고요할 적,11,"고요하다, 쓸쓸하다, 적막하다. 죽다, 한가롭다, 열반.",木,312,
7365,적,笛,피리 적,11,"피리, 날카로운 소리.",木,312,
7366,적,啇,밑동 적,11,나무뿌리. 밑동 적,金,,"2024 보완전사(김기승 성명학 9,491자 기준본 대조 추가); 기준본 음(대표) 필드 오류로 뜻풀이 텍스트에서 재추출함"
7367,적,迪,나아갈 적,12,"나아가다, 이루다, 이끌다, 행하다. 따르다, 계승하다, 쓰다, 인도하다.",土,312,옥편 9획
7368,적,适,빠를 괄,13,"빠르다, 신속하다, 사람 이름. 마땅할 적",土,46,
7369,적,荻,물억새 적,13,"물억새, 쑥, 갈잎 피리.",木,312,옥편 11획
7370,"적,책",翟,꿩 적/책,13,"꿩, 오랑캐. 고을 이름 책",火,312,
7371,적,馰,빠른말 적,13,별박이(이마에 흰 점이 박인 말). 준마(빠르게 달리는 말),火,312,
7372,적,勣,공적 적,13,"공적, 업적, 공로.",土,313,
7373,적,迹,자취 적,13,"발자취, 업적, 공적, 행정, 관습, 길. 정도, 왕래, 명성, 좇다, 상고하다.",土,313,옥편 10획
7374,적,跡,발자취 적,13,"발자취, 업적, 공적, 행정, 관습, 길. 정도, 왕래, 명성, 좇다, 상고하다.",土,313,
7375,적,嫡,정실 적,13,"정실, 본처, 대를 이를 사람.",土,313,
7376,"적,책",翟,"꿩 적,책",14,"꿩, 오랑캐, 고을이름",火,313,
7377,적,菂,연밥 적,14,"연밥, 연실.",木,313,옥편 12획
7378,적,逖,멀 적,14,"멀다, 멀리하다, 두려워하다.",土,313,옥편 11획
7379,적,摘,연주할 적,15,"들추어내다, 손가락질하다, 가리키다. 움직이다, 연주하다, 어지럽히다.",木,313,옥편 14획
7380,적,樀,추녀 적,15,"추녀, 처마, 실패. 문 두드리는 소리.",木,313,
7381,"적,할",敵,대적할 적/할,15,"대적하다, 겨루다, 대등하다, 맞서다. 거역하다, 보답하다, 원수, 다할 할.",火,313,
7382,적,滴,물방울 적,15,"물방울, 극히 적은 분량. 싱싱한 모양, 떨어지다.",水,313,옥편 14획
7383,적,積,쌓을 적,16,"쌓다, 많다, 머무르다, 울적하다. 병이 들다, 심하다, 저축 자.",木,313,
7384,적,磧,서덜 적,16,"서덜, 모래펄, 여울, 사막. 돌무더기.",金,313,
7385,적,績,길쌈할 적,17,"길쌈하다, 깁다, 뽑다, 삼다, 잇다. 공적, 성과, 일.",木,313,
7386,적,蹟,자취 적,18,"자취, 업적, 공적, 행적, 관습, 길. 왕래, 명성, 좇다, 상고하다.",土,313,
7387,적,適,맞을 적,18,"맞다, 마땅하다, 가다. 꾸짖다, 즐기다, 마침.",土,313,옥편 15획
7388,적,讁,귀양갈 적,18,"귀양가다, 꾸짖다, 책망하다. 결점, 운기, 재앙, 허물, 벌하다.",金,313,
7389,적,謫,귀양 갈 적,18,꾸짖을. 귀양 갈 적,金,,"2024 보완전사(김기승 성명학 9,491자 기준본 대조 추가); 기준본 음(대표) 필드 오류로 뜻풀이 텍스트에서 재추출함"
7390,적,鏑,화살촉 적,19,"화살촉, 우는 화살.",金,313,
7391,"적,자",籍,문서 적/자,20,"문서, 서적, 호적, 신분, 명부. 법령, 온화할 자.",木,313,
7392,적,覿,볼 적,22,"보다, 만나다, 뵈다, 붉다. 멀리 바라보다.",火,313,
7393,적,糴,쌀살 적,22,"쌀 사다, 성의 하나.",木,313,
7394,전,田,밭 전,5,"밭, 경작지, 농사짓다, 사냥하다. 많다.",土,314,
7395,전,全,온전할 전,6,"온전하다, 순전하다, 낫다. 갖추다, 상처가 없다. 무사하다.","土,木",314,
7396,전,佃,밭갈 전,7,"밭 갈다, 농사짓다, 경작하다. 사냥하다, 소작하다, 밭, 소작인",火,314,
7397,"전,승,잉",甸,"경기 전/승,잉",7,"경기, 구역, 유역, 경계, 사냥. 다스리다, 육십사정 승, 현이름 잉",土,314,
7398,"전,연",吮,빨 전/연,7,"빨다, 핥다. 빨 연",水,314,
7399,전,佺,신선이름 전,8,"신선이름, 고치다, 회개하다.",火,314,
7400,전,典,법 전,8,"법, 경전, 벼슬, 의식, 맏. 단아하다, 종사하다.",金,314,
7401,"전,계",屆,구멍 전/계,8,"이르다, 경계하다, 지극하다. 신고하다, 다다르다, 다하다.",水,314,
7402,전,屇,구멍 전,8,"구멍, 틈(작은 구멍이나 벌어진 자리). 움푹 팬 자리(지면이나 물체의 빈 곳)",水,,"2024 보완전사(김기승 성명학 9,491자 기준본 대조 추가)"
7403,전,畑,화전 전,9,"화전, 밭",土,314,
7404,전,畋,밭갈 전,9,"밭 갈다, 사냥하다.",金,314,
7405,전,前,앞 전,9,"미래, 앞날, 거무스름한 빛깔, 벱다. 앞서다, 나아가다, 인도하다, 자를 전",金,314,
7406,전,姾,단정할 전,9,계집단정할. 단정할 전,金,,"2024 보완전사(김기승 성명학 9,491자 기준본 대조 추가); 기준본 음(대표) 필드 오류로 뜻풀이 텍스트에서 재추출함"
7407,전,沺,수세 광대할 전,9,물가없을. 수세 광대할 전,金,,"2024 보완전사(김기승 성명학 9,491자 기준본 대조 추가); 기준본 음(대표) 필드 오류로 뜻풀이 텍스트에서 재추출함"
7408,전,展,펼 전,10,"펴다, 늘이다, 벌이다, 구르다. 나아가다, 기록하다, 정돈하다.",木,314,
7409,전,栓,마개 전,10,"마개, 나무못, 빗장",木,314,
7410,전,栴,단향목 전,10,단향목.,木,314,
7411,전,旃,기 전,10,"깃발, 모직물, 정표하다, 표창하다.",土,314,
7412,"전,단",專,오로지 전/단,11,"마음대로, 오로지, 홀로, 단독으로. 사사로이, 한 장, 한 겹, 모일 단",木,314,
7413,"전,순",悛,고칠 전/순,11,"고치다, 중지하다, 깨닫다, 차례. 개오하다, 공손한 모양 순",火,314,옥편 10획
7414,전,剪,자를 전,11,"자르다, 끊다, 베다, 제거하다. 멸망시키다, 없애다, 깎다,",金,314,
7415,전,瘥,나을 전,11,"(병을)고치다, (병이) 낫다.",水,314,
7416,전,痊,병이 나아질 전,11,"병이 나아지다, 완쾌되다(건강이 회복됨). 상처가 아물다, 회복되다(손상된 부분이 낫다)",水,,"2024 보완전사(김기승 성명학 9,491자 기준본 대조 추가)"
7417,전,朘,줄어들 전,11,쭈그러질. 줄어들 전,金,,"2024 보완전사(김기승 성명학 9,491자 기준본 대조 추가); 기준본 음(대표) 필드 오류로 뜻풀이 텍스트에서 재추출함"
7418,"전,손,철,찰",荃,"향초 전/손,철,찰",12,"향초, 통발, 붓꽃, 가는배, 겨자무침. 붓꽃 손, 고운베 철, 풀이름 찰",木,314,옥편 10획
7419,"전,정",奠,정할 전/정,12,"(터를)정하다, 제사 지내다. 제물을 올리다, 제사 전, 멈출 정.",木,315,
7420,전,牋,편지 전,12,"종이, 편지, 상소",木,315,
7421,전,筌,통발 전,12,"통발(물고기 따위를 잡는 도구). 비유적으로 임시방편, 꾀하는 수단(어떤 목적을 위한 도구)",木,,"2024 보완전사(김기승 성명학 9,491자 기준본 대조 추가)"
7422,전,飦,죽 전,12,"죽(끓여 만든 쌀 음식). 조리된 곡식(밥, 죽 등 곡물을 가열해 만든 음식)",水,,"2024 보완전사(김기승 성명학 9,491자 기준본 대조 추가)"
7423,전,揃,자를 전,13,"자르다, 베다, 뽑다, 나누다, 멀하다. 소멸시키다, 기록하다, 기록할 전",木,315,옥편 12획
7424,전,傳,전할 전,13,"전하다, 펴다, 널리 퍼뜨리다, 퍼지다. 옮기다, 알리다, 현인의 저서.",火,315,
7425,"전,준,취",隽,"영특할 전/준,취",13,"우수하다, 뛰어나다, 영특하다. 좋다, 살찌다, 영특할 준, 땅이름 취",火,315,
7426,전,煎,달일 전,13,"달이다, 졸이다, 마음 졸이다, 끓다. 끓이다, 지지다, 애태우다.",火,315,
7427,전,轉,구를 전,13,"구르다, 회전하다, 선회하다, 뱅돌다. 옮기다, 바꾸다, 부리다, 깨닫다.",火,315,
7428,전,塡,메울 전,13,"메우다, 박아넣다, 순종하다, 따르다. 가득차다, 채우다, 오래되다, 누르다.",土,315,
7429,전,珃,옥이름 전,13,"귀막이, 옥이름",金,315,옥편 12획
7430,전,鈿,비녀 전,13,"비녀, 금장식, 하장, 상감하다.",金,315,
7431,전,殿,전각 전,13,"전각, 큰 집, 진무하다, 아래등급. 평정하다, 신음하다.",金,315,
7432,전,詮,설명할 전,13,"설명하다, 헤아려보다, 저울질하다. 골라뽑다, 낮다, 하찮다, 법, 규율.",金,315,
7433,전,湔,씻을 전,13,"씻다, 빨다, 뿌리다, 더럽히다.",水,315,옥편 12획
7434,전,電,번개 전,13,"번개, 전기, 전화, 빠름다. 번쩍이다, 빛나다, 밝게 살피다.",水,315,
7435,"전,권",輇,상여 전,13,상여 전. 저울질할 권,火,,"2024 보완전사(김기승 성명학 9,491자 기준본 대조 추가)"
7436,"전,준,추",雋,살찐 고기 전,13,살찐 고기 전. 영특할 준. 땅 이름 추,火,,"2024 보완전사(김기승 성명학 9,491자 기준본 대조 추가)"
7437,전,琠,귀막이옥 전,13,옥이름. 귀막이옥 전,金,,"2024 보완전사(김기승 성명학 9,491자 기준본 대조 추가); 기준본 음(대표) 필드 오류로 뜻풀이 텍스트에서 재추출함"
7438,전,箋,기록할 전,14,"기록하다, 주내다, 명함, 종이.",木,315,
7439,전,塼,벽돌 전,14,"벽돌, 땅이름, 뭉치다, 둥글다.",土,315,
7440,"전,단",嫥,아름다울 전/단,14,"한결같게, 사랑스럽다, 아름답다. 어울리다, 조정하다, 아름다울 단",土,315,
7441,전,銓,선발할 전,14,"사람을 가리다, 뽑다, 선발하다. 인재를 저울질 하다, 무게를 달다.",金,315,
7442,전,戩,다할 전,14,"다하다, 멸하다, 멸망시키다, 행복.",金,315,
7443,전,腵,두터울 전,14,"두텁다, 넉넉하다, 차린 음식이 많다. 좋다, 착하다, 아름답다, 낮 두껍다.",水,315,옥편 12획
7444,전,搌,닦을 전,14,닦을. 닦을 전,金,,"2024 보완전사(김기승 성명학 9,491자 기준본 대조 추가); 기준본 음(대표) 필드 오류로 뜻풀이 텍스트에서 재추출함"
7445,전,瑔,옥 이름 전,14,옥이름. 옥 이름 전,金,,"2024 보완전사(김기승 성명학 9,491자 기준본 대조 추가); 기준본 음(대표) 필드 오류로 뜻풀이 텍스트에서 재추출함"
7446,전,廛,가게 전,15,"가게, 전방, 터, 집터, 밭, 묶음. 묶다.",木,316,
7447,전,箭,화살 전,15,"화살, 어살, 도박 기구.",木,316,
7448,전,篆,전자 전,15,"전자, 도장, 관인, 꽃무늬. 전자로 쓰다, 새기다.",木,316,
7449,전,剪,자를 전,15,"자르다, 끊다, 베다, 멸망시키다. 제거하다, 없애다, 깃에 붙은 화살.",火,316,
7450,전,鐫,새길 전,15,"새기다, 조각하다, 파다, 뚫다. 깎다, 베다, 타이르다, 강등시키다.",金,316,
7451,전,翦,자를 전,15,"자를 전, 오려내다(가위, 칼로 자름). 베어 없애다, 삭감하다(불필요한 것을 도려냄)",火,,"2024 보완전사(김기승 성명학 9,491자 기준본 대조 추가)"
7452,전,賟,넉넉할 전,15,부유할. 넉넉할 전,金,,"2024 보완전사(김기승 성명학 9,491자 기준본 대조 추가); 기준본 음(대표) 필드 오류로 뜻풀이 텍스트에서 재추출함"
7453,"전,찬,첨",鋑,끌 전,15,샛길. 끌 전. 칼 찬. 송곳 첨,金,,"2024 보완전사(김기승 성명학 9,491자 기준본 대조 추가); 기준본 음(대표) 필드 오류로 뜻풀이 텍스트에서 재추출함"
7454,전,戰,싸움 전,16,"싸움, 전쟁, 경기, 경쟁, 싸우다. 전쟁하다, 두려워서 떨다, 흔들리다.",金,316,
7455,전,靛,청대 전,16,청대(쪽으로 만든 검푸른 물감),木,316,
7456,"전,면",靦,뻔뻔스러울 전/면,16,"뻔뻔스럽다, 부끄러워하다. 부끄러워할 면",火,316,
7457,전,甎,벽돌 전,16,벽돌.,土,316,
7458,"전,타",磚,벽돌 전/타,16,"벽돌, 바닥에 까는 벽돌, 둥근 모양. 둥근모양 타.",金,316,
7459,전,錢,돈 전,16,"돈, 비용, 자금, 세금.",金,316,
7460,전,鉳,가마 전,16,"가마, 추",金,316,
7461,전,腆,두툼할 전,16,"두툼하다, 살집이 있다(두꺼운 상태). 넉넉하고 튼튼해 보임(부피나 두께가 있는 모양)",水,,"2024 보완전사(김기승 성명학 9,491자 기준본 대조 추가)"
7462,"전,단",竱,같을 전,16,같을. 같을 전. 같을 단,火,,"2024 보완전사(김기승 성명학 9,491자 기준본 대조 추가); 기준본 음(대표) 필드 오류로 뜻풀이 텍스트에서 재추출함"
7463,전,橏,나무 혹 전,16,나무혹. 나무 혹 전,金,,"2024 보완전사(김기승 성명학 9,491자 기준본 대조 추가); 기준본 음(대표) 필드 오류로 뜻풀이 텍스트에서 재추출함"
7464,전,氈,양탄자 전,17,"융단, 담요, 양탄자.",火,316,
7465,"전,년,연",輾,"돌아누을 전/년,연",17,"돌아눕다, 구르다, 돌다, 맷돌. 타작, 삐걱거리다, 삐거거릴 년(연)",火,316,
7466,전,膞,무릎 전,17,"저민 고기, 조각, 장딴지, 무릎. 넓적다리뼈, 창자.",水,316,옥편 15획
7467,전,澩,앙금 전,17,"앙금, 찌꺼기, 얕은 물, 괴다. 흐르지 아니하고 괸 물.",水,316,옥편 16획
7468,"전,단,선",澶,"물고요히흐를 전/단,선",17,"물이 고요히 흐르다, 멋대로 하다. 물 잔잔한 모양, 방종할 단, 물이름 선",水,316,옥편 16획
7469,전,餞,보낼 전,17,"보내다, 전멸하다, 전송하다. 권하다, 가는 사람에게 주는 예물.",水,316,
7470,전,轉,구를 전,18,"구르다, 회전하다, 선회하다, 맴돌다. 바꾸다, 옮기다, 부리다, 깨닫다.",火,316,
7471,전,顓,오로지 전,18,"착하다, 어리석다, 삼가는 모양. 작은 모양.",火,316,
7472,전,饏,된죽 전,18,"된죽, 범벅.",水,317,
7473,전,澱,앙금 전,18,"앙금, 침전물(액체 속에 가라앉은 찌꺼기). 침전되어 쌓이다(물질이 가라앉아 모임)",水,,"2024 보완전사(김기승 성명학 9,491자 기준본 대조 추가)"
7474,전,癜,어루러기 전,18,"어루러기(피부의 반점성 질환). 반점, 얼룩(피부나 표면에 생긴 얼룩)",水,,"2024 보완전사(김기승 성명학 9,491자 기준본 대조 추가)"
7475,전,餰,된죽 전,18,"된죽(걸쭉한 죽의 한 형태). 걸쭉한 곡물죽, 영양죽(곡물이나 콩 등으로 진하게 끓인 죽)",水,,"2024 보완전사(김기승 성명학 9,491자 기준본 대조 추가)"
7476,전,顚,엎드릴 전,19,"엎드러지다, 뒤집히다, 거꾸로 하다. 미혹되다, 넘어지다, 미치다. 이마 전",火,317,
7477,전,鬈,귀밑머리늘러진 전,19,"귀밑 머리 늘어지다, 깎다. 베다.",火,317,
7478,"전,형",羴,본받을 전/형,19,"우러러보다, 본받다, 더럽다, 누린내. 누린내 나다, 향기 형",土,317,
7479,"전,형",羶,누린내 전,19,누린내 전. 향기 형,土,,"2024 보완전사(김기승 성명학 9,491자 기준본 대조 추가)"
7480,전,鬋,귀밑머리 전,19,"귀밑머리, 관자놀이 아래로 늘어진 머리털(귀밑의 머리카락). 처진 머리털 모양(늘어져 내려오는 모발)",火,,"2024 보완전사(김기승 성명학 9,491자 기준본 대조 추가)"
7481,전,瀍,강 이름 전,19,물이름. 강 이름 전,金,,"2024 보완전사(김기승 성명학 9,491자 기준본 대조 추가); 기준본 음(대표) 필드 오류로 뜻풀이 텍스트에서 재추출함"
7482,전,邅,머뭇거릴 전,20,"머뭇거리다, 떠돌아 다니다.",水,317,옥편 17획
7483,전,纏,얽을 전,21,"구르다, 얽히다, 얽다, 감다, 돌다",木,317,
7484,"전,휴",鑴,새길 전/휴,21,"새기다, 조각하다, 깎다, 파다, 뚫다. 베다, 타이르다, 강등시키다, 솔 휴.",金,317,
7485,전,囅,지저귈 전,21,"바뀌다, 저저귀다, 가락, 울림.",水,317,
7486,전,囀,지저귈 전,21,"지저귀다, 작은 새가 내는 소리로 노래함(짹짹거림). 가볍게 반복하여 지껄이다(높고 빠른 소리로 울다)",水,,"2024 보완전사(김기승 성명학 9,491자 기준본 대조 추가)"
7487,전,顫,떨 전,22,"떨다, 떨리다, 진동하다, 흔들리다. 와들와들 떨다, 놀라다.",火,317,
7488,전,巓,산마루 전,22,"산꼭대기, 산마루 머리. 떨어뜨리다, 떨어지다.",土,317,
7489,전,錪,성씨 전,22,성의 하나.,木,317,
7490,전,躔,밟을 전,22,"자취, 돌다, 가다, 있다, 쉬다. 휴식하다, 밟다, 따르다.",土,317,
7491,전,廛,집터 전,22,"가게, 터, 집터, 밭, 묶음, 묶다.",土,317,옥편 18획
7492,전,籛,성씨 전,22,성씨 전. 언치 전,木,,"2024 보완전사(김기승 성명학 9,491자 기준본 대조 추가)"
7493,전,鸇,송골매 전,24,"물뱀, 송골매.",火,317,
7494,"전,선",鱣,잉어 전/선,24,"잉어, 철갑상어. 드렁허리 선",水,317,
7495,전,癲,미칠 전,24,"미치다, 광증.",水,317,
7496,전,鄽,가게 전,26,가게(상품을 파는 점포). 장사하는 장소나 점포의 건물(시장 내 상점),土,,"2024 보완전사(김기승 성명학 9,491자 기준본 대조 추가)"
7497,"절,체",切,끊을 절/체,4,"정성스럽다, 적절하다, 중요하다. 끊다, 베다, 진맥하다, 온통 체",金,317,
7498,절,岊,높은산 절,7,"산굽이, 산모퉁이. 산이 높은 모양.",土,317,
7499,"절,제",折,꺾을 절/제,8,"부러지다, 타협하다, 결단하다, 찢다. 꺾다, 꾸짖다, 헐뜯다, 천천히할 제.",木,317,옥편 7획
7500,"절,제",晣,밝을 절/제,11,"밝다, 똑똑하다, 슬기롭다. 별 반짝반짝하다, 별 반짝반짝할 제",火,317,
7501,"절,석",浙,강이름 절/석,11,"강이름, 쓸쓸하다, 썰렁하다. 일 석.",水,318,옥편 10획
7502,"절,제",晢,밝을 절,11,밝을 절. 반짝반짝할 제. 별 반짝반짝할 제,火,,"2024 보완전사(김기승 성명학 9,491자 기준본 대조 추가)"
7503,절,絶,뛰어날 절,12,"뛰어나다, 단절하다, 죽다, 다하다. 막히다, 막다르다, 건너다, 색다르다.",木,318,
7504,절,絕,끊을 절,12,"끊다, 막다, 그만두다, 가로막다. 없애다, 버리다, 멸망시키다, 망하다.",木,318,
7505,"절,체,제",䀸,힐끗 볼 절,12,절. 체. 힐끗 볼 제. 힐끗 볼 절,金,,"2024 보완전사(김기승 성명학 9,491자 기준본 대조 추가)"
7506,절,截,다스릴 절,14,"말을 잘하다, 다스리다, 정제하다. 끊다, 말을 잘 하는 모양.",金,318,
7507,절,節,마디 절,15,"예절, 절개, 절조, 기념일, 명절. 마디, 관절, 절기.",木,318,
7508,절,癤,부스럼 절,20,"부스럼, 작은 부스럼.",水,318,
7509,절,竊,훔칠 절,22,"훔치다, 도둑질하다, 절취하다, 독. 살짝, 남몰래, 마음속으로, 슬그머니",木,318,
7510,점,占,점령할 점,5,"점령하다, 차지하다, 자세히 살피다. 묻다, 불러주다, 엿보다, 점칠 점.",水,318,
7511,"점,첨",佔,엿볼 점/첨,7,"엿보자, 늘어뜨리다, 차지하다. 점령하다, 가볍다, 속삭거릴 첨.",火,318,
7512,점,店,가게 점,8,"가게, 상점, 전방. 여관, 여인숙.",木,318,
7513,"점,다",点,점찍을 점/다,8,"점, 얼룩, 흠, 지시하다, 징집하다. 조사하다, 가리키다, 따르다, 시들다.",木,318,
7514,"점,재",⿰山占,땅이름 점/재,8,"땅이름, 절이름, 고개, 재. 고개 재.",土,318,"이체자, 유니코드 미상 / 원본 자형 표기"
7515,점,奌,점찍을 점,8,점찍을 점. 점 점,木,,"2024 보완전사(김기승 성명학 9,491자 기준본 대조 추가)"
7516,"점,재",岾,땅 이름 점,8,땅 이름 점. 고개 재,土,,"2024 보완전사(김기승 성명학 9,491자 기준본 대조 추가)"
7517,점,冿,나아갈 점,8,나아갈. 나아갈 점,金,,"2024 보완전사(김기승 성명학 9,491자 기준본 대조 추가); 기준본 음(대표) 필드 오류로 뜻풀이 텍스트에서 재추출함"
7518,점,坫,토대 점,8,잔대. 토대 점,金,,"2024 보완전사(김기승 성명학 9,491자 기준본 대조 추가); 기준본 음(대표) 필드 오류로 뜻풀이 텍스트에서 재추출함"
7519,"점,다",点,점 점/다,9,"점, 얼룩, 흠, 지시하다, 징집하다. 조사하다, 가리키다, 따르다, 시들다.",火,318,
7520,점,玷,이지러질 점,10,"벌레, 이지러지다, 잘못하다, 잘못. 욕되게 하다, 더럽히다, 가능하다.",金,318,옥편 9획
7521,"점,첨,섬",苫,"이엉 점/첨,섬",11,"이엉, 거적, 덮다, 성의 하나, 섬. 도서, 똠집, 약초이름 첨, 성 섬.",木,318,옥편 9획
7522,"점,첩",笘,회초리 점/첩,11,"회초리, 나뭇조각. 대쪽 첩.",木,318,
7523,점,粘,붙을 점,11,"붙다, 끈끈하다. 차지다(음식이 끈기가 많다).",木,318,
7524,점,蛅,쐐기 점,11,쐐기(불나방의 애벌레).,水,318,
7525,"점,첩",覘,엿볼 점/첩,12,"엿보다, 몰래보다, 살펴보다. 관찰하다, 엿볼 첩.",火,318,
7526,"점,첨,섬,삼",煔,데칠 점,13,불빛. 데칠 점. 불타오를 첨. 불타오를 섬. 삼나무 삼,金,,"2024 보완전사(김기승 성명학 9,491자 기준본 대조 추가); 기준본 음(대표) 필드 오류로 뜻풀이 텍스트에서 재추출함"
7527,점,颭,물결일 점,14,"물결이 일다, 살랑거리다, 흔들리다. 바람에 불려 물 떨어지다.",木,318,
7528,점,墊,빠질 점,14,"빠지다, 가라앉다, 떨어져 잠기다. 늘어지다, 지치다, 파다, 묻다.",土,319,
7529,점,漸,점점 점,15,"점점, 차츰, 번지다, 스미다, 흐르다. 천천히 나아가다, 자라다, 적실 점.",水,319,옥편 14획
7530,점,霑,젖을 점,16,"젖다, 적시다, 은혜를 입다. (은혜가)두루 미치다.",水,319,
7531,점,鮎,메기 점,16,"메기, 은어.",水,319,
7532,"점,다",點,점 점/다,17,"점, 얼룩, 물방울, 권점, 정찍다. 고치다, 켜다, 지시하다, 시들 다.",水,319,
7533,"점,삼",蕲,우거질 점/삼,17,"우거지다, 베다(삼). 벨 삼.",木,319,옥편 15획
7534,"점,념",黏,차질 점/념(염),17,"차지다, 붙다, 달라붙다, 죽, 떡. 차질 념(염).",木,319,
7535,점,簟,대자리 점,18,"대자리, 삿자리.",木,319,
7536,"점,삼",蔪,우거질 점,19,우거질 점. 벨 삼,木,,"2024 보완전사(김기승 성명학 9,491자 기준본 대조 추가)"
7537,접,接,이을 접,12,"잇다, 접붙이다, 접하다, 홀레하다. 접촉하다, 사귀다, 대접하다, 모으다",木,319,옥편 11획
7538,접,椄,접붙일 접,12,"접붙이다, 형틀.",木,319,
7539,접,跖,밟을 접,12,"밟다, 천천히 가다, 떨어지다.",土,319,
7540,"접,참",跕,밟을 접,12,밟을 접. 우두커니 설 참,土,,"2024 보완전사(김기승 성명학 9,491자 기준본 대조 추가)"
7541,"접,엽,섭",楪,"마루 접/엽,섭",13,"마루, 평상, 접다, 들창, 작은 쐐기. 대쪽, 들창 엽, 작은쐐기 섭.",木,319,
7542,접,蜨,나비 접,14,나비,水,319,
7543,접,蝶,나비 접,15,나비.,水,319,
7544,"접,절,랍",摺,"접을 접/절,랍(납)",15,"접다, 꺽다, 부러뜨리다, 바꾸다. 돌리다, 끌고가다, 접을 절, 글 랍(납).",木,319,옥편 14획
7545,접,蹀,밟을 접,16,"밟다, 잔걸음하다..",土,319,
7546,"접,탑,섭",鰈,"가자미 접/탑,섭",20,"가자미, 넙치, 납자루, 비늘이 많다. 가자미 탑, 비늘이 많을 섭.",水,319,
7547,정,丁,고무래 정,2,"고무래, 넷째 천간, 정정, 인구. 일꾼, 부스럼, 세차다, 친절하다, 장정 정",木,319,
7548,정,井,우물 정,4,"우물, 정자꼴, 저자, 마을, 정전. 조리, 법도, (왕후의)무덤, 64괘의 하나",木,319,
7549,정,仃,외로울 정,4,고독할. 외로울 정,金,,"2024 보완전사(김기승 성명학 9,491자 기준본 대조 추가); 기준본 음(대표) 필드 오류로 뜻풀이 텍스트에서 재추출함"
7550,정,正,바를 정,5,"바르다, 정당하다, 올바르다, 오르다. 바로잡다, 다스리다, 결정하다, 정월 정",土,319,
7551,정,叮,정성스러울 정,5,"신신당부하다, 정성스럽다, 찌르다. 패옥, 비파 등의 소리",水,320,
7552,정,圢,평탄한 모양 정,5,땅고를. 평탄한 모양 정,金,,"2024 보완전사(김기승 성명학 9,491자 기준본 대조 추가); 기준본 음(대표) 필드 오류로 뜻풀이 텍스트에서 재추출함"
7553,정,奵,얼굴 좋을 정,5,얼굴좋을. 얼굴 좋을 정,金,,"2024 보완전사(김기승 성명학 9,491자 기준본 대조 추가); 기준본 음(대표) 필드 오류로 뜻풀이 텍스트에서 재추출함"
7554,정,朾,두드릴 정,6,"치다, 때리다, 두드리다, 문설주. 벌레 이름.",木,320,
7555,"정,등",灯,등잔 정/등,6,"등잔, 등, 촛불, 불법, 등, 등잔. 불법, 등 등.",火,320,
7556,정,汀,물가 정,6,"물가, 모래섬, 물 맑은 모양. 작은 물줄기, 흙탕물, 진창",水,320,옥편 5획
7557,정,廷,조정 정,7,"조정, 관아, 뜰, 앞마당, 마을. 공번되다, 공정하다.",木,320,
7558,정,征,황급할 정,7,"황급하다, 희다, 빠떠가다, 흰 모양. 허둥대다, 황급한 모양.",火,320,
7559,"정,전",町,밭두둑 정/전,7,"밭두둑, 밭두렁, 밭, 경작지, 경계. 지적단위, 평지, 빈터, 빈터 전.",土,320,
7560,정,姃,정숙할 정,7,(여자가)엄전하다. (태도나 행실이 정숙하고 점잖다).,土,320,
7561,"정,쟁",玒,옥소리 정/쟁,7,옥소리. 옥소리 쟁.,金,320,옥편 6획
7562,정,呈,드릴 정,7,"드리다, 윗사람에게 바치다, 뽐내다. 나타내다, 상쾌하다, 한정, 한도 정.",水,320,
7563,정,䆑,조금 찌를 정,7,정. 조금 찌를 정,金,,"2024 보완전사(김기승 성명학 9,491자 기준본 대조 추가)"
7564,정,佂,황급할 정,7,황급할 정(급히 서두르거나 초조해함). 놀라거나 당황하여 어쩔 줄 모르는 상태,火,,"2024 보완전사(김기승 성명학 9,491자 기준본 대조 추가)"
7565,정,妌,엄전할 정,7,"엄전할 정(엄숙하고 엄격함, 엄정함). 단정하고 점잖은 태도나 풍채",土,,"2024 보완전사(김기승 성명학 9,491자 기준본 대조 추가)"
7566,"정,녁",疔,정 정,7,정 정. 병 녁(역),水,,"2024 보완전사(김기승 성명학 9,491자 기준본 대조 추가)"
7567,정,盯,똑바로 볼 정,7,똑바로볼. 똑바로 볼 정,金,,"2024 보완전사(김기승 성명학 9,491자 기준본 대조 추가); 기준본 음(대표) 필드 오류로 뜻풀이 텍스트에서 재추출함"
7568,"정,쟁",玎,옥 소리 정,7,옥소리. 옥 소리 정. 옥 소리 쟁,金,,"2024 보완전사(김기승 성명학 9,491자 기준본 대조 추가); 기준본 음(대표) 필드 오류로 뜻풀이 텍스트에서 재추출함"
7569,정,定,정할 정,8,"정하다, 정해지다, 바로잡다, 자다. 다스리다, 편안하다, 이마 정.",木,320,
7570,"정,징",征,칠 정/징,8,"치다, 때리다, 정벌하다, 토벌하다. 탈취하다, 취하다, 순시하다, 부를 징",火,320,
7571,정,姃,단정할 정,8,"단정하다, 여자의 자.",土,320,
7572,"정,경",汫,물 모양 정,8,땅이름. 물 모양 정. 함정 정. 표류할 경,金,,"2024 보완전사(김기승 성명학 9,491자 기준본 대조 추가); 기준본 음(대표) 필드 오류로 뜻풀이 텍스트에서 재추출함"
7573,"정,구",柌,사람이름 정/구,9,"사람이름, 바르다, 좋다. 널, 관, 관정, 널 구.",木,320,
7574,정,穽,함정 정,9,"함정, 허방다리, 구덩이.",木,320,
7575,정,怔,황겁할 정,9,"황겁하다, 두려워하다, 신경쇠약증. 사물을 형용하는 말.",火,320,옥편 8획
7576,정,炵,빛날 정,9,"빛나다, 불이 번쩍거리다.",火,320,
7577,정,亭,정자 정,9,"정자, 초소, 여인숙, 한가운데, 곧다. 고르다, 기르다, 우뚝 솟다, 알맞다.","火,土",320,
7578,정,侱,평탄할 정,9,"평탄하다, 꼿꼿하다, 긴 모양.",火,320,
7579,정,訂,바로잡을 정,9,"바로잡다, 고치다, 정하다, 맺다. 약정하다, 견주다, 본받다, 거두다.",金,320,
7580,정,政,정사 정,9,"정사, 구실, 법, 법규, 부역, 노역. 가르침, 확실히, 정벌하다, 칠 정.",金,321,
7581,정,貞,곧을 정,9,"곧다, 지조가 굳다, 마음이 곧바르다. 충정하다, 정치다, 정절, 곧바름",金,321,
7582,정,侹,평탄할 정,9,평탄할 정(평평하고 고르다). 사정이나 형편이 순탄하고 문제없이 진행됨,火,,"2024 보완전사(김기승 성명학 9,491자 기준본 대조 추가)"
7583,"정,구",柾,사람 이름 정,9,사람 이름 정. 바를 정. 널 구,木,,"2024 보완전사(김기승 성명학 9,491자 기준본 대조 추가)"
7584,정,炡,빛날 정,9,빛날 정. 구울 정,火,,"2024 보완전사(김기승 성명학 9,491자 기준본 대조 추가)"
7585,"정,전",娗,모양낼 정,9,모양낼. 모양낼 정. 속일 전,金,,"2024 보완전사(김기승 성명학 9,491자 기준본 대조 추가); 기준본 음(대표) 필드 오류로 뜻풀이 텍스트에서 재추출함"
7586,"정,청",泟,붉을 정,9,붉은. 붉을 정. 대추즙 청,金,,"2024 보완전사(김기승 성명학 9,491자 기준본 대조 추가); 기준본 음(대표) 필드 오류로 뜻풀이 텍스트에서 재추출함"
7587,정,酊,술 취할 정,9,술취할. 술 취할 정,金,,"2024 보완전사(김기승 성명학 9,491자 기준본 대조 추가); 기준본 음(대표) 필드 오류로 뜻풀이 텍스트에서 재추출함"
7588,정,庭,뜰 정,10,"뜰, 집안, 조정, 궁중, 관청, 장소. 사냥하는 곳, 동떨어진 모양, 굳다.",木,321,
7589,정,眐,바라볼 정,10,"바라보다, 홀로 가는 모양.",木,321,
7590,정,釘,못 정,10,"못, 박다, 쏘다, 닫다, 촉구하다. 독촉하다, 재촉하다, 바로잡다.",金,321,
7591,정,桪,기둥 정,11,"기둥, 탁자.",木,321,
7592,정,梃,막대기 정,11,"막대기, 지팡이, 지저깨비, 대. 지레.",木,321,
7593,정,彰,청정할 정,11,"조촐하게 꾸미다, 깨끗하게 꾸미다.",木,321,
7594,정,挺,빼어날 정,11,"빼어나다, 뛰어나다, 높이 솟다. 돋다, 내놓다, 곧다, 이탈하다.",木,321,옥편 10획
7595,정,偵,염탐할 정,11,"염탐하다, 정탐하다, 살피다, 엇보다. 조사하다, 탐색하다, 염탐꾼.",火,321,
7596,정,頂,정수리 정,11,"정수리, 이마, 꼭대기, 아주, 대단히. 무릅쓰다, 지탱하다, 감당하다.",火,321,
7597,정,停,머무를 정,11,"머무르다, 멎다, 멈추다, 정지하다. 서다, 밀리다, 정해지다, 묶다, 쉬다",火,321,
7598,정,旍,밝힐 정,11,"기, 절(節), 나타내다, 밝히다. 천자가 사기를 고무할 때 쓰던 기",土,321,
7599,"정,청",婷,날씬할 정/청,11,"날씬하다, 정결하다, 조촐하다. 허리가 가는 모양, 날씬할 청.",土,321,
7600,정,埩,밭갈 정,11,밭 갈다.,土,321,
7601,"정,성,승",胜,"뛰어날 정/성,승",11,"뛰어나다, 이기다, 훌륭하다, 누리다. 경치가 좋다, 낫다, 비릴 성, 이길 승.",水,321,옥편 9획
7602,정,涏,윤택할 정,11,"곧다, 반질반질하다, 반드러운 모양. 빛나고 윤택하다, 수량이 적은 물.",水,321,옥편 10획
7603,정,挰,가릴 정,11,정. 가릴 정,金,,"2024 보완전사(김기승 성명학 9,491자 기준본 대조 추가)"
7604,정,旌,기 정,11,"기 정(깃발, 기, 신호나 상징으로 쓰이는 기). 공로를 기리거나 표창의 뜻으로 세우는 표지(칭송의 상징)",土,,"2024 보완전사(김기승 성명학 9,491자 기준본 대조 추가)"
7605,"정,영",桯,기둥 정,11,기둥 정. 안석 정. 기둥 영,木,,"2024 보완전사(김기승 성명학 9,491자 기준본 대조 추가)"
7606,정,阷,언덕 정,11,언덕. 언덕 정,金,,"2024 보완전사(김기승 성명학 9,491자 기준본 대조 추가); 기준본 음(대표) 필드 오류로 뜻풀이 텍스트에서 재추출함"
7607,정,竫,편안할 정,11,조용할. 편안할 정,金,,"2024 보완전사(김기승 성명학 9,491자 기준본 대조 추가); 기준본 음(대표) 필드 오류로 뜻풀이 텍스트에서 재추출함"
7608,정,掟,벌릴 정,12,"벌리다, 규정.",木,321,옥편 11획
7609,"정,탱",幀,그림족자 정/탱,12,"그림족자, 책 꾸미다, 그림 틀. 비단에 그린 그림, 그림족자 탱.",木,321,
7610,"정,장",桹,문설주 정/장,12,"문설주, 기중. 지팡이, 멈추다, 치다. 따르다, 사람이름, 사람이름 장.",木,321,
7611,정,程,표준 정,12,"한도, 길, 단위, 법칙, 규정, 표준. 가늠하다, 벼르다, 헤아리다, 길 정.",木,322,
7612,정,情,뜻 정,12,"뜻, 사랑, 인정, 본성, 정성, 사정. 사실, 진리, 정취, 욕망, 진심.",火,322,옥편 11획
7613,정,晶,맑을 정,12,"넓적다리, 맑다, 깨끗하다, 밝다. 빛나다, 수정, 결정.",火,322,
7614,정,婷,예쁠 정,12,"예쁘다, 아름다운 모양.",土,322,
7615,정,珵,패옥 정,12,"패옥, 아름다운 옥, 옥홀",金,322,옥편 11획
7616,정,珽,옥이름 정,12,"옥이름, 옥홀",金,322,옥편 11획
7617,"정,증",証,간할 정/증,12,"간하다, 충고하다, 증거, 증명서. 증상, 병상, 법칙, 증명하다, 증거증",金,322,
7618,정,淨,깨끗할 정,12,"깨끗하다, 맑다, 밝다, 깨긋이 하다. 사념이 없다, 정하다, 차갑다.",水,322,옥편 11획
7619,"정,전",淀,앙금 정/전,12,"앙금, 찌꺼기, 얕은 물, 괴다. 흐르지 아니하고 괸 물, 앙금 전.",水,322,옥편 11획
7620,정,棖,문설주 정,12,문설주 정(문을 받치는 양쪽 기둥). 출입구의 좌우 기둥으로서 문의 구조를 이루는 부분,木,,"2024 보완전사(김기승 성명학 9,491자 기준본 대조 추가)"
7621,정,寊,사람 이름 정,12,넓은집. 사람 이름 정,金,,"2024 보완전사(김기승 성명학 9,491자 기준본 대조 추가); 기준본 음(대표) 필드 오류로 뜻풀이 텍스트에서 재추출함"
7622,정,嵉,높은 산 정,12,높은산. 높은 산 정,金,,"2024 보완전사(김기승 성명학 9,491자 기준본 대조 추가); 기준본 음(대표) 필드 오류로 뜻풀이 텍스트에서 재추출함"
7623,정,莚,풀줄기 정,13,"풀줄기, 들보, 몽둥이, 곤봉.",木,322,옥편 11획
7624,정,楨,광나무 정,13,"광나무, 쥐똥나무, 단단한 나무. 담치는 나무, 기둥.",木,322,
7625,정,綎,가죽띠 정,13,가죽 띠. 인끈(사슴 가죽으로 만든 끈),木,322,
7626,정,靖,편안할 정,13,"편안하다, 꾀하다, 다스리다. 진정시키다, 안정시키다, 조용하다.",木,322,
7627,정,睛,눈동자 정,13,"눈동자, 눈알, 안구, 싫어하는 눈빛.",木,322,
7628,정,艇,배 정,13,"배(작은 배), 거룻배.",木,322,
7629,정,筳,가는대 정,13,"가는 대, 대가지",木,322,
7630,정,鼎,솥 정,13,"솥, 점괘, 괘이름, 삼고으이 자리. 말뚝, 의자, 바야흐로, 대치하다.",火,322,
7631,정,晸,해뜨는모양 정,13,"해 뜨는 모양, 해가 뜨다.",火,322,
7632,정,鉦,징소리 정,13,"징소리, 징.",金,322,
7633,정,碇,닻 정,13,"닻, 닻을 내리다, 배가 멈추다.",金,322,
7634,정,渟,물괼 정,13,"물이 괴다, 머무르다, 멈추다. 정지하다, 멎다, 물가.",水,323,옥편 12획
7635,정,湞,물이름 정,13,"물이름, 물모양.",水,323,옥편 12획
7636,정,䄇,성씨 정,13,정. 성씨 정,金,,"2024 보완전사(김기승 성명학 9,491자 기준본 대조 추가)"
7637,"정,갱",揁,당길 정,13,정. 당길 정. 거문고 소리 갱,金,,"2024 보완전사(김기승 성명학 9,491자 기준본 대조 추가)"
7638,정,楟,문배나무 정,13,아가위. 문배나무 정,金,,"2024 보완전사(김기승 성명학 9,491자 기준본 대조 추가); 기준본 음(대표) 필드 오류로 뜻풀이 텍스트에서 재추출함"
7639,정,精,정할 정,14,"정하다, 깨끗하다, 정성스럽다, 찧다. 뛰어나다, 훌륭하다, 총명하다, 찧을 정",木,323,
7640,정,禎,상서로울 정,14,"상서롭다, 바르다, 곧다, 착하다. 상서, 복, 행복, 길조.",木,323,
7641,정,⿰黑丁,검푸른빛 정,14,"검푸른 빛, 그늘 진 곳",木,323,"이체자, 유니코드 미상 / 원본 자형 표기"
7642,정,靜,고요할 정,14,"고요하다, 깨끗하게 하다, 휴식하다. 쉬다, 조용하게 하다, 조용하다.",木,323,
7643,정,醒,숙취 정,14,"숙취, 술병, (술이)깨다, 물리다. 실증을 느끼다, 길다.",金,323,
7644,정,静,고요할 정,14,고요할 정. 소리나 움직임이 없어 조용함(평온). 마음이나 기세가 가라앉아 안정된 상태,木,,"2024 보완전사(김기승 성명학 9,491자 기준본 대조 추가)"
7645,정,鋌,쇳덩이 정,14,광석. 쇳덩이 정,金,,"2024 보완전사(김기승 성명학 9,491자 기준본 대조 추가); 기준본 음(대표) 필드 오류로 뜻풀이 텍스트에서 재추출함"
7646,정,葶,꽃다지 정,14,꽃다지. 꽃다지 정,金,,"2024 보완전사(김기승 성명학 9,491자 기준본 대조 추가); 기준본 음(대표) 필드 오류로 뜻풀이 텍스트에서 재추출함"
7647,정,碠,돌정자 정,14,돌정자. 돌정자 정,金,,"2024 보완전사(김기승 성명학 9,491자 기준본 대조 추가); 기준본 음(대표) 필드 오류로 뜻풀이 텍스트에서 재추출함"
7648,정,聙,잘 들을 정,14,듣기잘할. 잘 들을 정,金,,"2024 보완전사(김기승 성명학 9,491자 기준본 대조 추가); 기준본 음(대표) 필드 오류로 뜻풀이 텍스트에서 재추출함"
7649,정,酲,숙취 정,14,숙취. 숙취 정,金,,"2024 보완전사(김기승 성명학 9,491자 기준본 대조 추가); 기준본 음(대표) 필드 오류로 뜻풀이 텍스트에서 재추출함"
7650,정,靘,단장할 정,15,"단장하다, 부르다, 안존하다, 단장. 조용하다.",木,323,
7651,정,錠,쇳덩이 정,15,"쇳덩이, 광석, 동철, 판금, 달리다. 비다, 살촉이 화살대에 꽂히는 부분",金,323,
7652,정,鋥,칼날세울 정,15,"칼날 세우다, 칼을 갈다.",金,323,
7653,정,霆,천둥소리 정,15,"천둥소리, 번개, 펄럭이다.. 떨다, 세차고 빠름의 비유.",水,323,
7654,정,莛,풀줄기 정,15,풀줄기 정. 풀이나 식물의 가느다란 줄기(맥). 꽃대나 어린 가지처럼 식물의 곧은 줄기 부분,木,,"2024 보완전사(김기승 성명학 9,491자 기준본 대조 추가)"
7655,"정,함",靚,단장할 정,15,단장할 정. 몸이나 집 따위를 꾸며 아름답게 함(단장). 깨끗하고 보기 좋게 정돈된 모양,木,,"2024 보완전사(김기승 성명학 9,491자 기준본 대조 추가)"
7656,정,靖,고요할 정,16,"고요하다, 깨끗하데 하다, 깨끗하다. 쉬다, 휴식하다, 조용하다. 조용히.",木,323,
7657,정,頲,곧을 정,16,"곧다, 바르다, 머리통이 좁쭉하다. 머리가 좁고 긴 모양.",火,323,
7658,정,遉,살필 정,16,"엿보다, 정탐하다, 살피다. 조사하다, 탐색하다, 염탐꾼",土,323,
7659,정,整,가지런할 정,16,"가지런하다, 정돈하다, 정연하다. 단정하다, 온전하다, 완전무결하다.",金,323,
7660,정,錠,덩이 정,16,"덩이, 제기이름, 은화, 정제, 알약. 신선로.",金,323,
7661,정,諪,조정할 정,16,"조정하다, 고르다.",金,323,
7662,정,赬,붉을 정,16,붉을. 붉을 정,金,,"2024 보완전사(김기승 성명학 9,491자 기준본 대조 추가); 기준본 음(대표) 필드 오류로 뜻풀이 텍스트에서 재추출함"
7663,정,檉,위성류 정,17,"위성류, 능수버들.",土,323,옥편 13획
7664,정,䆸,널찍한 모양 정,17,정. 널찍한 모양 정,金,,"2024 보완전사(김기승 성명학 9,491자 기준본 대조 추가)"
7665,정,𩓞,아름다울 정,17,정. 아름다울 정,金,,"2024 보완전사(김기승 성명학 9,491자 기준본 대조 추가)"
7666,정,顁,이마 정,17,이마. 이마 정,金,,"2024 보완전사(김기승 성명학 9,491자 기준본 대조 추가); 기준본 음(대표) 필드 오류로 뜻풀이 텍스트에서 재추출함"
7667,정,鄭,나라 정,19,"나라이름, 정나라, 성의 하나",土,323,옥편 15획
7668,정,瀞,깨끗할 정,20,"깨끗하다, 깨끗이 하다, 맑다. 사념이 없다, 정하다.",水,323,옥편 19획
7669,"젖,동",湩,젖 동,13,젖. 젖 동. 수레 휘장 동. 흐릴 동,火,,"2024 보완전사(김기승 성명학 9,491자 기준본 대조 추가); 1차 음의 뜻풀이 누락으로 타 음(동)의 훈으로 대표훈음 대체"
7670,"제,퇴",弟,아우 제/퇴,7,"아우, 제자, 순서, 차례, 편안하다. 공경하다, 공손하다, 기울어질 퇴","火,木,金",324,
7671,제,制,절제할 제,8,"절제하다, 억제하다, 금하다, 짓다. 마름질하다, 맡다, 바로잡다, 지을 제",金,324,
7672,제,帝,임금 제,9,"임금, 크다. 천자, 하느님, 오제의 약칭",木,324,
7673,"제,치",娞,이쁠 제/치,9,"예쁘다, 아름답다, 순종하다. 미녀 치",土,324,
7674,"제,치",姼,예쁠 제,9,예쁠 제. 미녀 치,土,,"2024 보완전사(김기승 성명학 9,491자 기준본 대조 추가)"
7675,제,娣,손아래누이 제,10,손아래 누이,土,324,
7676,"제,이",苐,차례 제,10,제. 차례 제. 돌피 제. 흰 비름 이,金,,"2024 보완전사(김기승 성명학 9,491자 기준본 대조 추가)"
7677,제,第,차례 제,11,"차례, 순서, 저택, 등급, 서열. 급제하다.",木,324,
7678,"제,채",祭,제사이름 제/채,11,"제사지내다, 서로 접하다, 사귀다. 미우어 헤아리다, 갚다, 나라이름 채.",木,324,
7679,제,梯,사다리 제,11,"사다리, 실마리, 새싹. 기대다, 의지하다, 오르다.",木,324,
7680,제,悌,공손할 제,11,"공손하다, 공경하다, 화락하다.",火,324,옥편 10획
7681,제,俤,준걸 제,11,고달파서 약해진 모양.,火,324,
7682,"제,절",晣,슬기로울 제/절,11,"똑똑하다, 슬기롭다, 밝다. 밝을 절.",火,324,
7683,제,偙,준걸 제,11,준걸(뛰어난 인물). 고문헌에서 칭찬어로 쓰여 재주나 용맹을 이르는 말,火,,"2024 보완전사(김기승 성명학 9,491자 기준본 대조 추가)"
7684,제,睇,흘깃볼 제,12,"흘깃 보다, 훔쳐보다, 한눈팔다. 우러러보다.",木,324,
7685,제,稊,돌피 제,12,"돌피, 말이 어긋나다. 싹, 움.",木,324,
7686,"제,시",堤,둑 제/시,12,"방죽, 밑바닥, 쌓다. 대개 시",土,324,
7687,"제,시",媞,안존할 제/시,12,"예쁘고 곱다, 아름답다, 편안하다. 복, 행복, 복 시",土,324,
7688,"제,계",猘,거칠 제/계,12,"미친 개, 거칠다, 약하고 굳세다. 미친개 계",土,324,옥편 11획
7689,제,済,구제할 제,12,"건너다, 돕다, 구제하다, 이루다. 성공하다, 더하다, 쓸모가 있다. 많다",水,324,옥편 11획
7690,제,啼,울 제,12,"울다, 울부짖다, 소리내어 울다. 눈물.",水,324,
7691,"제,절",淛,강 이름 제,12,강이름. 강 이름 제. 강 이름 절,金,,"2024 보완전사(김기승 성명학 9,491자 기준본 대조 추가); 기준본 음(대표) 필드 오류로 뜻풀이 텍스트에서 재추출함"
7692,"제,시",提,끌 제/시,13,"끌다, 끌어당기다, 거느리다. 들다. 단절하다, 편안한 모양. 떼지어날 시",木,324,옥편 12획
7693,제,僀,준걸 제,13,제. 준걸 제,金,,"2024 보완전사(김기승 성명학 9,491자 기준본 대조 추가)"
7694,"제,적",渧,울 제,13,물방울. 울 제. 물방울 적,金,,"2024 보완전사(김기승 성명학 9,491자 기준본 대조 추가); 기준본 음(대표) 필드 오류로 뜻풀이 텍스트에서 재추출함"
7695,제,製,지을 제,14,"짓다, 만들다, 가죽 옷. 모습, 비옷.",木,324,
7696,제,禔,행복 제,14,"행복, 즐거움, 편안하다.",木,325,
7697,"제,재,자,전",齊,"단정할 제/재,자,전",14,"가지런하다, 단정하다, 재빠르다. 재계할 재, 옷자락 자, 자를 전.",土,325,
7698,제,珶,옥 이름 제,14,옥 이름,金,325,옥편 13획
7699,제,瑅,옥 이름 제,14,옥이름. 옥 이름 제,金,,"2024 보완전사(김기승 성명학 9,491자 기준본 대조 추가); 기준본 음(대표) 필드 오류로 뜻풀이 텍스트에서 재추출함"
7700,제,緹,붉은비단 제,15,"붉다, 붉은 빛, 명주, 붉은 비단.",木,325,
7701,"제,여",除,덜 제/여,15,"덜다, 감면하다, 면제하다. 버리다. 임명하다, 다스리다, 음력사월 여.",土,325,옥편 10획
7702,제,漈,물가 제,15,물가. 물가 제,金,,"2024 보완전사(김기승 성명학 9,491자 기준본 대조 추가); 기준본 음(대표) 필드 오류로 뜻풀이 텍스트에서 재추출함"
7703,제,儕,무리 제,16,"무리, 동아리, 함께. 같다, 동등하다, 짝짓다.",火,325,
7704,제,蹄,굽 제,16,"굽, 발, 차다, 밟다.",土,325,
7705,"제,지,치",踶,"밟을 제/지,치",16,"밟다, 뒷발질하다, 힘쓰다, 달리다. 심력을 기울이다, 힘쓸 지, 달릴 치.",土,325,
7706,"제,저",諸,모두 제/저,16,"모두, 말 잘하다. 김치. 김치 저, 어조사 저.",金,325,
7707,제,醴,맑은 술 제,16,맑은 술,金,325,
7708,"제,자",劓,약제 제/자,16,"속이다, 약제, 가늘고 길다, 쪼개다. 조제하다, 어지럽다, 엄쪽 자.",金,325,
7709,제,醍,맑은 술 제,16,맑은술. 맑은 술 제,金,,"2024 보완전사(김기승 성명학 9,491자 기준본 대조 추가); 기준본 음(대표) 필드 오류로 뜻풀이 텍스트에서 재추출함"
7710,"제,자",劑,약제 제,16,약제. 약제 제. 엄쪽 자,金,,"2024 보완전사(김기승 성명학 9,491자 기준본 대조 추가); 기준본 음(대표) 필드 오류로 뜻풀이 텍스트에서 재추출함"
7711,제,隄,둑 제,17,"둑, 방죽, 제방, 쌓다. 막다, 방지하다.",土,325,옥편 12획
7712,제,蹏,굽 제,17,"굽, 발, 종이, 밟다.",土,325,
7713,제,鍗,큰 가마 제,17,"큰 가마, 가마솥, 그릇",金,325,
7714,"제,이",鮷,메기 제/이,17,"메기, 복어. 복어 이",水,325,
7715,"제,이",鮧,메기 제,17,메기 제. 복어 이,水,,"2024 보완전사(김기승 성명학 9,491자 기준본 대조 추가)"
7716,제,擠,밀칠 제,18,"밀치다, 떨어지다, 배척하다, 꺾다. 헤치다, 다가서다, 접근하다.",木,325,옥편 17획
7717,제,題,제목 제,18,"머리말, 물음, 이마, 품평, 적다. 제목, 글쓰다, 값매기다.",火,325,
7718,제,濟,건널 제,18,"건너다, 돕다, 도움이 되다, 구제하다. 이루다, 성공하다, 성취하다, 더하다.",水,325,옥편 17획
7719,제,齏,회 제,19,"회, 양념",木,325,
7720,제,際,즈음 제,19,"즈음, 끝, 변두리, 사이, 때. 닿다, 만나다, 사귀다, 가 제",土,325,옥편 14획
7721,제,韲,회 제,19,회 제. 무침 제,木,,"2024 보완전사(김기승 성명학 9,491자 기준본 대조 추가)"
7722,제,薺,냉이 제,20,냉이.,木,326,옥편 18획
7723,제,臍,배꼽 제,20,배꼽.,水,326,옥편 18획
7724,제,鯷,메기 제,20,메기.,水,326,
7725,제,隮,오를 제,20,오를. 오를 제,金,,"2024 보완전사(김기승 성명학 9,491자 기준본 대조 추가); 기준본 음(대표) 필드 오류로 뜻풀이 텍스트에서 재추출함"
7726,제,躒,오를 제,21,"오르다, 승진하다, 올리다. 높고 가파르다, 떨어지다, 추락하다.",土,326,
7727,제,躋,오를 제,21,"오르다(높은 곳으로 올라감). 발을 올려 밟으며 올라가다(계단, 바위 등을 디디며 오름)",土,,"2024 보완전사(김기승 성명학 9,491자 기준본 대조 추가)"
7728,제,霽,비 갤 제,22,"비 개다, 비 그치다. 노여움 풀리다, 풀리게 하다.",水,326,
7729,"조,도",刁,조두 조/도,2,"조두, 바라. 머리카락이 헝클어진 모양, 칼 도",金,326,
7730,"조,적",弔,조상할 조/적,4,"조문하다, 문안하다, 위문하다. 안부를 묻다, 마음 아파하다, 이를 적",火,326,
7731,조,爪,손톱 조,4,"손톱, 긁다, 할퀴다, 자르다. 움켜잡다, 돕고 지키다.","木,金",326,
7732,조,兆,비롯할 조,6,"조, 빌미, 조짐, 묘지, 백성, 사람. 비롯되다, 시작되다.",木,326,
7733,조,早,이를 조,6,"이르다, 서두르다, 빨리. 새벽, 이른 아침, 젊다, 일찍.",火,326,
7734,"조,서",助,도울 조/서,7,"돕다, 힘을 빌리다, 기리다, 거들다. 이루다, 완성하다, 원조, 없앨 서","木,土",326,
7735,조,皁,검은비단 조,7,"하인, 턱받이, 검은 비단, 상수리. 마구간.",金,326,
7736,"조,화",找,채울 조/화,8,"채우다, 보충하다, 찾다. 삿대질할 화.",木,326,옥편 7획
7737,조,臊,대나무 조,8,"누리다, 누린내 나다. 부끄러워 하다. 돼지 기름, 개기름.",木,326,
7738,"조,요",佻,경박할 조/요,8,"경박하다, 가볍고 빠르다. 고달프다. 구차하다, 늦추다, 걸다, 늦출 요.",火,326,
7739,"조,저",徂,시작할 조/저,8,"가다, 이르다, 시작하다, 막다, 죽다. 처음으로, 겨냥하다, 겨냥할 저",火,326,
7740,"조,요",佻,경박할 조/요,8,"경박하다, 가볍고 빠르다. 고달프다. 구차하다, 늦추다, 걸다, 늦출 요.",火,327,
7741,조,枣,대추나무 조,8,"대추나무, 대추(식용, 약용으로 쓰이는 나무와 그 열매). 대추 열매(건조하여 간식이나 약재로 사용하는 과실)",木,,"2024 보완전사(김기승 성명학 9,491자 기준본 대조 추가)"
7742,조,𠄬,대추 조,8,조. 대추 조,金,,"2024 보완전사(김기승 성명학 9,491자 기준본 대조 추가)"
7743,조,俎,도마 조,9,도마. 적대(제사 때 산적을 담는 그릇),火,326,
7744,"조,소",昭,밝을 조/소,9,"밝다, 밝게 빛나다, 나타내다, 돕다. 인도하다, 부지런히 힘쓰다, 밝을 소",火,326,
7745,조,笝,조리 조,10,"조리, 둥지.",木,326,
7746,조,祚,복 조,10,"복, 돕다, 갚다, 보답하다, 전하다. 유전하다, 임금의 자리.",木,326,
7747,조,祖,할아버지 조,10,"할아버지, 조상, 시초, 처음, 근본. 비롯하다, 본받다, 익히다, 조상 조.",木,327,
7748,"조,저",租,조세 조/저,10,"조세, 징수하다, 세들다, 빌리다. 쌓다, 저축하다, 쌀 저.",木,327,
7749,"조,주",晁,아침 조/주,10,"아침, 왕조, 정사, 하루, 뵈다. 문안하다, 부르다, 고을이름 주.",火,327,
7750,조,曹,성씨 조,10,"무리, 동반자, 마을. 무리 조",火,327,
7751,조,蚤,벼룩 조,10,"벼룩, 손톱",水,327,
7752,조,凋,시들 조,10,"시들다, 느른하다, 여위다, 새기다. 슬퍄하다.",水,327,
7753,"조,착",厝,둘 조/착,10,"두다, 방치하다, 가매장하다. 섞이다. 섞다, 어지럽다, 섞일 착.",水,327,
7754,조,曺,성씨 조,10,성씨 조. 무리 조,火,,"2024 보완전사(김기승 성명학 9,491자 기준본 대조 추가)"
7755,조,笊,체 조,10,"체, 소쿠리(물기를 거르거나 건지기 위한 그릇). 국수나 채소를 건져 올리는 조리 도구(뜰채류)",木,,"2024 보완전사(김기승 성명학 9,491자 기준본 대조 추가)"
7756,조,晀,밝을 조,10,밝을. 밝을 조,金,,"2024 보완전사(김기승 성명학 9,491자 기준본 대조 추가); 기준본 음(대표) 필드 오류로 뜻풀이 텍스트에서 재추출함"
7757,조,珇,옥홀 장식 조,10,서옥머리수두룩할. 옥홀 장식 조,金,,"2024 보완전사(김기승 성명학 9,491자 기준본 대조 추가); 기준본 음(대표) 필드 오류로 뜻풀이 텍스트에서 재추출함"
7758,조,條,가지 조,11,"액락, 조목, 법규. 통하다, 길다.",木,327,
7759,조,組,짤 조,11,"짜다, 꿰메다, 조직하다, 빛나다. 화려하다.",木,327,
7760,조,眺,바라볼 조,11,"바라보다, 보다, 뵈다, 회견하다. 살피다. 알현하다.",木,327,
7761,조,粗,거칠 조,11,"거칠다, 크다, 대략, 대강.",木,327,
7762,조,祧,천묘 조,11,"천묘, 사당, 천묘하다.",木,327,
7763,"조,작,도",鳥,"새 조/작,도",11,"새, 봉황. 땅이름 작, 섬 도.",火,327,
7764,조,彫,새길 조,11,"새기다, 꾸미다, 수식하다, 쪼다. 다스리다, 시들다.",火,327,
7765,조,曹,무리 조,11,"무리, 동반자.",火,327,
7766,조,釣,낚을 조,11,"낚다, 낚시하다, 유혹하다, 탐하다. 구하다.",金,327,
7767,"조,작",胉,갚을 조/작,11,"갚다, 보답하다, 복을 내려주다. 나라이름 작.",水,327,옥편 9획
7768,"조,요",窕,아리따울 조/요,11,"아리땁다, 조용하다, 한가하다. 예쁘다, 놀리다, 깊숙하다, 예쁠 요","水,木",327,
7769,조,奝,클 조,11,많을. 클 조,金,,"2024 보완전사(김기승 성명학 9,491자 기준본 대조 추가); 기준본 음(대표) 필드 오류로 뜻풀이 텍스트에서 재추출함"
7770,조,窖,깊을 교,12,"움, 구덩이, 구멍, 깊다, 간직하다. 부엌 조",水,49,
7771,"조,착,책,척",措,"둘 조/착,책,척",12,"두다, 놓다, 처리하다, 조처하다. 베풀다, 섞을 착, 잡을 책, 찌를 척.",木,327,옥편 11획
7772,조,棗,대추 조,12,대추.,木,328,
7773,"조,도",絩,오색실 조/도,12,"올, 오색실. 오색실 도.",木,328,
7774,"조,소",詔,조서 조/소,12,"조서, 말하다, 부르다, 돕다. 소개하다, 소개할 소.",金,328,
7775,조,鈔,낚을 조,12,"낚다, 유혹하다, 탐하다, 구하다. 낚시 조.",金,328,
7776,조,䢐,갈 조,12,조. 갈 조,金,,"2024 보완전사(김기승 성명학 9,491자 기준본 대조 추가)"
7777,조,鈟,낚을 조,12,낚시. 낚을 조. 낚시 조,金,,"2024 보완전사(김기승 성명학 9,491자 기준본 대조 추가); 기준본 음(대표) 필드 오류로 뜻풀이 텍스트에서 재추출함"
7778,"조,주",稠,뻑뻑할 조/주,13,"뻑뻑하다, 많다, 움직이다, 진하다. 움직이다, 많을 주",木,328,
7779,조,絛,끈 조,13,"끈, 줄.",木,328,
7780,조,照,환할 조,13,"비치다, 환하다, 대조하다, 빛. 견주어 보다, 알리다, 증거, 밝다.",火,328,
7781,"조,주",殂,마칠 조/주,13,마치다.,火,328,
7782,조,阻,막힐 조,13,"막히다, 험하다, 떨어지다. 의거하다, 믿다, 고난, 의심하다.",土,328,옥편 8획
7783,조,誂,꾈 조,13,"꾀다, 희롱하다, 별안간.",金,328,
7784,조,琤,아로새길 조,13,"아로새기다, 그리다.",金,328,옥편 12획
7785,"조,주",傮,마칠 조,13,마칠 조. 마칠 주,火,,"2024 보완전사(김기승 성명학 9,491자 기준본 대조 추가)"
7786,"조,작",胙,제육 조,13,제육 조. 일어날 작,水,,"2024 보완전사(김기승 성명학 9,491자 기준본 대조 추가)"
7787,조,碉,돌집 조,13,돌집. 돌집 조,金,,"2024 보완전사(김기승 성명학 9,491자 기준본 대조 추가); 기준본 음(대표) 필드 오류로 뜻풀이 텍스트에서 재추출함"
7788,조,琱,아로새길 조,13,새길. 아로새길 조,金,,"2024 보완전사(김기승 성명학 9,491자 기준본 대조 추가); 기준본 음(대표) 필드 오류로 뜻풀이 텍스트에서 재추출함"
7789,조,趙,나라 조/조,14,"긴 모양, 찌르다, 빠르다, 날쌔다. 흔들다, 땅을 파다, 넘다, 찌를 조.",火,328,
7790,조,肇,비롯할 조,14,"비롯하다, 창시하다, 바로잡다. 빠르다, 민첩하다, 꾀하다, 재다.",火,328,
7791,조,造,지을 조,14,"짓다, 만들다, 이루다, 성취하다. 이룩하다, 양성하다, 기르다, 넣다.",土,328,옥편 11획
7792,조,嵢,깊을 조,14,"깊다, 산이 깊은 모양.",土,328,
7793,"조,요",銚,가래 조/요,14,"가래, 냄비. 깍다, 베다, 냄비 요.",金,328,
7794,"조,주",朝,아침 조/주,14,"아침, 왕조, 정사, 하루, 부르다. 문안하다, 만나보다, 고을이름 주.",水,328,
7795,조,嘈,들렐 조,14,"들레다, 시끄럽다.. 지껄이는 소리.",水,328,
7796,조,蜩,쓰르라미 조,14,"쓰르라미, 매미. 꿈틀거리다.",水,328,
7797,조,㜖,예쁠 조,14,조. 예쁠 조,金,,"2024 보완전사(김기승 성명학 9,491자 기준본 대조 추가)"
7798,조,嶆,깊을 조,14,깊다(골짜기나 산의 깊이가 큼). 험준하거나 깊고 까다로운 지형을 이룸(험한 곳),土,,"2024 보완전사(김기승 성명학 9,491자 기준본 대조 추가)"
7799,조,槽,구유 조,15,"구유, 물통.",木,328,
7800,조,調,고를 조/주,15,"고르다, 조절하다, 어울리다. 아침 주.",金,329,
7801,조,嘲,비웃을 조,15,"비웃다, 조롱하다, 지저귀다.",水,329,
7802,조,漕,배로실어나를 조,15,배를 젓다.,水,329,옥편 14획
7803,조,雕,독수리 조,16,"독수리, 새기가, 다듬다, 시들다. 쇠하다, 부화하다.",火,329,
7804,조,鐎,불리지않은쇠 조,16,불리지 않은 쇠. 물건을 태우는 그릇.,金,329,
7805,조,潮,밀물 조,16,"밀물, 조수, 바닷물, 젖다. 나타나다, 드러나다, 축축해지다.",水,329,옥편 15획
7806,조,噪,떠들썩할 조,16,"떠들썩하다, 떠들다, 지저귀다.",水,329,
7807,조,鋽,조광 조,16,불리지않은쇠. 조광 조,金,,"2024 보완전사(김기승 성명학 9,491자 기준본 대조 추가); 기준본 음(대표) 필드 오류로 뜻풀이 텍스트에서 재추출함"
7808,조,操,잡을 조,17,"잡다, 쥐다, 부리다, 다루다. 단련하다, 운동하다, 급박하다.",木,329,옥편 16획
7809,조,蔦,담쟁이 조,17,담쟁이.,木,329,옥편 15획
7810,조,糟,지게미 조,17,"찌꺼기, 막걸리.",木,329,
7811,조,糙,현미 조,17,"매조미쌀, 현미, 거칠다.",木,329,
7812,조,艚,거룻배 조,17,"거룻배, 배.",木,329,
7813,조,燥,마를 조,17,"마르다, 없어지다, 말리다, 애태우다. 초조하다.",火,329,
7814,"조,참,소",慞,"근심할 조/참,소",17,"근심하다, 성급하다, 탐하다. 가혹하다, 가혹할 참, 떠들 소.",火,329,옥편 16획
7815,조,嬥,날씬할 조,17,"날씬하다, 아리땁다, 바꾸다. 매정하다, 오가다.",土,329,
7816,조,澡,씻을 조,17,"씻다, 헹구다, 빨다, 깨끗이 하다. 맑게 하다, 다스리다, 바래다.",水,329,옥편 16획
7817,조,鼂,아침 조,18,"아침, 바다가북.",土,329,
7818,조,遭,만날 조,18,"만나다, 당하다, 두르다.",土,329,옥편 15획
7819,조,璮,면류관드림옥 조,18,면류관 드림 옥. 옥에 새긴 무늬,金,329,옥편 17획
7820,"조,참,소",懆,근심할 조,18,근심할 조. 가혹할 참. 떠들 소,火,,"2024 보완전사(김기승 성명학 9,491자 기준본 대조 추가)"
7821,조,璪,면류관 드리운 옥 조,18,면류관드림옥. 면류관 드리운 옥 조,金,,"2024 보완전사(김기승 성명학 9,491자 기준본 대조 추가); 기준본 음(대표) 필드 오류로 뜻풀이 텍스트에서 재추출함"
7822,"조,소",繰,감색비단 조/소,19,"감색 비단, 무늬. 실을 뽑다, 고치 켤 소.",木,329,
7823,조,鵰,독수리 조,19,독수리.,火,330,
7824,조,臊,누릴 조,19,"누리다, 부끄러워하다.",水,330,옥편 17획
7825,조,鯛,도미 조,19,도미(도밋과의 바닷물고기). (뼈가)연하다.,水,330,
7826,조,鄵,땅 이름 조,19,땅이름. 땅 이름 조,金,,"2024 보완전사(김기승 성명학 9,491자 기준본 대조 추가); 기준본 음(대표) 필드 오류로 뜻풀이 텍스트에서 재추출함"
7827,조,躁,조급할 조,20,"조급하다, 떠들다, 성급하다. 시끄럽다.",土,330,
7828,조,諜,떠들 조,20,"떠들다, 떠들썩하다, 기뻐하다. 북치다.",金,330,
7829,조,譟,떠들 조,20,떠들. 떠들 조,金,,"2024 보완전사(김기승 성명학 9,491자 기준본 대조 추가); 기준본 음(대표) 필드 오류로 뜻풀이 텍스트에서 재추출함"
7830,조,竈,부엌 조,21,부엌.,水,330,
7831,조,藻,마름 조,22,"마름, 꾸밈, 옥받침, 꾸미다.",木,330,옥편 20획
7832,조,糶,쌀 팔 조,25,쌀 팔다.,木,330,
7833,"족,주",足,발 족/주,7,"발, 엇보다, 근본, 그치다, 머무르다. 달리다, 넉넉하다, 족하다, 지나칠 주",土,330,
7834,"족,주",族,겨레 족/주,11,"겨레, 친족, 떼짓다, 악기를 타다. 풍류가락 주.",土,330,
7835,족,瘯,옴 족,16,옴(피부 기생충에 의한 병). 가렵고 발진이 나는 피부 질환,水,,"2024 보완전사(김기승 성명학 9,491자 기준본 대조 추가)"
7836,"족,착",簇,가는 대 족/착,17,"가는 대, 떼, 모이다, 찌푸리다. 모일 족, 화살촉 착.",木,330,
7837,"족,촉,착",鏃,"화살촉 족/촉,착",19,"화살촉, 가볍고 날카롭다, 새기다. 빼어나다, 뛰어오르다, 화살촐 촉, 호미 착.",金,330,
7838,존,存,있을 존,6,"살아있다, 존재하다, 안부를 묻다. 위로하다, 보살피다, 보존하다.",水,330,
7839,존,拵,의거할 존,10,"의거하다, 꽂다.",木,330,옥편 9획
7840,"존,준",尊,높을 존/준,12,"높다, 공경하다, 중히 여기다, 좇다. 높은 사람, 술그릇 준.","木,火",330,
7841,"졸,쉬",卒,마칠 졸/쉬,8,"마치다, 죽다, 끝내다, 모두, 집단. 갑자기, 별안간, 돌연히, 버금 쉬","木,火,水",330,
7842,졸,拙,옹졸할 졸,9,"옹졸하다, 둔하다, 어리석다. 질박하다, 불우하다, 서툴다.",木,330,옥편 8획
7843,졸,猝,갑자기 졸,12,갑작스럽다. 갑자기.,土,330,옥편 11획
7844,종,伀,두려워할 종,6,"허겁지겁하다, 두려워하다.",火,330,
7845,종,宗,마루 종,8,"마루, 일의 근본, 근본, 으뜸. 제사, 존숭하는 사람, 일족, 동성.",木,330,
7846,종,炂,녹일 종,8,녹일. 녹일 종,金,,"2024 보완전사(김기승 성명학 9,491자 기준본 대조 추가); 기준본 음(대표) 필드 오류로 뜻풀이 텍스트에서 재추출함"
7847,종,柊,나무이름 종,9,"나무이름, 망치.",木,331,
7848,종,倧,상고신인 종,10,상고시대의 신인.,火,331,
7849,종,終,마칠 종,11,"마치다, 끝내다, 다하다, 완성되다. 채우다, 이루어지다.",木,331,
7850,종,從,좇을 종,11,"좇다, 나아가다, 모시다, 일하다. 모이다, 높고 크다, 근심하다.",火,331,
7851,종,孮,번성할 종,11,자손번성할. 번성할 종,金,,"2024 보완전사(김기승 성명학 9,491자 기준본 대조 추가); 기준본 음(대표) 필드 오류로 뜻풀이 텍스트에서 재추출함"
7852,종,徖,편안할 종,11,편안할. 편안할 종,金,,"2024 보완전사(김기승 성명학 9,491자 기준본 대조 추가); 기준본 음(대표) 필드 오류로 뜻풀이 텍스트에서 재추출함"
7853,종,棕,종려나무 종,12,종려나무.,木,331,
7854,종,悰,즐길 종,12,"즐기다, 즐거워하다. 즐겁다. 생각, 느낌, 마음, 즐거움.",火,331,옥편 11획
7855,종,淙,물소리 종,12,"물소리, 흐르다, 대다.",水,331,옥편 11획
7856,종,㣭,갈 종,12,종. 갈 종,金,,"2024 보완전사(김기승 성명학 9,491자 기준본 대조 추가)"
7857,종,嵏,산 이름 종,12,산이름. 산 이름 종,金,,"2024 보완전사(김기승 성명학 9,491자 기준본 대조 추가); 기준본 음(대표) 필드 오류로 뜻풀이 텍스트에서 재추출함"
7858,종,堹,연못둑 종,12,연못둑. 연못둑 종,金,,"2024 보완전사(김기승 성명학 9,491자 기준본 대조 추가); 기준본 음(대표) 필드 오류로 뜻풀이 텍스트에서 재추출함"
7859,종,榱,종려나무 종,13,종려나무.,木,331,
7860,종,琮,옥홀 종,13,옥홀,金,331,옥편 12획
7861,"종,잎",椶,종려나무 종,13,"종려나무(야자류의 한 종류). 그 나무의 잎, 섬유를 이용한 공예, 생활용품의 재료",木,,"2024 보완전사(김기승 성명학 9,491자 기준본 대조 추가)"
7862,종,種,씨 종,14,"씨, 종족. 뿌리다, 심다, 펴다.",木,331,
7863,종,綜,모을 종,14,"모으다, 통활하다, 짜다.",木,331,
7864,종,瘇,수중다리 종,14,"수중다리, 다리가 붓다.",水,331,
7865,"종,송",嵸,산 우뚝할 종,14,종. 산 우뚝할 종. 높낮이 같지 않을 송,金,,"2024 보완전사(김기승 성명학 9,491자 기준본 대조 추가)"
7866,"종,송",嵷,산 우뚝할 종,14,산높을. 산 우뚝할 종. 높낮이 같지 않을 송,金,,"2024 보완전사(김기승 성명학 9,491자 기준본 대조 추가); 기준본 음(대표) 필드 오류로 뜻풀이 텍스트에서 재추출함"
7867,종,樅,전나무 종,15,"전나무, 치다, 들쭉날쭉하다.",木,331,
7868,"종,조",憎,생각할 종/조,15,"생각하다, 꾀하다, 어지럽다. 심란하다, 어지러울 조.",火,331,옥편 14획
7869,종,慫,권할 종,15,"권하다, 놀라다, 종용하다. 놀라 두려워하다.",火,331,
7870,종,踪,자취 종,15,"발자취, 흔적, 뒤따르다, 놓다.",土,331,
7871,종,腫,종기 종,15,종기.,水,331,옥편 13획
7872,"종,충",褈,거듭 종,15,거듭. 거듭 종. 짧은 홑옷 충,金,,"2024 보완전사(김기승 성명학 9,491자 기준본 대조 추가); 기준본 음(대표) 필드 오류로 뜻풀이 텍스트에서 재추출함"
7873,종,瑽,패옥소리 종,16,패옥소리.,金,331,옥편 15획
7874,종,踵,발꿈치 종,16,"발꿈치, 이르다, 도달하다, 뒤밟다. 잇다, 찾다, 계승하다, 뒤따르다.",土,331,
7875,"종,조",慒,생각할 종,16,생각할 종. 어지러울 조,火,,"2024 보완전사(김기승 성명학 9,491자 기준본 대조 추가)"
7876,종,錝,금빛 털 종,16,쇠털. 금빛 털 종,金,,"2024 보완전사(김기승 성명학 9,491자 기준본 대조 추가); 기준본 음(대표) 필드 오류로 뜻풀이 텍스트에서 재추출함"
7877,"종,총",縱,세로 종/총,17,"발자취, 놓다, 쏘다, 늘어지다. 놓아주다, 느슨하게 하다, 바쁠 총.",木,331,
7878,종,鍾,쇠북 종,17,"쇠북, 술병, 거듭하다, 늘리다. 모으다, 당하다, 주다, 술병 종.",金,332,
7879,종,螽,메뚜기 종,17,메뚜기.,水,332,
7880,종,蹤,발자취 종,18,"발자취, 사적, 흔적, 좇다, 뒤따르다. 놓다, 폭, 권, 서화를 세는 단위.",土,332,
7881,종,鬷,가마솥 종,19,가마. 가마솥 종,金,,"2024 보완전사(김기승 성명학 9,491자 기준본 대조 추가); 기준본 음(대표) 필드 오류로 뜻풀이 텍스트에서 재추출함"
7882,종,鐘,쇠북 종,20,"쇠북, 시계.",金,332,
7883,좌,左,왼 좌,5,"왼쪽, 증거, 근차, 낮은 자리. 낮추다, 옳지 못하다, 그리다.",火,332,
7884,좌,坐,앉을 좌,7,"앉다, 무릎을 꿇다, 대질하다. 머무르다, 지키다",土,332,
7885,좌,佐,앉을 좌,7,"앉다, 무릎을 끊다, 대질하다. 머무르다, 지키다",火,332,
7886,좌,剉,꺾을 좌,9,"꺾다, 부수다, 깎다.",金,332,
7887,좌,座,자리 좌,10,"자리, 지위, 깔개, 방석. 기구를 설치하는 대, 별자리.",木,332,
7888,좌,挫,꺾을 좌,11,"꺾다, 부러지다, 창피를 주다, 묶다. 결박하다, 문지르다, 주무르다.",木,332,옥편 10획
7889,좌,痤,부스럼 좌,12,부스럼.,水,332,
7890,좌,莝,여물 좌,13,"여물, 가볍고 작은 것의 비유.",木,332,옥편 11획
7891,좌,髽,북상투 좌,17,"성스럽다, 존엄하다.",火,332,
7892,죄,罪,허물 죄,14,"허물, 죄인, 그물, 떠넘기다. 죄를 주다.",木,332,
7893,주,主,임금 주,5,"임금, 우두머리, 결혼상대자, 주인 주. 주인, 상전, 하느님, 알라, 관계자.","木,火",332,
7894,주,朱,붉을 주,6,"붉다, 무디다, 화장, 둔하다.",木,332,
7895,주,舟,배 주,6,"배, 선박, 싣다, 디다, 배타고건너다. 반(제기인 준을 받쳐놓는 그릇)",木,332,
7896,주,丟,아주갈 주,6,"아주 가다, 던지다, 잃어버리다.",木,332,
7897,주,州,고을 주,6,"고을, 마을, 모여서 살다, 모이다.",水,332,
7898,주,住,살 주,7,"살다, 머무르다, 멈추다, 세우다.",火,332,
7899,주,走,달릴 주,7,"달리다, 걷다, 가다, 떠나가다. 나아가다.",火,333,
7900,주,伷,자손 주,7,주. 자손 주,金,,"2024 보완전사(김기승 성명학 9,491자 기준본 대조 추가)"
7901,주,宙,집 주,8,"집, 때, 하늘, 기둥.",木,333,
7902,주,侕,가릴 주,8,"가리다, 속이다.",火,333,
7903,주,侜,난쟁이 주,8,"난쟁이, 왜소하다. 작다.",火,333,
7904,주,妵,예쁠 주,8,"예쁘다, 공주, 사람이름",土,333,
7905,주,周,두루 주,8,"두루, 둘레, 널리, 돌다, 두르다. 둥글게 에워싸다, 끝내다.",水,333,
7906,주,呪,빌 주,8,"빌다, 기원하다, 방자하다.",水,333,
7907,주,侏,난쟁이 주,8,난쟁이(키가 작은 사람을 이르는 말). 작고 왜소함을 나타내는 표현(작음을 뜻함),火,,"2024 보완전사(김기승 성명학 9,491자 기준본 대조 추가)"
7908,주,拄,버틸 주,9,"버티다, 떠받치다, 지탱하다. 거절하다, 반박하다, 손가락질하다.",木,333,옥편 8획
7909,주,柱,기둥 주,9,"버티다, 막다, 비방하다, 높이 솟다. 헐뜯다, 어기다, 순종하지 않다, 버틸 주",木,333,
7910,주,奏,아뢸 주,9,"아뢰다, 바치다, 드리다, 세우다. 이루다, 모이다, 달리다, 연주하다.",木,333,
7911,주,注,모을 주,9,"모으다, 물대다, 흐르다",水,333,
7912,주,紂,껑거리끈 주,9,"껑거리 끈, 말고삐, 창문.",木,333,
7913,주,炷,심지 주,9,"심지, 불사르다, 태우다,. 자루(향촉을 세는 단위)",火,333,
7914,주,姝,예쁠 주,9,"예쁘다, 아름답다, 곱다, 연약하다. 꾸미다, 앳되고 숫접다.",土,333,
7915,주,冑,투구 주,9,투구 주. 머리를 보호하는 고대 군사 장비,水,,"2024 보완전사(김기승 성명학 9,491자 기준본 대조 추가)"
7916,주,咮,부리 주,9,부리. 부리 주,金,,"2024 보완전사(김기승 성명학 9,491자 기준본 대조 추가); 기준본 음(대표) 필드 오류로 뜻풀이 텍스트에서 재추출함"
7917,주,株,그루 주,10,"그루, 근본, 뿌리, 연루되다.",木,333,
7918,주,酎,진한술 주,10,"진한 술, 술을 빚다.",金,333,
7919,주,酒,술 주,10,"술, 마시다.",金,333,
7920,주,洲,물가 주,10,"물가, 대륙. 성.",水,333,옥편 9획
7921,"주,반",洀,파문 주,10,물놀이칠㈜. 파문 주. 서성거릴 반,金,,"2024 보완전사(김기승 성명학 9,491자 기준본 대조 추가); 기준본 음(대표) 필드 오류로 뜻풀이 텍스트에서 재추출함"
7922,주,紬,명주 주,11,"명주, 모으다, 철하다, 뽑다, 잣다. 깁다.",木,333,
7923,주,紸,댈 주,11,"서로 닿게 하다, 대다.",木,333,
7924,주,昼,낮 주,11,"낮, 정오.",火,333,
7925,주,做,지을 주,11,"짓다, 만들다, (직무를)맡다. 가령, 설령, ~하더라도",火,334,
7926,주,珠,구슬 주,11,"구슬, 진주, 붉다. 방울.",金,334,옥편 10획
7927,주,珘,구슬 주,11,구슬,金,334,옥편 10획
7928,주,硃,주사 주,11,"주사, 붉은 먹",金,334,
7929,주,胄,자손 주,11,"자손, 혈통, 잇다, 쫓다, 뒤쫓다.",水,334,옥편 9획
7930,주,凑,모일 주,11,주. 모일 주,金,,"2024 보완전사(김기승 성명학 9,491자 기준본 대조 추가)"
7931,"주,때",晝,낮 주,11,"낮 주. 낮시간, 주간. 해가 떠 있는 때(주간의 시간)",火,,"2024 보완전사(김기승 성명학 9,491자 기준본 대조 추가)"
7932,주,蛀,나무굼벵이 주,11,나무굼벵이 주. 나무를 갉아 먹는 벌레(목재충). 갉아 먹어 손상시키다(좀먹다),水,,"2024 보완전사(김기승 성명학 9,491자 기준본 대조 추가)"
7933,주,粙,벼 알들 주,11,벼알들. 벼 알들 주,金,,"2024 보완전사(김기승 성명학 9,491자 기준본 대조 추가); 기준본 음(대표) 필드 오류로 뜻풀이 텍스트에서 재추출함"
7934,주,婤,예쁜 모양 주,11,얼굴얌전할. 예쁜 모양 주,金,,"2024 보완전사(김기승 성명학 9,491자 기준본 대조 추가); 기준본 음(대표) 필드 오류로 뜻풀이 텍스트에서 재추출함"
7935,"주,수",封,하인 주/수,12,"하인. 세우다, 서다 수.",木,334,
7936,주,絑,붉을 주,12,"붉다, 분홍색의 비단",木,334,
7937,주,楢,영수목 주,12,"영수목, 삿대.",木,334,
7938,주,晭,밝을 주,12,밝다.,火,334,
7939,주,晭,햇빛 주,12,햇빛,火,334,
7940,주,賗,재물 주,12,재물,金,334,
7941,주,註,글뜻풀 주,12,"글 뜻을 풀다, 기술하다, 기재하다. 적다, 물대다, 머물러 기다리다.",金,334,
7942,주,酟,전국술 주,12,"세번 빚은 술, 빛다.",金,334,
7943,주,說,방자 주,12,"방자, 빌다, 기원하다.",金,334,
7944,주,蛛,거미 주,12,거미.,水,334,
7945,주,䛆,빌 주,12,주. 빌 주,金,,"2024 보완전사(김기승 성명학 9,491자 기준본 대조 추가)"
7946,주,䝬,재물 주,12,주. 재물 주,金,,"2024 보완전사(김기승 성명학 9,491자 기준본 대조 추가)"
7947,"주,수",尌,하인 주,12,하인 주. 멈출 주. 세울 수. 하인 수,土,,"2024 보완전사(김기승 성명학 9,491자 기준본 대조 추가)"
7948,주,椆,영수목 주,12,"영수목 주. 특정 나무 이름(영수목). 그 나무의 재목, 목재",木,,"2024 보완전사(김기승 성명학 9,491자 기준본 대조 추가)"
7949,주,㫶,밝을 주,12,내이름. 밝을 주,金,,"2024 보완전사(김기승 성명학 9,491자 기준본 대조 추가); 기준본 음(대표) 필드 오류로 뜻풀이 텍스트에서 재추출함"
7950,주,淍,물 돌릴 주,12,물돌릴. 물 돌릴 주,金,,"2024 보완전사(김기승 성명학 9,491자 기준본 대조 추가); 기준본 음(대표) 필드 오류로 뜻풀이 텍스트에서 재추출함"
7951,주,詋,방자 주,12,방자할. 방자 주,金,,"2024 보완전사(김기승 성명학 9,491자 기준본 대조 추가); 기준본 음(대표) 필드 오류로 뜻풀이 텍스트에서 재추출함"
7952,주,趎,사람이름 주,13,사람 이름.,火,334,
7953,주,輈,끌채 주,13,"끌채, 굳세다.",火,334,
7954,주,誅,벨 주,13,"베다, 착하다, 치다, 덜다, 형벌.",金,334,
7955,주,鉒,쇳돌 주,13,"쇳돌, 손잡이, 두다, 놓아두다.",金,334,
7956,주,晭,밝을 주,13,"밝다, 비단이 희다.",金,334,
7957,주,邾,나라이름 주,13,나라이름,土,335,옥편 9획
7958,주,湊,모일 주,13,"모이다, 다가서다. 달리다, 향하다.",水,335,옥편 12획
7959,주,皗,밝을 주,13,주. 밝을 주,金,,"2024 보완전사(김기승 성명학 9,491자 기준본 대조 추가)"
7960,주,楱,나무 이름 주,13,작은귤. 나무 이름 주,金,,"2024 보완전사(김기승 성명학 9,491자 기준본 대조 추가); 기준본 음(대표) 필드 오류로 뜻풀이 텍스트에서 재추출함"
7961,"주,도",裯,홑이불 주/도,14,"홑이불, 속적삼. 속적삼 도.",木,335,옥편 13획
7962,주,聥,귀밝을 주,14,"귀, 귀가 밝다.",火,335,
7963,주,遒,닥칠 주,14,"닥치다, 다하다, 굳다, 모이다. 끝나다, 세다.",土,335,옥편 11획
7964,"주,도",綢,얽을 주/도,14,"얽다. 동여매다, 촘촘하다. 빽빽하다, 배다, 비단, 쌀 도.","火,木",335,
7965,"주,수",嗾,부추길 주/수,14,"부추기다, 개를 부리다. 위험하여 시키다, 부추길 수.",水,335,
7966,주,䎻,귀 주,14,주. 귀 주,金,,"2024 보완전사(김기승 성명학 9,491자 기준본 대조 추가)"
7967,주,銂,금장도 주,14,금칼. 금장도 주,金,,"2024 보완전사(김기승 성명학 9,491자 기준본 대조 추가); 기준본 음(대표) 필드 오류로 뜻풀이 텍스트에서 재추출함"
7968,주,廚,부엌 주,15,부엌.,木,335,
7969,주,駐,머무를 주,15,"머무르다, 체류하다.",火,335,
7970,주,週,돌 주,15,"돌다, 회전하다, 두들다, 전체적이다. 보편적이다, 세밀하다, 세심하다.",土,335,옥편 12획
7971,"주,조",調,아침 주/조,15,"조절하다, 고르다, 어울리다, 부르다. 보호하다, 준비하다, 헤아리다, 고를 조",金,335,옥편 9획
7972,주,賙,진휼할 주,15,"주다, 보태다, 거두다.",金,335,
7973,주,腠,살결 주,15,살결.,水,335,옥편 13획
7974,주,輖,낮을 주,15,낮을. 낮을 주,金,,"2024 보완전사(김기승 성명학 9,491자 기준본 대조 추가); 기준본 음(대표) 필드 오류로 뜻풀이 텍스트에서 재추출함"
7975,주,輳,몰려들 주,16,"몰려들다, 모이다. 다가가다. 접근하다.",火,335,
7976,주,儔,무리 주,16,"무리, 필적하다.",火,335,옥편 11획
7977,주,遒,닥칠 주,16,"닥치다, 다하다, 굳다, 모이다. 끝나다, 세다.",土,335,옥편 13획
7978,주,澍,단비 주,16,"단비, 적시다, 흘러들어가다.",水,335,옥편 15획
7979,주,霪,장마 주,16,"장마, 적시다.",水,335,
7980,주,霌,운우모양 주,16,구름과 비.,水,335,
7981,주,霔,장마 주,16,장마 주. 단비 주,水,,"2024 보완전사(김기승 성명학 9,491자 기준본 대조 추가)"
7982,주,麈,큰 사슴 주,16,고라니. 큰 사슴 주,金,,"2024 보완전사(김기승 성명학 9,491자 기준본 대조 추가); 기준본 음(대표) 필드 오류로 뜻풀이 텍스트에서 재추출함"
7983,주,幬,휘장 주,17,"휘장, 비치다, 가리다, 덮다.",木,335,
7984,"주,족,착",蔟,"대주 주/족,착",17,"정월, 보금자리, 모이다. 섶 족, 작살 착",木,336,옥편 15획
7985,주,逎,닥칠 주,17,닥치다(다가오다). 이르다(도달하다),土,,"2024 보완전사(김기승 성명학 9,491자 기준본 대조 추가)"
7986,주,燽,밝을 주,18,"밝다, 드러나다.",火,336,
7987,주,蟵,거미 주,19,거미,土,336,
7988,주,疄,이랑 주,19,"이랑, 밭, 갈다.",土,336,
7989,주,疇,이랑 주,19,이랑 주. 누구 주,土,,"2024 보완전사(김기승 성명학 9,491자 기준본 대조 추가)"
7990,주,籀,고대의 서체 주,19,"고대의 서체(籀文, 옛 글자). 소리 내어 읽다, 낭송하다(읽음)",木,,"2024 보완전사(김기승 성명학 9,491자 기준본 대조 추가)"
7991,주,鼄,거미 주,19,"거미(곤충류). 문헌상 거미를 가리키는 옛말, 곤명(동물명)",土,,"2024 보완전사(김기승 성명학 9,491자 기준본 대조 추가)"
7992,주,籌,살 주,20,"토호살, 꾀하다, 징발하다.",木,336,
7993,주,籕,주문 주,21,"주문, 읽다.",木,336,
7994,주,躒,머뭇거릴 주,21,"머뭇거리다, 주저하다, 느직한 모양. 조용한 모양, 득의한 모양.",土,336,
7995,주,躊,머뭇거릴 주,21,"머뭇거리다, 주저하다(결단을 내리지 못함). 망설이며 행동을 미루다(주저함)",土,,"2024 보완전사(김기승 성명학 9,491자 기준본 대조 추가)"
7996,주,籒,주문 주,21,주문. 주문 주,金,,"2024 보완전사(김기승 성명학 9,491자 기준본 대조 추가); 기준본 음(대표) 필드 오류로 뜻풀이 텍스트에서 재추출함"
7997,주,鑄,불릴 주,22,"불리다, 부어 만들다, 양성하다.",金,336,
7998,죽,竹,대 죽,6,대나무.,木,336,
7999,"죽,육",粥,죽 죽/육,12,"죽, 미음, 연약하다, 허약하다. 기르다, 팔 육.",木,336,
8000,"준,순",俊,준걸 준/순,9,"뛰어난 인물, 좋다, 당당하다. 뛰어나다, 크다, 높다, 수려하다.",火,336,
8001,준,俊,물러날 준,10,물러나다.,火,336,
8002,"준,순,돈,전",純,"순수할 준/순,돈,전",10,"순수하다, 진실하다, 온화하다, 좋다. 순수할 순, 묶을 돈, 온전할 전, 검은비단 치",木,336,
8003,준,隼,송골매 준,10,송골매.,火,336,
8004,준,埈,높을 준,10,"높다, 솟다, 험하다, 가파르다.",土,336,
8005,준,峻,높을 준,10,"높다, 가파르다, 준엄하다, 엄하다. 훌륭하다, 크다, 길다, 자라다.",土,336,
8006,"준,절",准,준할 준/절,10,"의거하다, 본받다, 바로잡다, 법도. 정확하다, 허가하다, 표준, 콧마루 절",水,336,
8007,준,𢓭,물러날 준,10,준. 물러날 준,金,,"2024 보완전사(김기승 성명학 9,491자 기준본 대조 추가)"
8008,준,晱,밝을 준,11,"밝다, 이르다.",火,336,
8009,준,焌,구울 준,11,"굽다, 태우다, 불사르다, 검다.",火,336,
8010,준,埻,과녁 준,11,"과녁, 법, 기준.",土,336,
8011,준,浚,깊을 준,11,"깊게 하다, 깊다, 치다, 빼앗다.",水,336,옥편 10획
8012,준,晙,밝을 준,11,"밝다, 빛나다(광채가 있음). 명백하다(사정이나 상태가 분명함)",火,,"2024 보완전사(김기승 성명학 9,491자 기준본 대조 추가)"
8013,준,捘,밀칠 준,11,밀칠. 밀칠 준,金,,"2024 보완전사(김기승 성명학 9,491자 기준본 대조 추가); 기준본 음(대표) 필드 오류로 뜻풀이 텍스트에서 재추출함"
8014,준,睃,볼 준,12,"보다, 흘겨보다.",木,337,
8015,준,⿰田夌,농부 준,12,농부.,"木,土",337,"이체자, 유니코드 미상 / 원본 자형 표기"
8016,준,皴,틀 준,12,"트다, 주름 잡히다.",金,337,
8017,"준,전",竣,마칠 준/전,12,"마치다, 끝내다, 멈추다, 물러가다. 고치다, 엎드리다, 웅크리다, 마칠 전",金,337,
8018,"준,절",準,준할 준/절,12,"준하다, 의거하다, 본보기로 삼다. 바로잡다, 평평하다, 콧마루 절.",水,337,
8019,"준,예",睿,준설할 준/예,12,"밝다, 준설하다, 깊이 파올리다. 밝을 예",水,337,
8020,준,凖,허가할 준,12,"허가하다, 허용하다. 기준, 준칙으로 삼다(표준)",水,,"2024 보완전사(김기승 성명학 9,491자 기준본 대조 추가)"
8021,준,畯,농부 준,12,농부(농사짓는 사람). 농사에 종사하는 전근대적 노동자(농업 종사자),土,,"2024 보완전사(김기승 성명학 9,491자 기준본 대조 추가)"
8022,"준,전,취",隽,"영특할 준/전,취",13,"살찐 고기, 전. 땅이름 취",火,337,
8023,준,惷,어수선할 준,13,"어수선하다, 꿈틀거리다, 어리석다. 어지러운 모양.",火,337,
8024,준,迵,앞설 준,13,"앞서다, 앞을 다투다.",土,337,옥편 10획
8025,준,稕,짚단 준,13,짚단. 짚단 준,金,,"2024 보완전사(김기승 성명학 9,491자 기준본 대조 추가); 기준본 음(대표) 필드 오류로 뜻풀이 텍스트에서 재추출함"
8026,준,綧,어지러울 준,14,어지럽다. 법도.,木,337,
8027,준,僔,모일 준,14,"모이다, 많다, 웅크리다, 겸손하다.",火,337,
8028,준,逡,뒷걸음질칠 준,14,"뒷걸음질치다, 어렵다, 머뭇거리다. 차례가 있다, 빠르다, 토끼.",土,337,옥편 11획
8029,준,踆,마칠 준,14,"마치다, 물러나다, 짓밟다, 차다. 쭈그리고 앉다.",土,337,
8030,"준,절",準,준할 준/절,14,"준하다, 의거하다, 바로잡다. 본받다, 정확하다, 콧마루 절.",水,337,옥편 13획
8031,준,䞭,빨리 걸을 준,14,준. 빨리 걸을 준,金,,"2024 보완전사(김기승 성명학 9,491자 기준본 대조 추가)"
8032,준,賐,더할 준,14,준. 더할 준,金,,"2024 보완전사(김기승 성명학 9,491자 기준본 대조 추가)"
8033,"준,유,사",薐,"클 준/유,사",15,"크다, 성하다, 생강, 향채. 생강 준, 생강 유, 고을이름 사.",木,337,옥편 13획
8034,준,儁,준걸 준,15,"뛰어난 인물, 좋다, 당당하다, 크다. 높다, 수려하다, 뛰어나다.",火,337,
8035,준,陵,가파를 준,15,"가파르다, 높이 솟다, 험하다.",土,337,옥편 10획
8036,준,墫,술그릇 준,15,"술그릇, 그치다, 그만두다.",土,337,
8037,준,嶟,가파를 준,15,산우뚝솟을. 가파를 준,金,,"2024 보완전사(김기승 성명학 9,491자 기준본 대조 추가); 기준본 음(대표) 필드 오류로 뜻풀이 텍스트에서 재추출함"
8038,준,撴,누를 준,16,"누르다, 꺾다, 모이다.",木,337,옥편 15획
8039,준,寯,모일 준,16,"모이다, 뛰어나다, 재주.",木,337,
8040,준,樽,술통 준,16,술통.,木,338,
8041,준,餕,대궁 준,16,"익힌 음식, 먹다.",水,338,
8042,"준,순",迿,앞설 준,16,앞설 준. 앞설 순,土,,"2024 보완전사(김기승 성명학 9,491자 기준본 대조 추가)"
8043,준,衠,참될 준,16,바를. 참될 준,金,,"2024 보완전사(김기승 성명학 9,491자 기준본 대조 추가); 기준본 음(대표) 필드 오류로 뜻풀이 텍스트에서 재추출함"
8044,준,憔,똑똑할 준,17,"똑똑하다, 슬기롭다.",火,338,옥편 16획
8045,준,駿,준마 준,17,"준마, 빠르다, 높다, 험하다, 크다",火,338,
8046,준,蹲,기쁠 준,17,기쁘다.,金,338,
8047,준,撙,누를 준,17,"누를 준. 절약하다, 아끼다(절약, 긴축의 뜻으로 쓰임)",木,,"2024 보완전사(김기승 성명학 9,491자 기준본 대조 추가)"
8048,"준,수,유,사",葰,클 준,17,클 준. 생강 수. 생강 유. 고을 이름 사,木,,"2024 보완전사(김기승 성명학 9,491자 기준본 대조 추가)"
8049,준,竴,기쁠 준,17,기뻐할. 기쁠 준,金,,"2024 보완전사(김기승 성명학 9,491자 기준본 대조 추가); 기준본 음(대표) 필드 오류로 뜻풀이 텍스트에서 재추출함"
8050,준,駮,금계 준,18,금계.,火,338,
8051,준,罇,술두루미 준,18,"술단지, 술잔.",土,338,
8052,준,濬,깊을 준,18,"깊다, 심오하다, 치다, 파내다. 통하다.",水,338,옥편 17획
8053,준,懏,똑똑할 준,18,"똑똑할 준. 총명하고 민첩하다는 뜻(지능, 기민함을 이룸)",火,,"2024 보완전사(김기승 성명학 9,491자 기준본 대조 추가)"
8054,준,鵔,금계 준,18,"금계 준. 금빛이 도는 새의 이름(조류), 작고 화려한 조류를 이르는 말",火,,"2024 보완전사(김기승 성명학 9,491자 기준본 대조 추가)"
8055,준,𨶊,뛰어날 준,18,준. 뛰어날 준,金,,"2024 보완전사(김기승 성명학 9,491자 기준본 대조 추가)"
8056,준,遵,좇을 준,19,"좇다, 따르다, 따라가다, 거느리다. 지키다, 높이다, 공경하다.",土,338,옥편 16획
8057,준,蹲,쭈그릴 준,19,"쭈그리다, 모으다, 춤추다. 절도가 있다.",土,338,
8058,준,陖,가파를 준,19,"가파를 준. 경사가 급하다(비탈, 언덕이 급함), 급경사의 지형을 이르는 말",土,,"2024 보완전사(김기승 성명학 9,491자 기준본 대조 추가)"
8059,준,鐏,창물미 준,20,창 물미,金,338,
8060,준,蠢,꾸물거릴 준,21,"꾸물거리다, 꿈틀거리다, 어리석다. 불손하다, 조잡하다, 적은 모양.",水,338,
8061,준,鱒,송어 준,23,송어,水,338,
8062,줄,⿰糹戍,줄 줄,9,줄(묶거나 동이는데 쓰는 줄),木,338,"이체자, 유니코드 미상 / 원본 자형 표기"
8063,줄,乼,줄 줄,9,줄 줄. 줄칼 줄,木,,"2024 보완전사(김기승 성명학 9,491자 기준본 대조 추가)"
8064,"줄,촬,절",茁,"싹 줄/촬,절",11,"싹트다, 자라다. 싹틀 촬, 싹 절.",木,338,옥편 9획
8065,"줌,격",搹,쥘 격,14,줌. 쥘 격,木,,"2024 보완전사(김기승 성명학 9,491자 기준본 대조 추가); 1차 음의 뜻풀이 누락으로 타 음(격)의 훈으로 대표훈음 대체"
8066,중,中,가운데 중,4,"가운데, 진행, 마음, 심중.","木,土",338,
8067,중,仲,버금 중,6,"둘째, 가운데, 중간.",火,338,
8068,"중,동",重,무거울 중/동,9,"무겁다, 귀중하다, 붓다, 자주하다. 거듭하다, 상가다, 조심하다, 아이 동.",土,338,
8069,중,眾,무리 중,11,"무리, 군신, 백성, 서민. 많을 물건, 많은 일, 많다.",木,338,
8070,중,衆,무리 중,12,"무리, 군신, 백성, 서민. 많을 물건, 많은 일, 많다.",水,338,
8071,중,緟,더할 중,15,중. 더할 중,金,,"2024 보완전사(김기승 성명학 9,491자 기준본 대조 추가)"
8072,즉,即,곧 즉,7,"곧, 만약, 촉은, 가깝다. 가까이하다. 나아가다, 끝내다, 죽다.",水,339,
8073,즉,卽,곧 즉,9,"곧, 만약, 촉은, 가깝다. 가까이하다. 나아가다, 끝내다, 죽다.",水,339,
8074,즉,唔,두런거릴 즉,12,"두런거리다, 물 대다, 벌레소리. 붓다, 탄식하는 소리 물을 쏟는 소리.",水,339,
8075,"즉,즐",喞,두런거릴 즉,12,두런거릴 즉. 두런거릴 즐,水,,"2024 보완전사(김기승 성명학 9,491자 기준본 대조 추가)"
8076,즐,⿰木節,빗 즐,19,"머리빗, 빗질하다, 긁다, 늘어서다. 즐비하다.",木,339,"이체자, 유니코드 미상 / 원본 자형 표기"
8077,즐,櫛,빗 즐,19,"빗 즐. 머리털을 빗는 도구(빗), 머리카락을 빗다(동작을 나타내는 쓰임)",木,,"2024 보완전사(김기승 성명학 9,491자 기준본 대조 추가)"
8078,즐,⿰馬執,수말 즐,20,"손발 구부러진 는 병, 안정시키다. 부르다, 오르다, 정하다, 이루어지다",火,339,"이체자, 유니코드 미상 / 원본 자형 표기"
8079,즐,騭,수말 즐,20,수말 즐. 안정시킬 즐,火,,"2024 보완전사(김기승 성명학 9,491자 기준본 대조 추가)"
8080,"즙,협,십,집",汁,"즙 즙/협,십,집",6,"즙, 국물, 눈물, 맞다, 화합하다. 맞을 협, 고을이름 십, 그릇 집.",水,339,옥편 5획
8081,"즙,집",楫,노 즙/집,13,"노를 젓다, 모으다, 수집하다. 노 집.",木,339,
8082,"즙,집",葺,기울 즙/집,15,"깁다, 이다, 겹치다, 잡다. 거듭되다, 모이다, 체포하다, 기울 집",木,339,옥편 13획
8083,즙,濈,화목할 즙,16,화할. 화목할 즙,金,,"2024 보완전사(김기승 성명학 9,491자 기준본 대조 추가); 기준본 음(대표) 필드 오류로 뜻풀이 텍스트에서 재추출함"
8084,"즙,집",檝,노 즙/집,17,"노를 젓다, 모으다, 수집하다. 노 집.",木,339,
8085,"즙,첩",蕺,삼백초 즙/첩,19,삼백초. 부러지는 소리 첩.,木,339,옥편 17획
8086,"증,징",症,증세 증/징,10,증상. 적취 징.,水,339,
8087,증,拯,건질 증,10,"건지다, 구원하다, 들어올리다. 돕다, 취하다, 받다, 받아들이다.",木,339,옥편 9획
8088,증,烝,김오를 증,10,"김이 오르다, 찌다, 무겁다, 많다. 올리다, 받치다, 나아가다. 오래다.",火,339,
8089,증,曾,일찍 증,12,"일찍, 이미, 이전에, 거듭, 포개다. 겹치다, 더하다, 늘다, 늘어나다.",火,339,
8090,"증,층",增,많을 증/층,15,"더하다, 많아지다, 늘다, 미워하다. 선물하다, 겹치다, 거듭나다, 겹칠 층",土,339,
8091,"증,쟁",嶒,높을 증/쟁,15,"높다, 깊고 텅 비다, 높고 협하다. 산이 높고 험한 모양, 높고 험할 쟁.",土,339,
8092,증,蒸,찔 증,16,"찌다, 데우다, 김이 오르다, 증발하다. 순일하다, 많다, 백성.",木,339,옥편 14획
8093,증,憎,미울 증,16,"미워하다, 미움받다, 입살스럽다. 증오하다, 가증스럽다, 미움.",火,339,옥편 15획
8094,증,甑,시루 증,17,시루.,土,339,
8095,증,矰,주살 증,17,화살.,金,339,
8096,증,繒,비단 증,18,비단. 평평하지 않은 모양.,木,340,
8097,증,罾,그물 증,18,"그물, 어망.",木,340,옥편 17획
8098,증,鄫,나라 이름 증,18,나라이름. 나라 이름 증,金,,"2024 보완전사(김기승 성명학 9,491자 기준본 대조 추가); 기준본 음(대표) 필드 오류로 뜻풀이 텍스트에서 재추출함"
8099,증,證,증거 증,19,"증거, 병세, 증상, 법칙, 알리다. 증명하다, 밝히다, 고발하다, 깨닫다",金,340,
8100,증,贈,줄 증,19,"주다, 보내버리다, 선사하다. 바치다, 선물.",金,340,
8101,지,支,지탱할 지,4,"지탱하다, 버티다, 가르다, 괴다. 유지하다, 보전하다, 계산하다, 근원",土,340,
8102,지,止,그칠 지,4,"끝나다, 그만두다, 머무르다, 금하다. 억제하다, 없어지다, 숙박하다.",土,340,
8103,지,之,갈 지,4,"가다, 끼치다, 쓰다, 사용하다. 이르다, 도달하다.",金,340,
8104,"지,척",只,다만 지/척,5,"다만, 오직, 겨우, 짧은 거리. 외짝 척.",水,340,
8105,지,旨,뜻 지,6,"뜻, 성지, 맛, 맛있는 음식. 아름답다, 맛이 있다.",火,340,
8106,"지,질",至,이를 지/질,6,"도달하다, 미치다, 과분하다, 힘쓰다. 내려주다, 지극하다, 덜렁대는 모양 질",土,340,
8107,지,屴,굳건할 지,6,굳건하다.,土,340,
8108,지,地,땅 지,6,"땅, 장소, 논밭, 육지, 영토, 토지. 처지.",土,340,
8109,지,劧,굳건할 지,6,"굳건할 지(튼튼하고 견고함). 강건하고 쉽게 흔들리지 않는 상태(견고, 확고함)",土,,"2024 보완전사(김기승 성명학 9,491자 기준본 대조 추가)"
8110,"지,치",志,뜻 지/치,7,"뜻, 마음, 감정, 뜻하다, 알다, 적다. 기록하다, 본심, 감정, 기치 치",火,340,
8111,지,池,못 지,7,"못, 도랑, 물받이. 제거하다.",水,340,옥편 6획
8112,지,址,터 지,7,"터, 기슭, 주춧돌. 물가, 밭.",土,340,
8113,지,坁,머무를 지,7,머물다.,土,340,
8114,지,底,숫돌 지,7,"갈다, 연마하다, 이르다, 바치다. 도달하다, 아뢰다, 전달하다, 정하다.","木,金",340,
8115,지,呟,가는소리 지,7,가는 소리. 삐꺽 소리가 나다. 헐떡이며 가는 모양.,水,340,
8116,"지,저",厎,숫돌 지,7,숫돌 지. 부들 지. 이를 저,土,,"2024 보완전사(김기승 성명학 9,491자 기준본 대조 추가)"
8117,지,吱,가는 소리 지,7,"가는 소리(끼익, 삐걱거리는 소리의 의성어). 작고 날카로운 소리를 나타내는 의성어적 용법(기계, 문 등이 내는 소리)",水,,"2024 보완전사(김기승 성명학 9,491자 기준본 대조 추가)"
8118,"지,기",枝,가지 지/기,8,"가지, 팔다리, 버팀목, 치다. 흩어지다, 분산하다, 육손이 기.",木,340,
8119,지,知,알 지,8,"알다, 알게하다, 나타내다, 맡다. 알리다, 주관하다, 사귀다, 대접하다.",金,340,
8120,지,沾,물가 지,8,물가.,水,341,옥편 7획
8121,"지,저",抵,칠 지/저,8,"치다, 근심하다, 당하다, 배척하다. 받다, 막다, 거스르다, 막을 저.",木,341,옥편 7획
8122,"지,치",忯,사랑할 지/치,8,"사랑하다, 믿다, 믿고 의지하다. 믿을 치.",火,341,옥편 7획
8123,"지,저",坻,모래톱 지/저,8,"모래섬, 물가, 토대. 머물다, 멎다, 비탈 저.",土,341,
8124,지,沘,가지런할 지,8,"가지런하다, 붇다, 멈추다.",水,341,옥편 7획
8125,"지,사",杫,도마 지,8,도마. 도마 지. 나무 이름 사,金,,"2024 보완전사(김기승 성명학 9,491자 기준본 대조 추가); 기준본 음(대표) 필드 오류로 뜻풀이 텍스트에서 재추출함"
8126,"지,기,피",汥,물 모이는 곳 지,8,물나뉘어 흐를. 물 모이는 곳 지. 물 모이는 곳 기. 물 모이는 곳 피,金,,"2024 보완전사(김기승 성명학 9,491자 기준본 대조 추가); 기준본 음(대표) 필드 오류로 뜻풀이 텍스트에서 재추출함"
8127,지,祉,복 지,9,복. 하늘에서 내리는 행복.,木,341,
8128,"지,기",枳,탱자 지/기,9,"탱자나무, 해하다, 해치다. 저지하다, 막다, 탱자 기.",木,341,
8129,"지,제,치",泲,"물이름 지/제,치",9,"물이름. 물이름 제, 물이름 치",水,341,옥편 8획
8130,지,咫,여덥치 지,9,"여덥치, 길이. 가깝다, 짧다.",水,341,
8131,"지,저",扺,칠 지,9,칠 지. 막을 저,木,,"2024 보완전사(김기승 성명학 9,491자 기준본 대조 추가)"
8132,지,汦,붙을 지,9,"붙을 지(붙다, 부착되다). 서로 가까이 결합하거나 합쳐지는 상태(부착, 접합)",水,,"2024 보완전사(김기승 성명학 9,491자 기준본 대조 추가)"
8133,"지,뭍",沚,물가 지,9,"물가 지(강, 호수 등의 가장자리). 작은 섬이나 모래톱 등 물가에 형성된 뭍, 섬의 의미(물가에 있는 땅)",水,,"2024 보완전사(김기승 성명학 9,491자 기준본 대조 추가)"
8134,지,持,가질 지,10,"가지다, 쥐다, 잡다, 지니다, 버티다. 견디어내다, 대립하다, 보존하다.",木,341,옥편 9획
8135,지,芝,지초 지,10,지초.,木,341,옥편 8획
8136,지,芷,어수리 지,10,"어수리, 지초.",木,341,옥편 8획
8137,지,指,가리킬 지,10,"아름답다, 곱다, 마음, 가리키다. 지시하다, 곤두서다.",木,341,옥편 9획
8138,"지,기",祗,공경할 지/기,10,"다만, 겨우, 편안하다, 공경하다. 공경할 지, 땅귀신 기.",木,341,
8139,지,紙,종이 지,10,"종이, 신문.",木,341,
8140,지,秖,다만 지,10,"다만, 때마침, 시작하다. 거듭 심다.",木,341,
8141,지,舔,핥을 지,10,"핥다, 빨다.",火,341,
8142,지,砥,숫돌 지,10,"숫돌, 갈다, 닦다, 수양하다. 평정하다, 고루다, 평평하다 평탄하다.",金,341,
8143,지,洔,섬 지,10,"섬, 조그마한 섬, 갑자기 불은 물",水,341,옥편 9획
8144,지,肢,팔다리 지,10,"팔다리, 사지, 수족",水,341,옥편 8획
8145,지,㩼,많을 지,10,지. 많을 지,金,,"2024 보완전사(김기승 성명학 9,491자 기준본 대조 추가)"
8146,"지,저,치",泜,물 이름 지,10,물 이름 지. 물 이름 저. 물 이름 치,水,,"2024 보완전사(김기승 성명학 9,491자 기준본 대조 추가)"
8147,지,舐,핥을 지,10,핥을 지(혀로 혀질하거나 핥다). 비유적으로 아첨하거나 은근히 잘 보살피는 태도(엎드려 아첨함),火,,"2024 보완전사(김기승 성명학 9,491자 기준본 대조 추가)"
8148,지,𥎵,알 지,10,지. 알 지,金,,"2024 보완전사(김기승 성명학 9,491자 기준본 대조 추가)"
8149,지,衼,가사 지,10,가사. 가사 지,金,,"2024 보완전사(김기승 성명학 9,491자 기준본 대조 추가); 기준본 음(대표) 필드 오류로 뜻풀이 텍스트에서 재추출함"
8150,지,秪,다만 지,10,마침. 다만 지. 시작할 지,金,,"2024 보완전사(김기승 성명학 9,491자 기준본 대조 추가); 기준본 음(대표) 필드 오류로 뜻풀이 텍스트에서 재추출함"
8151,지,⿰舟氏,만날 지,11,"만나다, 합하다.",木,342,"이체자, 유니코드 미상 / 원본 자형 표기"
8152,지,趾,터 지,11,"밭, 터.",土,342,
8153,지,觗,만날 지,11,만날 지. 술잔 지,木,,"2024 보완전사(김기승 성명학 9,491자 기준본 대조 추가)"
8154,지,智,슬기 지,12,"슬기, 지혜, 재능, 지혜롭다, 알다. 총명한 사람, 슬기롭다.",火,342,
8155,지,軹,두갈래 지,12,"굴대 끝, 두 갈래.",火,342,
8156,지,阯,터 지,12,"터, 기슭, 주춧돌, 물가, 발.",土,342,옥편 7획
8157,지,脂,기름 지,12,"기름, 입술연지.",水,342,옥편 10획
8158,지,痣,사마귀 지,12,"사마귀 지(피부에 생기는 혹, 사마귀). 점, 반점(피부 표면의 색소성 또는 돌출된 표지)",水,,"2024 보완전사(김기승 성명학 9,491자 기준본 대조 추가)"
8159,"지,진",臸,이를 진,12,지. 이를 진,金,,"2024 보완전사(김기승 성명학 9,491자 기준본 대조 추가); 1차 음의 뜻풀이 누락으로 타 음(진)의 훈으로 대표훈음 대체"
8160,지,⿰扌者,버틸 지,14,"버티다, 괴다.",木,342,"이체자, 유니코드 미상 / 원본 자형 표기"
8161,"지,제,시",禔,"복 지/제,시",14,"행복, 즐거움, 편안하다. 복 제, 복 시",木,342,
8162,지,椥,주춧돌 지,14,"주춧돌, 버티다.",木,342,
8163,지,⿰馬氏,굳셀 지,14,"검은 호랑이, 굳세다.",火,342,"이체자, 유니코드 미상 / 원본 자형 표기"
8164,지,誌,기록할 지,14,"기록하다, 외우다, 알아차리다. 기록, 표지, 적다.",金,342,
8165,지,蜈,거미 지,14,"거미, 지주.",水,342,
8166,지,榰,주춧돌 지,14,주춧돌(기둥을 받치는 돌). 기둥을 세우는 기초의 받침부(건축에서의 받침),木,,"2024 보완전사(김기승 성명학 9,491자 기준본 대조 추가)"
8167,지,蜘,거미 지,14,거미(절지동물의 일종). 거미를 이르는 한자어(거미류를 가리키는 명칭),水,,"2024 보완전사(김기승 성명학 9,491자 기준본 대조 추가)"
8168,"지,기,시",馶,굳셀 지,14,굳셀 지. 굳셀 기. 강할 시,火,,"2024 보완전사(김기승 성명학 9,491자 기준본 대조 추가)"
8169,지,覟,자세히 볼 지,14,자세히볼. 자세히 볼 지,金,,"2024 보완전사(김기승 성명학 9,491자 기준본 대조 추가); 기준본 음(대표) 필드 오류로 뜻풀이 텍스트에서 재추출함"
8170,지,摯,잡을 지,15,"나는 모양, 잡다, 손으로 쥐다, 이르다. 오다, 권하다, 지극하다, 거칠다.",木,342,
8171,지,銍,기록할 지,15,"기록하다, 새기다, 명심하다.",金,342,
8172,지,墀,지대뜰 지,15,지대뜰. 꾸민 마룻바닥.,土,342,
8173,지,跂,머뭇거릴 지,15,머뭇거리다. 주저하다.,土,342,
8174,지,漬,담글 지,15,"담그다, 적시다, 물들이다, 잠기다. 얕다, 젖다, 거품.",水,342,옥편 14획
8175,지,搘,받칠 지,15,"받치다, 지탱하다(떠받들어 세우다). 끼워 넣다, 밀어 넣어 고정하다(손으로 넣는 동작)",木,,"2024 보완전사(김기승 성명학 9,491자 기준본 대조 추가)"
8176,지,踟,머뭇거릴 지,15,"머뭇거리다, 주저하다(행동을 망설이다). 발걸음을 멈추어 서성이다(한동안 서 있는 상태)",土,,"2024 보완전사(김기승 성명학 9,491자 기준본 대조 추가)"
8177,"지,시",鳷,새매 지,15,까치. 새매 지. 날개 시,金,,"2024 보완전사(김기승 성명학 9,491자 기준본 대조 추가); 기준본 음(대표) 필드 오류로 뜻풀이 텍스트에서 재추출함"
8178,지,鋕,기록할 지,15,새길. 기록할 지,金,,"2024 보완전사(김기승 성명학 9,491자 기준본 대조 추가); 기준본 음(대표) 필드 오류로 뜻풀이 텍스트에서 재추출함"
8179,"지,호",篪,피리 지/호,16,"피리, 긴 대",木,342,
8180,지,𥏾,슬기 지,16,지. 슬기 지,金,,"2024 보완전사(김기승 성명학 9,491자 기준본 대조 추가)"
8181,지,潪,젖을 지,16,땅젖을. 젖을 지,金,,"2024 보완전사(김기승 성명학 9,491자 기준본 대조 추가); 기준본 음(대표) 필드 오류로 뜻풀이 텍스트에서 재추출함"
8182,"지,예,기",鮨,"참다랑어 지/예,기",17,"물고기젓, 참다랑어, 잘게 썬 고기. 능성어 예, 지느러미 기.",水,342,
8183,"지,얼",贄,폐백 지/얼,18,"폐백, 움직이지 아니하다. 움직이지 아니할 얼.",金,342,
8184,지,遲,더딜 지,19,"더디다, 늦다, 느리다, 천천히 하다. 지체하다, 둔하다, 오래다, 기다리다.",土,343,옥편 16획
8185,"지,식,치",識,"적을 지/식,치",19,"적다, 표하다, 알다, 알려지다.",金,343,
8186,"지,질",鷙,맹금 지/질,22,"치다, 굳세다, 사납다, 의심하다. 맹금, 의심할 질.",火,343,
8187,"지,질",躓,넘어질 지/질,22,"넘어지다, 밟다, 멈추다, 부딫치다. 실패하다, 곤란을 겪다, 넘어질 질.",土,343,
8188,"직,치",直,곧을 직/치,8,"곧다, 굳세다, 바르다, 옳다, 펴다. 온순하다, 당하다, 값 치.",木,343,
8189,직,稙,올벼 직,13,"올벼, 이르다.",木,343,
8190,직,稷,피 직,15,"피(볏과의 풀), 기장(볏과의 풀). 빠르다, 삼가다, 합하다, 기울다.",木,343,
8191,직,禝,사람이름 직,15,사람 이름,木,343,
8192,직,職,직분 직,18,"직분, 직책, 벼슬, 사업. 맡다.",火,343,
8193,"직,치",織,짤 직/치,18,"짜다, 만들다. 기치 치.",木,343,
8194,진,尽,다할 진,6,"다하다, 최고에 달다, 다 없어지다. 완수하다, 죽다.",水,343,
8195,"진,신",辰,별 진/신,7,"별 이름, 때, 기회, 택일. 때 신.",土,343,
8196,진,枸,바디 진,8,"바디(베틀, 가마니들, 방직기 따위에 딸린 기구의 하나). 사침대.",木,343,
8197,진,枃,바디 진,8,"바디(기존 표기, 기재된 의미). 문헌에 드물게 보이는 글자여서 고유명사나 음역 등 특수 표기로 쓰임)",木,,"2024 보완전사(김기승 성명학 9,491자 기준본 대조 추가)"
8198,진,抮,되돌릴 진,9,"되돌리다, 붙다, 고착하다. 뒤틀리다, 알을 까다. 뒤 얽히다.",木,343,옥편 8획
8199,진,昣,밝을 진,9,밝다.,火,343,
8200,진,侲,아이 진,9,"어린이, 아이, 말 기르는 사람. 착하다, (아이를)배다.",火,343,
8201,진,殄,다할 진,9,"다하다, 끊다, 끊어지다, 멸하다. 혼미하다, 앏다, 병들다, 죄다.",水,343,
8202,진,眞,참 진,10,"진리, 진실, 본성, 참되다, 진실하다. 똑똑하다, 명료하다, 또렷하다.",木,343,
8203,진,真,참 진,10,"참, 진리, 진실, 본성, 진실하다. 명료하다, 똑똑하다. 또렷하다.",木,343,
8204,진,秦,성씨 진,10,성의 하나.,木,343,
8205,진,晋,진나라 진,10,"나아가다, 꽂다, 삼가다, 억누르다. 억제하다.",火,344,
8206,진,晉,나아갈 진,10,"나아가다, 억누르다, 사이에 끼우다. 꽂다, 진나라 진",火,344,
8207,진,畛,두둑 진,10,"두둑, 지경. 본바탕, 아뢰다.",土,344,
8208,진,珍,보배 진,10,"보물, 맛있는 음식, 진귀하다. 소중히 여기다, 귀중하다, 소중하다.",金,344,옥편 9획
8209,진,津,나루 진,10,"나루터, 물가, 언덕, 인연, 수단. 직위, 넘치다, 윤택하다, 전하다.",水,344,옥편 9획
8210,"진,순",唇,놀랄 진/순,10,"놀라다, 가장자리, 입술. 놀라는 소리, 입술 순.",水,344,
8211,진,疹,마마 진,10,"마마, 홍역, 앓다.",水,344,
8212,진,䂦,돌 울퉁불퉁할 진,10,진. 돌 울퉁불퉁할 진,金,,"2024 보완전사(김기승 성명학 9,491자 기준본 대조 추가)"
8213,진,眕,진중할 진,10,"진중하다, 신중하다(태도가 무겁고 조심스러움). 침착하다, 흔들리지 않다(감정이나 행동이 안정됨)",木,,"2024 보완전사(김기승 성명학 9,491자 기준본 대조 추가)"
8214,진,珎,보배 진,10,보배. 보배 진,金,,"2024 보완전사(김기승 성명학 9,491자 기준본 대조 추가); 기준본 음(대표) 필드 오류로 뜻풀이 텍스트에서 재추출함"
8215,진,振,떨칠 진,11,"떨치다, 진동하다, 구원하다, 거두다. 들다, 열다, 받아들이다, 뽑다.",木,344,옥편 10획
8216,진,袗,홑옷 진,11,"홑옷, 수놓은 옷.",木,344,옥편 10획
8217,진,眹,눈동자 진,11,"눈동자, 조짐, 점괘.",木,344,
8218,진,桭,평고대 진,11,"평고대, 대청",木,344,
8219,"진,미",昣,밝을 진/미,11,"밝다, 흘겨보다.",火,344,
8220,진,珒,옥이름 진,11,옥이름,金,344,옥편 10획
8221,"진,신,접",儚,"다스릴 진/신,접",11,"다스리다. 다스릴 신, 귀늘어질 접.",金,344,
8222,진,㲀,칠 진,11,진. 칠 진,金,,"2024 보완전사(김기승 성명학 9,491자 기준본 대조 추가)"
8223,"진,미",䑐,밝을 진,11,진. 밝을 진. 애꾸눈 미,金,,"2024 보완전사(김기승 성명학 9,491자 기준본 대조 추가)"
8224,진,聄,고할 진,11,고할. 고할 진,金,,"2024 보완전사(김기승 성명학 9,491자 기준본 대조 추가); 기준본 음(대표) 필드 오류로 뜻풀이 텍스트에서 재추출함"
8225,진,紾,비틀 진,11,비틀. 비틀 진,金,,"2024 보완전사(김기승 성명학 9,491자 기준본 대조 추가); 기준본 음(대표) 필드 오류로 뜻풀이 텍스트에서 재추출함"
8226,"진,준",胗,입술 틀 진,11,새밥통. 입술 틀 진. 모이주머니 준,金,,"2024 보완전사(김기승 성명학 9,491자 기준본 대조 추가); 기준본 음(대표) 필드 오류로 뜻풀이 텍스트에서 재추출함"
8227,진,敐,기뻐하는 모양 진,11,즐거워할. 기뻐하는 모양 진,金,,"2024 보완전사(김기승 성명학 9,491자 기준본 대조 추가); 기준본 음(대표) 필드 오류로 뜻풀이 텍스트에서 재추출함"
8228,"진,년,연",趁,"쫓을 진/년,연",12,"쫓다, 따르다, 달려가다, 틈타다. 이용하다, 성급하다, 쫓을 년(연)",火,344,
8229,진,軫,수레뒤턱나무 진,12,"수레뒤턱 나무. 굽다, 마음아파하다, 슬퍄하다, 돌다.",火,344,
8230,진,診,진찰할 진,12,"진찰하다, 보다, 증험하다, 고하다. 맥보다, 증상.",金,344,
8231,진,靕,바를 진,13,바르다.,木,344,
8232,"진,전",塡,진정할 진/전,13,"순종하다, 채우다, 진정하다, 메우다. 오래되다, 누르다, 다하다, 메울 전",土,344,
8233,진,鉁,보배 진,13,"보내, 맛있는 음식, 진귀하다. 소중하다, 귀중하다.",金,344,
8234,"진,전",嗔,성낼 진/전,13,"성내다, 책망하다, 원망하다. 성한 모양 전.",水,345,
8235,진,裖,홑옷 진,13,고운옷. 홑옷 진,金,,"2024 보완전사(김기승 성명학 9,491자 기준본 대조 추가); 기준본 음(대표) 필드 오류로 뜻풀이 텍스트에서 재추출함"
8236,"진,장",揘,꽂을 진/장,14,"(사이에)꽂다, (사이에)끼워 넣다. 흔들다, 떨치다, 흔들 장.",木,345,옥편 13획
8237,진,榛,개암나무 진,14,"개암나무, 우거지다.",木,345,
8238,"진,전,결",榗,"고울 진/전,결",14,"곱다, 결이 곱다, 모이다. 나무끝 전, 결.",木,345,
8239,진,塵,티끌 진,14,"티끌, 때, 시간, 유업. 더럽히다, 묵다.",土,345,
8240,진,賑,구휼할 진,14,"구휼하다, 가멸다, 넉넉하다.",金,345,
8241,진,盡,다할 진,14,"다하다, 완수하다, 극치에 달하다. 다 없어지다, 사망하다.",金,345,
8242,진,溱,많을 진,14,"많다, 펴지다, 성하다, 이르다. 닿다, 도달하다.",水,345,옥편 13획
8243,진,敶,진열할 진,14,진. 진열할 진,金,,"2024 보완전사(김기승 성명학 9,491자 기준본 대조 추가)"
8244,"진,전",槇,결 고울 진,14,결 고울 진. 나무 끝 전,木,,"2024 보완전사(김기승 성명학 9,491자 기준본 대조 추가)"
8245,진,搸,모을 진,14,모을. 모을 진,金,,"2024 보완전사(김기승 성명학 9,491자 기준본 대조 추가); 기준본 음(대표) 필드 오류로 뜻풀이 텍스트에서 재추출함"
8246,진,溍,물 이름 진,14,물이름. 물 이름 진,金,,"2024 보완전사(김기승 성명학 9,491자 기준본 대조 추가); 기준본 음(대표) 필드 오류로 뜻풀이 텍스트에서 재추출함"
8247,진,誫,움직일 진,14,움직일. 움직일 진,金,,"2024 보완전사(김기승 성명학 9,491자 기준본 대조 추가); 기준본 음(대표) 필드 오류로 뜻풀이 텍스트에서 재추출함"
8248,진,禛,복받을 진,15,복을 받다.,木,345,
8249,진,瞋,부릅뜰 진,15,"부릅뜨다, 성내다.",木,345,
8250,진,稹,빽빽할 진,15,"빽빽하다, 촘촘하다, 뿌리가 얽히다. 떨기로 나다, 모이다.",木,345,
8251,"진,신",進,나아갈 진/신,15,"나아가다, 다가오다, 힘쓰다. 오르다, 더하다, 선물, 선사 신.",土,345,옥편 12획
8252,진,陣,진칠 진,15,"진을 치다, 대열, 싸움, 전쟁. 권세가의 논밭, 한바탕.",土,345,옥편 10획
8253,진,瑨,아름다울돌 진,15,아름다운 돌,金,345,옥편 14획
8254,진,璡,아름다울돌 진,15,아름다운 돌,金,345,옥편 14획
8255,"진,전",瑱,누를 진/전,15,"귀막이, 옥이름, 메우다, 누르다. 귀막이 옥 전",金,345,옥편 14획
8256,"진,신",震,우레 진/신,15,"우레, 벼락치다, 떨다, 지진, 위엄. 놀라다, 떨치다, 흔들리다. 애 밸 신.",水,345,
8257,진,搢,무엇을 꽂아 넣거나 끼울 진,15,"무엇을 꽂아 넣거나 끼우다(삽입하다). 관직이나 명예 있는 위치에 오르다, 신분이 높음을 이르는 용법(관직을 뜻함)",木,,"2024 보완전사(김기승 성명학 9,491자 기준본 대조 추가)"
8258,진,𤨁,아름다운 돌 진,15,진. 아름다운 돌 진,金,,"2024 보완전사(김기승 성명학 9,491자 기준본 대조 추가)"
8259,진,縝,붉은비단 진,16,"붉은 비단, 붉은 빛, 꽂다.",木,345,
8260,진,縝,고울 진,16,"곱다, 자상하다, 촘촘하다, 빽빽하다. 맺다, 많고 성한 모양, 검은 머리.",木,345,
8261,진,儘,다할 진,16,"다하다, 완수하다, 최고에 달하다. 다 없어지다, 사망하다.",火,345,
8262,진,陳,베풀 진,16,"베풀다, 묵다, 늘어놓다, 늘어서다. 말하다, 많다, 조사하다. 펴다.",土,346,옥편 11획
8263,진,臻,이를 진,16,"이르다, 도달하다, 미치다, 모이다. 거듭하다, 더하다, 성하다, 가득하다.",土,346,
8264,진,蓁,우거질 진,16,"우거지다, 많다, 숲, 무성한 모양.",木,346,옥편 14획
8265,진,縉,비단 진,16,"비단(고급의 누비나 붉은 비단을 이르는 말). 유학자, 사대부 등 지식층이나 상류층을 가리키는 문헌상 용법(지식층, 거물)",木,,"2024 보완전사(김기승 성명학 9,491자 기준본 대조 추가)"
8266,진,蔯,더위지기 진,17,사철 쑥.,木,346,옥편 15획
8267,진,璶,옥돌 진,17,옥돌.,金,346,옥편 16획
8268,진,墪,설렐 진,17,"설레다, 불안한 모양.",水,346,
8269,진,螴,가슴이나 마음이 설레거나 떨릴 진,17,"가슴이나 마음이 설레거나 떨리다(두근거림, 긴장된 떨림). 가볍게 떨리거나 울리는 느낌, 소리(미세한 진동)",水,,"2024 보완전사(김기승 성명학 9,491자 기준본 대조 추가)"
8270,"진,전",轃,이를 진,17,이를. 이를 진. 이를 전,金,,"2024 보완전사(김기승 성명학 9,491자 기준본 대조 추가); 기준본 음(대표) 필드 오류로 뜻풀이 텍스트에서 재추출함"
8271,진,鎮,진정할 진,18,"진정하다, 진압하다",金,346,
8272,진,濜,급히 흐를 진,18,물이름. 급히 흐를 진,金,,"2024 보완전사(김기승 성명학 9,491자 기준본 대조 추가); 기준본 음(대표) 필드 오류로 뜻풀이 텍스트에서 재추출함"
8273,"진,전",鎭,진압할 진,18,진정할. 진압할 진. 메울 전,金,,"2024 보완전사(김기승 성명학 9,491자 기준본 대조 추가); 기준본 음(대표) 필드 오류로 뜻풀이 텍스트에서 재추출함"
8274,진,鬒,술많고검을 진,20,머리술이 많다.,火,346,
8275,진,䳲,백로 진,21,진. 백로 진,金,,"2024 보완전사(김기승 성명학 9,491자 기준본 대조 추가)"
8276,질,叱,꾸짖을 질,5,"꾸짖다, 책망하다, 소리치다. 성을 내는 소리.",水,346,
8277,질,侄,어리석을 질,8,"어리석다, 굳다, 단단하다. 머무르다, 조카, 조카 질.",火,346,
8278,질,帖,차례 질,8,"책권, 차례, 정리하다.",木,346,
8279,"질,함",帙,책을 싸서 보관하는 겉장이나 싸개 질,8,"책을 싸서 보관하는 겉장이나 싸개(책갑, 책표지의 뜻). 서책을 넣어 두는 상자나 함, 또는 책권을 가리키는 용법(서책 보관)",木,,"2024 보완전사(김기승 성명학 9,491자 기준본 대조 추가)"
8280,질,垤,개밋둑 질,9,"개밋둑, 작은 산.",土,346,
8281,질,姪,조카 질,9,조카.,土,346,
8282,질,桎,막힐 질,10,"쐐기, 막히다.",木,346,
8283,질,秩,차례 질,10,"차례, 순서, 녹봉, 벼슬, 항상, 책갑. 얹기다, 가지런하다, 조리가 있다.",木,346,
8284,질,疾,병 질,10,"질병, 괴로움, 결정, 높은 소리, 신속하게, 앏다, 걸리다, 괴롭다.",水,346,
8285,질,窒,막힐 질,11,"막다, 멈추다, 차다. 메이다. 그치다, 통하지 않다.",木,346,
8286,질,絰,질 질,12,질(상복을 입을 때 머리에 쓰는 수질과 허리에 감는 요질),木,346,
8287,질,跌,거꾸러질 질,12,"거꾸러지다, 넘어지다, 지나치다. 틀리다, 잘못하다, 방종하다, 달리다.",土,346,
8288,"질,일",迭,번갈아들 질/일,12,"번갈아들다, 병하다, 침범하다. 당하다, 범할 일.",土,346,옥편 9획
8289,질,蛭,거머리 질,12,거머리 질. 피를 빨아먹는 수서성 기생동물(거머리),水,,"2024 보완전사(김기승 성명학 9,491자 기준본 대조 추가)"
8290,질,嫉,미워할 질,13,"미워하다, 시새움하다, 투기하다.",土,346,
8291,"질,길",郅,고을이름 질/길,13,"이르다, 도달하다, 크다, 성하다. 오르다, 올라가다, 깃대 길.",土,347,옥편 9획
8292,질,質,바탕 질,15,"바탕, 본질, 성질, 품질, 맹세. 품성, 모양, 소박하다, 질박하다.",金,347,
8293,질,蒺,마름쇠 질,16,"남가새, 마름쇠",木,347,옥편 14획
8294,질,膣,음도 질,17,"음도, 음문, 새살이 돋다. 새살 나다.",水,347,옥편 15획
8295,질,瓆,사람이름 질,20,사람이름,金,347,옥편 19획
8296,질,⿰金質,도끼 질,23,도끼,金,347,"이체자, 유니코드 미상 / 원본 자형 표기"
8297,질,鑕,도끼 질,23,모탕. 도끼 질,金,,"2024 보완전사(김기승 성명학 9,491자 기준본 대조 추가); 기준본 음(대표) 필드 오류로 뜻풀이 텍스트에서 재추출함"
8298,짐,朕,나 짐,10,"조짐, 전조, 징조.",水,347,
8299,"짐,침",斟,짐작할 짐/침,13,"짐작하다, 헤아리다, 요리하다. 푸다, 머뭇거리다, 짐작할 침.",火,347,
8300,"짐,담",鴆,짐새 짐/담,15,"짐새, 새이름. 새 이름 담.",火,347,
8301,"집,십",什,세간 집/십,4,"세간, 가구, 열 사람, 여러가지. 다종다양한, 잡다한, 열 사람 십.",火,347,
8302,"집,아",庌,집 아,7,집. 집 아,土,,"2024 보완전사(김기승 성명학 9,491자 기준본 대조 추가); 1차 음의 뜻풀이 누락으로 타 음(아)의 훈으로 대표훈음 대체"
8303,집,咠,소곤거릴 집,9,"소곤거리다, 참소하다, 귓속말.",水,347,
8304,"집,도",庩,가라앉은 집 도,10,집. 가라앉은 집 도,火,,"2024 보완전사(김기승 성명학 9,491자 기준본 대조 추가); 1차 음의 뜻풀이 누락으로 타 음(도)의 훈으로 대표훈음 대체"
8305,집,執,잡을 집,11,"잡다, 가지다, 맡아 다스리다, 벗. 처리하다, 사귀다, 두려워하다.",土,347,
8306,"집,래",庲,집 래,11,집. 집 래(내),火,,"2024 보완전사(김기승 성명학 9,491자 기준본 대조 추가); 1차 음의 뜻풀이 누락으로 타 음(래)의 훈으로 대표훈음 대체"
8307,집,卙,많을 집,11,모일. 많을 집,金,,"2024 보완전사(김기승 성명학 9,491자 기준본 대조 추가); 기준본 음(대표) 필드 오류로 뜻풀이 텍스트에서 재추출함"
8308,집,集,모을 집,12,"모으다, 모이다, 편안하다, 이르다. 도달하다, 가지런하다, 일다.",火,347,
8309,"집,즙",楫,노 집/즙,13,"노, 배, 노를 젓다, 모으다. 수집하다.",木,347,
8310,집,戢,편안할 집,13,"거두다, 보관하다, 정지하다. 그치다, 편안하게 하다, 단속하다.",金,347,
8311,"집,즙",緝,모을 집/즙,15,"모으다, 길쌈하다, 꿰메다, 엮다. 잇다, 계속하다, 화합하다, 이을 즙.",木,347,
8312,집,㙫,샘솟을 집,15,집. 샘솟을 집,金,,"2024 보완전사(김기승 성명학 9,491자 기준본 대조 추가)"
8313,집,輯,화할 집,16,"모으다, 합치다, 화하다. 화목하다, 상냥하다, 화기애애하다, 솟솔볼다.",火,347,
8314,집,湒,샘솟을 집,16,"샘솟다, 물이 끓는 모양. 샘솟는 모양.",水,347,옥편 15획
8315,집,潗,샘솟을 집,17,샘솟을 집. 샘이나 물줄기가 솟아나오다(물이 솟음). 원천처럼 끊임없이 솟아나 퍼지다,水,,"2024 보완전사(김기승 성명학 9,491자 기준본 대조 추가)"
8316,집,鏶,판금 집,20,"판금, 금속판.",金,347,
8317,"징,치",徵,부를 징/치,15,"부르다, 소집하다, 구하다, 모집하다. 밝히다, 증명하다, 음률이름 치",火,347,
8318,"징,등",澄,맑을 징/등,16,"맑다, 맑고 깨끗하다, 안정되다. 편안하다, 정지하다, 널 등.",水,348,옥편 15획
8319,징,澂,맑을 징,16,"맑다, 맑고 깨끗하다, 안정되다. 편안하다, 정지하다, 널 등.",水,348,옥편 15획
8320,"징,쟁,챙",瞪,"바로볼 징/쟁,챙",17,"바로보다, 주시하다, 노려보다. 쏘아보다, 바로볼 쟁, 바로볼 챙.",木,348,
8321,징,懲,징계할 징,19,"응징하다, 벌주다, 혼내다",火,348,
8322,징,瀓,맑을 징,19,"맑다, 맑고 깨끗하다, 안정되다. 편안하다, 정지하다, 널 등.",水,348,옥편 18획
8323,징,癥,적취 징,20,"적취, 어혈.",水,348,
8324,"찔,부",烰,찔 부,11,찔. 찔 부. 부엌 부,水,,"2024 보완전사(김기승 성명학 9,491자 기준본 대조 추가); 1차 음의 뜻풀이 누락으로 타 음(부)의 훈으로 대표훈음 대체"
8325,차,叉,갈래 차,3,"갈래, 아귀(사물의 갈라진 부분) 가닥, 작살, 야차(악귀이름), 작살 차.",水,348,
8326,"차,저,조",且,"또 차/저,조",5,"또한, 우선, 장차, 구차하다. 공경스럽다, 공경스러울 저, 도마 조.",木,348,
8327,차,次,버금 차,6,"브금, 다음에, 차례, 장소, 임시. 자리, 머뭇거릴 차.",火,348,
8328,차,此,이 차,6,"이, 이에.",土,348,
8329,"차,거",車,수레 차/거,7,수레. 수레 거.,火,348,
8330,"차,분",岔,바꿀 차/분,7,"갈림길, 돌리다, 바꾸다, 어긋나다. 산이 높다, 산이 높을 분.",土,348,
8331,차,扠,집을 차,7,집을. 집을 차. 작살 차,金,,"2024 보완전사(김기승 성명학 9,491자 기준본 대조 추가); 기준본 음(대표) 필드 오류로 뜻풀이 텍스트에서 재추출함"
8332,차,⿰亻差,자랑할 차,8,"낙망하다, 실의하다. 자랑하다, 뽐내다, 낙망하는 모양.",火,348,"이체자, 유니코드 미상 / 원본 자형 표기"
8333,차,⿰亻夂,재빠를 차,8,"재다, 째빠르다, 돕다. 나란히 하다.",火,348,"이체자, 유니코드 미상 / 원본 자형 표기"
8334,차,佽,잴 차,8,"잴 차. 재거나 가늠함(측정, 산정)의 뜻으로 쓰이는 글자. 드물게 쓰이는 표기",火,,"2024 보완전사(김기승 성명학 9,491자 기준본 대조 추가)"
8335,차,侘,낙망할 차,8,"낙망할 차. 외롭고 쓸쓸한 감정(쓸쓸함). 낙담하거나 실망하여 마음이 상함(탄식, 한탄)",火,,"2024 보완전사(김기승 성명학 9,491자 기준본 대조 추가)"
8336,"차,타",姱,자랑할 차/타,9,"자랑하다, 과시하다, 아가씨. 아름답다, 예쁜 여자, 자랑할 타.",土,348,
8337,"차,타",姹,자랑할 차,9,자랑할 차. 자랑할 타,土,,"2024 보완전사(김기승 성명학 9,491자 기준본 대조 추가)"
8338,차,借,빌릴 차,10,"빌리다, 꾸다, 기대다, 꾸어주다. 의지하다, 가탁하다, 핑계삼다, 타다.",火,348,
8339,"차,치,채",差,"다를 차/치,채",10,"다르다, 어긋나다, 기이하다, 부리다. 선택하다, 가리다, 차별 치, 버금 채",火,348,
8340,차,挓,벌릴 차,10,벌릴. 벌릴 차,金,,"2024 보완전사(김기승 성명학 9,491자 기준본 대조 추가); 기준본 음(대표) 필드 오류로 뜻풀이 텍스트에서 재추출함"
8341,차,借,빌릴 차,11,"빌리다, 꾸다, 꾸어주다, 의지하다. 가탁하다, 핑계삼다.",火,348,
8342,차,徣,빌릴 차,11,빌릴 차. 다른 사람에게서 빌려 쓰다(차용). 요구하여 거두어들이거나 징수함의 뜻으로도 쓰임,火,,"2024 보완전사(김기승 성명학 9,491자 기준본 대조 추가)"
8343,"차,다",茶,차 차/다,12,"차나무, 동백나무. 차 다.",木,348,옥편 10획
8344,"차,거",硨,옥돌 차/거,12,"옥돌, 조개. 조개이름 거.",金,348,
8345,"차,치",嵖,우뚝솟을 차/치,13,"우뚝솟다, 가파르다. 울쑥불쑥할 치.",土,348,
8346,차,嗟,탄식할 차,13,"탄식하다, 감탄하다.",水,349,
8347,"차,치",嵯,우뚝 솟을 차,13,우뚝 솟을 차. 울쑥불쑥할 치,土,,"2024 보완전사(김기승 성명학 9,491자 기준본 대조 추가)"
8348,차,劄,찌를 차,14,"찌르다, 기록하다, 적다, 닿다. 이르다.","金,木",349,
8349,"차,사",槭,나무벨 차/사,14,나무를 베다.,木,349,
8350,"차,사",槎,나무 벨 차,14,나무 벨 차. 떼 사,木,,"2024 보완전사(김기승 성명학 9,491자 기준본 대조 추가)"
8351,"차,함",箚,찌를 차,14,찌를 차. 날카로운 것으로 찌르다(찌름)의 뜻으로 쓰임. 때로는 간단한 기록이나 메모를 가리키는 표기로 쓰이기도 함,木,,"2024 보완전사(김기승 성명학 9,491자 기준본 대조 추가)"
8352,차,瑳,고울 차,15,"곱다, 웃다, 갈다, 연마하다.",金,349,옥편 14획
8353,"차,자",磋,갈 차/자,15,"갈다, 연마하다, 연구하다, 의논하다. 토의하다, 절충하다, 삭은뼈 자.",金,349,
8354,차,蹉,미끄러질 차,17,"미끄러지다, 넘어지다, 지나다.",土,349,
8355,"차,저",遮,가릴 차/저,18,"가리다, 감추다, 숨기다, 차단하다. 속이다, 이 저.",土,349,옥편 15획
8356,차,䣜,고을 이름 차,18,차. 고을 이름 차,金,,"2024 보완전사(김기승 성명학 9,491자 기준본 대조 추가)"
8357,차,鹺,소금 차,21,"소금, 짜다.",水,349,
8358,"차,다",奲,관대할 차/다,24,"관대하다, 풍부하다. 풍부할 다.",木,349,
8359,착,窄,기록할 착,10,"기록하다, 좁다, 축소시키다. 곤궁하다, 군색하다.",水,349,
8360,착,捉,지탱할 착,11,"잡다, 쥐다, 체포하다, 사로잡다. 지키다, 부리다, 지탱하다.",木,349,옥편 10획
8361,"착,저",着,붙을 착/저,12,"붙다, 입다, 쓰다, 신다, 다다르다. 시작하다, 분명하다, 나타날 저.",木,349,
8362,"착,자",搔,짤 착/자,14,"짜다, 짜내다, 거르다. 술주자 자.",木,349,옥편 13획
8363,착,斲,깎을 착,14,"깎다, 쪼개다, 베다, 새기다. 아로새기다.",金,349,
8364,착,搾,액체나 기름을 짜낼 착,15,"액체나 기름을 짜내다(짜서 나오게 함). 압착, 압박하여 물건을 만드는 것 또는 억지로 짜내다(강하게 누름)",木,,"2024 보완전사(김기승 성명학 9,491자 기준본 대조 추가)"
8365,"착,조",錯,꾸밀 착/조,16,"어긋나다, 섞다, 꾸미다, 도금하다. 거칠어지다, 어지럽히다, 둘 조.",金,349,
8366,착,擉,작살 착,17,"작살, 찌르다.",木,349,옥편 16획
8367,착,戳,찍을 착,18,"찌르다, 도장을 찍다.",金,349,
8368,착,齪,악착할 착,22,"악착하다, 작다, 도량이 좁은 모양. 촉박한 모양, 이가 맞부딫치는 소리.",金,349,
8369,"착,조,촉",鑿,"뚫을 착/조,촉",28,"뚫다, 파다, 깎다, 요란하게 두드리다. 뚜렸하다, 명확하다, 구멍 조, 새길 촉.",金,349,
8370,찬,粲,고울 찬,13,"정미, 곱다, 밝다, 환하다, 웃다. 쌀 찧기.",木,350,
8371,찬,贊,도울 찬,15,"돕다, 밝히다, 참례하다, 칭찬하다. 나아가다, 알리다, 이끌다, 전달하다.",金,350,
8372,찬,賛,도울 찬,15,贊. 도울 찬,金,,"2024 보완전사(김기승 성명학 9,491자 기준본 대조 추가); 기준본 음(대표) 필드 오류로 뜻풀이 텍스트에서 재추출함"
8373,"찬,선",撰,지을 찬/선,16,"짓다, 적다, 기록하다, 품다, 법칙. 가지다, 만들다, 규정, 가릴 선.",木,350,옥편 15획
8374,찬,餐,밥 찬,16,"밥, 음식, 먹다, 마시다. 칭찬하다, 찬미하다, 거두다.",水,350,
8375,찬,篡,빼앗을 찬,16,"빼았다, 강탈하다, 붉은 끈",木,350,
8376,찬,簒,빼앗을 찬,17,"빼았다, 강탈하다, 붉은 끈",木,350,
8377,찬,儹,모을 찬,17,"모으다, 모이다, 일 꾸미다.",火,350,
8378,찬,燦,빛날 찬,17,"빛나다, 번쩍번쩍하다. 찬란하다.",火,350,
8379,찬,澯,맑을 찬,17,맑다,水,350,옥편 16획
8380,찬,儧,모을 찬,17,"모으다(사람, 물건, 자금을 한데 모음). 모아서 정리하거나 편성하다(집합한 것을 정돈함)",火,,"2024 보완전사(김기승 성명학 9,491자 기준본 대조 추가)"
8381,찬,璻,옥빛 찬,18,"아름다운 옥, 빛나다. 구슬이 드리워진 모양, 빛날 찬",金,350,옥편 17획
8382,찬,竄,숨을 찬,18,"숨다, 달아나다, 숨기다, 내치다. 고치다, 들여놓다, 훈하다.",水,350,
8383,찬,贊,도울 찬,19,"돕다, 밝히다, 참례하다, 칭찬하다. 나아가다, 알리다, 이끌다, 전달하다.",金,350,
8384,찬,纂,모을 찬,20,"모으다, 잇다, 편집하다. 만들어 내다, 적당히 꾸미다.",木,350,
8385,찬,儹,모을 찬,21,"모으다, 모이다, 빠르다, 빨리.",火,350,
8386,찬,劕,깎을 찬,21,"깎다, 모이다, 머뭇거리다. 나아가지 아니하다.",金,350,
8387,"찬,선",饌,반찬 찬/선,21,"반찬, 음식, 먹다, 음식을 차리다. 기록하다, 가지다, 지을 찬, 여섯냥 선",水,350,
8388,찬,巑,높을 찬,22,"산 뽀쪽하다, 높이 솟다, 고상하다.",土,350,
8389,찬,⿰女贊,희고환할 찬,22,희고 환하다.,土,350,"이체자, 유니코드 미상 / 원본 자형 표기"
8390,찬,讚,기릴 찬,22,"기리다, 찬양하다, 찬조하다. 돕다, 인도하다, 고하다, 밝다.",金,350,
8391,찬,㜺,희고 환할 찬,22,찬. 희고 환할 찬,金,,"2024 보완전사(김기승 성명학 9,491자 기준본 대조 추가)"
8392,찬,攛,던질 찬,22,던질. 던질 찬,金,,"2024 보완전사(김기승 성명학 9,491자 기준본 대조 추가); 기준본 음(대표) 필드 오류로 뜻풀이 텍스트에서 재추출함"
8393,찬,讃,기릴 찬,22,讚. 기릴 찬,金,,"2024 보완전사(김기승 성명학 9,491자 기준본 대조 추가); 기준본 음(대표) 필드 오류로 뜻풀이 텍스트에서 재추출함"
8394,찬,攢,모일 찬,23,"모이다, 모으다, 뚫다, 도려내다.",木,350,옥편 22획
8395,찬,欑,모을 찬,23,"모으다, 모이다, 임시로 묻다. 떼짓다, 가장하다.",木,351,
8396,찬,灒,뿌릴 찬,23,물튈. 뿌릴 찬,金,,"2024 보완전사(김기승 성명학 9,491자 기준본 대조 추가); 기준본 음(대표) 필드 오류로 뜻풀이 텍스트에서 재추출함"
8397,찬,瓚,옥잔 찬,24,"옥잔, 술그릇.",金,351,옥편 23획
8398,찬,穳,볏가리 찬,24,벼베어쌓을. 볏가리 찬,金,,"2024 보완전사(김기승 성명학 9,491자 기준본 대조 추가); 기준본 음(대표) 필드 오류로 뜻풀이 텍스트에서 재추출함"
8399,찬,⿰糹贊,이을 찬,25,"잇다, 계승하다, 이어받다, 모으다.",木,351,"이체자, 유니코드 미상 / 원본 자형 표기"
8400,찬,纘,이어서 이을 찬,25,"이어서 잇다, 계승하다(전통이나 권력을 이어받음). 모아 편집하거나 집성하다(자료를 이어 정리함)",木,,"2024 보완전사(김기승 성명학 9,491자 기준본 대조 추가)"
8401,"찬,차",酇,고을 이름 찬,25,마을. 고을 이름 찬. 고을 이름 차,金,,"2024 보완전사(김기승 성명학 9,491자 기준본 대조 추가); 기준본 음(대표) 필드 오류로 뜻풀이 텍스트에서 재추출함"
8402,찬,趲,놀라흩어질 찬,26,"놀라 흩어지다, 흩어져 달리다. 내닫게 하다.",火,351,
8403,찬,讚,기릴 찬,26,"기디다, 찬양하다, 찬조하다, 돕다. 인도하다, 고하다, 밝다.",金,351,
8404,찬,鑽,뚫을 찬,27,"뚫다, 끌다, 모으다, 깊이 연구하다. 파고들다, 생각하다, 비위를 맞추다.",金,351,
8405,"찬,촌",爨,부뚜막 찬/촌,30,"부뚜막, 밥을 짓다. 부뚜막 촌.",火,351,
8406,찰,扎,편지 찰,5,"편지, 공문서, 돌림병. 뽑다, 뽑아내다, 꺾다, 일찍죽다.",木,351,옥편 4획
8407,찰,札,편지 찰,5,"편지, 족가, 공문서, 전염병, 뽑다. 뽑아내다, 꺾다, 일찍죽다, 뽑을 찰.",木,351,
8408,찰,刹,절 찰,8,"절, 기둥, 탑.",金,351,
8409,"찰,정",凈,찰 정,10,찰. 찰 정,金,,"2024 보완전사(김기승 성명학 9,491자 기준본 대조 추가); 1차 음의 뜻풀이 누락으로 타 음(정)의 훈으로 대표훈음 대체"
8410,찰,紮,머물 찰,11,"감다, 머무르다, 매다, 묶다. 주둔하다.",木,351,
8411,"찰,창",凔,찰 창,12,찰. 찰 창,金,,"2024 보완전사(김기승 성명학 9,491자 기준본 대조 추가); 1차 음의 뜻풀이 누락으로 타 음(창)의 훈으로 대표훈음 대체"
8412,찰,察,살필 찰,14,"살펴서 알다, 상고하다, 드러나다. 깨끗하다, 밝고 자세하다, 조사하다.",木,351,
8413,"찰,국",陱,가득찰 국,14,찰. 가득찰 국,木,,"2024 보완전사(김기승 성명학 9,491자 기준본 대조 추가); 1차 음의 뜻풀이 누락으로 타 음(국)의 훈으로 대표훈음 대체"
8414,찰,擦,문지를 찰,18,"문지르다, 마찰하다, 비비다.",木,351,옥편 17획
8415,참,旵,햇살 비칠 참,7,햇살비칠. 햇살 비칠 참,金,,"2024 보완전사(김기승 성명학 9,491자 기준본 대조 추가); 기준본 음(대표) 필드 오류로 뜻풀이 텍스트에서 재추출함"
8416,참,站,역마을 참,10,"역마을, 우두커니 서다, 일어서다.",金,351,
8417,참,㰫,기쁠 참,10,참. 기쁠 참,金,,"2024 보완전사(김기승 성명학 9,491자 기준본 대조 추가)"
8418,"참,삼",參,참여할 참/삼,11,"참여하다, 간여하다, 관계하다. 가지런하다, 섞이다, 헤아리다, 석 삼",火,351,
8419,참,斬,벨 참,11,"베다, 끊다, 끊기다, 재단하다. 다하다.",金,351,
8420,"참,점",塹,평평할 참/점,14,"구엉이, 파다, 빠지다, 낮다. 평평하다, 낮을 점.",土,351,
8421,참,僭,주제넘을 참,14,"주제넘다, 참람하다, 분에 넘치다. 어그러지다, 거짓, 참소.",火,351,
8422,참,嶄,높을 참,14,"가파르다, 뾰쭉하다, 높다. 파다, 뚫다, 허준하다.",土,351,
8423,"참,첨",槧,편지 참/첨,15,"판, 편지. 건목칠 첨.",木,351,
8424,"참,조",慘,참혹할 참/조,15,"참혹하다, 무자비하다, 아프다. 상하게 하다, 해치다, 우울해질 조.",火,352,옥편 14획
8425,참,慙,부끄러워할 참,15,"부끄럽다, 부끄러워하다, 수치. 부끄럽게 여기다, 부끄러움.",火,352,옥편 14획
8426,참,慹,부끄러울 참,15,"부끄럽다, 부끄러워하다, 수치. 부끄럽게 여기다, 부끄러움.",火,352,
8427,참,憯,비통할 참,16,"비통하다, 슬퍼하다",火,352,옥편 15획
8428,참,慚,부끄러워할 참,16,부끄러워하다(수치심을 느끼다). 양심의 가책으로 자책하다(뉘우침),火,,"2024 보완전사(김기승 성명학 9,491자 기준본 대조 추가)"
8429,참,儳,약은토끼 참,17,"약은 토끼, 약빠르다.",火,352,
8430,참,毚,약은 토끼 참,17,약은 토끼(작고 약한 토끼를 이르는 옛말). 토끼를 가리키는 이체자 또는 특정 용어로 쓰임(고어적 명칭),火,,"2024 보완전사(김기승 성명학 9,491자 기준본 대조 추가)"
8431,참,儳,빠를 참,19,"어긋나다, 가지런하지 않다. 빠르다. 경솔하다, 섞다, 말참견하다.",火,352,
8432,참,讒,참소할 참,19,"참소하다, 헐뜯다, 하소연하다. 어긋나다, 속이다.",金,352,
8433,참,鏨,새길 참,19,"새기다, 끌다.",金,352,
8434,참,譖,참소할 참,19,참소할. 참소할 참,金,,"2024 보완전사(김기승 성명학 9,491자 기준본 대조 추가); 기준본 음(대표) 필드 오류로 뜻풀이 텍스트에서 재추출함"
8435,참,巉,가파를 참,20,"가파르다, 높다. 산 깎아지른 듯하다.",土,352,
8436,참,攙,찌를 참,21,"찌르다, 날카롭다, 돕다, 섞다. 혼합하다.",木,352,옥편 20획
8437,참,欃,살별이름 참,21,나무이름.,木,352,
8438,"참,천",懺,뉘우칠 참/천,21,"뉘우치다, 회개하다. 뉘우칠 천",火,352,옥편 20획
8439,참,驂,곁마 참,21,곁마.,火,352,
8440,참,黲,푸를 참,23,"검푸르죽죽하다, 검다, 썩다. 엷게 푸르다, 상하다.",水,352,
8441,참,讒,참소할 참,24,"참소하다, 헐뜯다, 거짓말하다. 속이다, 해치다, 사특하다.",金,352,
8442,참,讖,예언 참,24,"예언, 조짐, 뉘우치다.",金,352,
8443,참,鑱,침 참,25,"침, 침 놓다, 찌르다. 새기다.",金,352,
8444,참,饞,탐할 참,26,"탐하다, 걸신들리다, 입이 천하다.",水,352,
8445,창,昌,창성할 창,8,"창성하다, 번성하다, 어지럽히다. 아름답다, 곱다, 착하다, 외치다.",火,352,
8446,창,刅,비롯할 창,8,"비롯하다, 시작하다, 다치다, 데다. 혼이나다, 징계하다, 만들다, 다칠 창",金,352,
8447,"창,우",穻,들창 우,8,창. 들창 우. 집 우,土,,"2024 보완전사(김기승 성명학 9,491자 기준본 대조 추가); 1차 음의 뜻풀이 누락으로 타 음(우)의 훈으로 대표훈음 대체"
8448,창,刱,비롯할 창,8,처음. 비롯할 창. 다칠 창,金,,"2024 보완전사(김기승 성명학 9,491자 기준본 대조 추가); 기준본 음(대표) 필드 오류로 뜻풀이 텍스트에서 재추출함"
8449,창,昶,밝을 창,9,"해가 길다, 환하다, 밝다. 트이다, 통달하다.",火,352,
8450,창,倉,곳집 창,10,"창고, 당황하다, 푸르다. 슬프다, 슬퍼하다, 갑자기.",火,353,
8451,창,倡,번창할 창,10,"광대. 번창하다, 인도하다, 미치광이.",火,353,
8452,창,倀,갈팡질팡할 창,10,"갈팡질팡하다, 쓰러지다, 넘어지다. 길을 잃다, 홀로서다, 귀신이름 창.",火,353,
8453,창,鬯,술이름 창,10,"자라다, 펴다, 왕성하다. 울창하다.","木,金",353,
8454,창,唱,부를 창,11,"부르다, 먼저 부르다, 말을 꺼내다. 주장하다, 인도하다.",水,353,
8455,"창,총",窓,창 창/총,11,"창문, 지게문. 굴뚝 총.","水,木",353,
8456,창,娼,창녀 창,11,노는 여자.,土,353,
8457,창,創,비롯할 창,12,"비롯하다, 시작하다, 다치다, 상하다. 징계하다, 혼나다, 슬퍄하다, 다칠 창",金,353,
8458,창,猖,미쳐날뛸 창,12,"미쳐 날뛰다, 어지럽다.",土,353,옥편 11획
8459,창,晿,사람이름,12,사람이름.,火,353,
8460,창,傖,천할 창,12,"천하다, 문란하다, 비루하다. 어지러운 모양.",火,353,
8461,창,悵,원망할 창,12,"원망하다, 한탄하다, 희망을 잃다. 슬퍄하다, 마음 아파하다.",火,353,옥편 11획
8462,창,惝,경황없을 창,12,"경황없다, 망연자실하다, 놀라다. 낙심하다, 모호하다, 멍한 모양.",火,353,옥편 11획
8463,창,敞,시원할 창,12,"시원하다, 높다, 높고 평평하다. 드러나다, 흐릿하다, 마음을 뺏기다.",金,353,
8464,창,⿰氵昌,물이름 창,12,물이름,水,353,"이체자, 유니코드 미상 / 원본 자형 표기"
8465,창,淌,큰 물결 창,12,"큰 물결, 방울지다. 물이 흐르는 모양, 방울져 떨어지다.",水,353,옥편 11획
8466,창,滄,찰 창,12,"차다, 춥다, 차갑다. 냉랭한 모양, 차가운 모양.",水,353,
8467,"창,총",窗,창 창/총,12,창문. 굴뚝 총.,水,353,
8468,창,淐,물 이름 창,13,"물 이름(하천이나 연못 등의 고유명으로 쓰임). 옛 문헌에 보이는 하천, 수역의 명칭으로 사용됨(지명성)",水,,"2024 보완전사(김기승 성명학 9,491자 기준본 대조 추가)"
8469,창,琩,귀막이 옥 창,13,귀막이옥. 귀막이 옥 창,金,,"2024 보완전사(김기승 성명학 9,491자 기준본 대조 추가); 기준본 음(대표) 필드 오류로 뜻풀이 텍스트에서 재추출함"
8470,창,菖,창포 창,14,창포.,木,353,옥편 12획
8471,창,搶,부딪칠 창,14,"부딪히다, 모이다, 빼앗다. 어지럽다.",木,353,옥편 13획
8472,"창,추",槍,다다를 창/추,14,"창, 나무, 어지럽히다, 다다르다. 막다, 치다, 칠 추.",木,354,
8473,창,愴,슬플 창,14,"슬프다, 슬퍄하다, 마음 아파하다. 어지럽다, 어지러워지다, 차갑다.",火,354,옥편 13획
8474,창,暢,화창할 창,14,"화창하다, 통쾌하다, 후련하다, 펴다. 번성하다, 순조롭다, 막힘이 없다.",火,354,
8475,창,彰,선명할 창,14,"드러나다, 나타내다, 선명하다. 밝다, 뚜렷하다, 게시하다.",火,354,
8476,창,敞,비롯할 창,14,"비롯하다, 시작하다, 다치다, 상하다. 징계하다, 슬퍄하다, 만들다, 다칠 창",金,354,
8477,창,滄,큰바다 창,14,"큰 바다, 차다. 싸늘하다, 검푸르다.",水,354,옥편 13획
8478,"창,장",脹,부을 창/장,14,"붓다, 부풀다, 팽창하다, 배부르다. 늘어지다, 창자 창.",水,354,옥편 12획
8479,"창,연,선",鋋,작은 창 연,14,창. 작은 창 연. 작은 창 선,土,,"2024 보완전사(김기승 성명학 9,491자 기준본 대조 추가); 1차 음의 뜻풀이 누락으로 타 음(연)의 훈으로 대표훈음 대체"
8480,창,戧,비롯할 창,14,거스를. 비롯할 창. 다칠 창,金,,"2024 보완전사(김기승 성명학 9,491자 기준본 대조 추가); 기준본 음(대표) 필드 오류로 뜻풀이 텍스트에서 재추출함"
8481,창,畼,곡식 나지 않을 창,14,땅이름. 곡식 나지 않을 창,金,,"2024 보완전사(김기승 성명학 9,491자 기준본 대조 추가); 기준본 음(대표) 필드 오류로 뜻풀이 텍스트에서 재추출함"
8482,"창,탕,양",瑒,옥잔 창,14,옥기구. 옥잔 창. 옥 이름 탕. 옥 이름 양,金,,"2024 보완전사(김기승 성명학 9,491자 기준본 대조 추가); 기준본 음(대표) 필드 오류로 뜻풀이 텍스트에서 재추출함"
8483,창,廠,공장 창,15,"공장, 헛간, 넓다.",木,354,
8484,창,瑺,옥소리 창,15,옥소리.,金,354,옥편 14획
8485,창,漲,넘칠 창,15,"넘치다, 가득차다, 물이 붇다. 많은 모양.",水,354,옥편 14획
8486,창,瘡,부스럼 창,15,"부스럼, 상처.",水,354,
8487,창,誯,부를 창,15,唱. 부를 창,金,,"2024 보완전사(김기승 성명학 9,491자 기준본 대조 추가); 기준본 음(대표) 필드 오류로 뜻풀이 텍스트에서 재추출함"
8488,창,瑲,옥 소리 창,15,옥소리. 옥 소리 창,金,,"2024 보완전사(김기승 성명학 9,491자 기준본 대조 추가); 기준본 음(대표) 필드 오류로 뜻풀이 텍스트에서 재추출함"
8489,창,蒼,푸를 창,16,"푸르다, 우거지다, 허둥지둥하다. 늙다, 어슴푸레하다.",木,354,옥편 14획
8490,창,閶,문 창,16,"문, 서풍.",木,354,
8491,창,艙,부두 창,16,부두.,木,354,
8492,창,氅,새털 창,16,새털.,火,354,
8493,창,鎗,날카로울 창,16,"날카롭다, 예리하다.",金,354,
8494,창,錩,그릇 창,16,그릇. 그릇 창,金,,"2024 보완전사(김기승 성명학 9,491자 기준본 대조 추가); 기준본 음(대표) 필드 오류로 뜻풀이 텍스트에서 재추출함"
8495,창,鋹,날카로울 창,16,예리할. 날카로울 창,金,,"2024 보완전사(김기승 성명학 9,491자 기준본 대조 추가); 기준본 음(대표) 필드 오류로 뜻풀이 텍스트에서 재추출함"
8496,창,蹌,움직일 창,17,"추창하다, 움직이다, 춤추다.",土,354,
8497,창,鶬,재두루미 창,21,재두루미.,火,354,
8498,채,采,벼슬 채,8,"풍채, 벼슬, 무늬. 캐다, 뜯다, 채취하다, 캘 채.",木,354,
8499,채,彩,채색 채,11,"고운 빛깔, 무늬, 윤기, 모양. 도박.",火,354,
8500,채,寀,녹봉 채,11,녹봉.,木,355,
8501,채,婇,여자이름 채,11,여자 의 자,土,355,
8502,채,埰,사패지 채,11,"사패지, 영지, 무덤.",土,355,
8503,"채,책",責,받을 채/책,11,"헐뜯다, 취하다, 받아내다, 권하다. 요구하다, 재촉하다, 꾸짖을 책.",金,355,
8504,채,砦,진터 채,11,"진터, 진치다, 울다.",金,355,
8505,"채,차",釵,비녀 채/차,11,비녀. 비녀 차.,金,355,
8506,"채,치",茝,난초 채/치,12,"어수리(산형과의 여러해살이 풀) 궁궁이 싹, 난초.",木,355,옥편 10획
8507,채,採,캘 채,12,"캐다, 뜯다, 수집하다, 선택하다. 고르다, 가리다, 분간하다, 풍채 채.",木,355,옥편 11획
8508,채,棌,참나무 채,12,참나무.,木,355,
8509,채,睬,주목할 채,13,"주목하다, 속된 말.",木,355,
8510,채,債,빌릴 채,13,"부채, 빌려 줌, 빌리다.",火,355,
8511,"채,쉬,슬,쵀,신",琤,"옥빛 채/쉬,슬,쵀,신",13,"뒤섞이다, 옥빛. 주옥의 광채 쉬(술), 옥빛 쵀(신).",金,355,옥편 12획
8512,"채,쉬,쵀,슬",琗,주옥 광채 채,13,채. 주옥 광채 쉬. 주옥 광채 쵀. 주옥 광채 채. 옥 무늬 고운 모양 슬,金,,"2024 보완전사(김기승 성명학 9,491자 기준본 대조 추가)"
8513,채,菜,나물 채,14,"나물, 반찬, 캐다, 창백하다. 굶주리다.",木,355,옥편 12획
8514,채,綵,비단 채,14,비단.,木,355,
8515,채,寨,울타리 채,14,"목책, 울타리.",木,355,
8516,"채,살",蔡,성씨 채/살,17,"쇠약해지다, 줄이다, 흐트러지다. 내치다, 추방하다, 내칠 살.",木,355,옥편 15획
8517,책,冊,책 책,5,"책, 계획. 새우다, 봉하다.",木,355,
8518,책,册,책 책,5,"책, 계획. 새우다, 봉하다.",木,355,
8519,책,柵,작은성 책,9,"울타리, 작은 성.",木,355,
8520,책,策,책 책,11,"책, 지팡이, 짚다. 채찍 책.",木,355,
8521,"책,채",責,꾸짖을 책/채,11,"헐뜯다, 취하다, 받아내다, 권하다. 요구하다, 재촉하다, 빚 채.",金,356,
8522,책,蚱,메뚜기 책,11,메뚜기,水,356,
8523,책,笧,책 책,11,책 책. 대쪽 책,木,,"2024 보완전사(김기승 성명학 9,491자 기준본 대조 추가)"
8524,책,策,꾀 책,12,"계책, 서적, 채찍. 채찍 책.",木,356,
8525,책,幘,머리쓰개 책,14,"머리쓰개, 꼭대기.",木,356,
8526,책,嘖,들렐 책,14,"들에다, 말다툼하다, 외치다.",水,356,
8527,책,磔,찢을 책,15,"찢다, 찢어 죽이다, 빳빳하다. 내던지다, 벌이다.",金,356,
8528,책,簀,쌓을 책,17,"대자리, 쌓다.",木,356,
8529,처,竌,바를 처,7,바를. 바를 처,金,,"2024 보완전사(김기승 성명학 9,491자 기준본 대조 추가); 기준본 음(대표) 필드 오류로 뜻풀이 텍스트에서 재추출함"
8530,처,妻,아내 처,8,"아내, 시집보내다, 아내로 삼다. 간응하다.",土,356,
8531,처,凄,쓸쓸할 처,10,"쓸쓸하다, 처량하다, 서글프다, 차다. 싸늘하다, 무성하다, 찰 처.",水,356,
8532,처,處,곳 처,11,"처소, 때, 시간, 지위, 신분, 부분. 살다, 거주하다, 휴식하다, 머무르다.",木,356,
8533,"처,서",悽,슬퍄할 처/서,12,"슬퍄하다, 야위다, 차갑다, 바쁘다. 소름이 끼치다, 바쁠 서.",火,356,옥편 11획
8534,처,凄,쓸쓸할 처,12,"쓸쓸하다, 처량하다, 차다. 서글프다, 싸늘하다, 무성하다, 찰 처.",水,356,옥편 11획
8535,"처,천",淒,쓸쓸할 처,13,쓸쓸할 처. 빠른 모양 천,水,,"2024 보완전사(김기승 성명학 9,491자 기준본 대조 추가)"
8536,처,萋,우거질 처,14,"우거지다. 아름답다, 공손하다.",木,356,옥편 12획
8537,"처,서,차,자",郪,"땅이름 처/서,차,자",15,"땅이름. 제나라 땅 이름 서, 현이름 차(서).",土,356,옥편 11획
8538,처,覰,몰래 엿볼 처,18,몰래 엿보다(엿볼). 자세히 살펴보다/응시하다,火,,"2024 보완전사(김기승 성명학 9,491자 기준본 대조 추가)"
8539,처,覷,엿볼 처,19,"엿보다, 노리다, 보다. 거칠다, 촘촘하지 않다.",火,356,
8540,척,尺,자 척,4,"길이, 법, 기술다, 재다.",木,356,
8541,"척,탁,자",斥,"물리칠 척/탁,자",5,"물리치다, 내쫓다, 엇보다, 망보다. 가리키다, 나타나다, 방자할 탁, 성씨 자.",金,356,
8542,"척,자,라,나,체",刺,"찌를 척/자,라,나,체",8,"찌르다, 베어버리다, 살피다. 찌를 자, 수라 라(나), 비방할 체.",金,356,
8543,척,⿰土尺,터 척,8,"터, 기지, 벼 이름.",土,356,"이체자, 유니코드 미상 / 원본 자형 표기"
8544,척,坧,땅 척,8,"땅, 터(터전). 집터, 마을 따위의 장소나 토지",土,,"2024 보완전사(김기승 성명학 9,491자 기준본 대조 추가)"
8545,"척,탁",拓,넓힐 척/탁,9,"넓히다, 개척하다, 열다, 크다, 좁다. 들어올리다, 꺾다, 주울 척, 박을 탁.",木,356,옥편 8획
8546,척,隻,외짝 척,10,"외짝, 단독, 단일, 단 하나의.",火,357,
8547,"척,주",倜,기개있을 척/주,10,"높이 들다, 번쩍들다, 소탈하다. 기괘하다, 어긋나게 뻗을 주.",火,357,
8548,"척,체",剔,뼈바를 척/체,10,"바르다, 깎다, 베어내다, 준설하다. 도려내다, 돋우다, 깎다, 깍을 체.",金,357,
8549,"척,보",捗,칠 척/보,11,"치다, 때리다, 거두다, 수렴하다. 거둘 보.",木,357,옥편 10획
8550,"척,촉",戚,친척 척/촉,11,"친척, 가깝다, 가까이하다, 친하다. 친하게 지내다, 근심할 척, 재촉할 촉",金,357,
8551,척,惕,두려워할 척,12,"두려워하다, 근심하다, 삼가다. 걱정하다, 빠르다, 깜짝 놀라다.",火,357,옥편 11획
8552,척,跖,도달할 척,12,"밟다, 이르다, 도달하다, 가다. 발다닥, 다리.",土,357,
8553,척,⿰月夅,등마루 척,12,"등마루, 등골뼈. 어지러워 지다.",水,357,옥편 10획
8554,"척,철",硩,빼낼 척,12,팔매질해서딸. 빼낼 척. 빼낼 철,金,,"2024 보완전사(김기승 성명학 9,491자 기준본 대조 추가); 기준본 음(대표) 필드 오류로 뜻풀이 텍스트에서 재추출함"
8555,척,塉,메마른땅 척,13,"메마른 땅, 척박한 땅. 메마르다.",土,357,
8556,척,慐,근심할 척,14,근심하다.,火,357,
8557,척,⿰土庸,터 척,14,"터, 터 닦다.",土,357,
8558,척,蜴,도마뱀 척,14,"도마뱀, 속이다, 가만하다.",水,357,
8559,척,墌,땅 척,14,"땅, 터. 기반이 되는 터전(건물터, 마을터 등)",土,,"2024 보완전사(김기승 성명학 9,491자 기준본 대조 추가)"
8560,척,脊,척추 척,14,"척추, 등뼈(사람, 동물의 등 부분). 등마루, 능선(물체의 가운데 융기된 부분)",水,,"2024 보완전사(김기승 성명학 9,491자 기준본 대조 추가)"
8561,"척,석",撫,주울 척/석,15,"줍다, 모으다, 습득하다, 취하다. 주울 석.",木,357,옥편 14획
8562,척,慽,근심할 척,15,"근심하다, 서러워하다, 슬퍄하다. 근심.",火,357,옥편 14획
8563,척,陟,오를 척,15,"오르다, 올리다, 승진하다. 등정하다, 공경하여 받들다.",土,357,옥편 10획
8564,"척,조",滌,씻을 척/조,15,"씻다, 닦다, 청소하다.",水,357,옥편 14획
8565,척,瘠,여윌 척,15,"여위다, 메마르다, 궁핍하다. 빈곤하다, 감하다, 빈약하게 하다.",水,357,
8566,척,慼,슬퍼할 척,16,"슬퍼하다, 애통해하다(비통함). 근심하고 걱정하다",火,,"2024 보완전사(김기승 성명학 9,491자 기준본 대조 추가)"
8567,척,摭,집어 올릴 척,16,집어 올리다(손으로 줍다). 골라 뽑다/선택하다,木,,"2024 보완전사(김기승 성명학 9,491자 기준본 대조 추가)"
8568,척,蹢,밟을 척,18,"밟다, 이르다, 도달하다, 가다. 발다닥, 다리",土,357,
8569,"척,적",蹠,밟을 척,18,밟을 척. 뛸 적,土,,"2024 보완전사(김기승 성명학 9,491자 기준본 대조 추가)"
8570,척,擲,던질 척,19,"던지다, 내버려 두다, 뛰어오르다. 떨치다, 노름을 하다, 도발을 걸다.",木,357,옥편 18획
8571,척,⿰足疇,머뭇거릴 척,22,"머뭇거리다, 땅 밟고 서다, 차다.",土,357,"이체자, 유니코드 미상 / 원본 자형 표기"
8572,척,躑,머뭇거릴 척,22,"머뭇거리다, 망설이다. 서성거리며 발을 옮기다(우물쭈물함)",土,,"2024 보완전사(김기승 성명학 9,491자 기준본 대조 추가)"
8573,천,千,일천 천,3,"삐뚤어지다, 일천, 밭두둑, 반드시. 수효가 많다, 밭두둑 천, 그네 천.",水,358,
8574,천,川,내 천,3,"내, 굴, 들판, 느릿한 모양.",水,358,
8575,천,天,하늘 천,4,"하늘, 자연, 성질, 타고난 천성. 의지, 아버지.","木,火",358,
8576,천,仟,일천 천,5,"일천, 밭두둑, 무성하다. 천명의 두목.",火,358,
8577,"천,준",舛,어그러질 천/준,6,"어그러지다, 틀리다, 어지럽다. 잡되다, 섞이다, 잡될 준.",木,358,
8578,천,珋,옥고리 천,8,"옥고리, 옥팔지.",金,358,옥편 7획
8579,천,玔,옥고리 천,8,옥고리. 옥고리 천,金,,"2024 보완전사(김기승 성명학 9,491자 기준본 대조 추가); 기준본 음(대표) 필드 오류로 뜻풀이 텍스트에서 재추출함"
8580,천,芊,우거질 천,9,"(풀이)우거지다, 무성하다, 푸르다. (초목이)섞이다, (산골이)푸른모양.",木,358,옥편 7획
8581,"천,현",祅,하늘 천/현,9,"하늘, 관중지방의 말, 조로아스터교. 신, 호인의 말, 하늘 현.",木,358,
8582,천,泉,샘 천,9,"샘, 돈, 황천.",水,358,
8583,천,穿,뚫을 천,9,"뚫다, 꿰뚫다, 뚫어지다, 개통하다. 통과하다, 꿰다, 입다, 신다.",水,358,
8584,천,俴,얕을 천,10,"얇다, 엏다, 맨 몸.",火,358,
8585,천,倩,빠를 천,10,"예쁘다, 빠르다, 사위, 고용하다. 남자의 미칭, 사위 청.",火,358,
8586,천,⿰辶旦,천천히걸을 천,10,천천히 걷다.,土,358,옥편 7획
8587,천,洊,연거푸 천,10,"이르다, 닿다. 연거푸, 자주.",水,358,옥편 9획
8588,"천,현",祆,하늘 천,10,하늘 천. 하늘 현,木,,"2024 보완전사(김기승 성명학 9,491자 기준본 대조 추가)"
8589,천,阤,두렁 천,11,"두렁, 길, 무성하다, 빽빽하다, 무덤. 일천.",土,358,옥편 6획
8590,천,釧,팔찌 천,11,"팔찌, 가락지.",金,358,
8591,천,茜,꼭두서니 천,12,꼭두서니(여러해살이 풀). 빨강.,木,358,옥편 10획
8592,"천,진",荐,천거할 천/진,12,"천거하다, 드리다, 늘어놓다, 깔다. 우거지다, 견더내다, 이겨내다, 꽂을 진",木,358,옥편 10획
8593,천,荐,거듭 천,12,"거듭, 거듭오다.",土,358,
8594,"천,전",淺,얕을 천/전,12,"얕다, 엏다, 부족하다, 미숙하다. 짧다, 쉽다, 연하다, 물을 끼얹을 전.",水,358,옥편 11획
8595,천,喘,숨찰 천,12,"숨차다, 헐떡이다, 호흡.",水,359,
8596,천,臶,거듭할 천,12,"거듭하다(되풀이하다). 되풀이됨, 반복되는 상태(고어적 용법)",土,,"2024 보완전사(김기승 성명학 9,491자 기준본 대조 추가)"
8597,천,辿,더듬으며 갈 천,13,"더듬으며 가다, 더듬어 찾아가다(길이나 사정을 더듬음). 천천히 나아가다, 걸음을 더디게 하다(속도가 느림)",土,,"2024 보완전사(김기승 성명학 9,491자 기준본 대조 추가)"
8598,천,僢,등질 천,14,"등지다, 어그러지다, 어수선하다.",火,359,
8599,"천,단,선",儃,"고요할 천/단,선",15,"머뭇거리다, 찬찬하다, 고요하다. 거닐다, 사양하다, 찬찬할 단, 사양할 선",火,359,
8600,천,踐,밟을 천,15,"밟다, 디디다, 짓밟다, 유린하다. 이행하다, 실행하다, 소홀하다, 베다.",土,359,
8601,천,賤,천할 천,15,"천하다, 천히 여기다, 경멸하다, 낮다. 업신여기다, 비열하다, 야비하다.",金,359,
8602,"천,길",阡,두렁 천,15,"두렁, 논두렁(밭과 밭 사이의 흙둑). 좁은 길, 밭둑길(시골의 작은 길)",土,,"2024 보완전사(김기승 성명학 9,491자 기준본 대조 추가)"
8603,천,蒨,선명할 천,16,"꼭두서니(여러해살이 풀), 성의 하나. 선명하다, 우거지다.",木,359,옥편 14획
8604,"천,단",燀,밥 지을 천,16,불땔. 밥 지을 천. 뜨거울 단,火,,"2024 보완전사(김기승 성명학 9,491자 기준본 대조 추가); 기준본 음(대표) 필드 오류로 뜻풀이 텍스트에서 재추출함"
8605,천,擅,멋대로할 천,17,"멋대로 하다, 천단하다, 차지하다. 점유하다, 물려주다.",木,359,옥편 16획
8606,천,遷,옮길 천,18,"옮기다, 떠나가다, 내쫓다, 추방하다. 바뀌다, 달라지다, 오르다, 따르다.",土,359,옥편 15획
8607,천,蔵,경계할 천,18,"경계하다, 갖추어다, 주다. 풀다.",木,359,옥편 16획
8608,천,靝,하늘 천,18,"하늘, 천체, 태양, 임금, 아버지. 떡(음식), 낭편, 의지, 목숨, 날.",木,359,
8609,"천,찬",濺,흩뿌릴 천/찬,19,"흩뿌리다, 물 빨리 흐르는 모양. 더럽히다, 더운물뿌릴 찬.",水,359,옥편 18획
8610,"천,진",⿱艹廌,천거할 천/진,19,"천거하다, 드리다, 올리다, 늘어놓다. 진술하다, 이겨내다, 꽂을 진.",木,359,옥편 17획
8611,천,蔳,꼭두서니 천,19,"꼭두서니(식물명, 茜의 이체자). 그 식물에서 얻는 붉은 염료(염색 재료)",木,,"2024 보완전사(김기승 성명학 9,491자 기준본 대조 추가)"
8612,천,闡,밝힐 천,20,"밝히다, 밝혀지다, 분명하다, 열다. 넓히다, 넓어지다, 크게하다.",木,359,
8613,천,蕆,신칙할 천,20,"신칙하다(고어적 표현). (의례나 규정 등을) 시행하거나 집행함(거행, 결행하는 것)",木,,"2024 보완전사(김기승 성명학 9,491자 기준본 대조 추가)"
8614,"천,진",薦,천거할 천,21,천거할 천. 꽂을 진,木,,"2024 보완전사(김기승 성명학 9,491자 기준본 대조 추가)"
8615,천,⿰革難,그네 천,24,그네.,金,359,
8616,천,韆,그네 천,24,그네. 그네 천,金,,"2024 보완전사(김기승 성명학 9,491자 기준본 대조 추가); 기준본 음(대표) 필드 오류로 뜻풀이 텍스트에서 재추출함"
8617,천,灛,뜨물 천,24,샛강. 뜨물 천,金,,"2024 보완전사(김기승 성명학 9,491자 기준본 대조 추가); 기준본 음(대표) 필드 오류로 뜻풀이 텍스트에서 재추출함"
8618,"천,순",灥,샘 천,28,많은물줄기. 샘 천. 많은 물줄기 순,金,,"2024 보완전사(김기승 성명학 9,491자 기준본 대조 추가); 기준본 음(대표) 필드 오류로 뜻풀이 텍스트에서 재추출함"
8619,철,凸,볼록할 철,5,볼록하다. 가운데가 볼록하다.,水,359,
8620,철,埑,밝을 철,10,"밝다, 슬기롭다, 알다, 결단하다.",土,359,
8621,철,剝,깎을 철,10,"깎다, 삭제하다, 베다, 찌르다. 모으다.",金,359,
8622,철,哲,밝을 철,10,"밝다, 슬기롭다, 알다, 결단하다.",水,359,
8623,철,剟,깎을 철,10,찌를. 깎을 철,金,,"2024 보완전사(김기승 성명학 9,491자 기준본 대조 추가); 기준본 음(대표) 필드 오류로 뜻풀이 텍스트에서 재추출함"
8624,철,悊,밝을 철,11,"밝다, 슬기롭다, 알다, 결단하다.",火,359,
8625,철,啜,먹을 철,11,"먹다, 마시다. 훌쩍훌쩍 울다.",水,359,
8626,"철,혈",烲,불탈 철,11,불당길. 불탈 철. 불기운 혈,金,,"2024 보완전사(김기승 성명학 9,491자 기준본 대조 추가); 기준본 음(대표) 필드 오류로 뜻풀이 텍스트에서 재추출함"
8627,철,掇,주을 철,12,"줍다, 주워 모으다, 가리다, 선택하다 그만두다, 찌르다, 짧다.",木,360,옥편 11획
8628,철,惙,근심할 첨,12,"근심하다, 고달프다, 피로하다. 그치다, 그만두다, 애타우는 모양.",火,360,옥편 11획
8629,철,喆,밝을 철,12,"밝다, 슬기롭다, 알다, 결단하다.",水,360,
8630,철,鉄,쇠 철,13,"검다, 단단할, 견고하다, 곧다. 바르다, 굳고 변하지 않다.",金,360,
8631,철,綴,엮을 철,14,"엮다, 잇다, 연결하다, 짓다. 꿰매다, 막다, 베다.",木,360,
8632,철,銕,쇠 철,14,"검다, 단단할, 견고하다, 곧다. 바르다, 굳고 변하지 않다.",金,360,
8633,철,湶,샘 철,14,"샘, 돈, 황천",水,360,
8634,철,飻,탐낼 철,14,"탐내다, 탐욕스럽게 원하다(욕심을 내어 차지하려 함). 지나치게 탐하는 태도(욕망을 드러내는 행위)",水,,"2024 보완전사(김기승 성명학 9,491자 기준본 대조 추가)"
8635,철,徹,통할 철,15,"통하다, 꿰뚫다, 벗기다, 다스리다. 부수다, 거두다, 치우다.",火,360,
8636,철,輟,그칠 철,15,"그치다, 버리다, 깁다.",火,360,
8637,철,撤,거둘 철,16,"거두다, 치우다, 제거하다, 줄이다. 없애다, 철수하다, 그만두다, 면하다.",木,360,옥편 15획
8638,철,綴,바늘 철,16,바늘.,金,360,
8639,철,澈,맑을 철,16,맑다.,水,360,옥편 15획
8640,철,㬚,밝을 철,16,철. 밝을 철,金,,"2024 보완전사(김기승 성명학 9,491자 기준본 대조 추가)"
8641,철,㯙,대추 철,16,철. 대추 철,金,,"2024 보완전사(김기승 성명학 9,491자 기준본 대조 추가)"
8642,철,錣,쇠바늘 철,16,바늘. 쇠바늘 철,金,,"2024 보완전사(김기승 성명학 9,491자 기준본 대조 추가); 기준본 음(대표) 필드 오류로 뜻풀이 텍스트에서 재추출함"
8643,철,瞮,눈밝을 철,17,눈이 밝다.,木,360,
8644,철,餮,탐할 철,18,"탐하다, 식탐하다.",水,360,
8645,철,歠,들이마실 철,19,"들이마시다, 마시게 하다.",金,360,
8646,철,轍,바퀴자국 철,19,"바퀴자국, 흔적, 진로, 행적",火,360,
8647,철,鐵,쇠 철,21,"쇠, 검다, 단단하다, 견고하다. 곧다, 바르다, 굳고 변하지 않다.",金,360,
8648,철,驖,구렁말 철,23,검붉은청가라말. 구렁말 철,金,,"2024 보완전사(김기승 성명학 9,491자 기준본 대조 추가); 기준본 음(대표) 필드 오류로 뜻풀이 텍스트에서 재추출함"
8649,첨,尖,뾰족할 첨,6,"뾰족하다, 날카롭다, 작다, 거칠다. 격렬하다.","水,金",360,
8650,첨,忝,더럽힐 첨,8,"더럽히다, 욕보이다, 욕, 수치. 욕되게 하다, 황송하다, 겸사(겸손의 말)",火,360,
8651,"첨,점,접",沾,"더할 첨/점,접",9,"더하다, 첨가하다, 엇보다, 관찰하다. 젖다, 넘치다, 젖을 점, 경망할 접",水,360,옥편 8획
8652,첨,栝,노송나무 괄,10,"노송나무, 하늘타리, 도지개. 떨나무 첨",木,45,
8653,첨,恬,기분좋을 첨,11,"달다, 곤히 자다, 기분좋다. 즐겁다, 행복하다.",土,361,
8654,첨,甜,기분좋을 첨,11,"달다, 곤히 자다, 기분좋다. 즐겁다, 행복하다.",土,361,
8655,첨,甛,달 첨,11,달 첨(맛이 달다). 감미롭다/달콤한 맛 또는 향미를 가짐,土,,"2024 보완전사(김기승 성명학 9,491자 기준본 대조 추가)"
8656,첨,惔,가락어지러울 첨,12,"가락 어지럽다. 패다, 번거로운 소리.",火,361,
8657,첨,添,더할 첨,12,"더하다, 보태다, 덧붙이다. 맛을 내다, 낳아 기르다.",水,361,옥편 11획
8658,첨,僉,모두 첨,13,"모두, 여러, 돕다, 공정하다.. 간사하다.",火,361,
8659,"첨,담,섬",詹,"이를 첨/담,섬",13,"이르다, 도달하다, 바라보다. 말이 많다, 넉넉할 담, 두꺼비 섬.",金,361,
8660,첨,惉,가락 어지러울 첨,13,가락 어지러울 첨(곡조나 가락이 어지럽다). 마음이 어지럽고 혼란스럽다/정신이 산란함,火,,"2024 보완전사(김기승 성명학 9,491자 기준본 대조 추가)"
8661,첨,諂,아첨할 첨,15,"아첨하다, 비위를 맞추다, 사특하다. 아양떨다, 아첨, 알랑거리다.",金,361,
8662,첨,幨,수레휘장 첨,16,"수레휘장, 끊다, 끊어지다.",木,361,
8663,"첨,담",檐,처마 첨/담,17,"처마, 전(화로, 갓 따위의). 지다, 질 담",木,361,
8664,첨,瞻,우러러볼 첨,18,"보다, 바라보다, 우러러보다. 비추어 보다, 살피다, 관찰하다.",木,361,
8665,"첨,담",襜,행주치마 첨/담,19,"행주치마, 휘장. 질 담",木,361,옥편 18획
8666,첨,簽,꿰맬 첨,19,"서명하다, 꿰매다, 시치다. 쪽지. 대꼬챙이, 찌, 이름을 두다.",木,361,
8667,첨,簷,처마 첨,19,처마. 드림(차양처럼 사방으로 늘어진 것),木,361,
8668,첨,瀐,건수 첨,20,건수 첨. 적실 첨,水,,"2024 보완전사(김기승 성명학 9,491자 기준본 대조 추가)"
8669,"첨,삼",⿰木韱,쐐기 첨/삼,21,쐐기. 삼목 삼.,木,361,
8670,첨,瀸,건수 첨,21,"적시다, 멸망하다, 멸하다. 적실 첨.",水,361,옥편 20획
8671,"첨,삼",櫼,쐐기 첨,21,쐐기 첨. 삼나무 삼,木,,"2024 보완전사(김기승 성명학 9,491자 기준본 대조 추가)"
8672,"첨,심",灊,땅 이름 첨,22,물이름. 땅 이름 첨. 물 이름 심,金,,"2024 보완전사(김기승 성명학 9,491자 기준본 대조 추가); 기준본 음(대표) 필드 오류로 뜻풀이 텍스트에서 재추출함"
8673,첨,籤,꿰맬 첨,23,"서명하다, 꿰매다, 시치다. 쪽지. 대꼬챙이, 찌, 이름을 두다.",木,361,
8674,"첩,체",帖,문서 첩/체,8,"문서, 장부, 표제, 두루마리. 체지 체.",木,361,
8675,첩,妾,첩 첩,8,"첩(여자의 겸칭), 여자 아이. 시비(좌우에 두고 부리는 부녀자)",土,361,
8676,"첩,첨",呫,소곤거릴 첩/첨,8,"소곤거리다, 지껄이다, 좀스럽다. 맛보다, 소곤거릴 첨.",水,361,
8677,첩,怗,고요할 첩,9,"고요하다, 조용하다, 좇다, 따르다. 복종하다, 평정하다, 어울리지 않을 첩",火,361,옥편 8획
8678,첩,倢,민첩할 첩,10,"빠르다, 재빠르다, 민첩하다. 굳세다.",火,362,
8679,첩,婕,궁녀 첩,11,궁녀. 궁녀 첩,金,,"2024 보완전사(김기승 성명학 9,491자 기준본 대조 추가); 기준본 음(대표) 필드 오류로 뜻풀이 텍스트에서 재추출함"
8680,"첩,삽",捷,빠를 첩/삽,12,"빠르다, 이기다, 승리하다, 이루다. 날래다, 이길 첩, 꽂을 삽.",木,362,옥편 11획
8681,첩,堞,성가퀴 첩,12,성가퀴(성 위에 낮게 쌓은 담),土,362,
8682,첩,貼,붙일 첩,12,"붙이다, 붙다, 보태주다, 저당잡히다. 따르다, 도와주다, 메우다, 보조금.",金,362,
8683,"첩,잡",喋,재재거릴 첩/잡,12,"수다스럽다, 밟다, 흐르다, 마시다. 재재거리다, 쪼아먹을 잡.",水,362,
8684,첩,牒,편지 첩,13,"편지, 문서, 장부, 명부, 송사, 증서.",木,362,
8685,"첩,섭",睫,속눈썹 첩/섭,13,"속눈썹, 안목, 깜짝이다, 감다. 깜짝일 섭.",木,362,
8686,첩,輒,문득 첩,14,"문득, 쉽게, 번번이, 오로지, 항상. 언제나.",火,362,
8687,"첩,섭",諜,염탐할 첩/섭,16,"염탐하다, 안심하다, 날씬하다. 편안하다, 말잇닿을 섭.",金,362,
8688,첩,褺,겹옷 첩,17,겹옷.,木,362,
8689,첩,疉,겹칠 첩,22,"겹치다, 포개다, 두려워하다",土,362,
8690,첩,疊,거듭 첩,22,거듭 첩. 겹쳐질 첩,土,,"2024 보완전사(김기승 성명학 9,491자 기준본 대조 추가)"
8691,청,靑,푸를 청,8,"푸르다, 젊다, 고요하다, 조용하다. 푸른 빛, 동쪽, 봄.",木,362,
8692,청,青,푸를 청,8,"푸르다, 젊다, 고요하다, 조용하다. 푸른 빛, 동쪽, 봄.",木,362,
8693,"청,정",淸,서늘할 청/정,10,"서늘하다, 춥다, 차갑다. 서늘할 정.",水,362,
8694,"청,정",凊,서늘할 청,10,서늘할 청. 서늘할 정,水,,"2024 보완전사(김기승 성명학 9,491자 기준본 대조 추가)"
8695,"청,정",婧,청결할 청/정,11,"날씬하다, 정결하다, 조촐하다. 허리가 가는 모양, 날씬할 정",土,362,
8696,청,圊,뒷간 청,11,뒷간.,水,362,
8697,청,晴,갤 청,12,"개다, 맑다, 개운하다. 눈물이 마르다.",火,362,
8698,청,淸,맑을 청,12,"맑다, 깨끗하다, 탐욕이 없다. 빛이 선명하다, 분명하다, 한가하다.",水,362,옥편 11획
8699,청,清,맑을 청,12,"맑다, 깨끗하다, 빛이 선명하다. 분명하다, 한가하다, 고요하다.",水,362,옥편 11획
8700,"청,정",菁,우거질 청/정,14,"우거지다, 화려하다. 순무 정.",木,362,옥편 12획
8701,청,蜻,잠자리 청,14,"잠자리, 귀뚜라미.",水,363,
8702,청,請,청할 청,15,"청하다, 바라다, 부르다, 청탁하다. 운다, 뵈다.",金,363,
8703,청,鶬,푸른백로 청,19,푸른 백로.,火,363,
8704,"청,정",鯖,청어 청/정,19,"청어, 고등어. 잡회 정.",水,363,
8705,"청,새",鶄,푸른 백로 청,19,푸른 백로 청(푸른빛을 띤 백로류의 새). 백로와 비슷한 습지성 큰 새(어류를 먹는 물새),火,,"2024 보완전사(김기승 성명학 9,491자 기준본 대조 추가)"
8706,청,聽,들을 청,22,"듣다, 들어주다, 결정하다, 밝히다. 다스리다, 허락하다, 기다리다.",火,363,
8707,청,廳,관청 청,25,"관청, 마루, 대청, 건물, 마을.",木,363,
8708,"체,절",切,온통 체/절,4,"모두, 끊다, 베다, 정성스럽다. 적절하다, 중요하다, 끊을 절.",金,363,
8709,"체,타",杕,홀로 서 있을 체,7,우뚝설. 홀로 서 있을 체. 키 타,金,,"2024 보완전사(김기승 성명학 9,491자 기준본 대조 추가); 기준본 음(대표) 필드 오류로 뜻풀이 텍스트에서 재추출함"
8710,체,剃,머리깎을 체,9,"머리 깎다, 땋은 머리. 털 깎다.",金,363,
8711,체,砌,섬돌 체,9,"섬돌(집채의 앞뒤에 오르내릴 수 있게 놓은 돌층계), 겹쳐 쌓다.",金,363,
8712,"체,자",玼,고운옥빛 체/자,11,"흡, 옥티, 옥빛이 깨끗하다, 곱다. 훌륭하다, 훌륭하고 분명하다.",金,363,옥편 10획
8713,체,涕,눈물 체,11,"눈물, 울다. 눈물을 흘리며 울다.",水,363,옥편 10획
8714,"체,대",釱,차꼬 체,11,차꼬. 차꼬 체. 없앨 체. 비녀장 대,金,,"2024 보완전사(김기승 성명학 9,491자 기준본 대조 추가); 기준본 음(대표) 필드 오류로 뜻풀이 텍스트에서 재추출함"
8715,"체,태",棣,산앵두나무 체/태,12,"산앵두나무. 통하다, 익숙하다, 익숙할 태.",木,363,
8716,"체,참",替,바꿀 체/참,12,"바꾸다, 쇠하다, 쇠퇴하다, 폐하다. 정지하다, 멸망하다, 참람할 참.",火,363,
8717,체,彖,돼지 체,12,돼지.,火,363,
8718,체,彘,돼지 체,12,"돼지. 돼지를 가리키는 고어적, 문어적 표현(돼지과 동물)",火,,"2024 보완전사(김기승 성명학 9,491자 기준본 대조 추가)"
8719,체,崹,평평할 체,12,산우뚝할. 평평할 체,金,,"2024 보완전사(김기승 성명학 9,491자 기준본 대조 추가); 기준본 음(대표) 필드 오류로 뜻풀이 텍스트에서 재추출함"
8720,"체,절",墆,으스름할 체,14,저축. 으스름할 체. 저축할 절,金,,"2024 보완전사(김기승 성명학 9,491자 기준본 대조 추가); 기준본 음(대표) 필드 오류로 뜻풀이 텍스트에서 재추출함"
8721,"체,대",蒂,꼭지 체/대,15,"꼭지(과실이 달린 줄기), 꽃받침. 성의 하나, 밑, 가시, 밑 대.",木,363,옥편 13획
8722,체,締,맺을 체,15,"맺다, 맺히다, 체결하다, 단속하다. 제한하다, 금지하다.",木,363,
8723,체,髰,머리깎을 체,15,"머리 깎다, 털 깎다. 땋은 머리.",火,363,
8724,"체,태",逮,잡을 체/태,15,"잡다, 뒤따라 가서 붙잡다, 쫓다. 이르다, 보내다, 탈 태.",土,363,옥편 12획
8725,체,滯,막힐 체,15,"막히다, 남다, 오래되다, 얽매이다. 쌓이다, 머무르다, 버려지다, 어렵다.",水,363,옥편 14획
8726,"체,혜",殢,나른할 체/혜,15,"나른하다, 고단하다, 정체하다. 막히다, 엉키다, 매달리다, 나른할 혜",水,363,
8727,"체,제",諦,살필 체/제,16,"살피다, 자세히 알다, 울다. 울 제.",金,364,
8728,"체,시",諟,바를 체/시,16,"바르다, 바로잡다, 살피다. 자세히 하다, 이 시.",金,364,
8729,"체,얼",摰,당길 체,16,끌어당길. 당길 체. 위태할 얼,金,,"2024 보완전사(김기승 성명학 9,491자 기준본 대조 추가); 기준본 음(대표) 필드 오류로 뜻풀이 텍스트에서 재추출함"
8730,"체,대",蒂,꼭지 체/대,17,"꼭지(과실이 달린 줄기), 꽃받침. 성의 하나, 밑, 가시, 밑 대.",木,364,옥편 15획
8731,"체,대",遞,갈릴 체/대,17,"갈리다, 갈마들다(서로 번갈아들다) 전하다, 역말, 두르다, 두를 대.",土,364,옥편 14획
8732,"체,대",蔕,꼭지 체,19,꼭지 체. 밑 대,木,,"2024 보완전사(김기승 성명학 9,491자 기준본 대조 추가)"
8733,체,體,몸 체,23,"몸, 근본, 형상, 격식, 물질,",金,364,
8734,체,靆,구름낄 체,24,"구름 끼다, 구름이 해를 덮다. 밝지 아니하다, 흐리다,",水,364,
8735,초,艸,풀 초,6,"풀, 잡초, 초안, 초고. 베다, 시작하다, 창조하다.",木,364,
8736,"초,소",劭,힘쓸 초/소,7,"아름답다, 열심히 일하다. 권면하다, 이어지다, 힘쓸 소",土,198,
8737,초,初,처음 초,7,"처음, 초승, 근원, 근본.",金,364,
8738,초,抄,뽑을 초,8,"뽑다, 베끼다, 가려베끼다, 뜨다. 떠내다, 거르다.",木,364,옥편 7획
8739,초,杪,나무끝 초,8,"나무 끝, 가는 가지. 작다, 가늘다, 스치다.",木,364,
8740,초,炒,볶을 초,8,"볶다, 떠들다, 시끄럽다.",火,364,
8741,초,岹,높을 초,8,"높다, 높고 험준하다. 산이 높은 모양",土,364,
8742,초,岧,높을 초,8,높다(특히 산이나 지세가 높음). 높은 봉우리나 험준한 산세를 이르는 말,土,,"2024 보완전사(김기승 성명학 9,491자 기준본 대조 추가)"
8743,초,妱,여자의 자 초,8,여자이름. 여자의 자 초,金,,"2024 보완전사(김기승 성명학 9,491자 기준본 대조 추가); 기준본 음(대표) 필드 오류로 뜻풀이 텍스트에서 재추출함"
8744,"초,교,소",招,"부를 초/교,소",9,"부르다, 묶다, 나타내다, 움직이다. 밝히다, 구하다, 지적할 교, 풍류이름 소",木,364,옥편 8획
8745,"초,묘",秒,분초 초/묘,9,"분초, 까끄라기, 매우 가늘고 작다. 말단, 끝. 까끄라기 묘.",木,364,
8746,초,怊,편할 초,9,"슬퍄하다, 편하고 쉽다, 섭섭하다. 실심하다, 실의한 모양, 먼 모양.",火,364,옥편 8획
8747,"초,소",肖,닮을 초/소,9,"닮다, 모양이 같다, 본받다, 꺼지다. 갈을 초, 꺼질 소.",水,364,옥편 7획
8748,초,欩,튼튼한 모양 초,9,기운오를. 튼튼한 모양 초,金,,"2024 보완전사(김기승 성명학 9,491자 기준본 대조 추가); 기준본 음(대표) 필드 오류로 뜻풀이 텍스트에서 재추출함"
8749,초,耖,급히갈 초,10,"급히 가다, 거듭 갈다, 두벌갈이하다.",木,364,
8750,초,峭,가파를 초,10,"가파르다, 높고 험하다, 엄하다. 엄하고 성급하다, 가파른 비탈.",土,364,
8751,초,哨,망볼 초,10,"망보다, 경계하다, 작다, 잘다. 날카롭다, 바르지 않다, 수다스럽다.",水,364,
8752,초,祒,사람 이름 초,10,사람이름. 사람 이름 초,金,,"2024 보완전사(김기승 성명학 9,491자 기준본 대조 추가); 기준본 음(대표) 필드 오류로 뜻풀이 텍스트에서 재추출함"
8753,"초,소",苕,완두 초/소,11,"완두, 이삭. 우뚝하다, 풀이름 소.",木,365,옥편 9획
8754,"초,소",梢,끝 초/소,11,"나뭇가지 끝, 말단, 꼬리, 장대, 깃발. 부딪칠 소.",木,365,
8755,초,悄,근심할 초,11,"근심하다, 근심걱정에 잠기다, 엄하다. 고요하다, 엄격하다, 혹독하다.",火,365,옥편 10획
8756,초,⿰亻焦,인정없을 초,11,"인정 없다, 걱정하다, 돌보다.",火,365,"이체자, 유니코드 미상 / 원본 자형 표기"
8757,초,釥,좋은 쇠 초,11,"좋은 쇠, 좋다.",金,365,
8758,초,偢,인정이 없을 초,11,인정이 없다(무정하다). 냉정하여 감정에 잘 휘둘리지 않음(정이 메마름),火,,"2024 보완전사(김기승 성명학 9,491자 기준본 대조 추가)"
8759,"초,묘",訬,재빠를 초,11,가벼울. 재빠를 초. 가냘플 묘,水,,"2024 보완전사(김기승 성명학 9,491자 기준본 대조 추가); 기준본 음(대표) 필드 오류로 뜻풀이 텍스트에서 재추출함"
8760,초,草,풀 초,12,"풀, 시초, 초고. 시작하다, 창조하다, 베다.",木,365,옥편 10획
8761,초,椒,산초나무 초,12,"산초나무, 향기, 향기롭다.",木,365,
8762,"초,소",稍,점점 초/소,12,"점점, 약간, 매우, 문득, 갑자기, 끝. 작다, 적다, 끝 초, 구실 소.",木,365,
8763,초,超,뛰어넘을 초,12,"뛰어넘다, 빼어나다, 멀다, 지나가다. 빠르다, 승진되다, 멀리 떨어지다.",火,365,
8764,초,焦,탈 초,12,"타다, 그올리다, 태우다, 탄내나다. 초조하게 굴다, 안달하다, 애태우다.",火,365,
8765,"초,요",軺,수레 초/요,12,수레이름. 작은 수레 요.,火,365,
8766,초,迢,멀 초,12,"멀다, 높다. 먼 모양, 높은 모양.",土,365,옥편 9획
8767,초,硝,화약 초,12,"화약. 질산칼륨, 초석.",金,365,
8768,초,鈔,노략질할 초,12,"노략질하다, 베끼다, 현묘하다. 미묘하다, 지전, 지폐, 문집, 영수증.",金,365,
8769,"초,작",酢,신맛나는조미료 초/작,12,"신맛 나는 조미료, 초, 잔을 돌리다. 즐기다, 좋아하다, 잔 돌릴 작",金,365,
8770,초,貂,담비 초,12,"담비(족제빗과의 동물). 담비 가죽, 담비 꼬리.",水,365,
8771,초,楚,초나라 초,13,"매질하다, 아프다, 괴롭다, 늘어놓다. 아름다운 모양, 우거진 모양.",木,365,
8772,"초,소",綃,생사 초/소,13,"생사, 생초, 무늬 비단, 엏은 비단. 돗대, 건 소.",木,365,
8773,"초,추",愀,근심할 초/추,13,"근심하다, 발끈하다, 정색하다. 상가다, 얼굴빛을 바꾸다, 쓸쓸할 추.",火,365,옥편 12획
8774,초,勦,노곤할 초,13,"노곤하다, 괴로워하다, 괴롭히다. 날래다, 표절하다, 끊다, 끊을 초.",土,365,
8775,초,剿,끊을 초,13,"끊다, 괴로히다, 날래다, 겁탈하다. 노곤하다, 배끼다, 표절하다.",金,366,
8776,초,陗,산비탈 초,13,가파를. 산비탈 초,金,,"2024 보완전사(김기승 성명학 9,491자 기준본 대조 추가); 기준본 음(대표) 필드 오류로 뜻풀이 텍스트에서 재추출함"
8777,초,僬,밝게 볼 초,14,"밝게 보다, 명찰하다, 달리다, 난쟁이. 달음박질하다, 밝게 살피는 모양.",火,366,
8778,초,誚,꾸짖을 초,14,"꾸짖다, 책망하다.",金,366,
8779,초,劋,벼벨 초,14,"벼를 베다, 끊다, 베다.",金,366,
8780,"초,탁",趙,넘을 초/탁,15,"넘다, 뛰다, 빨리 달리다, 자르다. 특출나다, 뛰어나다. 일 탁.",火,366,
8781,초,髫,늘어뜨린머리 초,15,"늘어뜨린 머리, 다박머리. 유년시대.",火,366,
8782,초,嫶,야윌 초,15,"야위다, 수척하다.",土,366,
8783,초,嶕,높을 초,15,"높다, 산꼭대기.",土,366,
8784,"초,작",醮,초 초/작,15,"초, 식초. 잔 돌리다. 돌릴 작.",金,366,
8785,"초,추",⿰口焦,지저귈 초/추,15,"지저귀다, 먹다, 씹어먹다. 물다, 씹다, 애절하다, 새소리 추.",水,366,
8786,"초,추",噍,지저귈 초,15,지저귈 초. 먹을 초. 새소리 추,水,,"2024 보완전사(김기승 성명학 9,491자 기준본 대조 추가)"
8787,"초,탁",趠,넘을 초,15,넘을 초. 멀 탁,火,,"2024 보완전사(김기승 성명학 9,491자 기준본 대조 추가)"
8788,"초,작",醋,초 초,15,초. 초 초. 잔 돌릴 작,金,,"2024 보완전사(김기승 성명학 9,491자 기준본 대조 추가)"
8789,초,樵,나무할 초,16,"나무하다, 불사르다, 불사르다. 나무꾼, 망루.",木,366,
8790,초,憔,파리할 초,16,"파리하다, 수척하다, 야위어 쇠약하다. 시달리다, 애태우다.",火,366,옥편 15획
8791,"초,착",燋,횃불 초/착,16,"그을리다, 까칠하다, 파리하다, 횃불. 불 안견 초 착.",火,366,
8792,초,鞘,칼집 초,16,"칼집, 선후걸이, 말채찍의 끝.",金,366,
8793,초,礁,암초 초,17,"모서리. 암초, 숨은 바윗돌.",金,366,
8794,초,鍫,가래 초,17,가래(농구의 한 가지) 괭이,金,366,
8795,초,鏊,가래 초,17,가래(농구의 한 가지) 괭이,金,366,
8796,초,鍬,가래 초,17,가래. 가래 초,金,,"2024 보완전사(김기승 성명학 9,491자 기준본 대조 추가); 기준본 음(대표) 필드 오류로 뜻풀이 텍스트에서 재추출함"
8797,초,濋,넘쳐흐를 초,17,물이름. 넘쳐흐를 초,金,,"2024 보완전사(김기승 성명학 9,491자 기준본 대조 추가); 기준본 음(대표) 필드 오류로 뜻풀이 텍스트에서 재추출함"
8798,초,蕉,파초 초,18,"파초(여러해살이 풀) 쓰레기, 땔나무, 야위다.",木,366,옥편 16획
8799,초,礎,주춧돌 초,18,"주춧돌. 기초, 밑.",金,366,
8800,"초,축,처",䙘,선명할 초,18,초. 축. 옷 새뜻한 모양 축. 선명할 초. 고울 처,金,,"2024 보완전사(김기승 성명학 9,491자 기준본 대조 추가)"
8801,초,醮,제사지낼 초,19,"제사 지내다, 빌다, 기원하다. 따르다, 권하다, 야위다. 다하다.",金,366,
8802,"초,수",誰,꾸짖을 초/수,19,"꾸짖다, 책망하다, 해지다, 상하다. 누구 수.",金,367,
8803,"초,수",譙,꾸짖을 초,19,꾸짖을. 꾸짖을 초. 누구 수,金,,"2024 보완전사(김기승 성명학 9,491자 기준본 대조 추가); 기준본 음(대표) 필드 오류로 뜻풀이 텍스트에서 재추출함"
8804,초,齠,이 갈 초,20,"이 갈다, 영구치가 나다. 배냇니를 갈다.",金,367,
8805,초,顦,야윌 초,21,"야위다, 근심하는 모양. 파리하다(핏기가 전혀 없다)",火,367,
8806,초,鷦,뱁새 초,23,뱁새.,火,367,
8807,초,𪓐,선명할 초,23,초. 선명할 초,金,,"2024 보완전사(김기승 성명학 9,491자 기준본 대조 추가)"
8808,"촉,착",促,재촉할 촉/착,9,"재촉하다, 다그치다, 촉진하다, 짧다. 급하다, 다가오다, 악착스러울 착",火,367,
8809,촉,蜀,나라이름 촉,13,"나라 이름, 촉나라, 고을 이름. 나비 애벌레, 제기.",水,367,
8810,촉,燭,촛불 촉,17,"촛불, 비추다, 비치다. 간파하다, 꿰뚫어 보다.",火,367,
8811,촉,薥,접시꽃 촉,19,접시꽃. 철쭉나무.,木,367,옥편 17획
8812,촉,觸,닿을 촉,20,"닿다, 찌르다, 느끼다, 범하다. 더럽히다, 받다.",木,367,
8813,"촉,탁",躣,머뭇거릴 촉/탁,20,"머뭇거리다, 밟다. 자취 탁.",土,367,
8814,"촉,탁",躅,머뭇거릴 촉,20,머뭇거릴 촉. 자취 탁,土,,"2024 보완전사(김기승 성명학 9,491자 기준본 대조 추가)"
8815,촉,髑,해골 촉,23,"해골, 머리뻐.",金,367,
8816,촉,矗,곧을 촉,24,"우거지다, 우뚝솟다, 곧다. 같은 모양.",木,367,
8817,촉,囑,부탁할 촉,24,"부탁하다, 당부하다, 위탁하다. 의뢰하다, 분부하다.",水,367,
8818,촉,曯,비출 촉,25,"비추다, 비치다.",火,367,
8819,촉,⿰火屬,촛불 촉,25,"촛불, 비추다, 비치다. 간파하다, 꿰뚫어 보다.",火,367,
8820,촉,爥,촛불 촉,25,촛불 촉. 비출 촉,火,,"2024 보완전사(김기승 성명학 9,491자 기준본 대조 추가)"
8821,촉,矚,볼 촉,26,"보다, 뚫어지게 보다. 자세히 보다.",木,367,
8822,촌,寸,마디 촌,3,"마디, 촌수, 마음, 조금, 약간. 작다, 적다, 헤아리다.",木,367,
8823,"촌,두",时,마디 촌/두,6,"마디, 촌수, 마음, 조금, 약간. 작다, 적다, 헤아리다, 꾸짖을 두.",水,367,
8824,"촌,두",吋,마디 촌,6,마디 촌. 꾸짖을 두,水,,"2024 보완전사(김기승 성명학 9,491자 기준본 대조 추가)"
8825,촌,村,마을 촌,7,"마을, 촌스럽다, 꾸밈이 없다. 야비하다.",木,367,
8826,촌,忖,헤아릴 촌,7,"헤아리다, 미루어 생각하다. 절단하다, 쪼개다, 덜다, 제하다.",火,367,옥편 6획
8827,촌,邨,마을 촌,11,"마을, 촌스럽다, 꾸밈이 없다. 땅 이름, 야비하다.",土,368,옥편 7획
8828,총,冢,무덤 총,10,"무덤, 산꼭대기, 언덕, 크다.",木,368,
8829,총,悤,총명할 총,12,"바쁘다, 급하다, 서두르다. 총명하다, 슬기롭다, 밝다, 총명할 총",火,368,옥편 11획
8830,총,塚,무덤 총,13,"무덤, 산꼭대기, 언덕, 크다.",土,368,
8831,총,総,다 총,14,"모두, 내내, 언제나, 합하다. 모으다. 총괄하다, 거느리다, 묶다, 합할 총.",木,368,
8832,총,聰,귀밝을 총,14,"귀가 밝다, 밝다, 총명하다. 듣다, 살피다, 민첩하다.",火,368,
8833,총,銃,총 총,14,"총, 우렛소리(천둥소리) 도끼구멍, 총을 쏘다, (말로) 대들다.",金,368,
8834,총,聡,귀가 밝을 총,14,귀가 밝다(청각이 예민하다). 총명하다(이해력이 빠르고 영리함),火,,"2024 보완전사(김기승 성명학 9,491자 기준본 대조 추가)"
8835,총,摠,다 총,15,"모두, 내내, 언제나, 합하다. 모으다. 총괄하다, 거느리다, 묶다, 합할 총.",木,368,옥편 14획
8836,"총,창",葱,파 총/창,15,"성성옥수, 푸른색, 짐수레, 창문. 짐수레 창.",木,368,옥편 13획
8837,총,憁,분주할 총,15,"분주하다, 바쁘다, 무지하다.",火,368,옥편 14획
8838,총,漎,합류할 총,15,물모여들. 합류할 총,金,,"2024 보완전사(김기승 성명학 9,491자 기준본 대조 추가); 기준본 음(대표) 필드 오류로 뜻풀이 텍스트에서 재추출함"
8839,"총,종",潨,물들이 총,16,물모일. 물들이 총. 물가의 언덕 종,金,,"2024 보완전사(김기승 성명학 9,491자 기준본 대조 추가); 기준본 음(대표) 필드 오류로 뜻풀이 텍스트에서 재추출함"
8840,"총,창",蔥,파 총/창,17,"성성옥수의 비유. 푸르다, 짐수레 창.",木,368,옥편 15획
8841,"총,종",蓯,우거질 총/종,17,"가다, 우거지다, 다니는 모양.",木,368,옥편 15획
8842,총,總,다 총,17,"모두, 내내, 언제나, 합하다. 모으다. 총괄하다, 거느리다, 묶다, 합할 총.",木,368,
8843,총,聰,귀밝을 총,17,"귀가 밝다, 밝다, 총명하다. 듣다, 살피다, 민첩하다.",火,368,
8844,총,叢,떨기 총,18,"모이다, 모으다, 더부룩하다. 번잡하다, 번거로바, 잘다, 모일 총.",火,368,
8845,"총,룡,용",寵,"사랑할 총/룡,용",19,"사랑하다, 괴다, 교만하다, 높이다. 영화, 영예, 은혜, 현 이름 룡(용)",木,368,
8846,"총,창",縱,창 총/창,19,"창(무기의 하나), 찌르다, 치다. 울리는 소리, 쇳소리의 하나, 찔 창",金,368,
8847,총,驄,청총마 총,21,총이말(갈기와 꼬리가 파르스름말 흰 말). 청총마.,火,368,
8848,촬,撮,모을 촬,16,"모으다, 취합하다, 찍다, 빼내다. 골라내다, 취하다, 사진 찍을 촬.",木,368,옥편 15획
8849,최,崔,높을 최,11,"성의 하나, 높다, 높고 크다. 뒤섞이다, 헛되이 보내다.",土,368,
8850,최,最,가장 최,12,"으뜸, 최상, 가장 뛰어난 것, 모이다. 우두머리, 중요한 일, 정리되다",火,369,
8851,최,催,재촉할 최,13,"독촉하다, 일어나다, 방해하다, 열다. 베풀다, 쳐오다, 학대하다.",火,369,
8852,"최,선",⿰月隹,불알 최/선,13,"고환, 입 오므리다, 오그라지다. 덜다, 오그라질 선.",水,369,옥편 11획
8853,최,榱,서까래 최,14,서까래,木,369,
8854,최,崔,산높고험할 최,14,"산이 높고 험하다, 높고 크다, 재목이 높이 쌓여 있는 모양. 험한 모양",土,369,
8855,"최,좌",摧,꺾을 최/좌,15,"꺾다, 깨뜨리다, 부러지다, 근심하다. 누르다, 막다, 무너지다, 이르다, 끌 좌.",木,369,옥편 14획
8856,최,⿰氵崔,깊을 최,15,"깊다, 흐리다, 무너지다, 꺾이다. 곱다, 부서지다, 무너질 최.",水,369,옥편 14획
8857,최,嘬,물 최,15,"물다, 깨물다, 한입에 넣다. 탐하다, 탐욕을 부리다.",水,369,
8858,"최,선",脧,불알 최,15,불알 최. 오그라질 선,水,,"2024 보완전사(김기승 성명학 9,491자 기준본 대조 추가)"
8859,최,縗,상복이름 최,16,"상복 이름. 상복, 깃옷:상제가 입는 생무명 상복",木,369,
8860,최,璻,빛날 최,16,"빛나다. 옥 광채, 옥 이름.",金,369,옥편 15획
8861,최,確,높을 최,16,"높다, 실이 굵은 모양. 산이 높고 험한 모양.",金,369,
8862,최,漼,무너질 최,16,무너질 최. 깊을 최,水,,"2024 보완전사(김기승 성명학 9,491자 기준본 대조 추가)"
8863,최,璀,빛날 최,16,빛날. 빛날 최,金,,"2024 보완전사(김기승 성명학 9,491자 기준본 대조 추가); 기준본 음(대표) 필드 오류로 뜻풀이 텍스트에서 재추출함"
8864,최,磪,높을 최,16,험하고높을. 높을 최,金,,"2024 보완전사(김기승 성명학 9,491자 기준본 대조 추가); 기준본 음(대표) 필드 오류로 뜻풀이 텍스트에서 재추출함"
8865,추,帚,비 추,8,"비, 빗자루, 대싸리. 별 이름, 소제하다, 쓸다.",木,369,
8866,"추,최",隹,새 추/최,8,"새, 뻐꾸기, 산비둘기, 높다. 산의 모양, 높을 최.",火,369,
8867,추,秋,가을 추,9,"가을, 세월, 여물다, 근심하다. 시름겹다, 추상같다, 날다,",木,369,
8868,추,抽,뽑을 추,9,"뽑다, 뽑아내다, 빼다, 없애다, 찢다. 부수다, 거두다, 당기다, 싹트다.",木,369,옥편 8획
8869,추,酋,우두머리 추,9,"우두머리, 성숙하다, 익다, 오래되다. 뛰어나다, 이루다, 성취하다, 끝나다",金,369,
8870,"추,유",怞,한할 추,9,추. 한할 추. 근심할 유,金,,"2024 보완전사(김기승 성명학 9,491자 기준본 대조 추가)"
8871,추,犓,꼴 추,10,"꼴, 풀 먹는 짐승, 기르다.",木,369,
8872,"추,취",娵,별이름 추,11,"별이름, 물고기. 미녀, 장가들 취",土,369,
8873,추,埾,흙 쌓을 추,11,쌓을. 흙 쌓을 추,金,,"2024 보완전사(김기승 성명학 9,491자 기준본 대조 추가); 기준본 음(대표) 필드 오류로 뜻풀이 텍스트에서 재추출함"
8874,추,推,밀 추,12,"밀다, 옮다, 변천하다, 천거하다. 넓히다, 헤아리다, 공경하여 받들다.",木,369,옥편 11획
8875,추,捶,때릴 추,12,"때리다, 채찍질하다, 찧다, 빻다.",木,369,옥편 11획
8876,추,椎,쇠몽치 추,12,"쇠몽치, 등뻐. 순박하다, 어리석다, 치다, 등골 추.",木,370,
8877,추,悴,실심할 추,12,"실심하다, 섭섭하다, 한탄하다. 개탄하다, 실망하다, 슬퍄하다.",火,370,옥편 11획
8878,추,啾,작은소리 추,12,"작은 소리, 읊조리다. 떠들썩 하다.",水,370,
8879,"추,수",棷,땔나무 추,12,수풀. 땔나무 추. 수풀 수,金,,"2024 보완전사(김기승 성명학 9,491자 기준본 대조 추가); 기준본 음(대표) 필드 오류로 뜻풀이 텍스트에서 재추출함"
8880,추,楸,가래 추,13,"가래(농기구), 바둑판. 개오동나무, 호두나무.",木,370,
8881,추,揫,모을 추,13,"모으다, 묶다, 거두다.",木,370,
8882,"추,수",追,쫓을 추/수,13,"쫓다, 이루다, 채우다, 부르다. 구하다, 따를 추, 갈 퇴, 따를 수.",土,370,옥편 10획
8883,"추,초",湫,다할 추/초,13,"다하다, 바닥나다, 서늘하다. 웅덩이, 낮을 초.",水,370,옥편 12획
8884,추,惆,슬퍼할 추,13,슬퍼하다(마음이 아파 탄식하고 애석해함). 근심하고 망연자실하다(답답하고 실망한 감정),火,,"2024 보완전사(김기승 성명학 9,491자 기준본 대조 추가)"
8885,추,揂,모을 추,13,모을. 모을 추,金,,"2024 보완전사(김기승 성명학 9,491자 기준본 대조 추가); 기준본 음(대표) 필드 오류로 뜻풀이 텍스트에서 재추출함"
8886,추,揪,모을 추,13,모을. 모을 추,金,,"2024 보완전사(김기승 성명학 9,491자 기준본 대조 추가); 기준본 음(대표) 필드 오류로 뜻풀이 텍스트에서 재추출함"
8887,추,⿰扌隹,던질 추,14,"치다, 던지다.",木,370,옥편 13획
8888,추,箠,채찍 추,14,"채찍, 채찍질하다.",木,370,
8889,추,僦,빌릴 추,14,"품삯, 세내다, 빌리다, 보내다. 모이다, 모여들다.",火,370,
8890,추,甃,벽돌 추,14,"벽돌, 우물, 수리하다, 쌓다, 덮다. 꾸미다, 둥글납작하다.",土,370,
8891,추,芻,꼴 추,14,"꼴(가축의 먹이로 베어 말린 풀, 사료). 사료로서의 마른 풀 또는 그 채집, 가공을 이르는 말",木,,"2024 보완전사(김기승 성명학 9,491자 기준본 대조 추가)"
8892,추,萩,사철쑥 추,15,사철쑥. 가을. 개오동나무.,木,370,옥편 13획
8893,"추,우",樞,지도리 추/우,15,"근원, 본질, 가장 중요한 부분, 계기. 나무 이름 우.",木,370,
8894,추,墜,떨어질 추,15,"떨어지다, 떨어뜨리다, 부수다, 잃다. 무너뜨리다, 드리우다, 손상시키다.",土,370,
8895,추,皺,주름 추,15,"주름, 마른 대추, 찡그리다, 구기다. 주름 잡히다, 눈썹 찌푸리다.",金,370,
8896,추,諏,물을 추,15,"묻다, 모여서 의논하다, 상의하다.",金,370,
8897,"추,퇴",搥,칠 추,15,칠 추. 던질 퇴,木,,"2024 보완전사(김기승 성명학 9,491자 기준본 대조 추가)"
8898,"추,유",趡,움직일 추,15,움직일. 움직일 추. 달릴 유,土,,"2024 보완전사(김기승 성명학 9,491자 기준본 대조 추가); 기준본 음(대표) 필드 오류로 뜻풀이 텍스트에서 재추출함"
8899,추,縋,매달 추,16,"매달다, 걸어 놓은 줄. 끈, 줄.",木,370,
8900,"추,축",縐,주름질 추/축,16,"주름지다, 주름지께 짠 직물. 고운 갈포, 주름질 축",木,370,
8901,추,蒭,꼴 추,16,"꼴, 꼴꾼, 풀 먹는 짐승, 기르다. 성의 하나, 짚.",木,370,옥편 14획
8902,추,錐,송곳 추,16,"송곳, 뽀족하다.",金,370,
8903,추,錘,저울 추,16,"드리우다, 단련하다.",金,371,
8904,추,陬,구석 추,16,"구석, 모퉁이, 굽어진 곳, 산기슭. 마을.",土,371,옥편 11획
8905,추,瘳,나을 추,16,"낫다, 좋다, 줄다, 줄이다. 떨치다.",水,371,
8906,추,⿱艹聿,풀나란할 추,17,"풀이 나란하다, 잇따르다, 얽히다. 가지런하다.",木,371,옥편 15획
8907,"추,촉",趨,달아날 추/촉,17,"달아나다, 달리다, 달려가다, 뒤쫓다. 추구하다, 따라 행하다, 재촉할 촉.",火,371,
8908,추,鄒,추나라 추,17,"추나라. 나라 이름, 노나라의 읍, 마을.",土,371,옥편 13획
8909,추,醜,추할 추,17,"못생기다, 밉다, 못되다, 나쁘다. 미워하다, 부끄러워하다, 견주다.",金,371,
8910,추,簉,버금 가는 자리 추,17,"버금 가는 자리(차석, 둘째 자리). 차석의 직위나 순위를 이르는 말(주된 자리 다음의 위치)",木,,"2024 보완전사(김기승 성명학 9,491자 기준본 대조 추가)"
8911,추,騅,오추마 추,18,오추마:검푸른 털에 흰 털이 섞인 말. 성의 하나.,火,371,
8912,"추,퇴",魋,몽치머리 추/퇴,18,"몽치머리, 퇴공(붉은 곰), 사람이름. 성의 하나, 퇴공 퇴",火,371,
8913,추,雛,병아리 추,18,"병아리, 아이, 어리다. 새 새끼, 최초, 갓나다(갓 태어나다)",火,371,
8914,추,鞧,밀치 추,18,밀치:마소의 꼬리에 거는 나무막개기. 그네.,金,371,
8915,"추,퇴",鎚,저울 추/퇴,18,"저울추, 치다, 때리다, 철퇴, 쇠망치. 옥을 다듬을 퇴.",金,371,
8916,추,鞦,밀치끈 추,18,밀치. 밀치끈 추,金,,"2024 보완전사(김기승 성명학 9,491자 기준본 대조 추가); 기준본 음(대표) 필드 오류로 뜻풀이 텍스트에서 재추출함"
8917,추,鵻,비둘기 추,19,(작은)비둘기,火,371,
8918,추,鷲,무수리 추,20,무수리(황샛과에 딸린 물새),火,371,
8919,추,騶,마부 추,20,"마부, 기수, 말이 달리다.",火,371,
8920,추,⿰魚秋,미꾸라지 추,20,"미꾸라지, 능가하다, 밟다.",水,371,
8921,추,⿰魚秋,미꾸라지 추,20,"미꾸라지, 능가하다, 밟다.",水,371,
8922,추,鰌,미꾸라지 추,20,미꾸라지(민물에 사는 작은 어류). 민물에 사는 작은 물고기의 총칭 또는 문헌상 표기(미꾸라지를 이르는 말),水,,"2024 보완전사(김기승 성명학 9,491자 기준본 대조 추가)"
8923,추,鰍,미꾸라지 추,20,"미꾸라지(작고 길쭉한 민물고기). 작은 민물고기를 가리키는 명칭(문헌, 방언상의 표기)",水,,"2024 보완전사(김기승 성명학 9,491자 기준본 대조 추가)"
8924,추,鶖,무수리 추,20,무수리(고전 문헌에 나오는 새의 이름). 맹금류의 일종을 가리키는 명칭으로 쓰임(문헌상 특정 새를 지칭),火,,"2024 보완전사(김기승 성명학 9,491자 기준본 대조 추가)"
8925,추,穐,가을 추,21,"가을, 세월, 여물다, 날다. 근심하다, 시름겹다, 추상같다.",木,371,
8926,추,鶵,난새 추,21,난새(중국 전설에 나오는 상상의 새) 새 새끼,火,371,
8927,추,龝,가을 추,22,가을. 가을 추,金,,"2024 보완전사(김기승 성명학 9,491자 기준본 대조 추가); 기준본 음(대표) 필드 오류로 뜻풀이 텍스트에서 재추출함"
8928,추,麤,거칠 추,33,"거칠다, 굵다, 섞이다, 추하다.",土,371,
8929,"축,추",丑,소 축/추,4,"소, 용모가 추하다, 못생기다. 밉다, 못되다, 나쁘다, 추할 추.",土,372,
8930,"축,독",竺,나라이름 축/독,8,"두텁다, 미워하다, 증오하다. 두더울 독.",木,372,
8931,"축,추",妯,동서 축/추,8,"동서, 두근거리다. 슬퍄하다, 서러워하다, 두른거릴 추.",土,372,
8932,"축,촉,시",豕,"발얽은돼지의걸음 축/촉,시",8,"발얽은 돼지의 걸음. 발얽은 돼지의 걸음 촉, 돼지 시.",水,372,옥편 7획
8933,"축,촉",豖,발 얽은 돼지의 걸음 축,8,발 얽은 돼지의 걸음 축. 발 얽은 돼지 걸음 축. 발 얽은 돼지 걸음 촉,水,,"2024 보완전사(김기승 성명학 9,491자 기준본 대조 추가)"
8934,"축,주",祝,빌 축/주,10,"빌다, 기원하다, 축하하다, 부탁하다. 축원하다, 끊다, 자르다, 저주할 주.",木,372,
8935,"축,휵",畜,짐승 축/휵,10,"짐승, 쌓다, 모으다, 간직하다. 말리다, 기르다, 쌓을 축, 기를 휵",土,372,
8936,"축,유",舳,고물 축/유,11,"고물(배의 뒷부분). 배 크기의 이름, 이물(배의 머리)",木,372,
8937,축,筑,악기이름 축,12,"악기이름, 쌓다, 다지다, 짓다. 날개치다, 쌓을 축.",木,372,
8938,축,軸,굴대 축,12,"굴대(한가운데 뚫린 구머에 끼우는 나무막내나 쇠 막대) 나아가다, 얇다.",火,372,
8939,"축,돈,적",逐,"쫓을 축/돈,적",14,"쫓다, 쫓아내다, 뒤쫓다, 뒤따라가다. 달리다, 돼지 돈, 급급한 모양 적.",土,372,옥편 11획
8940,"축,휵",蓄,모을 축/휵,16,"모으다, 쌓다, 간직하다, 저장하다. 기다리다, 감추다, 겨울푸성귀 휵",木,372,옥편 14획
8941,축,築,쌓을 축,16,"쌓다, 다지다, 짓다, 날개치다.",木,372,
8942,축,縮,줄일 축,17,"줄이다, 오그라들다, 물러서다, 곧다. 다스리다, 올바르다, 취하다, 가지다.",木,372,
8943,"축,척",蹙,닥칠 축/척,18,"닥치다, 긴박하다, 재촉하다, 상가다. 찡그리다, 고생하다, 밟다, 줄어들 척.",土,372,
8944,축,蹜,종종걸음칠 축,18,"종종걸음치다, 오그라들다.",土,372,
8945,"축,추",蠆,두꺼비 축/추,18,두꺼비.,土,372,
8946,"축,추",鼀,두꺼비 축,18,두꺼비 축. 두꺼비 추,土,,"2024 보완전사(김기승 성명학 9,491자 기준본 대조 추가)"
8947,축,蹴,찰 축,19,"차다, 밟다, 감축하다, 쫓다. 상가다, 불안해 하다. 줄이다,",土,372,
8948,춘,杶,참죽나무 춘,8,참죽나무. 참죽나무 춘,金,,"2024 보완전사(김기승 성명학 9,491자 기준본 대조 추가); 기준본 음(대표) 필드 오류로 뜻풀이 텍스트에서 재추출함"
8949,춘,春,봄 춘,9,"봄, 젊은 나이, 움직이다, 분발하다. 움직일 준.",火,372,
8950,"춘,준",偆,가멸 춘,11,선모양. 가멸 춘. 가멸 준,金,,"2024 보완전사(김기승 성명학 9,491자 기준본 대조 추가); 기준본 음(대표) 필드 오류로 뜻풀이 텍스트에서 재추출함"
8951,춘,媋,여자의 자 춘,12,여자이름. 여자의 자 춘. 아리따울 춘,金,,"2024 보완전사(김기승 성명학 9,491자 기준본 대조 추가); 기준본 음(대표) 필드 오류로 뜻풀이 텍스트에서 재추출함"
8952,춘,椿,참죽나무 춘,13,"참죽나무, 아버지, 부친. 신기하다.",木,372,
8953,춘,瑃,옥이름 춘,14,옥이름.,金,372,옥편 13획
8954,춘,賰,넉넉할 춘,16,"넉넉하다, 부유하다.",金,373,
8955,출,术,차조 출,5,차조(찰기가 있는 조). 삽주(국화과의 여러해살이 풀),木,373,
8956,출,出,날 출,5,"태어나다, 나가다, 떠나다, 내어주다. 드러내다, 나타내다, 내쫓다, 버리다.",土,373,
8957,출,朮,차조 출,5,"차조(조의 한 종류, 곡물). 옛 문헌에서 식용 또는 곡물로서 언급되는 조류의 이름",木,,"2024 보완전사(김기승 성명학 9,491자 기준본 대조 추가)"
8958,"출,골,섭",泏,물 솟을 출,9,물솟을. 물 솟을 출. 물 건널 골. 들어갈 섭,木,,"2024 보완전사(김기승 성명학 9,491자 기준본 대조 추가); 기준본 음(대표) 필드 오류로 뜻풀이 텍스트에서 재추출함"
8959,출,秫,차조 출,10,"차조(찰기가 있는 조). 찰벼, 차수수, 바늘",木,373,
8960,"출,눌",誳,굽힐 굴,12,"굽히다, 굽다, 막히다, 짧다. 꿀리다, 내칠 출, 더듬을 눌",金,57,
8961,출,⿰黑出,물리칠 출,17,"내치다, 물리치다, 버리다. 떨어뜨리다, 줄이다. 내쫓기다,",水,373,
8962,출,黜,내쫓을 출,17,"내쫓다, 배척하다(지위나 자리에서 물리적으로 또는 제도적으로 쫓아냄). 관직에서 파면하거나 좌천함(문어적 용법)",水,,"2024 보완전사(김기승 성명학 9,491자 기준본 대조 추가)"
8963,충,充,채울 충,6,"채우다, 가득하다, 완전하다, 갖추다. 기르다, 덮다, 담당하다, 번거롭다.",木,373,
8964,충,沖,화할 충,6,"화하다, 겸허하다, 담백하다, 깊다. 어리다, 오르다, 빌 충, 찌를 충.",水,373,
8965,충,虫,벌레 충,6,벌레.,水,373,
8966,충,冲,빌 충,6,빌 충. 찌를 충,水,,"2024 보완전사(김기승 성명학 9,491자 기준본 대조 추가)"
8967,충,忠,충성 충,8,"충성, 공평, 정성, 정성스럽다. 충성하다.",火,373,
8968,충,忡,근심할 충,8,"근심하다, 걱정하다. 근심하는 모양. 장식물이 드리워진 모양",火,373,옥편 7획
8969,충,沖,화할 충,8,"화하다, 겸허하다, 담백하다, 어리다. 공손하다, 깊다, 오르다, 빌 충, 찌를 충",水,373,옥편 7획
8970,충,衷,정성 충,10,"속마음, 정성, 정성스럽다, 알맞다. 착하다, 적합하다, 타협하다, 바르다.",木,373,
8971,충,㳘,산 밑 샘 충,10,충. 산 밑 샘 충,金,,"2024 보완전사(김기승 성명학 9,491자 기준본 대조 추가)"
8972,충,珫,귀고리옥 충,11,귀고리 옥.,金,373,옥편 10획
8973,"충,종",衝,찌를 충/종,15,"찌르다, 부딫치다, 움직이다. 향하다, 돌다, 회전하다, 뒤얽힐 종.",火,373,
8974,"충,창",漴,물소리 충,15,충. 물소리 충. 비 쏟아질 창,金,,"2024 보완전사(김기승 성명학 9,491자 기준본 대조 추가)"
8975,"충,훼,동",蟲,"벌레 충/훼,동",18,"벌레. 동물의 총칭, 구더기, 좀먹다. 벌레먹다, 벌레 췌, 찔 동.",木,373,
8976,"췌,취",悴,파리할 췌/취,12,"파리하다, 시들다, 야위어 수척하다. 근심하다, 괴로워하다, 파리할 취.",火,373,옥편 11획
8977,"췌,취,추,단",揣,"헤아릴 췌/취,추,단",13,"헤아리다, 재다, 탐색하다, 가지다. 헤아릴 취, 때릴 취, 웅칠 단.",木,373,옥편 12획
8978,"췌,천",惴,두려워할 췌/천,13,"두려워하다, 두려워 벌벌 떨다. (벌레가)꿈틀거리다, 꿈틀거릴 천.",火,373,옥편 12획
8979,췌,瘁,병들 췌,13,"병들다, 여위다, 무너지다. 수고롭다, 근심하다,",水,373,
8980,췌,萃,모을 췌,14,"모으다, 도달하다, 기다리다. 야위다, 초췌해지다, 그치다.",木,373,옥편 12획
8981,"췌,취",顇,야윌 췌/취,17,"야위다, 병들다, 순수하다. 근심하다, 야윌 취",火,374,
8982,췌,贅,혹 췌,18,"혹, 군더더기, 데릴사위, 회유하다. 꿰매다, 저당잡히다, 모으다, 잇다.",金,374,
8983,췌,膵,췌장 췌,18,췌장.,水,374,옥편 16획
8984,취,吹,불 취,7,"불다, 불태우다, 과장하다, 부추기다. 충동하다, 퍼뜨리다.",水,374,
8985,취,炊,불땔 취,8,"불을 때다, 짓다, 불다, 흩날리다.",火,374,
8986,취,取,가질 취,8,"가지다, 손에 들다, 취하다, 의지하다. 돕다, 채용하다, 받다, 이기다..",水,374,
8987,"취,후",臭,냄새 취/후,10,"냄새, 썩다, 더럽다, 나빠지다. 맡다, 더럽히다, 맡을 후",木,374,
8988,"취,최",聚,모을 취/최,10,"모으다, 쌓다. 가장 최",水,374,
8989,"취,최",冣,모을 취,10,모을 취. 가장 최,土,,"2024 보완전사(김기승 성명학 9,491자 기준본 대조 추가)"
8990,"취,서",娶,장가들 취/서,11,"장가들다, 아내를 맞다. 중매들다, 중매들 서",土,374,
8991,"취,여",就,나아갈 취/여,12,"나아가다, 이루다, 좇다, 따르다. 마치다, 돌다, 좋다, 관대할 여",土,374,
8992,취,毳,솜털 취,12,"솜털, 연약하다, 맛나다.",火,374,
8993,취,脆,연할 취,12,"연하다, 가볍다, 무르다, 부드럽다.",水,374,옥편 10획
8994,취,翠,푸를 취,14,푸르다. 물총새 취,火,374,
8995,취,聚,모을 취,14,"모으다, 거두어 들이다, 갖추어지다. 저축하다, 쌓다, 함께하다.",火,374,
8996,"취,촉,추",趣,"뜻 취/촉,추",15,"뜻, 취지, 풍취, 달리다, 향하다. 다다르다, 재촉할 촉, 벼슬이름 추.",火,374,
8997,취,醉,취할 취,15,"취하다, 빠지다, 지나치게 좋아하다..",金,374,
8998,"취,교",橇,썰매 취/교,16,썰매. 썰매 교,木,374,
8999,취,嘴,부리 취,16,"부리, 주둥이, 사물의 뾰족한 끝. 돌기.",水,374,
9000,취,鷲,독수리 취,23,독수리. 수리.,火,374,
9001,취,驟,빠를 취,24,"달리다, 빠르다, 몰아가다. 갑작스럽다, 자주, 여러 번, 갑자기.",火,374,
9002,측,仄,기울 측,4,"기울다, 뒤척이다, 희미하다, 좁다. 어렴풋하다, 협소하다.",火,375,
9003,측,昃,기울 측,8,기울다. 하오(下午),火,375,
9004,측,側,곁 측,11,"곁, 측면, 혼자, 어렴풋이. 기울이다, 치우치다.",火,375,
9005,측,廁,뒷간 측,11,"뒷간, 섞다, 섞이다, 기울이다. 돼지우리, 물가, 곁, 침상의 주위.",木,375,
9006,측,厠,변소 측,11,"변소, 화장실(배설, 세면을 위한 장소). 옛 문헌에서 배설 장소를 이르는 말",木,,"2024 보완전사(김기승 성명학 9,491자 기준본 대조 추가)"
9007,측,廚,뒷간 측,12,"뒷간, 섞다, 섞이다, 기울이다. 돼지우리, 물가, 곁, 침상의 주위.",木,375,
9008,측,惻,슬퍄할 측,13,"슬퍄하다, 감창하다, 가엾게 여기다.",火,375,옥편 12획
9009,측,測,헤아릴 측,13,"헤아리다, 재다, 재어지다. 맑다, 알다.",水,375,옥편 12획
9010,층,層,층 층,15,"층, 계단, 높다.",木,375,
9011,치,卮,술잔 치,5,"잔치, 술잔. 앞뒤가 맞지 않다.",木,375,
9012,"치,채,태",豸,"벌레 치/채,태",7,"벌레. 풀리다, 웅크리고 노려보다. 해태 채, 해태 태.",水,375,
9013,치,⿰亻多,사차할 치,8,"사치하다, 무절제하다, 과장되다. 과분하다, 오만하다, 크다, 넓다.",火,375,
9014,치,侈,사치스러울 치,8,"사치스럽다, 사치를 부리다(낭비하다). 지나치게 꾸미거나 과시하는 태도(과도한 소비, 과시)",火,,"2024 보완전사(김기승 성명학 9,491자 기준본 대조 추가)"
9015,치,卶,큰 도량 있을 치,8,치. 큰 도량 있을 치,金,,"2024 보완전사(김기승 성명학 9,491자 기준본 대조 추가)"
9016,치,峙,우뚝솟을 치,9,"언덕, 높은 언덕, 우뚝 솟다, 쌓다. 저축하다, 멈추다, 머물다, 믿다.",土,375,
9017,"치,이",治,다스릴 치/이,9,"다스리다, 바로 잡다, 익히다. 견주다, 돕다, 왕성해지다, 강이름 이",水,375,옥편 8획
9018,"치,차",哆,입딱벌릴 치/차,9,"입 딱 벌리다, 크다, 많다, 흩어지다. 방탕하다, 입출쳐질 차.",木,375,
9019,치,恥,부끄러울 치,10,"부끄러워하다, 창피를 주다, 부끄럼. 부끄럽게 여기다, 욕보이다.",火,375,
9020,치,値,값 치,10,"값, 가치에 상당하다, 가지다. 걸맞다, 만나다, 당하다.",火,375,
9021,치,致,이를 치,10,"이르다, 도달하다, 다하다, 이루다. 부르다, 보내다, 내주다, 빽빽할 치.",土,375,
9022,치,蚩,어리석을 치,10,"어리석다, 얕보다, 업신여기다. 속이다, 비웃다, 못행기다, 추하다.",水,375,
9023,"치,지",恀,믿을 치,10,믿을. 믿을 치. 믿을 지,金,,"2024 보완전사(김기승 성명학 9,491자 기준본 대조 추가); 기준본 음(대표) 필드 오류로 뜻풀이 텍스트에서 재추출함"
9024,치,梔,치자나무 치,11,치자나무. 치자.,木,375,
9025,"치,타,이",陁,"비탈 치/타,이",11,"비탈, 고개, 무너지다, 깨지다. 부서지다, 허물어질 타, 기운모양 이.",土,375,옥편 6획
9026,"치,지,시",畻,"제사터 치/지,시",11,"제사터, 경계, 쌓다, 우뚝솟다. 제사터 지, 모종 낼 시.",土,376,
9027,치,疰,악할 치,11,악하다. 풍병.,水,376,
9028,치,痔,치질 치,11,치질.,水,376,
9029,치,㢋,넓을 치,11,치. 넓을 치,金,,"2024 보완전사(김기승 성명학 9,491자 기준본 대조 추가)"
9030,"치,지,시",畤,제사터 치,11,제사터 치. 제사터 지. 모종 낼 시,土,,"2024 보완전사(김기승 성명학 9,491자 기준본 대조 추가)"
9031,치,痓,사악하거나 악할 치,11,사악하거나 악하다(해로움). 문헌상으로 해롭거나 병적인 상태를 가리키는 말(부정적 상태),水,,"2024 보완전사(김기승 성명학 9,491자 기준본 대조 추가)"
9032,치,淄,검은빛 치,12,"검은 빛, 검게 물들다.",水,376,옥편 11획
9033,치,稚,어릴 치,13,"어리다, 유치하다, 작다, 늦다. 더디다.",木,376,
9034,치,寘,둘 치,13,"두다, 다하다, 멈추다, 처리하다. 그치다.",木,376,
9035,치,絺,칡베 치,13,"칡베(칡 섬유로 짠 고운 베) 성의 하나, 바느질하다, 수놓다.",木,376,
9036,치,馳,달릴 치,13,"달리다, 질주하다, 지나가다, 쫓다. 빨리 몰다, 베풀다, 제멋대로 하다.",火,376,
9037,"치,사,이,개",雉,"꿩 치/사,이,개",13,"꿩, 넓이의 단위, 주사위의 눈. 짐스이름 사, 땅이름 이, 키작을 개.",火,376,
9038,치,跱,그칠 치,13,"그치다, 서다, 머뭇거리다, 갖추다. 두다.",土,376,
9039,치,痴,어리석을 치,13,"어리석다, 미련하다, 열중하다. 어리다, 미치다, 술병, 미치광이.",水,376,
9040,치,嗤,비웃을 치,13,"비웃다, 웃다, 미련하다, 어리석다. 추하다, 웃음소리, 냉소 조소.",水,376,
9041,"치,희",郗,고을 이름 치,13,고을이름. 고을 이름 치. 뼈마디 사이 희,金,,"2024 보완전사(김기승 성명학 9,491자 기준본 대조 추가); 기준본 음(대표) 필드 오류로 뜻풀이 텍스트에서 재추출함"
9042,"치,재",菑,개간할 치/재,14,"일구다, 개간하다, 쪼개다, 가르다. 꽂아 넣다, 검어지다, 해치다, 재앙 재",木,376,옥편 12획
9043,치,置,둘 치,14,"두다, 배치하다, 내버려 두다, 버리다. 폐기하다, 사면하다, 베풀다.",木,376,옥편 13획
9044,치,緇,검을 치,14,"검다, 검게 물들다, 검은 빛. 검은 옷, 승려, 승복.",木,376,
9045,치,幟,기 치,15,"기, 깃발, 표지, 표기. 기치(군대에서 사용하던 기)",木,376,
9046,치,輜,짐수레 치,15,짐수레.,火,376,
9047,치,齒,이 치,15,"이, 벌이다, 언급하다, 제기하다. 나이, 어금니, 연령, 나란히 서다.",金,376,
9048,치,褫,빼앗을 치,16,"빼앗다, 옷벗기다, 벗다, 풀다.",木,376,옥편 15획
9049,치,緻,빽빽할 치,16,"빽빽하다, 면밀하다, 촘촘하다, 곱다. 깊다, 꿰매다, 보내다, 이를 치.",木,376,
9050,치,鴟,올빼미 치,16,"올빼미, 가벼이 여기다.",火,377,
9051,치,熾,성할 치,16,"성하다, 사르다, 불을 피우다. 불길이 세다, 기세가 세다, 밥을 짓다",火,377,
9052,"치,골",鴙,꿩 치/골,16,"꿩, 송골매. 송골매 골.",火,377,
9053,치,錙,저울눈 치,16,"저울눈, 적은 양, 성하다.",金,377,
9054,치,稺,어릴 치,17,"어리다, 유치하다, 늦다, 더디다. 오만하다.",木,377,
9055,치,鴟,올빼미 치,17,"올빼미, 가벼이 여기다.",火,377,
9056,치,穉,어릴 치,17,"어리다(어린 나이). 어린 아이를 이르는 말(고어적, 문헌적 용법으로 사용)",木,,"2024 보완전사(김기승 성명학 9,491자 기준본 대조 추가)"
9057,치,鵄,올빼미 치,17,"올빼미(올빼미류의 이름). 옛 문헌에서 사냥용, 맹금류의 일종으로 지칭되는 새 이름(특정 종을 가리킴)",火,,"2024 보완전사(김기승 성명학 9,491자 기준본 대조 추가)"
9058,치,薙,목련 치,19,목련.,木,377,옥편 17획
9059,치,癡,어리석을 치,19,"어리석다, 어리다, 미련하다. 열중하다, 술병, 미치광이.",水,377,
9060,치,鯔,숭어 치,19,숭어.,水,377,
9061,칙,勅,칙서 칙,9,"칙서, 조서, 다스리다, 정돈하다. 꾸짖다, 신칙할 칙.",土,377,
9062,"칙,즉",則,법칙 칙/즉,9,"법칙, 본보기로 삼다, 본받다.",金,377,
9063,칙,敕,칙서 칙,11,"칙서, 조서, 다스리다, 정돈하다. 꾸짖다. 신칙할 칙.",金,377,
9064,칙,飭,훈계할 칙,13,"신칙하다, 훈계하다, 질책하다. 책망하다, 바로잡다, 정리하다.",水,377,
9065,친,親,친할 친,16,"친하다, 가깝다, 숙달되다. 사랑하다, 사이좋다, 손에 익다.",火,377,
9066,"친,츤",嚫,베풀 친,19,베풀. 베풀 친. 베풀 츤,金,,"2024 보완전사(김기승 성명학 9,491자 기준본 대조 추가); 기준본 음(대표) 필드 오류로 뜻풀이 텍스트에서 재추출함"
9067,"친,촌",⿰木親,무궁화나무 친/촌,20,"무궁화나무, 오동나무. 널, 널 촌.",木,377,
9068,"친,츤",櫬,무궁화나무 친,20,무궁화나무 친. 널 츤,木,,"2024 보완전사(김기승 성명학 9,491자 기준본 대조 추가)"
9069,"친,촌",襯,속옷 친/촌,22,"속옷, 가까이 하다, 베풀다, 드러내다. 나타내다. 소옷 촌",木,377,옥편 21획
9070,칠,七,일곱 칠,2,"일곱, 문체이름. 칠재(죽은지 49일 되는날 지내는 재)",金,377,
9071,"칠,철",柒,옷 칠/철,9,"옷, 검다. 일곱 칠, 삼갈 철.",木,377,
9072,"칠,전,진",搷,칠 전,14,칠. 칠 전. 펼 진,金,,"2024 보완전사(김기승 성명학 9,491자 기준본 대조 추가); 1차 음의 뜻풀이 누락으로 타 음(전)의 훈으로 대표훈음 대체"
9073,"칠,철",漆,옷 칠/철,15,"옻칠, 검다. 일곱 칠, 삼갈 철.",水,377,옥편 14획
9074,침,枕,베개 침,8,"베개, 잠자다, 가로막다, 방해하다. 임하다, 향하다.",木,377,
9075,"침,심",沈,잠길 침/심,8,"잠기다, 가라앉다, 빠지다, 잃다. 오래되다, 막히다, 무겁다, 성씨 심.",水,378,옥편 7획
9076,"침,심",忱,정성 침/심,8,"정성, 참마음, 믿다. 정성 심.",火,378,옥편 7획
9077,침,侵,침노할 침,9,"침노하다, 범하다, 어기다, 엄습하다. 초라하다, 추하다.",火,378,
9078,침,針,바늘 침,10,"바늘. 바느질하다, 침을 놓다, 찌르다.",金,378,
9079,침,砧,다듬잇돌 침,10,다듬잇돌.,金,378,
9080,침,浸,잠길 침,11,"잠기다, 담그다, 번지다, 적시다. 스며들다, 젖게하다, 나아가다.",水,378,옥편 10획
9081,"침,림",芩,우거질 침/림(임),12,"무성하다, 우거지다, 뒤덮히다. 무성할 림(임)",木,378,
9082,침,寖,잠길 침,13,"잠기다, 물대다, 쌓다, 쌓이다. 점점.",木,378,
9083,"침,심",椹,모탕 침/심,13,"모탕, 과녁, 다듬이돌. 오디 심.",木,378,
9084,침,琛,보배 침,13,"보배, 진귀하다. 옥.",金,378,옥편 12획
9085,침,寢,잘 침,14,"자다, 휴식하다, 그치다, 눕다. 앓아눕다, 못생기다.",木,378,
9086,침,郴,고을이름 침,15,고을 이름. 성의 하나.,土,378,옥편 11획
9087,침,⿰金侵,새길 침,15,"새기다, 조각하다.",金,378,
9088,침,賝,보배 침,15,보배. 보배 침,金,,"2024 보완전사(김기승 성명학 9,491자 기준본 대조 추가); 기준본 음(대표) 필드 오류로 뜻풀이 텍스트에서 재추출함"
9089,"침,첨",鋟,새길 침,15,새길. 새길 침. 새길 첨,金,,"2024 보완전사(김기승 성명학 9,491자 기준본 대조 추가); 기준본 음(대표) 필드 오류로 뜻풀이 텍스트에서 재추출함"
9090,"침,참",駸,달릴 침/참,17,"달리다, 빠르다, 모이다, 차쯤차쯤. 질주하는 모양, 점점, 모일 참.",火,378,
9091,침,鍼,침 침,17,"침, 바느질 하다, 침을 놓다.",金,378,
9092,칩,蟄,고요할 칩,17,"숨다, 고요하다, 겨울잠을 자다.",水,378,
9093,칭,秤,저울 칭,10,"저울, 저울질하다, 무게를 달다.",木,378,
9094,칭,稱,일컬을 칭,14,"일컫다, 드러내다. 부르다, 칭찬하다 저울 칭.",木,378,
9095,"칼,환",鋎,칼 환,15,칼. 칼 환,土,,"2024 보완전사(김기승 성명학 9,491자 기준본 대조 추가); 1차 음의 뜻풀이 누락으로 타 음(환)의 훈으로 대표훈음 대체"
9096,"쾌,결",夬,터놓을 쾌/결,4,"터놓다, 정하다, 결정하다, 나누다. 가르다, 쾌괘 쾌, 깍지 결.",木,378,
9097,쾌,快,쾌할 쾌,8,"쾌하다, 상쾌하다, 시원하다, 빠르다. 즐겁다, 즐기다, 좋아하다, 날카롭다.",火,378,옥편 7획
9098,"쾌,괄",噲,목구멍 쾌/괄,16,"목구멍, 상쾌하다, 밝다, 환하다. 까칠까칠할 괄.",水,379,
9099,"클,검,긍,금",仱,악공 검,6,클. 악공 검. 자랑할 긍. 풍류 이름 금,木,,"2024 보완전사(김기승 성명학 9,491자 기준본 대조 추가); 1차 음의 뜻풀이 누락으로 타 음(검)의 훈으로 대표훈음 대체"
9100,"클,판,반",昄,클 판,8,클. 클 판. 클 반,水,,"2024 보완전사(김기승 성명학 9,491자 기준본 대조 추가); 1차 음의 뜻풀이 누락으로 타 음(판)의 훈으로 대표훈음 대체"
9101,"클,질",晊,클 질,10,클. 클 질,金,,"2024 보완전사(김기승 성명학 9,491자 기준본 대조 추가); 1차 음의 뜻풀이 누락으로 타 음(질)의 훈으로 대표훈음 대체"
9102,"클,우,호",訏,클 우,10,클. 클 우. 시끄러울 호,土,,"2024 보완전사(김기승 성명학 9,491자 기준본 대조 추가); 1차 음의 뜻풀이 누락으로 타 음(우)의 훈으로 대표훈음 대체"
9103,"클,비",嚭,클 비,19,클. 클 비,水,,"2024 보완전사(김기승 성명학 9,491자 기준본 대조 추가); 1차 음의 뜻풀이 누락으로 타 음(비)의 훈으로 대표훈음 대체"
9104,타,他,다를 타,5,"다르다, 간사하다, 겹치다, 싣다.",火,379,
9105,타,打,칠 타,6,"치다, 때리다, 말하다, 더하다.",木,379,옥편 5획
9106,타,朶,늘어질 타,6,"늘어지다, 움직이다, 흔들다.",木,379,
9107,"타,차",奼,자랑할 타,6,아름다울. 자랑할 타. 자랑할 차,火,,"2024 보완전사(김기승 성명학 9,491자 기준본 대조 추가); 기준본 음(대표) 필드 오류로 뜻풀이 텍스트에서 재추출함"
9108,"타,이",佗,다를 타/이,7,"다르다, 짊어지다, 메다, 끌다. 더하다, 보태다, 풀다, 불꼬불할 이",火,379,
9109,타,妥,온당할 타,7,"온당하다, 마땅하다, 타당하다. 평온하다, 안치하다, 떨어지다.",土,379,
9110,타,坨,험할 타,8,"산등성이, 험하다, 비탈",土,379,
9111,타,拕,끌 타,9,"끌다, 끌어당기다, 잡아 끌다.",木,379,옥편 8획
9112,타,拖,끌 타,9,"끌다, 끌어당기다, 잡아끌다. 풀어놓다, 던지다, 빼앗다.",木,379,옥편 8획
9113,타,柁,키 타,9,키(선박의 방향을 잡는 제구) 나무 단단하다.,木,379,
9114,타,咤,자랑할 타,9,"자랑하다, 과시하다, 꾸짖다",土,379,
9115,타,沱,물이름 타,9,"물이름, 눈물 흐르다, 비 쏟아지다. 흐르다.",水,379,옥편 8획
9116,타,㛆,헤아릴 타,9,타. 헤아릴 타,火,,"2024 보완전사(김기승 성명학 9,491자 기준본 대조 추가)"
9117,타,桗,그루 타,10,타. 그루 타,火,,"2024 보완전사(김기승 성명학 9,491자 기준본 대조 추가)"
9118,타,舵,키 타,11,키(선박의 방향을 잡는 제구),木,379,
9119,타,唾,침 타,11,"침, 침을 뱉다, 토하다, 게우다. 읊다.",水,379,
9120,"타,이",詑,"자랑할 타,이",12,"자랑하다, 으쓱거리다",金,379,
9121,타,跎,헛디딜 타,12,"헛디디다, 때 놓치다.",土,379,
9122,"타,수",陏,오이 타,12,오미. 오이 타. 나라 이름 수,金,,"2024 보완전사(김기승 성명학 9,491자 기준본 대조 추가); 기준본 음(대표) 필드 오류로 뜻풀이 텍스트에서 재추출함"
9123,타,楕,길고둥글 타,13,"길고 둥글다, 길쭉한 그릇. 수레통 가운데 그릇.",木,379,
9124,타,惰,게으를 타,13,"게으르다, 나태하다, 소홀히 하다. 업신여기다, 불경스럽다.",火,379,옥편 12획
9125,"타,태",馱,실을 타/태,13,"싣다, 짐지다. 태우다. 실을 태.",火,379,
9126,타,躱,감출 타,13,"감추다, 피하다.",火,379,
9127,타,陀,비탈질 타,13,"비탈지다, 무너지다, 험하다.",土,379,옥편 8획
9128,"타,하",詫,속일 타/하,13,"속이다, 자랑하다, 놀라워하다.",金,380,
9129,타,駝,낙타 타,15,"곱사등이, 태우다, 싣다. 약대, 낙타.",火,380,
9130,타,馲,곱사등이 타,15,"곱사등이, 태우다, 싣다. 약대, 낙타.",火,380,
9131,"타,휴",墮,떨어질 타/휴,15,"떨어지다, 탈락하다, 게으르다. 훼손하다, 무너뜨릴 휴.",土,380,
9132,타,駞,곱사등이 타,15,곱사등이 타. 낙타 타,火,,"2024 보완전사(김기승 성명학 9,491자 기준본 대조 추가)"
9133,"타,와",橢,길쭉할 타/와,16,"길쭉하다, 둥글고 길쭉하다. 수레통 가운데 그릇 와.",木,380,
9134,타,鴕,타조 타,16,타조. 화식조(화식조과의 새),火,380,
9135,타,鮀,망둑어 타,16,"망둑어, 사어, 메기, 모래무지.",水,380,
9136,타,鼉,악어 타,25,악어.,土,380,
9137,탁,托,맡길 탁,7,"맡기다, 의탁하다, 부탁하다, 밀다. 위임하다, 의지하다, 받치다.",木,380,옥편 6획
9138,탁,坼,터질 탁,8,"터지다, 갈라지다, 열다, 싹트다. 허물다, 허물어 뜨리다.",土,380,
9139,탁,卓,높을 탁,8,"높다, 높고 멀다, 높이 세우다. 뛰어나다, 정지하다.",木,380,
9140,"탁,책",柝,나무이름 탁/책,8,"나무이름, 치다, 때리다. 칠 책.","金,木",380,
9141,"탁,책",矺,나무 이름 탁,8,나무 이름 탁. 찢어 죽일 탁. 칠 책,火,,"2024 보완전사(김기승 성명학 9,491자 기준본 대조 추가)"
9142,"탁,척",拓,새길 탁/척,9,"박다, 새기다, 밀치다, 물리치다. 넓히다, 확장하다, 넓힐 척, 주울 척.",木,380,옥편 8획
9143,탁,拆,터질 탁,9,"터지다, 갈라지다, 부수다. 분해하다. 포개다.",木,380,옥편 8획
9144,"탁,도,택",度,"헤아릴 탁/도,택",9,"헤아리다, 추측하다, 생각하다. 던지다, 세다, 재다.",木,380,
9145,"탁,석,사",柝,"딱따기 탁/석,사",9,"경계하다, 터지다, 갈라지다, 열다. 펼치다, 쪼갤 석, 처녑 사.",木,380,
9146,탁,沰,떨어뜨릴 탁,9,"떨어뜨리다, 떨어지다. 붉다.",水,380,옥편 8획
9147,탁,倬,클 탁,10,"크다, 높고 크다, 드러나다. 빼어나다, 아름답다, 밝다, 환하다.",火,380,
9148,탁,託,부탁할 탁,10,"부탁하다, 의탁하다, 핑계하다. 우의하다, 의지하다.",金,380,
9149,"탁,차",㤞,헤아릴 탁,10,탁. 헤아릴 탁. 놀랄 차,火,,"2024 보완전사(김기승 성명학 9,491자 기준본 대조 추가)"
9150,"탁,주",啄,쫄 탁/주,11,"쪼다, 똑똑 두드리다. 부리 주.",水,380,
9151,탁,⿰日卓,밝을 탁,12,"밝다, 환하다. 성한 모양.",火,381,
9152,탁,涿,칠 탁,12,"치다, 두드리다, 쪼다.",水,381,옥편 11획
9153,탁,晫,밝을 탁,12,"밝다, 빛나다(밝은 상태). 맑고 환한 상태를 이르는 말(희귀용례)",火,,"2024 보완전사(김기승 성명학 9,491자 기준본 대조 추가)"
9154,"탁,착",琸,사람이름 탁/착,13,사람이름. 사람이름 착.,金,381,옥편 12획
9155,탁,琢,다듬을 탁,13,"다듬다, 닦다, 연마하다, 꾸미다. 선택하다.",金,381,옥편 12획
9156,탁,槖,전대 탁,14,"전대, 풀무. 절구질 하는 소리.",木,381,
9157,탁,逴,멀 탁,15,"멀다, 아득하다, 뛰어넘다. 비추다.",土,381,옥편 12획
9158,"탁,초",踔,멀 탁/초,15,"멀다, 아득하다, 뛰어나다, 탁월하다. 무상하다, 달릴 초.",土,381,
9159,탁,橐,전대 탁,16,"전대(주머니의 한 가지) 풀무, 절구질하는 소리.",木,381,
9160,탁,濁,흐릴 탁,17,"흐리다, 혼탁하다, 혼란하다. 어지럽다, 우둔하다.",水,381,옥편 16획
9161,탁,擢,뽑을 탁,18,"뽑다, 뽑아내다, 빼내다, 제거하다. 발탁하다, 뛰어나다.",木,381,옥편 17획
9162,"탁,도",濯,씻을 탁/도,18,"씻다, 빛나다, 성대하다. 상앗대 도.",水,381,옥편 17획
9163,탁,鐲,방울 탁,21,"방울, 풍경.",金,381,
9164,탁,鐸,큰 방울 탁,21,"큰 방울, 종(큰 소리를 내는 금속제 방울). 사람의 주의를 환기하거나 알리는 소리, 기구(비유적으로 쓰임)",火,,"2024 보완전사(김기승 성명학 9,491자 기준본 대조 추가)"
9165,"탁,택",⿰木睪,낙엽 탁/택,22,"낙엽, 떨어지다. 택사 택.",木,381,옥편 20획
9166,탁,篛,대껍질 탁,22,대껍질. 풀 이름.,木,381,
9167,탁,籜,대나무의 껍질 탁,22,"대나무의 껍질, 잎집(대의 외피). 식물의 포피나 외피를 이르는 말(식물학적 외피)",木,,"2024 보완전사(김기승 성명학 9,491자 기준본 대조 추가)"
9168,"탁,택",蘀,낙엽 탁,24,낙엽 탁. 택사 택,木,,"2024 보완전사(김기승 성명학 9,491자 기준본 대조 추가)"
9169,탄,吞,삼길 탄,7,"삼키다, 감추다, 경시하다.",水,381,
9170,탄,呑,삼킬 탄,7,"삼키다(입안의 것을 꿀꺽 삼키다). 감정, 말 등을 억눌러 참다(속으로 삭이다)",水,,"2024 보완전사(김기승 성명학 9,491자 기준본 대조 추가)"
9171,탄,炭,숯 탄,9,"숯, 목탄, 숯불, 석탄, 재. 탄소, 먹물.",火,381,
9172,"탄,이,타",訑,"방종할 탄/이,타",12,"자랑하다, 천박하다, 가벼이 보이다. 속이다, 으쓱거릴 이, 속일 타.",金,381,
9173,탄,綻,터질 탄,14,"터지다, 피다.",木,381,
9174,탄,誕,낳을 탄,14,"탄생하다, 기르다, 현혹하다, 넓다. 거짓 탄.",金,381,
9175,"탄,우",嘆,탄식할 탄/우,14,탄식하다. 또 우.,水,382,
9176,탄,彈,탄알 탄,15,"탄알, 두드리다, 탄핵하다.","火,木",382,
9177,탄,歎,탄식할 탄,15,"탄식하다, 한탄하다, 노래하다. 칭찬하다.",金,382,
9178,"탄,달",憚,꺼릴 탄/달,16,"꺼리다, 두려워하다, 수고롭다. 기뻐하다, 즐거워하다, 놀랄 달.",火,382,옥편 15획
9179,탄,曤,밝을 탄,16,밝다.,火,382,
9180,탄,殫,다할 탄,16,"다하다, 쓰러지다.",水,382,
9181,"탄,단",暺,밝을 탄,16,밝을 탄. 밝을 단,火,,"2024 보완전사(김기승 성명학 9,491자 기준본 대조 추가)"
9182,탄,憻,평탄할 탄,17,"평탄하다, 편하다, 밝다, 뚜렷하다. 너그럽다, 벗어나다, 너그러울 탄.",火,382,옥편 16획
9183,탄,驒,연전총 탄,22,연전총.,火,382,
9184,"탄,난",攤,펼 탄/난,23,"펴다, 펼치다, 벼르다, 헤치다. 누를 난.",木,382,옥편 22획
9185,탄,灘,여울 탄,23,"여울, 다하다, 바닥나다.",水,382,옥편 22획
9186,탄,癱,중풍 탄,24,"중풍, 마비되다.",水,382,
9187,"탈,태",倪,가벼울 탈/태,9,"가볍다, 대범하다, 옳다, 빠뜨리다. 알맞을 태.",火,382,
9188,"탈,태",侻,가벼울 탈,9,가벼울 탈. 알맞을 태,火,,"2024 보완전사(김기승 성명학 9,491자 기준본 대조 추가)"
9189,"탈,태",脫,벗을 탈/태,13,"벗어나다, 나오다, 빠지다, 소홀하다. 기뻐할 태.",水,382,옥편 11획
9190,"탈,종",煄,탈 종,13,탈. 탈 종,金,,"2024 보완전사(김기승 성명학 9,491자 기준본 대조 추가); 1차 음의 뜻풀이 누락으로 타 음(종)의 훈으로 대표훈음 대체"
9191,"탈,태",奪,빼앗을 탈/태,14,"빼앗다, 잃다, 없어지다. 좁은 길 태.",木,382,
9192,"탐,경",忐,마음 허할 탐/경,7,"마음이 허하다, 두려워하다. 공허하다, 진실할 경.",火,382,
9193,"탐,침",眈,노려볼 탐/침,9,"노려보다, 천천히 보다, 으늑하다. 머리를 내밀고 볼 침.",木,382,
9194,탐,耽,즐길 탐,10,"즐기다, 좋아하다. 빠지다, 열중하다.",火,382,
9195,탐,貪,탐낼 탐,11,"탐내다, 희망하다, 자초하다.",金,382,
9196,"탐,짐",酖,즐길 탐/짐,11,"즐기다, 빠지다. 징새 짐",金,382,
9197,탐,探,찾을 탐,12,"찾다, 더듬어 찾다, 깊이 연구하다. 잡다, 가지다, 유람하다.",木,382,옥편 11획
9198,탐,噆,여럿이먹는소리 탐,14,"여럿이 먹는 소리, 시끄러운 소리. 많다.",水,383,
9199,탐,嗿,여럿이 먹는 소리 탐,14,여럿이먹는. 여럿이 먹는 소리 탐,火,,"2024 보완전사(김기승 성명학 9,491자 기준본 대조 추가); 기준본 음(대표) 필드 오류로 뜻풀이 텍스트에서 재추출함"
9200,"탑,탐",傷,경솔할 탑/탐,12,"나쁘다, 경솔하다, 어리석다. 불안하다, 불안할 탐.",火,383,
9201,"탑,탐",傝,나쁠 탑,12,나쁠 탑. 불안할 탐,火,,"2024 보완전사(김기승 성명학 9,491자 기준본 대조 추가)"
9202,탑,塔,탑 탑,13,"탑. 층집, 절, 탑처럼 생기다.",土,383,
9203,탑,塌,애벌갈 탑,13,"무너지다, 떨어뜰이다, 늘어뜨리다. 무너질 탑.",土,383,
9204,탑,榻,걸상 탑,14,"걸상, 책상, 거칠다.",木,383,
9205,탑,搨,베낄 탑,14,"베끼다, 모사하다, 늘어뜨리다.",木,383,옥편 13획
9206,"탑,루",漯,모이는 모양 탑,15,물이름. 모이는 모양 탑. 물 이름 루(누),火,,"2024 보완전사(김기승 성명학 9,491자 기준본 대조 추가); 기준본 음(대표) 필드 오류로 뜻풀이 텍스트에서 재추출함"
9207,탕,坦,평탄할 탕,8,"평탄하다, 평평하다, 너그럽다. 뚜렷하다, 꾸밈이 없다.",土,381,
9208,탕,宕,호탕할 탕,8,"호탕하다, 대범하다, 통과하다. 어둡다, 어리석다, 지나치다.",木,383,
9209,"탕,노",帑,금고 탕/노,8,금고. 처자 노.,木,383,
9210,"탕,상,양",湯,"끓일 탕/상,양",13,"끓이다. 물이 세차게 흐를 상, 해돋이 양.",水,383,옥편 12획
9211,탕,碭,무늬있는돌 탕,14,"무늬 있는 돌, 찌르다, 넘치다. 지나치다, 크다.",金,383,
9212,탕,燙,데울 탕,16,"데우다, 손을 찌다. 씻다.",火,383,
9213,"탕,당",糖,엿 탕/당,16,사탕. 엿 당.,木,383,
9214,탕,盪,씻을 탕,17,"씻다, 밀어 움직이다, 이동하다. 무릅쓰다, 진동하다.",金,383,
9215,탕,蕩,방탕할 탕,18,"방탕하다, 흔들다, 움직이다.. 넓고 크다.",木,383,옥편 16획
9216,탕,灡,평평할 탕,23,"쓸다, 움직이다, 흐르게 하다. 넓다, 평평하다.",木,383,옥편 21획
9217,탕,蘯,쓸을 탕,25,"쓸다, 깨끗이 치우다(청소하거나 정리함). 제거하다, 없애 버리다(불필요한 것들을 제거함)",木,,"2024 보완전사(김기승 성명학 9,491자 기준본 대조 추가)"
9218,태,太,클 태,4,"크다, 심하다, 통하다.",木,383,
9219,"태,이,대",台,"별 태/이,대",5,"별. 태풍 태, 나이, 대 대.",水,383,
9220,"태,예,열",兌,"기쁠 태/예,열",7,"바꾸다, 교환하다, 기뻐하다, 곧다. 기쁠 태, 날카로울 예, 기쁠 열.",木,383,
9221,태,汰,사치할 태,8,"일다, 걸러내다, 가려뽑다, 거만하다. 사치하다, 지나다.",水,383,옥편 7획
9222,태,⿰子台,아이 밸 태,8,"아이를 배다, 기르다, 단련하다.",水,383,
9223,"태,일",孡,아이 밸 태,8,"아이 밸 태(아이를 낳음, 출산함). 출산과 관계된 상태나 일(임신, 분만과 관련된 뜻)",水,,"2024 보완전사(김기승 성명학 9,491자 기준본 대조 추가)"
9224,"태,이",怠,게으를 태/이,9,"게으르다, 거만하다, 업신여기다. 느리다, 그만두다, 안락할 이",火,384,
9225,태,泰,클 태,9,"크다, 편안하다, 너그럽다, 통하다.",水,384,옥편 10획
9226,태,殆,거의 태,9,"거의, 위태하다, 우헐하다. 해치다. 의심하다, 피곤하다.",水,384,
9227,태,炱,그을음 태,9,철매. 그을음 태,火,,"2024 보완전사(김기승 성명학 9,491자 기준본 대조 추가); 기준본 음(대표) 필드 오류로 뜻풀이 텍스트에서 재추출함"
9228,태,娧,아름다울 태,10,"아름답다, 느릿느릿하다, 기뻐하다.",土,384,
9229,"태,이",珆,옥무늬 태/이,10,"옥돌, 옥무늬. 옥 무늬 태",金,384,옥편 9획
9230,태,苔,이끼 태,11,"이끼, 잗품",木,384,옥편 9획
9231,태,笞,볼기칠 태,11,"볼기를 치다, 매질하다.",木,384,
9232,태,埭,둑 태,11,"둑, 보.",土,384,
9233,태,胎,아이밸 태,11,"아이를 배다, 기르다, 단련하다.",水,384,옥편 9획
9234,태,邰,나라이름 태,12,나라 이름. 성의 하나.,土,384,옥편 8획
9235,태,跆,밟을 태,12,"밟다, 짓밟다, 유린하다.",土,384,
9236,태,迨,미칠 태,12,"미치다, 닿다, 이르다, 도달하다. 바라다, 원하다.",土,384,옥편 9획
9237,태,鈦,티타늄 태,12,티타늄.,金,384,
9238,"태,탈",脫,기뻐할 태/탈,13,"벗어나다, 풀다, 나오다, 빠지다. 떨어지다, 소홀하다, 벗을 탈.",水,384,옥편 11획
9239,태,苔,이끼 태,14,이끼.,木,384,
9240,태,颱,태풍 태,14,태풍. 몹시 부는 바람.,木,384,
9241,태,態,모습 태,14,"모습, 형태, 태도, 몸가짐. 생김새, 상태.",火,384,
9242,태,駄,실을 태,14,실을. 실을 태,火,,"2024 보완전사(김기승 성명학 9,491자 기준본 대조 추가); 기준본 음(대표) 필드 오류로 뜻풀이 텍스트에서 재추출함"
9243,태,駘,둔마 태,15,"둔마, 벗다, 벗겨지다, 편하다.",火,384,
9244,태,鮐,복어 태,16,"복어. 늙은이, (늙은이 등에)복무늬 나다.",水,384,
9245,태,䬈,산들바람 태,16,철매. 산들바람 태,火,,"2024 보완전사(김기승 성명학 9,491자 기준본 대조 추가); 기준본 음(대표) 필드 오류로 뜻풀이 텍스트에서 재추출함"
9246,"태,리",斄,땅 이름 태,19,땅이름. 땅 이름 태. 털 긴 소 리(이),火,,"2024 보완전사(김기승 성명학 9,491자 기준본 대조 추가); 기준본 음(대표) 필드 오류로 뜻풀이 텍스트에서 재추출함"
9247,"택,댁,탁",宅,"집 택/댁,탁",6,"집, 살다, 임용하다, 안정시키다. 자리잡다, 댁 댁, 터질 탁.",木,384,
9248,"택,타",⿰土台,사람이름 택/타,9,"언덕, 흙산. 사람이름, 언덕 타.",土,384,
9249,"택,타",垞,사람 이름 택,9,사람 이름 택. 언덕 타,土,,"2024 보완전사(김기승 성명학 9,491자 기준본 대조 추가)"
9250,"택,역",擇,가릴 택/역,17,"가리다, 분간하다, 구별하다. 사람이름 역.",木,385,옥편 16획
9251,"택,석,역,탁",澤,"못 택/석,역,탁",17,"못, 윤택, 은혜, 덕분, 은덕. 풀 석, 전국술 역, 별이름 탁.",水,385,옥편 16획
9252,"택,탁,역,석,도",檡,나무 이름 택,17,개암. 나무 이름 택. 나무 이름 탁. 나무 이름 역. 나무 이름 석. 호랑이 도,金,,"2024 보완전사(김기승 성명학 9,491자 기준본 대조 추가); 기준본 음(대표) 필드 오류로 뜻풀이 텍스트에서 재추출함"
9253,탱,撜,버틸 탱,12,버티다. 버팀목.,金,385,
9254,탱,牚,지탱할 탱,12,"지탱하다, 받치다(버티어 유지하다). 견디다, 버티다(힘을 줘서 버텨내다)",火,,"2024 보완전사(김기승 성명학 9,491자 기준본 대조 추가)"
9255,탱,撑,버틸 탱,16,"버티다, 빨리 날다, 취하다. 해치다, 배부르다, 버팀목.",木,385,옥편 15획
9256,탱,撐,버틸 탱,16,"버티다, 빨리 날다, 취하다. 해치다, 배부르다, 버팀목.",木,385,옥편 15획
9257,터,攄,펼 터,19,"펴다, 늘어놓다, 나타내다, 발표하다. 약동하다, 용솟음 치다. 진술하다.",木,385,옥편 18획
9258,"토,두,차",土,"흙 토/두,차",3,"흙. 뿌리 두, 쓰레기 차.",土,385,
9259,토,吐,토할 토,6,"토하다, 게우다, 뱉다, 말하다. 드러내다. 버리다.",水,385,
9260,토,兎,토끼 토,8,토끼.,木,385,
9261,토,兔,토끼 토,9,토끼. 달(달속에 있다는 뜻의 달의 별칭),木,385,
9262,토,討,칠 토,10,"치다, 때리다, 공격하다, 정벌하다. 다스리다, 찾다, 연구하다.",金,385,
9263,"톤,순,퇴",暾,"느릿할 톤/순,퇴",15,"느릿하다, 일깨우다. 일깨울 순, 바르지 않을 퇴.",水,385,
9264,톤,噋,느릴 톤,15,"느리다(동작이 더디다). 꾸물거리다, 늑장부리다(천천히 행동하다)",水,,"2024 보완전사(김기승 성명학 9,491자 기준본 대조 추가)"
9265,"통,동",恫,상심할 통/동,10,"상심하다, 애통하다, 두려워하다. 두려워할 동.",火,385,옥편 9획
9266,"통,동",洞,밝을 통/동,10,"밝다, 꿰뚫다, 통하다, 통달하다. 골 동.",水,385,옥편 9획
9267,"통,용",桶,통 통/용,11,"통, 되:분량을 헤아리는데 쓰는 그릇. 되 용.",木,385,
9268,"통,송",捅,나아갈 통,11,찌를. 나아갈 통. 칠 송,火,,"2024 보완전사(김기승 성명학 9,491자 기준본 대조 추가); 기준본 음(대표) 필드 오류로 뜻풀이 텍스트에서 재추출함"
9269,통,統,거느릴 통,12,"거느리다, 합하다. 계통, 줄기, 실마리, 법, 모두.",木,385,
9270,통,筒,대통 통,12,"대통, 통발. 원통의 물건, 물건을 세는 단위",木,385,
9271,통,痛,아플 통,12,"아프다, 애석히 여기다, 번민하다. 슬퍄하다, 간절하다, 사무치다.",水,385,
9272,"통,용",筩,대통 통/용,13,"대통. 전동(화살을 담아 두는 통), 전동 용",木,385,
9273,통,通,통할 통,14,"통하다, 알리다, 알다.",土,385,옥편 11획
9274,통,樋,나무이름 통,15,나무 이름,木,386,
9275,통,慟,서러워할 통,15,"서러워하다, 서럽게 울다. 대단히 슬퍄하다, 애통하다.",火,386,옥편 14획
9276,퇴,堆,쌓을 퇴,11,"쌓다, 쌓이다, 놓다.",土,386,
9277,퇴,退,물러날 퇴,13,"물러나다, 물리치다, 바래다, 변하다. 겸양하다, 사양하다, 떨어뜨리다.",土,386,옥편 10획
9278,"퇴,추",槌,던질 퇴/추,14,"망치, 치다, 던지다, 내던지다. 망치 추.",木,386,
9279,퇴,褪,바랠 퇴,16,"바래다, 엏어지다, 퇴색하다. 벗다, 지다, 물러서다.",木,386,옥편 15획
9280,퇴,頹,무너질 퇴,16,"무너지다, 무너뜨리다, 기울다. 기울어지다, 쇠하다, 쇠퇴하다.",火,386,
9281,퇴,腿,넓적다리 퇴,16,"넓적다리, 다리살, 정강이.",水,386,옥편 14획
9282,퇴,隤,무너질 퇴,20,"무너지다, 무너뜨리다, 넘어지다. 실패하다, 떨어뜨리다, 기울다.",土,386,옥편 15획
9283,투,妒,시기할 투,7,"강샘하다, 투기하다, 시새우다. 시기하다.",土,386,
9284,"투,두",投,던질 투/두,8,"던지다, 뛰어들다, 가담하다, 편이되다. 합치다, 의지하다, 보내다, 머무를 두.",木,386,옥편 7획
9285,투,妬,샘낼 투,8,"샘내다, 강샘하다, 시각하다. 투기하다.",土,386,
9286,투,套,클 투,10,"씌우다, 겹치다, 크다, 덮개.",木,386,
9287,투,偷,훔칠 투,11,"훔치다 도둑질하다, 사통하다, 탐내다. 구차하다, 교활하다, 깔보다, 야박하다.",火,386,
9288,투,偸,훔칠 투,11,훔치다(절도하다). 남몰래 빼앗다(은밀히 취하다),火,,"2024 보완전사(김기승 성명학 9,491자 기준본 대조 추가)"
9289,"투,유",渝,변할 투/유,13,"변하다, 변경하다, 넘치다, 풀리다. 벗기다, 즐겁다, 기쁘다, 변할 유.",水,386,옥편 12획
9290,"투,숙",透,사무칠 투/숙,14,"사무치다, 꿰뚫다, 통하다, 투명하다. 환하다, 맑다, 달아나다, 뛰다, 놀랄 숙.",土,386,옥편 11획
9291,투,骰,주사위 투,14,"주사위, 허벅다리.",金,386,
9292,투,鬪,싸울 투,20,"싸우다, 승패를 겨루다, 투쟁하다. 경쟁하다, 당하다, 맞서다, 싸움 투.",金,386,
9293,퉁,佟,성씨 퉁,7,성의 하나.,火,386,
9294,특,忒,틀릴 특,7,"틀리다, 어긋나다, 의심하다. 새롭게 고치다, 사악하다, 변하다.",火,386,
9295,특,特,특별할 특,10,"특별하다, 뛰어나다, 달리다. 수컷 특.",土,387,
9296,"틀,닉,익",慝,"사특할 틀/닉,익",15,"사특하다, 간사하다, 악하다, 더럽다. 어긋나다, 변경되다, 숨길 닉(익)",火,387,
9297,"틈,츰",闖,엿볼 틈/츰,18,"엿보다, 부딫치다, 충돌하다, 닦다. 개척하다, 만나다, 엿볼 츰.",木,387,
9298,파,巴,바랄 파,4,"꼬리, 뱀, 소용돌이, 노래의 곡조. 바라다, 기대하다, 땅이름, 바랄 파.",土,387,
9299,파,叵,어려울 파,5,"어렵다, 불가하다. 드디어, 마침내, 자못, 매우.","水,土",387,
9300,파,⿰女巴,새앙머리 파,7,새앙머리. 머리를 쌍가래로 땋아 늘이다.,土,387,
9301,파,妑,새앙머리 파,7,새앙머리(앞머리). 앞머리의 한 형태(어린 여자의 짧은 앞머리),土,,"2024 보완전사(김기승 성명학 9,491자 기준본 대조 추가)"
9302,파,把,잡을 파,8,"잡다, 한손으로 쥐다, 가지다, 묶다. 긁다, 긁을 파.",木,387,옥편 7획
9303,파,岐,비탈질 파,8,"비탈지다, 무너지는 모양. 비탈, 고개.",土,387,
9304,파,爸,아버지 파,8,"아버지, 늙은이의 존칭. 아비 파.",木,387,
9305,파,杞,비파나무 파,8,"비파나무. 자루, 써레(농기구), 밭 고무래",木,387,
9306,파,坡,언덕 파,8,"언덕, 고개, 비탈. 둑, 제방.",土,387,
9307,파,爬,긁을 파,8,"(손톱으로)긁다. 기다, 기어다니다, 잡다.","金,木",387,
9308,파,岥,가파른 비탈 파,8,가파른 비탈(경사진 곳). 경사지거나 험한 산허리의 지형(비탈진 지면),土,,"2024 보완전사(김기승 성명학 9,491자 기준본 대조 추가)"
9309,파,杷,비파나무 파,8,비파나무 파. 발고무래 파,木,,"2024 보완전사(김기승 성명학 9,491자 기준본 대조 추가)"
9310,"파,백",怕,두려워할 파/백,9,"두려워하다, 부끄러워하다, 담담하다. 편안하다, 조용하다, 담담할 백.",火,387,옥편 8획
9311,"파,피",波,물결 파/피,9,"물결, 흐름, 눈짖, 은총, 주름. 혜택, 방죽 피.",水,387,옥편 8획
9312,파,芭,파초 파,10,"파초(여러해살이 풀) 풀이름, 꽃, 향초의 일종",木,387,옥편 8획
9313,파,笆,가시대 파,10,가시대(가시가 있는 대). 대비자(가시대로 엮은 바자),木,387,
9314,파,耙,써레 파,10,"써레, 쟁기.",木,387,
9315,파,玻,유리 파,10,유리.,金,387,옥편 9획
9316,"파,피",破,깨뜨릴 파/피,10,"깨뜨리다, 부수다, 파괴하다, 째다. 가르다, 지우다, 갈라지다, 무너질 피.",金,387,
9317,파,派,갈래 파,10,"갈래, 지류, 유파, 보내다. 갈라지다, 가르다. 파견하다.",水,387,옥편 9획
9318,"파,바",婆,할머니 파/바,11,"할머니, 늙은 여자, 춤추는 모양. 음역자 바.",土,388,
9319,"파,피",跋,절름발이 파/피,12,"절름발이, 절룩거리다. 비스듬히 설 피.",土,388,
9320,"파,피",跛,절름발이 파,12,절름발이 파. 비스듬히 설 피,土,,"2024 보완전사(김기승 성명학 9,491자 기준본 대조 추가)"
9321,파,琶,비파 파,13,"비파, 타다.",金,388,옥편 12획
9322,파,菠,시금치 파,14,시금치.,木,388,옥편 12획
9323,파,頗,자못 파,14,"상당히, 몹시, 대단히, 비뚤어지다. 편파적이다, 불공평하다, 치우치다.",火,388,
9324,파,葩,꽃 파,15,"꽃, 화려하다.",木,388,옥편 13획
9325,파,嶓,산 이름 파,15,산이름. 산 이름 파,水,,"2024 보완전사(김기승 성명학 9,491자 기준본 대조 추가); 기준본 음(대표) 필드 오류로 뜻풀이 텍스트에서 재추출함"
9326,파,播,뿌릴 파,16,"뿌리다, 퍼뜨리다, 베풀다. 널리 미치게 하다. 흩뜨리다.",木,388,옥편 15획
9327,파,罷,마칠 파,16,"마치다, 그만두다, 놓다, 내치다. 방면하다, 물러가다, 덜다, 고달프다.",木,388,옥편 15획
9328,파,皤,흴 파,17,"희다, 불룩하다.",金,388,
9329,"파,패",擺,열 파/패,19,"열다, 벌여놓다, 흔들다, 털다. 옷의 아랫단 파, 열 패, 옷의 아랫단 패.",木,388,옥편 18획
9330,파,⿱竹波,까부를 파,19,"까부르다, 까불다, 일다.",木,388,
9331,파,鄱,고을이름 파,19,고을이름. 호수이름.,土,388,옥편 15획
9332,"파,겨",簸,곡식의 겨 파,19,"곡식의 겨, 껍질을 바람이나 흔들어 날려 분리하다(키질하다). 흔들어 흩뜨리다(털어 내다)",木,,"2024 보완전사(김기승 성명학 9,491자 기준본 대조 추가)"
9333,파,壩,방죽 파,24,방죽. 방죽 파,水,,"2024 보완전사(김기승 성명학 9,491자 기준본 대조 추가); 기준본 음(대표) 필드 오류로 뜻풀이 텍스트에서 재추출함"
9334,파,灞,물이름 파,25,물이름. 강이름.,水,388,옥편 24획
9335,판,坂,언덕 판,7,"언덕, 비탈, 제방, 비탈지다. 둑.",土,388,
9336,판,判,판단할 판,7,"판단하다, 판결하다, 나누다. 구별하다, 맡다, 떨어지다. 가르다,",金,388,
9337,판,板,널빤지 판,8,"널빤지, 판자, 영패.",木,388,
9338,판,版,판목 판,8,"판목, 책, 편지, 널빤지. 명패, 조서. 길(길이 단위)",木,388,
9339,판,販,팔 판,11,"팔다, 사다, 장사하다, 배반하다. 무역하다, 장사, 상업.",金,388,
9340,판,阪,언덕 판,12,"언덕, 비탈, 제방, 비탈지다. 둑.",土,388,옥편 7획
9341,판,鈑,금박 판,12,"금박, 금화, 판금.",金,388,
9342,판,辦,힘들일 판,16,"힘들이다, 힘쓰다, 힘써 일하다. 갖추다, 준비하다, 주관하다.",金,389,
9343,판,瓣,외씨 판,19,"오이씨. 꽃잎, 과일조각, 오이의 씨",木,389,
9344,팔,八,여덟 팔,2,"여덟, 나누다. 여덜 번, 팔자형.",金,389,
9345,팔,叭,입벌릴 팔,5,"입을 벌리다, 나팔, 숨쉬는 소리. 나팔 팔.",水,389,
9346,팔,朸,고무래 팔,6,"고무래, 쓰레받이, 삼태기.",木,389,
9347,팔,汃,물결치는소리 팔,6,"물결치는 소리, 빛나는 모양 빛나다.",水,389,옥편 5획
9348,팔,朳,고무래 팔,6,"고무래(곡식을 털거나 걷어내는 농기구의 일종). 나무로 만든 작은 도구, 갈림가지 모양의 공구(유사 기구를 가리킴)",木,,"2024 보완전사(김기승 성명학 9,491자 기준본 대조 추가)"
9349,팔,捌,깨뜨릴 팔,11,"깨뜨리다, 찢다, 쳐부수다, 파열하다. 나누다, 분별하다, 중재하다, 여덜 팔",木,389,옥편 10획
9350,"팔,령",詅,팔 령,12,팔. 팔 령(영),火,,"2024 보완전사(김기승 성명학 9,491자 기준본 대조 추가); 1차 음의 뜻풀이 누락으로 타 음(령)의 훈으로 대표훈음 대체"
9351,패,貝,조개 패,7,"조개, 재화, 보화, 비단. 조가비, 패각, 소라, 돈.",金,389,
9352,"패,발",孛,살별 패/발,7,"어지럽히다, 안색 변하다, 성한모양. 빛이 환히 빛나는 모양, 안색변할 발",水,389,
9353,패,佩,찰 패,8,"차다, 달다, 지니다, 두르다. 명심하다, 감복하다, 경탄하다.",火,389,
9354,패,沛,비쏟아질 패,8,"쏟아지다, 내리다, 물리치다. 넘어지다, 늪 패.",水,389,옥편 7획
9355,패,旆,기 패,10,"기, 깃발, 앞장서다. 선구, 드리워진 모양, 깃발 날리다.",土,389,
9356,패,唄,염불소리 패,10,"염불소리, 찬불.",水,389,
9357,"패,발",悖,거스를 패/발,11,"거스르다, 어그러지다, 혼란스럽다. 가리다, 거칠다, 우쩍일어날 발.",火,389,옥편 10획
9358,패,狽,이리 패,11,"이리, 낭패하다, 허둥지둥하다. 낭패할 패.",土,389,옥편 10획
9359,패,珮,찰 패,11,"병이 생기다, 차다, 달다, 지니다 명심하다, 감복하다, 경탄하다.",金,389,옥편 10획
9360,패,敗,패할 패,11,"패하다, 무너지다, 깨뜨리다, 썩다. 떨어지다, 해치다, 부수다.",金,389,
9361,패,浿,강이름 패,11,강 이름. 고을 이름,水,389,옥편 10획
9362,패,牌,패 패,12,"패, 간판, 명찰. 방, 부신, 부절, 포고문.",木,389,
9363,패,稗,피 패,13,"피(볏과의 한해살이 풀) 작다, 잘다.",木,389,
9364,패,霶,비쏟아질 패,15,"비 쏟아지다, 젖다, 큰비.",水,390,
9365,"패,비",霈,한 번에 크게 쏟아지는 비 패,15,"한 번에 크게 쏟아지는 비(폭우, 호우). 문예적, 서술적 표현에서 쓰이는 많은 비가 내림(심한 강우)",水,,"2024 보완전사(김기승 성명학 9,491자 기준본 대조 추가)"
9366,패,覇,으뜸 패,19,"으뜸, 두목, 으뜸가다. 두목 패.",金,390,
9367,패,霸,으뜸 패,21,"으뜸, 두목, 으뜸가다. 두목 패.",水,390,
9368,팽,伻,부릴 팽,7,하여금. 부릴 팽,水,,"2024 보완전사(김기승 성명학 9,491자 기준본 대조 추가); 기준본 음(대표) 필드 오류로 뜻풀이 텍스트에서 재추출함"
9369,팽,祊,제사 팽,9,제사. 읍 이름.,木,390,
9370,팽,砰,돌구르는소리 팽,10,"돌 구르는 소리, 물결치는 소리. 성하다.",金,390,
9371,팽,烹,삶을 팽,11,"삶다, 삶아지다, 죽이다, 불리다.",火,390,
9372,"팽,방",彭,성씨 팽/방,12,"부풀어 오르다, 불룩해지다. 곁 방.",火,390,
9373,팽,澎,물소리 팽,16,"물소리, 물결치다, 부풀어오르다. 섬이름, 팽창하다.",水,390,옥편 15획
9374,팽,⿰月彭,부를 팽,18,"(배가)부르다, 부풀다, 불룩하다.",水,390,옥편 16획
9375,팽,螫,방게 팽,18,방게(바위겟과의 하나),水,390,
9376,팽,蟛,방게 팽,18,방게(바위겟과의 하나),水,390,
9377,"팽,게",蟚,작고 민물 팽,18,"작고 민물, 연안에 사는 게의 한 종류(방게). 작은 갑각류로서 지역적으로 불리는 작은 게(연안, 하천 서식 게)",水,,"2024 보완전사(김기승 성명학 9,491자 기준본 대조 추가)"
9378,팽,膨,부피나 크기가 불어나거나 늘어날 팽,20,"부피나 크기가 불어나거나 늘어나다(부풀다, 팽창하다). 범위, 규모가 확대되거나 증가하다(확장, 증대)",水,,"2024 보완전사(김기승 성명학 9,491자 기준본 대조 추가)"
9379,퍅,愎,강퍅할 퍅,13,"강퍅하다, 너그럽지 못하다. 어긋나다, 듯지 아니하다.",火,390,옥편 12획
9380,"편,반",片,조각 편/반,4,"조각, 쪼개다. 절반 반.",木,390,
9381,편,扁,두루 편,9,"작다, 좁다, 낮다, 두루, 널리. 잡작하다, 현판, 반신불수의 병",木,390,
9382,"편,변",便,편할 편/변,9,"편하다, 이첨하다, 휴식하다, 익히다. 말잘하다, 똥오줌 변.",火,390,
9383,편,偏,치우칠 편,11,"지추치다, 쏠리다, 기울다, 편향되다. 편중되다, 속이다, 나부끼다.",火,390,
9384,편,匾,납작할 편,11,"납작하다, 낮다, 현판. 성의 하나, 거룻배(돛이 없는 작은 배)","水,木",390,
9385,"편,변",徧,두루미칠 편/변,12,"두루미치다, 두루 다니다. 널리 퍼져 있다, 두루 변.",火,390,
9386,편,惼,편협할 편,13,"편협하다, 조급하다..",火,390,옥편 12획
9387,편,篇,책 편,15,"책, 서책, 완결된 시문. 가볍게 날리는 모양.",木,390,
9388,"편,변",萹,마디풀 편/변,15,"마디풀, 초목이 흔들리는 모양. 마디풀 변.",木,391,옥편 13획
9389,"편,변",褊,좁을 편/변,15,"좁다, 성급하다, 휘날리다. 납작하다, 휘날릴 변.",木,391,옥편 14획
9390,"편,변",編,엮을 편/변,15,"엮다, 지살, 얽다, 매다, 만들다. 조직하다, 편성하다, 땋을 변.",木,391,
9391,편,緶,꿰맬 편,15,꿰매다.,木,391,
9392,편,艑,거룻배 편,15,"거룻배, 큰배.",木,391,
9393,편,翩,나부낄 편,15,"나부끼다, 훌쩍 날다. 오락가락하다.",火,391,
9394,편,蝙,박쥐 편,15,박쥐,水,391,
9395,편,徧,두루 편,16,"두루퍼지다, 널리 퍼져 있다.",土,391,옥편 13획
9396,편,⿰言扁,말잘할 편,16,말 잘하다. 말을 교묘하게 하다.,金,391,
9397,"편,변",諞,말 잘할 편,16,말 잘할 편. 뽐낼 변,水,,"2024 보완전사(김기승 성명학 9,491자 기준본 대조 추가)"
9398,편,鞭,채찍 편,18,"채찍질하다. 매질하다. 채찍, 회초리, 형벌 이름, 대의 뿌리",金,391,
9399,"편,편",騙,속일 편/편,19,"속이다, 기만하다, 사취하다. 뛰어오르다, 말탈 편.",火,391,
9400,"편,변",遍,두루 편,19,두루 편. 두루 변,土,,"2024 보완전사(김기승 성명학 9,491자 기준본 대조 추가)"
9401,"펼,부,포,박",尃,펼 부,10,펼. 펼 부. 퍼질 포. 양하 박,水,,"2024 보완전사(김기승 성명학 9,491자 기준본 대조 추가); 1차 음의 뜻풀이 누락으로 타 음(부)의 훈으로 대표훈음 대체"
9402,"펼,리,치",攡,베풀 리,22,펼. 베풀 리(이). 베풀 치,火,,"2024 보완전사(김기승 성명학 9,491자 기준본 대조 추가); 1차 음의 뜻풀이 누락으로 타 음(리)의 훈으로 대표훈음 대체"
9403,폄,砭,돌침 폄,10,"돌침(돌을 가지고 놓는 침). 경계, 침을 놓다.",金,391,
9404,폄,窆,하관할 폄,10,"하관하다, 구덩이",水,391,
9405,폄,貶,낮출 폄,12,"낮추다, 떨어뜨리다, 물리치다.",金,391,
9406,"평,편",平,평평할 평/편,5,"평평하다, 정리되다, 편안하다. 다스릴 편.",木,391,
9407,평,匉,큰소리 평,7,물소리요란할. 큰소리 평,水,,"2024 보완전사(김기승 성명학 9,491자 기준본 대조 추가); 기준본 음(대표) 필드 오류로 뜻풀이 텍스트에서 재추출함"
9408,평,坪,들 평,8,"들, 평(지적단위), 평평하다.",土,391,
9409,평,抔,탄핵할 평,9,"탄핵하다, 스치다, 잡아당기다. ~로 하여금, ~로 하게 하다. 쏘다.",木,391,옥편 8획
9410,평,枰,바둑판 평,9,"바둑판, 침상, 걸상. 쌍륙판, 의자.",木,391,
9411,평,怦,곧을 평,9,"곧다, 마음 조급하다, 충직한 모양. 만족하지 않다, 마음에 차지 않다.",火,391,옥편 8획
9412,평,泮,물소리 평,9,물소리. 거센 물결의 모양.,水,391,옥편 8획
9413,평,抨,강하게 비판하거나 공격할 평,10,"강하게 비판하거나 공격하다(탄핵, 비난의 뜻으로 쓰임). 물리적, 언어적으로 타격을 가하다(격렬히 치다, 공격하다)",木,,"2024 보완전사(김기승 성명학 9,491자 기준본 대조 추가)"
9414,평,泙,흐르는 물이나 잔물결이 만드는 소리 평,10,"흐르는 물이나 잔물결이 만드는 소리(물소리). 물결이 일렁이며 내는 소리나 작용(물결 소리, 물의 움직임)",水,,"2024 보완전사(김기승 성명학 9,491자 기준본 대조 추가)"
9415,"평,병",苹,개구리밥 평/병,11,"개구리밥, 쑥, 갈대, 부들, 사과. 전차이름 병, 부릴 병.",木,392,옥편 9획
9416,평,評,평할 평,12,"품평하다, 평론하다. 평하다, 벼슬이름, 쟁기(농기구)",金,392,
9417,평,萍,부평초 평,14,"부평초, 떠돌다. 개구리밥(여러해살이 수초)",木,392,옥편 12획
9418,평,鮃,넙치 평,16,"넙치, 가자미, 비목어.",水,392,
9419,평,⿱艹泮,부평초 평,17,"부평초, 개구리밥, 쑥, 비의 신",木,392,옥편 15획
9420,평,蓱,부평초 평,19,부평초(수면에 떠 있는 작은 수초). 萍의 이체자(동일어)ㆍ떠돌이의 비유적 표현,木,,"2024 보완전사(김기승 성명학 9,491자 기준본 대조 추가)"
9421,폐,吠,짖을 폐,7,"(개가)짖다, 욕하다.",水,392,
9422,"폐,패",肺,허파 폐/패,10,"허파, 마음, 충심. 성할 패",水,392,옥편 8획
9423,폐,閉,닫을 폐,11,"닫다, 막다, 가리다, 감추다. 마치다.",木,392,
9424,"폐,비",狴,감옥 폐/비,11,"감옥, 들개. 감옥 비",土,392,옥편 10획
9425,폐,敝,해질 폐,12,"해지다, 깨지다, 버리다, 가리다.",金,392,
9426,폐,廢,폐할 폐,15,"폐하다, 버리다, 그치다, 부서지다. 무너지다, 쇠퇴하다, 버릴 폐.",木,392,
9427,"폐,별",弊,폐단 폐/별,15,"폐단, 부정행위, 해, 폐해, 해지다. 힘쓰는 모양, 끊다, 해질 폐, 닦을 별",木,392,
9428,폐,陛,대궐섬돌 폐,15,"대궐섬돌, 층게, 계급.",土,392,옥편 10획
9429,폐,嬖,사랑할 폐,16,"사랑하다, 귀여움받다, 친숙해지다.",土,392,
9430,폐,獘,넘어질 폐,16,"넘어지다, 해어지다, 곤하다. 짐승이름 폐.",土,392,
9431,폐,癈,폐질 폐,17,"폐질, 고질병, 버리다, 폐기하다.",水,392,
9432,폐,斃,죽을 폐,18,"죽다, 넘어져 죽다, 자빠지다. 엎어지다.",金,392,
9433,"폐,별",蔽,덮을 폐/별,18,"덮다, 가리다, 총괄하다, 판단하다. 이르다, 도달하다, 해지다, 닦을 별.",木,392,옥편 16획
9434,"포,보",布,베 포/보,5,"베, 조세, 펴다, 베풀다, 걸쳐놓다. 벌여놓다, 전파되다, 펼 포, 보시 보",木,392,
9435,포,包,쌀 포,5,"싸다, 감싸다, 용납하다, 아우르다. 너그럽게 받아들이다, 꾸러미 포.",金,393,
9436,포,佈,펄 포,7,"펴다, 널리 알리다, 두려워하다. 무서워하다.",火,393,
9437,포,抛,던질 포,8,"던지다, 버리다, 내던지다. 내버리다.",木,393,옥편 7획
9438,포,抱,안을 포,8,"안다, 품다, 둘러싸다, 가지다. 지키다, 받들다, 던지다, 버리다.",木,393,옥편 7획
9439,포,庖,부엌 포,8,"부엌, 음식, 요리인, 성의 하나. 복희씨(중국 고대 전설상의 제왕)",木,393,
9440,포,咆,고함지를 포,8,"고함지르다, 성을 불끈내다. 으르렁거리다, 불끈 성내는 모양.",水,393,
9441,포,抱,안을 포,9,"안다, 품다, 둘러싸다, 손에 넣다. 지키다, 받들다, 던지다. 던질 포.",木,393,옥편 8획
9442,포,怖,두려워할 포,9,"두려워하다, 두렵다, 놀라게 하다. 위협하다.",火,393,옥편 8획
9443,포,炰,용맹스러울 포,9,"통째로 굽다, 대단하다, 거칠다. 용맹스럽다.",火,393,
9444,포,炮,통째로구울 포,9,"통째로 굽다, 터지다. 제사, 부엌, 주방, 대포.",火,393,
9445,포,拋,던질 포,9,"던지다, 버리다, 戰車",木,393,옥편 8획
9446,포,匍,길 포,9,"기다, 기어가다, 갈다, 문지르다. 힘을 다하다.",金,393,
9447,포,泡,거품 포,9,"거품, 왕성하다, 성하다.",水,393,옥편 8획
9448,포,砲,대포 포,10,대포. 포로 공격하다.,金,393,
9449,포,哺,먹일 포,10,"먹이다, 먹여 기르다. 씹어먹다, 음식물, 어린아이의 병명",水,393,
9450,포,圃,채마밭 포,10,"채마밭, 채소밭, 농사일, 들, 들판. 정원, 뜰, 넓다, 크다.",水,393,
9451,포,疱,물집 포,10,"물집, 천연두, 부르트다.",水,393,
9452,포,捕,잡을 포,11,"잡다, 붙잡다, 구하다, 찾다. 사로잡다.",木,393,옥편 10획
9453,포,苞,쌀 포,11,"싸다, 우거지다, 무성하다, 근본. 꽃망울, 꽃봉오리, 덤불, 풀 이름.",木,393,옥편 9획
9454,포,袍,도포 포,11,"도포, 즐기다, 좋아하다, 탐하다. 속옷, 품다.",木,393,옥편 10획
9455,포,晡,신시 포,11,"신시, 저녁나절, 해질 무렵",火,393,
9456,포,匏,박 포,11,"박, 바가지. 별 이름, 악기 이름, 팔음의 하나.",金,394,
9457,포,胞,세포 포,11,"(발을)구부리다, 세포, 자궁, 친형제. 동기, 여드름 포",水,394,옥편 9획
9458,포,浦,바닷가 포,11,"개, 물가, 바닷가, 수면, 흐르다.",水,394,옥편 10획
9459,포,鉋,대패 포,13,"대패, 발굴하다, 파다.",金,394,
9460,"포,보",脯,포 포/보,13,"포, 말린 과실. 회식할 보.",水,394,옥편 11획
9461,포,逋,도망갈 포,14,"도망가다, 달아나다, 체납하다. 체포하다.",土,394,옥편 11획
9462,포,誧,도울 포,14,"돕다, 말이 크다, 간하다, 꾀하다.",金,394,
9463,포,鞄,혁공 포,14,혁공(가죽 다루는 장인) 북채.,金,394,
9464,포,飽,배부를 포,14,"배부르다, 충실하다, 가득차다. 만족하다, 착복하다.",水,394,
9465,포,葡,포도 포,15,포도나무. 포도.,木,394,옥편 13획
9466,"포,부",褒,기릴 포/부,15,"기리다, 칭찬하다, 크다, 넓다. 모으다, 모을 부.",木,394,
9467,"포,폭,박",暴,"사나울 포/폭,박",15,"사납다, 난폭하다, 해치다, 모질다. 사나울 폭, 찔 폭, 앙상할 박.",火,394,
9468,포,鋪,펼 포,15,"펴다, 늘어놓다, 두루미치다, 베풀다. 퍼지다, 얇다, 가게 포.",金,394,
9469,포,蒲,부들 포,16,"부들(여러해살이 풀), 창포. 노릉, 냇버들, 부들자리, 초가.",木,394,옥편 14획
9470,포,鮑,절인물고기 포,16,"절인 물고기, 전복, 갖바치.",水,394,
9471,포,餔,저녁밥 포,16,저녁밥(밤에 먹는 끼니). 간단히 끼니를 때우는 음식이나 식사,水,,"2024 보완전사(김기승 성명학 9,491자 기준본 대조 추가)"
9472,포,儤,번설 포,17,"번서다, 도임하다, 넘다.",火,394,
9473,"포,폭,박",曓,"사나울 포/폭,박",17,"사납다, 난폭하다, 해치다, 모질다. 사나울 폭, 찔 폭, 앙상할 박.",火,394,
9474,"포,부",鯆,돌고래 포/부,18,돌고래.,水,394,
9475,"폭,핍,복",幅,"폭 폭/핍,복",12,"폭, 가장자리. 행전 핍, 두건 복.",木,394,
9476,"폭,포,박",暴,"사나울 폭/포,박",15,"사납다, 난폭하다, 해치다, 모질다. 찔 폭, 사나울 포, 앙상할 박.",火,394,
9477,"폭,복,부",輻,"바퀴살 폭/복,부",16,"바퀴살, 바퀴, 몰려들다. 다투어 모이다, 바퀴살 복, 몰려들 부.",火,395,
9478,"폭,박",爆,불터질 폭/박,19,"불 터지다, 폭발하다, 사르다. 지질 박.",火,395,
9479,"폭,포,박",曝,"사나울 폭/포,박",19,"사납다, 난폭하다, 해치다, 모질다. 찔 폭, 사나울 포, 앙상할 박.",火,395,
9480,"폭,포,팍",瀑,"폭포 폭/포,팍",19,"폭포. 소나기 포, 용솟음칠 팍",水,395,옥편 18획
9481,"표,작",杓,북두자루 표/작,7,"당기다, 매다, 치다, 때리다. 구기 작.",木,395,
9482,표,表,겉 표,9,"겉, 가죽, 모범, 규범, 표지. 시계 표.",木,395,옥편 8획
9483,"표,삼",髟,늘어질 표/삼,10,늘어지다. 처마 삼.,火,395,
9484,표,俵,나누어줄 표,10,"나누어 주다, 헤치다.",火,395,
9485,표,豹,표범 표,10,표범.,水,395,
9486,표,票,표 표,11,"표, 지폐.",火,395,
9487,표,彪,범 표,11,"범, 빛나다, 선명하다, 밝히다.",火,395,
9488,표,殍,주려죽을 표,11,"주려죽다, 굶주려 죽다.",水,395,
9489,표,儦,날랠 표,13,"날래다, 재빠르다, 경솔하다. 가벼울 표",火,395,
9490,표,勡,으를 표,13,"으르다, 겁박하다, 위협하다.",土,395,
9491,표,剽,겁박할 표,13,"겁박하다, 위협하다, 협박하다. 사납다, 거칠다, 찌르다, 훔치다.",金,395,
9492,표,裱,목도리 표,14,목도리,木,395,옥편 13획
9493,표,嫖,날랠 표,14,"날래다, 재빠르다, 음탕하다. 음탕할 표.",土,395,
9494,표,嘌,빠를 표,14,"빠르다, 어지럽다, 흔들리다.",水,395,
9495,표,摽,칠 표,15,"치다, 떨어지다, 손짓하다, 버리다.",木,395,옥편 14획
9496,표,標,표할 표,15,"표하다, 나타내다, 기록하다.",木,395,
9497,표,慓,급할 표,15,"급하다. 날래다, 재빠르다, 용맹하다.",火,396,옥편 14획
9498,표,熛,불똥 표,15,"불똥, 폭풍, 번쩍이다, 빠르다.",火,396,
9499,표,漂,떠다닐 표,15,"떠다니다, 떠내려가다, 띄우다. 유랑하다, 나부끼다. 서를하다.",水,396,옥편 14획
9500,표,諘,칭찬할 표,15,칭찬할. 칭찬할 표,水,,"2024 보완전사(김기승 성명학 9,491자 기준본 대조 추가); 기준본 음(대표) 필드 오류로 뜻풀이 텍스트에서 재추출함"
9501,표,瓢,바가지 표,16,"바가지, 표주박, 박.",木,396,
9502,표,縹,휘날릴 표,17,"휘날리다, 나부끼다, 아득하다. 옥색 표.",木,396,
9503,표,⿰耳票,들을 표,17,듣다.,火,396,
9504,표,䏇,겨우 들을 표,17,표. 겨우 들을 표,水,,"2024 보완전사(김기승 성명학 9,491자 기준본 대조 추가)"
9505,표,翲,나는 모양 표,17,높이날. 나는 모양 표,水,,"2024 보완전사(김기승 성명학 9,491자 기준본 대조 추가); 기준본 음(대표) 필드 오류로 뜻풀이 텍스트에서 재추출함"
9506,표,鏢,칼집끝장식 표,19,칼집 끝 장식.,金,396,
9507,표,飄,나부낄 표,20,"나부끼다, 빠르다, 방랑하다. 떨어지다.",木,396,
9508,표,猋,폭풍 표,21,"폭풍, 회오리 바람, 광풍. 폭풍 불어 올리다.",木,396,
9509,표,飇,폭풍 표,21,"폭풍, 회오리 바람, 광풍. 폭풍 불어 올리다.",木,396,
9510,표,驫,날랜말 표,21,"황부루(누런 바탕에 흰빛이 섞인 말) 빠르다, 굳세다, 날래다.",火,396,
9511,표,飆,세찬 바람 표,21,"세찬 바람, 폭풍(매우 빠르고 거센 바람). 거세고 급속한 기세(강한 기운이나 격렬한 움직임)",木,,"2024 보완전사(김기승 성명학 9,491자 기준본 대조 추가)"
9512,표,驃,용맹한 군마 표,21,용맹한 군마(달음박질이 빠르고 힘센 말). 기개 있고 민첩한 성질(준엄하고 민첩함),火,,"2024 보완전사(김기승 성명학 9,491자 기준본 대조 추가)"
9513,표,鰊,부레 표,22,"끓다, 부레.",水,396,
9514,표,鰾,부레 표,22,부레(물고기의 공기주머니). 부풀어 오른 것(공기나 가스로 부풀어 오름),水,,"2024 보완전사(김기승 성명학 9,491자 기준본 대조 추가)"
9515,표,鑮,재갈 표,23,"재갈. 풀걸. 성한 모양, 성하다.",金,396,
9516,표,鑣,재갈 표,23,"재갈, 말의 입에 대는 장구류(마구의 일부). 말의 장식이나 마구의 구성요소(굴레, 고삐 관련 부속)",水,,"2024 보완전사(김기승 성명학 9,491자 기준본 대조 추가)"
9517,"풀,문",芠,범의귀 문,9,풀. 범의귀 문,水,,"2024 보완전사(김기승 성명학 9,491자 기준본 대조 추가); 1차 음의 뜻풀이 누락으로 타 음(문)의 훈으로 대표훈음 대체"
9518,품,品,물건 품,9,"물건, 물품, 등급, 차별, 품격.",水,396,
9519,"품,름,늠",稟,"여쭐 품/름,늠",13,"여쭈다, 아뢰다, 보고하다, 주다. 받다, 심가다, 곳집 름, 곳집 늠.",木,396,
9520,풍,風,바람 풍,9,"바람, 가르침, 풍속, 경치, 경관. 기질, 기세.",木,396,
9521,"풍,빙",馮,성씨 풍/빙,12,"업신여기다, 기대다, 성내다. 업신여길 빙.",火,396,
9522,풍,楓,단풍 풍,13,단풍나무.,木,396,
9523,"풍,례,예",豊,"풍년 풍/례,예",13,"풍년, 무성하다, 부들 풍. 예도 례(예), 굽높은 그릿 례(예)",木,396,
9524,풍,瘋,미칠 풍,14,"미치다, 발작적으로 정신이상 상태에 이르다(광기). 광기, 광렬한 상태(지나친 집착, 흥분)",水,,"2024 보완전사(김기승 성명학 9,491자 기준본 대조 추가)"
9525,풍,諷,풍자할 풍,16,"풍자하다, 변죽을 올리다, 알리다. 암송하다.",金,396,
9526,풍,豐,풍년 풍,18,"풍년, 풍년들다, 무성하다. 부들 풍.",木,397,
9527,피,皮,가죽 피,5,"가죽, 벗기다, 떨어지다, 뻔뻔하다.",金,397,
9528,피,彼,저 피,8,"저, 그, 저쪽, 덮다, 아니다.",火,397,
9529,피,披,헤칠 피,9,"헤치다, 풀다, 개척하다, 나누다. 쪼개다, 찢다, 걸치다.",木,397,옥편 8획
9530,피,疲,피곤할 피,10,"피곤하다, 고달프다, 느른하다. 게으르다, 야위다, 늙다.",水,397,
9531,피,被,입을 피,11,"입다, 당하다, 씌우다, 닿다. 더하다, 베풀다, 받다.",木,397,옥편 10획
9532,피,詖,치우칠 피,12,"치우치다, 교활하다, 비뚤어지다. 아첨하다.",金,397,
9533,"피,파",陂,방죽 피/파,13,"방죽, 연못, 간사하다, 기울어지다. 비탈지다, 비탈 파.",土,397,옥편 8획
9534,피,鞁,가슴걸이 피,14,"가슴걸이, 고삐.",金,397,
9535,피,髲,다리 피,15,가발.,火,397,
9536,피,廥,여물광 괴,16,"여물광, 곳간, 곡식 창고, 저장하다",木,48,
9537,피,避,피할 피,20,"피하다, 면하다, 회피하다. 떠나다, 물러나다, 감추다.",土,397,옥편 17획
9538,픽,腷,답답할 픽,15,"답답하다, 울적하다.",水,397,옥편 13획
9539,"필,목,비",匹,"짝 필/목,비",4,"짝, 배우자, 상대, 혼자, 벗. 천한사람, 필, 집오리 목, 비유할 비","水,土",397,
9540,필,必,반드시 필,5,"반드시, 틀림없디, 가벼이. 이루어 내다.",火,397,
9541,"필,소,아",疋,"짝 필/소,아",5,"짝, 배필, 홀, 하나, 배우자. 필(피륙을 세는 단위), 엇비슷하다.",土,397,
9542,필,佖,점잖을 필,7,"점잖다, 위엄이 있다, 견주다. 가득하다.",火,397,
9543,필,咇,향내날 필,8,"향내나다, 말 명확하지 않다.",水,397,
9544,필,妼,엄전할 필,8,계집엄전할. 엄전할 필,水,,"2024 보완전사(김기승 성명학 9,491자 기준본 대조 추가); 기준본 음(대표) 필드 오류로 뜻풀이 텍스트에서 재추출함"
9545,"필,비",泌,스며흐를 필/비,9,"스며흐르다, 물결 부딫치다. 분비할 비.",水,397,옥편 8획
9546,필,珌,칼집장식 필,10,칼집 장식.,金,397,옥편 9획
9547,"필,별",苾,향기로울 필/별,11,향기롭다.,木,397,옥편 9획
9548,필,畢,마칠 필,11,"마치다, 완성하다, 드리다, 빠르다.",木,398,
9549,필,邲,땅 이름 필,11,땅이름. 땅 이름 필,水,,"2024 보완전사(김기승 성명학 9,491자 기준본 대조 추가); 기준본 음(대표) 필드 오류로 뜻풀이 텍스트에서 재추출함"
9550,필,筆,붓 필,12,"붓, 글씨, 필기구, 필법, 가필. 획수, 글자를 쓰다, 글을 짓다.",木,398,
9551,필,弼,도울 필,12,"돕다, 보필하다, 바루다, 돕는 사람.",金,398,
9552,"필,혁",⿰氵聿,샘솟을 필/혁,12,샘이 용솟다. 붓도랑 혁.,水,398,
9553,"필,피,슬",鉍,"창자루 필/피,슬",13,"창자루. 밉게 볼 피, 거문고 슬.",金,398,
9554,"필,혁",㳼,샘 용솟을 필,13,필. 샘 용솟을 필. 봇도랑 혁,水,,"2024 보완전사(김기승 성명학 9,491자 기준본 대조 추가)"
9555,필,馥,좋은향내가날 필,14,좋은 향내가 나다. 향기롭다.,木,398,
9556,필,馝,좋은 향내가 날 필,14,좋은 향내가 날 필. 좋은 향내 날 필,木,,"2024 보완전사(김기승 성명학 9,491자 기준본 대조 추가)"
9557,필,熚,불 활활 탈 필,14,불활활탈. 불 활활 탈 필,水,,"2024 보완전사(김기승 성명학 9,491자 기준본 대조 추가); 기준본 음(대표) 필드 오류로 뜻풀이 텍스트에서 재추출함"
9558,필,駜,살찔 필,15,"살찌다, 굳세다.",火,398,
9559,필,韴,다할 필,15,다하다. 볼 모양.,金,398,
9560,필,潷,용솟음할 필,15,용솟음하다.,水,398,옥편 14획
9561,필,㪤,다할 필,15,필. 다할 필,水,,"2024 보완전사(김기승 성명학 9,491자 기준본 대조 추가)"
9562,필,觱,악기이름 필,16,"악기 이름. 작은 도끼, 쌀쌀하다. 용솟음치다, 비녀장.",木,398,
9563,필,滭,솟구칠 필,16,"솟구치다, 거세게 흐르다(물이나 감정 등이 격렬히 일어남). 폭발적으로 일어나다, 격동하다(활동이나 운동이 활발함)",水,,"2024 보완전사(김기승 성명학 9,491자 기준본 대조 추가)"
9564,필,蓽,콩 필,17,"콩, 가시, 식물의 가시. 사립문",木,398,옥편 15획
9565,필,篳,사립짝 필,17,"사립짝, 울타리. 악기 이름.",木,398,
9566,필,罼,족대 필,17,"달리다, 몰아 달리다. 족대(물고기 잡는 기구), 토끼그물",木,398,옥편 16획
9567,필,踣,벽제할 필,18,"벽제하다, 길 치우다.",土,398,
9568,"필,비",蹕,벽제할 필,18,벽제할 필. 한 발로 설 비,土,,"2024 보완전사(김기승 성명학 9,491자 기준본 대조 추가)"
9569,"필,비",鵯,직박구리 필/비,19,직박구리. 떼까마귀. 직박구리 비.,火,398,
9570,필,韠,슬갑 필,20,"슬갑, 폐슬.",金,398,
9571,필,韡,슬갑 필,20,"슬갑, 칼집.",金,398,
9572,"필,병",鞸,슬갑 필,20,슬갑 필. 칼집 병,水,,"2024 보완전사(김기승 성명학 9,491자 기준본 대조 추가)"
9573,핍,乏,모자랄 핍,5,"모자라다, 결핍되다, 부족하다. 가난하다, 떨어지다, 폐하다.",金,398,
9574,"핍,복",偪,핍박할 핍/복,11,"핍박하다, 강박하다, 접근하다. 나라이름 복.",火,398,
9575,핍,逼,핍박할 핍,16,"핍박하다, 닥치다, 가까이 하다. 몰다, 좁아지다.",土,398,옥편 13획
9576,하,下,아래 하,3,"아래, 뒤, 끝, 임금, 귀인의 거처. 아랫사람, 천한사람, 하급, 열등.","木,水",399,
9577,하,何,어찌 하,7,"어지, 잠시, 꾸짖다, 받다, 당하다. 꾸짖을 하, 멜 하.",火,399,
9578,"하,아",呀,높이솟을 하/아,7,"입을 딱 벌리다, 높이 솟다, 횡하다. 입 딱 벌릴 아.",水,399,
9579,"하,아",岈,산골휑할 하/아,7,"산골 휑하다, 깊다. 산이름 아.",土,399,
9580,"하,나,타",拘,"지휘할 하/나,타",9,"지휘하다, 체포하다. 체포할 나, 멜 타.",木,399,옥편 8획
9581,"하,시",昰,여름 하/시,9,"여름. 이 시, 옳을 시.",火,399,
9582,"하,가",呵,껄껄웃을 하/가,9,"껄껄 웃다, 크게 웃다. 숨을 내쉴 가.",金,399,
9583,하,河,물 하,9,"물, 운하, 메다, 짊어지다.",水,399,옥편 8획
9584,"하,가",㰤,웃음소리 하,9,하. 웃음소리 하. 껄껄 웃을 가,土,,"2024 보완전사(김기승 성명학 9,491자 기준본 대조 추가)"
9585,"하,가",夏,여름 하/가,10,여름. 개오동나무 가.,土,399,
9586,하,哬,꾸짖을 하,10,소리. 꾸짖을 하,土,,"2024 보완전사(김기승 성명학 9,491자 기준본 대조 추가); 기준본 음(대표) 필드 오류로 뜻풀이 텍스트에서 재추출함"
9587,하,廈,큰집 하,12,"큰 집, 문간방",木,399,
9588,하,賀,하례할 하,12,"하례하다, 가상하다, 더하다. 위로하다, 메다, 지다, 보태다.",金,399,
9589,"하,방",厦,건물 하,12,"건물, 집(크거나 높은 건물). 문간방, 부속된 작은 방(건물의 한 부분)",木,,"2024 보완전사(김기승 성명학 9,491자 기준본 대조 추가)"
9590,"하,가",荷,책임질 하/가,13,"메다, 짊어지다, 책임지다. 부담하다, 꾸짖을 하, 잗달 가.",木,399,옥편 11획
9591,하,廡,큰집 하,13,"큰집, 겉방, 문간방, 행랑.",木,399,
9592,하,閜,크게열릴 하,13,"크게 열리다, 크게 찢어지다.",木,399,
9593,하,煆,데울 하,13,"데우다, 덥다, 마르다.",火,399,
9594,"하,가",菏,늪 이름 하,13,늪이름. 늪 이름 하. 늪 이름 가,木,,"2024 보완전사(김기승 성명학 9,491자 기준본 대조 추가); 기준본 음(대표) 필드 오류로 뜻풀이 텍스트에서 재추출함"
9595,하,瑕,허물 하,14,"허물, 틈새.",金,399,옥편 13획
9596,하,碬,숫돌 하,14,"숫돌, 돌자갈 땅.",金,399,
9597,하,⿰亻叟,클 하,14,"크다, 장대하다, 받다.",水,399,
9598,"하,가",瘕,기생충병 하/가,14,기생충병. 뱃병 가.,水,399,
9599,하,蝦,두꺼비 하,15,"두꺼비, 새우. 새우 하.",水,399,
9600,"하,호",㦆,뜻 없을 하,15,하. 자랑할 호. 뜻 없을 하,土,,"2024 보완전사(김기승 성명학 9,491자 기준본 대조 추가)"
9601,하,赮,붉을 하,16,"붉다, 붉은 빛, 놀, 아침놀, 저녁놀.",火,400,
9602,하,遐,멀 하,16,"멀다, 어찌",土,400,옥편 13획
9603,하,嗃,웃을 하,16,웃다. 횅뎅그렁한 모양.,水,400,
9604,하,㗿,웃을 하,16,하. 웃을 하,土,,"2024 보완전사(김기승 성명학 9,491자 기준본 대조 추가)"
9605,하,罅,틈 하,17,"틈새. 탈락, 누락, 갈라지다.",土,400,
9606,하,鍜,경개 하,17,경개. 목 투구,金,400,
9607,하,霞,노을 하,17,"노을, 새우, 멀다, 아득하다. 가볍고 아름답다.",水,400,
9608,"하,혁",嚇,웃음소리 하/혁,17,"웃음소리, 성내다. 성낼 혁.",水,400,
9609,하,⿰忄赫,속일 하,18,속이다. 공갈하다.,火,400,옥편 17획
9610,하,蕸,연잎 하,19,"연잎, 갈대.",木,400,옥편 17획
9611,하,⿰言叙,대답할 하,19,대답하다.,金,400,
9612,하,懗,속일 하,19,"속이다, 기만하다(거짓으로 현혹함). 꾐을 쓰다(말이나 수단으로 현혹하여 속임)",火,,"2024 보완전사(김기승 성명학 9,491자 기준본 대조 추가)"
9613,하,𧬂,대답할 하,19,하. 대답할 하,土,,"2024 보완전사(김기승 성명학 9,491자 기준본 대조 추가)"
9614,하,鰕,새우 하,20,"새우. 암코래, 도룡농.",水,400,
9615,"학,교,할",学,"배울 학/교,할",8,"배우다, 모방하다. 가르칠 교, 고지새 할.",水,400,
9616,학,虐,모질 학,9,"모질다, 사납다, 흑독하다. 해치다.",木,400,
9617,학,狢,오소리 학,10,"오소리. 담비, 오랑캐.",土,400,옥편 9획
9618,"학,확,각",确,"자갈땅 학/확,각",12,"자갈땅, 돌산, 척박하다. 굳을 확, 메마를 각.",金,400,
9619,"학,효",嗃,엄할 학/효,13,"엄하다, 냉엄하다. 큰소리로 외칠 효.",水,400,
9620,학,瘧,학질 학,14,학질. 말라리아.,水,400,
9621,학,郝,땅이름 학,14,땅이름.,土,400,옥편 10획
9622,학,謔,희롱할 학,16,"희롱하다, 농담하다.",金,400,
9623,"학,교,할",學,"배울 학/교,할",16,"배우다, 공부하다, 모방하다. 가르칠 교, 고지새 할.",水,400,
9624,"학,혹",翯,함치르르할 학,16,함치르르할. 함치르르할 학. 함치르르할 혹,土,,"2024 보완전사(김기승 성명학 9,491자 기준본 대조 추가); 기준본 음(대표) 필드 오류로 뜻풀이 텍스트에서 재추출함"
9625,학,壆,흙 굳을 학,16,흙굳을. 흙 굳을 학,土,,"2024 보완전사(김기승 성명학 9,491자 기준본 대조 추가); 기준본 음(대표) 필드 오류로 뜻풀이 텍스트에서 재추출함"
9626,학,壑,골 학,17,산골짜기.,土,401,
9627,"학,효",謞,간특할 학,17,간틀할. 간특할 학. 부르짖을 효,土,,"2024 보완전사(김기승 성명학 9,491자 기준본 대조 추가); 기준본 음(대표) 필드 오류로 뜻풀이 텍스트에서 재추출함"
9628,학,皬,깨끗할 학,21,"희다, 희고 깨끗하다.",金,401,
9629,학,鶴,학 학,21,"학, 희다. 흴 학.",火,401,
9630,학,鸙,비둘기 학,24,비둘기.,火,401,
9631,학,鷽,비둘기 학,24,비둘기(비둘기류의 새). 작은 조류의 한 종류(비둘기와 유사한 새로 분류),火,,"2024 보완전사(김기승 성명학 9,491자 기준본 대조 추가)"
9632,"한,하,간",扞,"막을 한/하,간",7,"막다, 저항하다, 막아내다, 용감하다. 칠 하, 펼 간.",木,401,옥편 6획
9633,한,罕,드물 한,7,"드물다, 희소하다.",木,401,
9634,한,旱,가물 한,7,"가물다, 사납다.",火,401,
9635,"한,간",汗,땀 한/간,7,땀. 현이름 간.,水,401,옥편 6획
9636,한,恨,한 한,10,"유감, 한하다, 뉘우치다.",火,401,옥편 9획
9637,한,邗,땅이름 한,10,땅이름,土,401,옥편 6획
9638,"한,간",捍,막을 한/간,11,"막다, 방어하다, 저지하다. 몽둥이 간",木,401,옥편 10획
9639,한,閈,이문 한,11,"이문, 담장.",木,401,
9640,한,悍,사나울 한,11,"사납다, 세차다, 빠르다, 성급하다.",火,401,옥편 10획
9641,한,晘,가물 한,11,한. 가물 한,土,,"2024 보완전사(김기승 성명학 9,491자 기준본 대조 추가)"
9642,한,閑,한가할 한,12,"한가하다, 등한하다, 막다, 보위하다. 아름답다, 품위가 있다, 조용하다.",木,401,
9643,한,寒,찰 한,12,"차다, 춥다, 오싹하다, 어렵다. 가난하다, 쓸쓸하다, 식히다, 얼다.","木,水",401,
9644,"한,간",閒,한가할 한/간,12,"한가하다, 등한하다, 막다, 보위하다. 아름답다, 품위가 있다, 조용하다.",木,401,
9645,"한,현,완",莧,비름 한,12,비름. 비름 한. 비름 현. 빙그레 웃는 모양 완,土,,"2024 보완전사(김기승 성명학 9,491자 기준본 대조 추가); 기준본 음(대표) 필드 오류로 뜻풀이 텍스트에서 재추출함"
9646,"한,은",限,한할 한/은,14,"한하다, 한정하다, 가지런하다. 심할 은.",土,401,옥편 9획
9647,한,僩,굳셀 한,14,"굳세다(튼튼하고 버티는 힘이 있음). 강인함, 굳은 의지(단단한 결의 또는 끈기)",火,,"2024 보완전사(김기승 성명학 9,491자 기준본 대조 추가)"
9648,한,暵,마를 한,15,"마르다, 말리다, 가물다, 시들다.",火,401,
9649,한,嫻,우아할 한,15,"우아하다, 단아하다, 조용하다. 익다, 익숙하다.",土,401,
9650,한,嫺,우아할 한,15,"우아하다, 단아하다, 조용하다. 익다, 익숙하다.",土,402,
9651,"한,탄",漢,한수 한/탄,15,"한나라. 한나라 한, 신년 탄.",水,402,옥편 14획
9652,한,銲,활팔찌 한,15,땜질할. 활팔찌 한,土,,"2024 보완전사(김기승 성명학 9,491자 기준본 대조 추가); 기준본 음(대표) 필드 오류로 뜻풀이 텍스트에서 재추출함"
9653,한,⿴門柬,익힐 한,16,"익히다, 법.",木,402,
9654,한,榦,큰나무 한,16,큰나무.,木,402,
9655,한,翰,편지 한,16,편지.,火,402,
9656,한,瀾,넓을 한,16,넓다.,水,402,옥편 15획
9657,한,䦥,익힐 한,16,한. 익힐 한,土,,"2024 보완전사(김기승 성명학 9,491자 기준본 대조 추가)"
9658,한,橌,큰 나무 한,16,"큰 나무(크고 튼튼한 수목). 큰 나무로 만든 재목, 기둥 등 목재 자재",木,,"2024 보완전사(김기승 성명학 9,491자 기준본 대조 추가)"
9659,한,憪,즐길 한,16,마음고요할. 즐길 한. 불안할 한,土,,"2024 보완전사(김기승 성명학 9,491자 기준본 대조 추가); 기준본 음(대표) 필드 오류로 뜻풀이 텍스트에서 재추출함"
9660,한,鼾,코고는소리 한,17,"코 고는 소리, 코골다.",火,402,
9661,한,駻,사나울 한,17,사납다.,火,402,
9662,한,韓,한국 한,17,"대한민국, 한국, 크다.",金,402,
9663,한,澣,빨래할 한,17,"빨래하다, 빨다, 발을 씻다.",水,402,옥편 16획
9664,한,澖,넓을 한,17,"넓다(폭이나 범위가 큼). 물이 넓고 광대함(호수, 강 따위의 넓음)",水,,"2024 보완전사(김기승 성명학 9,491자 기준본 대조 추가)"
9665,"한,안",𡽜,높을 한,17,한. 높을 안. 높을 한,土,,"2024 보완전사(김기승 성명학 9,491자 기준본 대조 추가)"
9666,한,雗,메까치 한,18,흰꿩. 메까치 한,土,,"2024 보완전사(김기승 성명학 9,491자 기준본 대조 추가); 기준본 음(대표) 필드 오류로 뜻풀이 텍스트에서 재추출함"
9667,한,瀚,넓고큰모양 한,20,"넓고 큰 모양, 넓다.",水,402,옥편 19획
9668,한,鷳,백한 한,23,"백한, 솔개, 올빼미.",火,402,
9669,할,割,벨 할,12,"베다, 자르다, 끊어버리다, 쪼개다.",金,402,
9670,할,瞎,애꾸눈 할,15,"애꾸눈, 눈멀다.",木,402,
9671,할,轄,다스릴 할,17,"다스리다, 관리하다, 굴리다.",火,402,
9672,함,含,머금을 함,7,"머금다, 품다, 참다, 견디어내다.",水,402,
9673,함,函,함 함,8,상자.,木,402,
9674,함,欦,빙그레 웃을 함,8,웃음먹을. 빙그레 웃을 함,土,,"2024 보완전사(김기승 성명학 9,491자 기준본 대조 추가); 기준본 음(대표) 필드 오류로 뜻풀이 텍스트에서 재추출함"
9675,"함,감",咸,"다 함/함,감",9,"짜다, 널리 미치다, 부드러워지다. 충만하다, 짤 함, 덜 감.",水,402,
9676,함,⿰口咸,고마워할 함,11,"재갈을 머금다, 물다, 받들다. 간직하다, 고마워하다.",水,402,
9677,함,啣,재갈 머금을 함,11,재갈 머금을 함. 재갈 함,水,,"2024 보완전사(김기승 성명학 9,491자 기준본 대조 추가)"
9678,함,涵,젖을 함,12,"젖다, 잠기다, 가라앉다, 포용하다. 너그럽다, 받아들이다.",水,402,옥편 11획
9679,함,喊,소리칠 함,12,"소리치다, 다물다, 맛보다.",水,403,
9680,함,菡,꽃술 함,13,꽃봉오리,木,403,옥편 11획
9681,함,菡,연꽃 함,14,연꽃.,木,403,옥편 12획
9682,함,銜,재갈 함,14,"재갈, 직함, 머금다, 입에 물다. 마음에 품다, 느끼다, 받들다.",金,403,
9683,함,緘,봉할 함,15,"봉하다, 묶다, 서류함.",木,403,
9684,함,莟,꽃술 함,15,"꽃술(꽃의 수술, 암술 등 생식 기관을 이르는 말). 꽃봉오리(피지 않은 꽃의 상태 또는 그 부분)",木,,"2024 보완전사(김기승 성명학 9,491자 기준본 대조 추가)"
9685,함,誠,화동할 함,16,"화동하다, 희롱거리다. 정성.",金,403,
9686,함,陷,빠질 함,16,"빠지다, 움푹 파이다, 날조하다. 모함하다.",土,403,옥편 11획
9687,함,諴,화동할 함,16,"화동할(기존 뜻 보존). 말로 권고하거나 경계함(훈계, 권면의 의미로 쓰임)",土,,"2024 보완전사(김기승 성명학 9,491자 기준본 대조 추가)"
9688,함,檻,난간 함,18,"난간, 함정, 막다, 닫다. 샘이 솟다.",木,403,
9689,함,艦,큰 배 함,20,"큰 배, 선박.",木,403,
9690,함,鹹,짤 함,20,"짜다, 두루 미치다, 같다, 물다, 씹다. 부드러워지다, 충만하다, 다 함.",水,403,
9691,"함,감",闖,범소리 함/감,20,"범의 소리, 성내는 모양, 바라보다. 바라볼 감.",木,403,
9692,"함,감",闞,범 소리 함,20,범 소리 함. 바라볼 감,木,,"2024 보완전사(김기승 성명학 9,491자 기준본 대조 추가)"
9693,함,轞,함거 함,21,"함거, 수레소리.",火,403,
9694,"합,흡",合,합할 합/흡,6,"합하다, 모으다, 대답하다, 만나다. 싸우다, 적합하다, 쪽문 합, 흡 흡.",水,403,
9695,합,匌,만날 합,8,"돌다, 만나다, 두르다, 막히다. 음울하다.",金,403,
9696,"합,갑",柙,우리 합/갑,9,"우리, 궤, 상자, 수감하다, 가두다. 향나무 갑.",木,403,
9697,합,哈,웃음소리 합,9,"물고기 많은 모양, 웃는 소리.",水,403,
9698,"합,갈",盍,합할 합/갈,10,"덮다, 합하다, 모이다. 어찌 아니하다 할단새 갈.",金,403,옥편 9획
9699,합,盒,힙 합,11,"합, 입이 촐쭉한 그릇.",金,403,
9700,합,蛤,대합조개 합,12,대합조개.,水,403,
9701,합,郃,고을이름 합,13,고을이름.,土,403,옥편 9획
9702,"합,갑",嗑,입다물 합/갑,13,"입 다물다, 웃음 소리. 말이 많을 갑.",水,404,
9703,합,詥,화할 합,13,화할. 화할 합,土,,"2024 보완전사(김기승 성명학 9,491자 기준본 대조 추가); 기준본 음(대표) 필드 오류로 뜻풀이 텍스트에서 재추출함"
9704,합,閘,쪽문 합,14,"쪽문, 협문, 마을.",木,404,
9705,합,榼,통 합,14,"통, 뚜껑, 칼집.",木,404,
9706,"합,개",溘,갑자기 합/개,14,"갑자기, 문득. 배가 모래에 박힐 개.",水,404,옥편 13획
9707,합,閤,쪽문 합,14,"쪽문, 작은 출입문(측문). 안쪽의 작은 방이나 측실을 가리키는 말(확장된 의미)",木,,"2024 보완전사(김기승 성명학 9,491자 기준본 대조 추가)"
9708,합,陝,좁을 합,15,좁다.,土,404,옥편 10획
9709,합,闔,문짝 합,18,"문짝, 하늘문, 닫다, 부합하다.",木,404,
9710,"합,협",陜,좁을 합,19,좁을 합. 좁을 협. 땅 이름 합,土,,"2024 보완전사(김기승 성명학 9,491자 기준본 대조 추가)"
9711,항,亢,높을 항,4,"높다, 극진히 하다, 지나치다, 가리다. 겨루다, 높이 오르다, 자부하다.","火,土,水",404,
9712,항,夯,멜 항,5,"메다, 힘주어 들다, 땅을 다지다. 달구질 하다, 세게 차다, 힘껏 때리다.",木,404,
9713,항,伉,짝 항,6,"짝, 부부, 정직한 모양, 강하다. 굳세다, 높고 크다, 겨루다.",火,404,
9714,"항,행",行,항렬 항/행,6,"대열, 순서, 차례. 다닐 행.",火,404,
9715,"항,강",抗,겨룰 항/강,8,"겨루다, 대항하다, 들어올리다. 저지하다, 높다, 올리다, 큰길 강.",木,404,옥편 7획
9716,항,杭,건널 항,8,"건너다, 막다.",木,404,
9717,"항,강",炕,마를 항/강,8,"마르다, 굽다, 자랑하다, 높다. 끊다, 조급하다, 열리다, 마를 강.",火,404,
9718,항,沆,넓을 항,8,"넓다, 흐르다.",水,404,옥편 7획
9719,항,巷,거리 항,9,"거리, 문밖, 복도.",土,404,
9720,항,姮,항아 항,9,항아.,土,404,
9721,항,缸,항아리 항,9,항아리.,土,404,
9722,"항,홍",肛,항문 항/홍,9,"항문, 똥똥하다, 부풀다. 항문 홍.",水,404,옥편 7획
9723,항,航,배 항,10,"배, 선박, 방주, 건너다. 항해하다, 날다.",木,404,
9724,"항,형",桁,차꼬 항/형,10,"차꼬, 횃대.",木,404,
9725,"항,긍",恒,항상 항/긍,10,항상. 반달 긍.,火,405,옥편 9획
9726,"항,긍",恆,항상 항/긍,10,항상. 반달 긍.,火,405,옥편 9획
9727,항,貥,큰 자개 항,11,큰자개. 큰 자개 항,土,,"2024 보완전사(김기승 성명학 9,491자 기준본 대조 추가); 기준본 음(대표) 필드 오류로 뜻풀이 텍스트에서 재추출함"
9728,항,項,항목 항,12,"항목, 조목.",火,405,
9729,항,缿,투서함 항,12,투서함.,土,405,
9730,항,頏,새날아내릴 항,13,"새가 날아 내리다, 목구멍.",火,405,
9731,"항,홍",港,항구 항/홍,13,"항구, 통하다. 통할 홍",水,405,옥편 12획
9732,항,降,항복할 항,14,"항복하다, 투항하다, 항복시키다. 함께하다, 기쁘다, 내리다, 내릴 강.",土,405,옥편 9획
9733,"항,상",嫦,항아 항/상,14,항아. 항아 상,土,405,
9734,해,亥,돼지 해,6,"돼지, 단단하다, 간직하다.","火,土,水",405,
9735,해,咍,비웃을 해,8,"비웃다, 조소하다,. 즐기다, 기뻐하다",水,405,
9736,해,侅,이상할 해,8,이상할. 이상할 해,土,,"2024 보완전사(김기승 성명학 9,491자 기준본 대조 추가); 기준본 음(대표) 필드 오류로 뜻풀이 텍스트에서 재추출함"
9737,"해,개",祄,도울 해/개,9,하늘이 돕다. 도울 개,木,405,옥편 9획
9738,해,垓,지경 해,9,지경.,土,405,
9739,해,咳,방긋웃을 해,9,"어린아이가 웃다, 방긋웃다. 기침 해.",水,405,
9740,해,孩,어린아이 해,9,"어린아이. 어리다, 달래다. 사랑하다, 웃다.",水,405,
9741,"해,할",害,해할 해/할,10,"해하다, 거리끼다, 시기하다. 훼방하다, 방해하다, 해롭다,",木,405,
9742,해,奚,어찌 해,10,"어찌, 어디, 어디에서.","木,火,金",405,
9743,해,⿰日亥,갖출 해,10,갖추다.,火,405,
9744,해,欬,기침 해,10,"기침, 기침하다.",金,405,
9745,해,㰩,웃음소리 해,10,해. 웃음소리 해,土,,"2024 보완전사(김기승 성명학 9,491자 기준본 대조 추가)"
9746,해,晐,갖출 해,10,"갖추다, 구비하다(갖춤이나 준비가 이루어짐). 밝고 맑게 빛나다(빛이나 맑음의 의미)",火,,"2024 보완전사(김기승 성명학 9,491자 기준본 대조 추가)"
9747,해,偕,함께 해,11,"온화하다, 함께, 같이, 함께하다. 굳세다, 왕성하다, 두루미치다.",火,405,
9748,해,痎,학질 해,11,"학질, 옴.",水,405,
9749,해,海,바다 해,11,"바다, 크다, 넓다, 어둡다.",水,406,옥편 10획
9750,해,䀭,눈 큰 모양 해,11,해. 눈 큰 모양 해,土,,"2024 보완전사(김기승 성명학 9,491자 기준본 대조 추가)"
9751,해,荄,풀뿌리 해,11,풀뿌리. 풀뿌리 해,土,,"2024 보완전사(김기승 성명학 9,491자 기준본 대조 추가); 기준본 음(대표) 필드 오류로 뜻풀이 텍스트에서 재추출함"
9752,해,絯,묶을 해,12,묽을. 묶을 해,土,,"2024 보완전사(김기승 성명학 9,491자 기준본 대조 추가); 기준본 음(대표) 필드 오류로 뜻풀이 텍스트에서 재추출함"
9753,해,陔,층층대 해,12,층계. 층층대 해,土,,"2024 보완전사(김기승 성명학 9,491자 기준본 대조 추가); 기준본 음(대표) 필드 오류로 뜻풀이 텍스트에서 재추출함"
9754,해,楷,본보기 해,13,"본보기, 모범, 곧다, 강직하다. 바르다, 본받다.",木,406,
9755,해,解,풀 해,13,"풀다, 벗다, 깨닫다, 풀이하다. 느슨해지다, 떨어지다, 벗기다.",木,406,
9756,해,該,갖출 해,13,"갖추다, 겸하다, 포용하다, 맞다. 마땅 해.",金,406,
9757,해,賅,갖출 해,13,갖출. 갖출 해,土,,"2024 보완전사(김기승 성명학 9,491자 기준본 대조 추가); 기준본 음(대표) 필드 오류로 뜻풀이 텍스트에서 재추출함"
9758,"해,개",瑦,검은옥돌 해/개,14,검은옥돌. 검은옥돌 개.,金,406,
9759,해,頦,아래턱 해,15,"아래턱, 볼, 추하다, 보기 흉하다.",火,406,
9760,"해,개",瑎,검은 옥돌 해,15,검은 옥돌 해. 검은 옥돌 개,土,,"2024 보완전사(김기승 성명학 9,491자 기준본 대조 추가)"
9761,해,潰,무너질 궤,16,"무너지다, 흩어지다, 문드러지다. 성취하다, 이루다, 바다 기운 해",水,59,
9762,해,廨,공해 해,16,"공해, 공관.",木,406,
9763,해,駭,놀랄 해,16,"놀라다, 소란스럽다, 혼란스럽다. 경계하다, 어지러워지다.",火,406,
9764,해,嶰,골짜기 해,16,"산골짜기, 떨러진 산.",土,406,
9765,해,骸,뼈 해,16,"뼈, 백골, 몸뚱이.",金,406,
9766,해,諧,화할 해,16,화하다. 화합하다. 어울리다.,金,406,
9767,해,懈,게으름 해,17,"게으르다, 나태하다, 느슨해지다. 피곤하다, 고달프다, 게으름.",火,406,옥편 16획
9768,해,獬,해태 해,17,"해태, 신통한 양, 억센모야, 굳센 모양.",土,406,옥편 16획
9769,해,醢,육장 해,17,"육장, 젓갈, 절이다.",金,406,
9770,해,澥,바다이름 해,17,바다이름.,水,406,옥편 16획
9771,"해,규",鮭,복어 해/규,17,"어채, 복어.",水,406,
9772,해,蟹,게 해,19,게.,水,406,
9773,해,薢,염교 해,19,염교.,木,406,옥편 17획
9774,해,邂,만날 해,20,"만나다, 우연, 요행. 기뻐하는 모양.",土,406,옥편 17획
9775,해,⿰氵孩,이슬기운 해,20,"이슬 기운, 바다 기운.",水,406,옥편 19획
9776,해,瀣,이슬 기운 해,21,"이슬 기운(이슬이나 습기로 맺힌 물기). 물에 젖어 흐리거나 탁해진 물기, 습기",水,,"2024 보완전사(김기승 성명학 9,491자 기준본 대조 추가)"
9777,해,薤,염교 해,21,"염교(Allium 계열의 식물로 알려진 한약재, 식물명). 식용, 약용으로 쓰이는 구근성 또는 부추류에 속하는 수생, 습지 식물",木,,"2024 보완전사(김기승 성명학 9,491자 기준본 대조 추가)"
9778,"핵,해",劾,꾸짖을 핵/해,8,"꾸짖다, 캐묻다, 노력하다. 조사하다, 힘쓸 해.",土,407,
9779,"핵,해",核,씨 핵/해,10,"씨, 엄하다, 굳다, 견실하다. 각박하다, 풀뿌리 해.",木,407,
9780,"핵,력",翮,깃촉 핵/력,16,"깃촉, 새의 날개죽지. 솔 력.",火,407,
9781,"핵,흘",覈,핵실할 핵/흘,19,"핵실하다, 엄하다. 보리싸라기 흘",金,407,
9782,행,行,다닐 행,6,"다니다, 행하다, 유행하다. 관찰하다, 돌다, 늘다.",火,407,
9783,행,杏,살구 행,7,살구나무.,木,407,
9784,행,幸,다행 행,8,"다행, 행복, 좋은 훈, 요행, 은총.",木,407,
9785,행,倖,요행 행,10,"요행, 사랑하다, 총애하다.",火,407,
9786,행,烆,횃불 행,10,횃불. 횃불 행,土,,"2024 보완전사(김기승 성명학 9,491자 기준본 대조 추가); 기준본 음(대표) 필드 오류로 뜻풀이 텍스트에서 재추출함"
9787,행,婞,강직할 행,11,패려궂을. 강직할 행,土,,"2024 보완전사(김기승 성명학 9,491자 기준본 대조 추가); 기준본 음(대표) 필드 오류로 뜻풀이 텍스트에서 재추출함"
9788,행,荇,노랑어리연꽃 행,12,노랑어리연꽃.,木,407,옥편 10획
9789,행,悻,성낼 행,12,"성내다, 고집스럽다, 강직하다.",火,407,옥편 11획
9790,행,涬,기운 행,12,"기운, 넓고 어두운 모양, 끌다. 당기다.",水,407,
9791,"향,상",向,향할 향/상,6,"향하다, 나아가다, 바라보다, 대하다. 대접을 받다, 누리다, 권하다. 성씨 상.",水,407,
9792,"향,팽",享,누릴 향/팽,8,"누리다, 드리다, 제사 지내다, 잔치. 마땅하다, 삶을 팽.","火,土,水",407,
9793,향,香,향기 향,9,"향기, 감미롭다, 향기롭다.",木,407,
9794,향,晑,밝을 향,10,밝다.,火,407,
9795,"향,상",珦,옥이름 향/상,11,옥이름. 옥이름 상,金,407,옥편 10획
9796,향,楿,계수나무 향,13,계수나무. 계수나무 향,土,,"2024 보완전사(김기승 성명학 9,491자 기준본 대조 추가); 기준본 음(대표) 필드 오류로 뜻풀이 텍스트에서 재추출함"
9797,향,䅨,향기 향,14,향. 향기 향,土,,"2024 보완전사(김기승 성명학 9,491자 기준본 대조 추가)"
9798,향,萫,나물국 향,14,나물국. 나물국 향,土,,"2024 보완전사(김기승 성명학 9,491자 기준본 대조 추가); 기준본 음(대표) 필드 오류로 뜻풀이 텍스트에서 재추출함"
9799,향,餉,배급할 향,15,"군량, 식사시간, 보내다, 배급하다.",水,407,
9800,향,曏,접때 향,15,지난번. 접때 향. 향할 향,土,,"2024 보완전사(김기승 성명학 9,491자 기준본 대조 추가); 기준본 음(대표) 필드 오류로 뜻풀이 텍스트에서 재추출함"
9801,향,鄉,시골 향,17,"시골, 고향, 장소.",土,407,옥편 13획
9802,향,薌,곡식향내 향,19,"곡식향내, 곡식, 향기.",木,407,옥편 17획
9803,"향,상",響,향할 향/상,19,"향하다, 나아가다, 바라보다, 대하다. 누리다, 대접을 받다, 권하다, 성씨 상.",水,407,
9804,향,嚮,어떤 쪽으로 향할 향,19,"어떤 쪽으로 향하다, 지향하다. 관심이나 마음이 기울다/향배가 정해지다",水,,"2024 보완전사(김기승 성명학 9,491자 기준본 대조 추가)"
9805,향,麝,사향사슴 향,20,사향 사슴,土,408,
9806,향,麘,사향을 내는 사슴 향,20,사향을 내는 사슴(사향노루 등). 사향(향료로 쓰이는 분비물),土,,"2024 보완전사(김기승 성명학 9,491자 기준본 대조 추가)"
9807,향,鄕,시골 향,21,"시골, 마을(향촌). 고향, 출신지",土,,"2024 보완전사(김기승 성명학 9,491자 기준본 대조 추가)"
9808,향,響,울릴 향,22,"울리다, 메아리치다, 마주치다. 진동하다, 향하다, 쏠리다.",金,408,
9809,향,饗,잔치할 향,22,"잔치하다, 대접하다, 누리다. 드리다, 마시다.",水,408,
9810,"허,호",許,허락할 허/호,11,"허락하다, 들어주다, 약속하다, 편들다. 약혼하다, 나가다, 바라다, 이영차 호",金,408,
9811,허,虛,빌 허,12,"비다, 비워두다, 공허하다, 약하다. 앏다, 살다, 구멍, 마음, 하늘.",木,408,
9812,허,嘘,불 허,15,"불다, 울다, 거짓말하다, 풍치다. 탄식하다.",水,408,
9813,허,墟,터 허,15,"터, 언덕.",土,408,
9814,허,噓,숨을 내쉴 허,15,"숨을 내쉬다, 한숨을 쉬다(호흡을 내뱉다). 거짓을 말하다/속이다(거짓을 꾸미다)",水,,"2024 보완전사(김기승 성명학 9,491자 기준본 대조 추가)"
9815,허,歔,흐느낄 허,16,"흐느끼다, 두려워하다, 숨 내쉬다.",金,408,
9816,허,鄦,나라 이름 허,18,허나라. 나라 이름 허,土,,"2024 보완전사(김기승 성명학 9,491자 기준본 대조 추가); 기준본 음(대표) 필드 오류로 뜻풀이 텍스트에서 재추출함"
9817,"헌,훤",昍,밝을 헌/훤,8,밝다.,火,408,
9818,헌,軒,집 헌,10,"집, 추녀, 난간, 행랑.",火,408,
9819,헌,憲,법 헌,16,"법, 가르침, 깨우침, 관리, 명령. 모범.",火,408,
9820,헌,軶,초헌 헌,16,멍에.,火,408,
9821,"헌,혼",䡣,초헌 헌,16,헌. 멍에 혼. 초헌 헌,土,,"2024 보완전사(김기승 성명학 9,491자 기준본 대조 추가)"
9822,헌,幰,수레휘장 헌,19,수레휘장.,木,408,
9823,헌,攇,쥘 헌,20,"쥐다, 들추어내다, 매다. 흔들어 움직이다.",木,408,옥편 19획
9824,"헌,사,의",獻,"드릴 헌/사,의",20,"드리다, 바치다, 올리다, 나타내다. 술두리미 사, 위의 있을 의.",土,408,
9825,헌,櫶,나무이름 헌,20,나무이름.,木,408,
9826,"헌,훤",⿰忄憲,총명할 헌/훤,20,"총명하다, 알다, 깨닫다, 한탄하다. 한탄할 훤",火,408,옥편 19획
9827,"헌,훤",㦥,총명할 헌,20,헌. 총명할 헌. 총명할 훤,土,,"2024 보완전사(김기승 성명학 9,491자 기준본 대조 추가)"
9828,헌,巚,봉우리 헌,23,"봉우리, 낭떠러지, 가파르다. 험하다.",土,408,
9829,헌,巘,봉우리 헌,23,봉우리. 봉우리 헌,土,,"2024 보완전사(김기승 성명학 9,491자 기준본 대조 추가); 기준본 음(대표) 필드 오류로 뜻풀이 텍스트에서 재추출함"
9830,"헐,갈,알",歇,"쉴 헐/갈,알",13,"쉬다, 그치다, 머무르다, 휴식하다. 싸다, 다하다, 개이를 갈, 사람이름 알",金,408,
9831,험,嶮,험할 험,16,"험하다, 깨뜨리다, 앏다. 괴로워하다, 낭떠러히, 고민.",土,408,
9832,"험,렴,염",獫,"오랑캐이름 험/렴,염",17,"베짱이, 귀뚜라미, 오랑캐 이름. 개 렴, 개 염",土,409,옥편 16획
9833,"험,삼,암",險,"험할 험/삼,암",21,"험하다, 높다, 험준하다, 간악하다. 위태롭다, 괴로워할 삼, 낭떠러지 암",土,409,옥편 16획
9834,험,驗,시험 험,23,"시험, 효과, 효력, 증거.",火,409,
9835,"험,렴,염",玁,"오랑캐이름 험/렴,염",24,오랑캐 이름. 부리긴개 렴(염).,土,409,옥편 23획
9836,혁,侐,고요할 혁,8,"고요하다, 적막하다, 쓸쓸하다.",火,409,
9837,"혁,극",革,가죽 혁/극,9,"가죽, 피부, 펴다, 갈다, 고치다. 중해질 극",金,409,
9838,혁,奕,클 혁,9,"크다, 아름답다, 겹치다, 근심하다. 배우다.",木,409,
9839,혁,弈,바둑 혁,9,"바둑, 도박, 휘장, 커튼. 예쁘다.",木,409,
9840,"혁,일",洫,붓도랑 혁/일,10,"붓도랑, 해자, 수문. 비우다, 망가지다, 넘칠 일.",水,409,옥편 9획
9841,"혁,하,석",焃,"빛날 혁/하,석",11,"빛나다, 나타나다, 성대하다, 붉다. 꾸짖을 하, 쏠 석.",火,409,
9842,혁,赥,붉을 혁,11,껄껄웃을. 붉을 혁,土,,"2024 보완전사(김기승 성명학 9,491자 기준본 대조 추가); 기준본 음(대표) 필드 오류로 뜻풀이 텍스트에서 재추출함"
9843,"혁,염",焱,불꽃 혁/염,12,불꽃. 불꽃 염,火,409,
9844,혁,煂,불태울 혁,13,불태울. 불태울 혁,土,,"2024 보완전사(김기승 성명학 9,491자 기준본 대조 추가); 기준본 음(대표) 필드 오류로 뜻풀이 텍스트에서 재추출함"
9845,혁,赩,붉을 혁,13,새빨갈. 붉을 혁,土,,"2024 보완전사(김기승 성명학 9,491자 기준본 대조 추가); 기준본 음(대표) 필드 오류로 뜻풀이 텍스트에서 재추출함"
9846,혁,赫,빛날 혁,14,"빛나다, 드러나다, 성대하다, 붉다. 몹시 화내다, 가물다.",火,409,
9847,혁,䚂,볼 혁,14,혁. 볼 혁,土,,"2024 보완전사(김기승 성명학 9,491자 기준본 대조 추가)"
9848,혁,馘,귀벨 괵,17,"귀를 베다, 머리를 베다. 뺨 혁, 볼 혁, 얼굴 혁",水,48,
9849,"혁,하",嚇,웃음소리 혁/하,17,"웃음소리, 웃다, 성내다, 으르다. 위협하다, 무섭게 하다, 웃음소리 하.",火,409,
9850,"혁,격",鬩,다툴 혁/격,18,"다투다, 원망하다, 울다, 무서워하다. 고요하다, 고요할 격.",金,409,
9851,혁,爗,불빛 혁,18,"불빛, 붉다.",火,409,
9852,혁,爀,불길이 활활 타오를 혁,18,"불길이 활활 타오르다, 밝게 타다. 빛이 번쩍이다/눈부시게 빛나다",火,,"2024 보완전사(김기승 성명학 9,491자 기준본 대조 추가)"
9853,혁,𧹽,진한 붉은빛 혁,21,혁. 진한 붉은빛 혁,土,,"2024 보완전사(김기승 성명학 9,491자 기준본 대조 추가)"
9854,현,玄,검을 현,5,"검다, 오묘하다, 심오하다, 하늘, 크다. 아득하다, 아찔하다, 질다, 태고.",火,409,
9855,"현,견",見,뵈올 현/견,7,"뵙다, 나타나다, 드러나다, 만나다. 볼 견",火,409,
9856,현,弦,시위 현,8,"활시위, 초승달, 타다, 악기줄.","火,金,木",409,
9857,현,妶,여자의자 현,8,여자의 자.,土,409,
9858,현,呟,소리 현,8,소리,水,409,
9859,현,炫,팔 현,9,팔다.,火,409,옥편 8획
9860,현,炫,밝을 현,9,"밝다, 빛나다, 눈이 부시다. 비추다, 자랑하다, 녹이다.",火,410,
9861,현,昡,햇빛 현,9,"햇빛, 당혹하다, 갈팡질팡하다.",火,410,
9862,현,俔,염탐할 현,9,"염탐하다, 두려워하다, 비유하다.",火,410,
9863,"현,견",泫,이슬빛날 현/견,9,"이슬 빛나다, 눈물 흘리다, 뒤섞이다. 깊고 넓다, 땅이름 견.",水,410,옥편 8획
9864,"현,환,견",眩,"현혹할 현/환,견",10,"어지럽다, 어둡다, 현혹하다. 속이다, 요술 환, 돌아다니며 팔 견.",木,410,
9865,현,峴,고개 현,10,"고개, 작고 험한 산.",土,410,
9866,현,娊,허리가늘 현,10,허리가 가늘다.,土,410,
9867,현,玹,옥돌 현,10,옥돌.,金,410,옥편 9획
9868,현,哯,토할 현,10,"토하다, 게우다.",水,410,
9869,현,痃,현벽 현,10,현벽(근육이 땅기는 병).,水,410,
9870,현,怰,팔 현,10,팔(사람의 팔을 이르는 말). 팔과 관계된 부위나 동작을 나타내는 말(고어적 용례),火,,"2024 보완전사(김기승 성명학 9,491자 기준본 대조 추가)"
9871,현,埍,여자 가두는 옥 현,10,계집가두는옥. 여자 가두는 옥 현,土,,"2024 보완전사(김기승 성명학 9,491자 기준본 대조 추가); 기준본 음(대표) 필드 오류로 뜻풀이 텍스트에서 재추출함"
9872,현,絃,악기줄 현,11,"줄, 끈.",木,410,
9873,현,舷,뱃전 현,11,뱃전,木,410,
9874,"현,년,연",晛,"햇살 현/년,연",11,"햇살, 밝다, 해가나다, 환하다. 햇살 년, 햇살 연.",火,410,
9875,현,衒,자랑할 현,11,"자랑하다, 팔다, 돌아다니며 팔다.",火,410,
9876,현,⿰弓夾,빙그레웃을 현,11,"빙그레 웃다, 활, 기운이 성하다. 탐내다, 욕심을 부리다.","火,金,木",410,
9877,현,㢺,활 현,11,현. 활 현,土,,"2024 보완전사(김기승 성명학 9,491자 기준본 대조 추가)"
9878,현,袨,나들이옷 현,11,고운옷. 나들이옷 현,土,,"2024 보완전사(김기승 성명학 9,491자 기준본 대조 추가); 기준본 음(대표) 필드 오류로 뜻풀이 텍스트에서 재추출함"
9879,현,胘,소 처녑 현,11,소천엽. 소 처녑 현,土,,"2024 보완전사(김기승 성명학 9,491자 기준본 대조 추가); 기준본 음(대표) 필드 오류로 뜻풀이 텍스트에서 재추출함"
9880,현,娹,수절할 현,11,지킬. 수절할 현,土,,"2024 보완전사(김기승 성명학 9,491자 기준본 대조 추가); 기준본 음(대표) 필드 오류로 뜻풀이 텍스트에서 재추출함"
9881,현,現,나타날 현,12,"나타나다, 드러내다, 현금, 당장.",金,410,옥편 11획
9882,"현,순",絢,고울 현/순,12,"무늬, 밝게 비추다, 현혹시키다, 곱다. 눈부시게 하다, 빠르다, 끈 순.",木,410,
9883,현,睍,아름다울 현,12,"불거진 눈, 훔쳐보다. 아름다운 모양, 눈이 작다.",木,410,
9884,현,珃,패옥 현,12,"옥 모양, 패옥.",金,410,옥편 11획
9885,현,楧,땅이름 현,12,땅이름,木,410,
9886,현,睍,아름다운모양 현,12,"불거진 눈, 훔쳐보다. 아름다운 모양, 눈이 작다.",木,411,
9887,현,㭹,땅 이름 현,12,현. 땅 이름 현,土,,"2024 보완전사(김기승 성명학 9,491자 기준본 대조 추가)"
9888,현,䝮,자랑할 현,12,현. 자랑할 현,土,,"2024 보완전사(김기승 성명학 9,491자 기준본 대조 추가)"
9889,현,⿰金玄,솥귀 현,13,"솔귀, 재상, 정승, 활시위.",金,411,
9890,현,蜆,도롱이벌레 현,13,"도롱이벌레, 바지락.",水,411,
9891,"현,돌",琄,옥과 비슷한 빛과 모양의 돌 현,13,옥과 비슷한 빛과 모양의 돌(옥모양 돌). 장신구나 장식에 쓰이는 빛나는 돌(장식용 옥),土,,"2024 보완전사(김기승 성명학 9,491자 기준본 대조 추가)"
9892,"현,귀",鉉,솥의 귀 현,13,"솥의 귀(솥에 달린 고리나 손잡이 부분). 솥, 가마 등의 걸이, 걸쇠가 되는 금속 부분",土,,"2024 보완전사(김기승 성명학 9,491자 기준본 대조 추가)"
9893,현,⿰言見,말다툼할 현,14,"말다툼하다, 다투며 말하다. 간하는 말, 사람이름.",金,411,
9894,"현,압,금",㬎,드러날 현,14,현. 드러날 현. 드러날 압. 드러날 금,土,,"2024 보완전사(김기승 성명학 9,491자 기준본 대조 추가)"
9895,현,䧋,한정할 현,14,현. 한정할 현,土,,"2024 보완전사(김기승 성명학 9,491자 기준본 대조 추가)"
9896,현,誢,말다툼할 현,14,"말다툼하다, 언쟁을 벌이다(논쟁하다). 말로 다투거나 논박하는 행위(설전, 언쟁)",土,,"2024 보완전사(김기승 성명학 9,491자 기준본 대조 추가)"
9897,현,賢,어질 현,15,"어질다, 현명하다, 좋다, 낫다. 넉넉하다, 두텁다, 착하다. 선량하다.",金,411,
9898,현,儇,영리할 현,15,"영리하다, 빠르다, 덮어가리다.",火,411,
9899,"현,견",鋗,노구솥 현/견,15,"노구솥, 냄비. 쓸 견.",金,411,
9900,현,鋧,작은 끌 현,15,푼끌. 작은 끌 현,土,,"2024 보완전사(김기승 성명학 9,491자 기준본 대조 추가); 기준본 음(대표) 필드 오류로 뜻풀이 텍스트에서 재추출함"
9901,현,縣,고을 현,16,"고을, 매달다, 걸다, 끊어지다. 떨어지다, 격하다, 매달 현.",木,411,
9902,"현,경,환",⿰女熨,"산뜻할 현/경,환",16,"산뜻하다, 경편하다, 부드럽다. 아름답다, 홀로 경, 서고 환",土,411,
9903,"현,경,환",嬛,산뜻할 현,16,산뜻할 현. 홀로 경. 서고 환,土,,"2024 보완전사(김기승 성명학 9,491자 기준본 대조 추가)"
9904,현,虤,범 성낼 현,16,범성낼. 범 성낼 현,土,,"2024 보완전사(김기승 성명학 9,491자 기준본 대조 추가); 기준본 음(대표) 필드 오류로 뜻풀이 텍스트에서 재추출함"
9905,현,⿰馬玄,푸른말 현,17,돗총이(검푸른 말),火,411,
9906,현,駽,돗총이 현,17,"돗총이(옛 문헌에 보이는 고유명사나 명칭의 하나). 문헌상 특정한 말, 장비, 사물의 이름으로 쓰이는 경우",火,,"2024 보완전사(김기승 성명학 9,491자 기준본 대조 추가)"
9907,현,顕,나타날 현,18,"나타나다, 뚜렷하다, 명확하다. 명백하다, 높다, 귀하다, 밝다.",火,411,
9908,현,繯,맬 현,19,"매다, 졸라매다, 휘감다, 휘감기다. 고리.",木,411,
9909,현,翾,날 현,19,"날다, 빠르다.",火,411,
9910,현,矎,볼 현,19,눈부실. 볼 현,土,,"2024 보완전사(김기승 성명학 9,491자 기준본 대조 추가); 기준본 음(대표) 필드 오류로 뜻풀이 텍스트에서 재추출함"
9911,현,懸,달 현,20,"달다, 매달다, 매달리다, 걸다, 멀다. 헛되다, 동떨어지다.",火,411,
9912,현,⿰言賢,영리할 현,20,"영리하다, 말이 많다, 수다스럽다. 슬기, 지혜.",金,411,
9913,현,譞,영리할 현,20,"영리하다, 영민하다(총명함). 말이나 행동이 번뜩이며 기민한 태도(영리함, 재빠름)",土,,"2024 보완전사(김기승 성명학 9,491자 기준본 대조 추가)"
9914,현,讂,구할 현,21,욕심낼. 구할 현,土,,"2024 보완전사(김기승 성명학 9,491자 기준본 대조 추가); 기준본 음(대표) 필드 오류로 뜻풀이 텍스트에서 재추출함"
9915,현,顯,나타날 현,23,"나타나다, 드러나다, 뚜렷하다. 분명하다, 명백하다, 높다, 귀하다.",火,411,
9916,현,⿰氵顯,물이깊고맑을 현,27,물이 깊고 맑다.,水,411,옥편 26획
9917,현,灦,물이 깊고 맑을 현,28,물이 깊고 맑을 현. 물 깊고 맑을 현,水,,"2024 보완전사(김기승 성명학 9,491자 기준본 대조 추가)"
9918,혈,孑,뛰어날 혈,3,"외롭다, 작다, 짧다, 남다. 뛰어나다.",水,411,
9919,혈,穴,구멍 혈,5,"구멍, 움집, 곁, 무덤, 뚫다. 그릇되다, 굽다.",水,411,
9920,혈,血,피 혈,6,"피, 근친, 눈물, 월경, 칠하다. 물들이다.",水,411,
9921,혈,頁,머리 혈,9,"머리, 목, 목덜미.",火,412,
9922,"혈,결,계,갈",絜,"헤아릴 혈/결,계,갈",12,"헤아리다, 재다, 두르다, 묶다. 깨끗하다, 깨끗할 결, 들 계, 홀로 갈.",木,412,
9923,혈,趐,나아갈 혈,13,"나아가다, 새가 떼지어 날다.",火,412,
9924,혐,嫌,싫어할 혐,13,"싫어하다, 미워하다, 의심하다. 불만스럽다, 가깝다, 닮다.",土,412,
9925,"협,엽",叶,맞을 협/엽,5,"맞다, 화합하다. 잎 엽",水,412,
9926,협,劦,합할 협,6,힘을합할. 합할 협,土,,"2024 보완전사(김기승 성명학 9,491자 기준본 대조 추가); 기준본 음(대표) 필드 오류로 뜻풀이 텍스트에서 재추출함"
9927,협,夾,낄 협,7,"끼다, 좁다, 가깝다, 겸하다. 부축하다.",木,412,
9928,협,協,화합할 협,8,"화합하다, 복종하다, 적합하다. 돕다, 좇다, 맞다, 협력하다.",水,412,
9929,협,洽,화할 협,8,"화하다, 젖다, 윤택하다.",水,412,
9930,협,冾,화합할 협,8,화합하다(서로 어울리게 하다). 서로 잘 맞추어 조화롭게 하다(화목하게 함),水,,"2024 보완전사(김기승 성명학 9,491자 기준본 대조 추가)"
9931,협,俠,의기로울 협,9,"의기롭다, 호협하다, 가볍다, 젊다. 끼다, 제멋대로 굴다.",火,412,
9932,협,匧,상자 협,9,상자.,"水,木,土",412,
9933,협,恊,화합할 협,10,"화합하다, 돕다, 적합하다, 협력하다. 복종하다, 합하다.",火,412,옥편 9획
9934,협,峽,골짜기 협,10,"골짜기, 키질하다.",土,412,
9935,협,埉,물가 협,10,물가.,土,412,
9936,협,挾,낄 협,11,"끼다, 끼어 넣다, 두루 미치다, 돌다. 만나다, 모이다, 몸에 지니다.",木,412,옥편 10획
9937,협,悏,쾌할 협,11,"쾌하다, 만족하다, 맞다.",火,412,옥편 10획
9938,협,狹,좁을 협,11,"좁다, 조그마하다, 자질구레하다. 경시하다, 다가오다, 급하다.",土,412,옥편 10획
9939,협,浹,두루미칠 협,11,"두루미치다, 사무치다, 적시다. 젖다, 널리 퍼지다, 통하다.",水,412,옥편 10획
9940,협,脇,위협할 협,12,"위협하다, 꾸짖다, 책망하다. 비난하다, 웅크리다, 겨드랑이 협",水,412,옥편 10획
9941,협,脅,위협할 협,12,"위협하다, 으르다, 책망하다. 꾸짖다, 웅크리다, 겨드랑이 협.",水,412,옥편 10획
9942,협,硤,고을 이름 협,12,땅이름. 고을 이름 협,土,,"2024 보완전사(김기승 성명학 9,491자 기준본 대조 추가); 기준본 음(대표) 필드 오류로 뜻풀이 텍스트에서 재추출함"
9943,협,愜,쾌할 협,13,"쾌하다, 만족하다, 맞다. 합당하다, 무서워하다, 따르다.",火,412,옥편 12획
9944,"협,책",莢,꼬투리 협/책,13,"콩 꼬뚜리, 명협(약초), 조협. 점대 책.",木,413,옥편 11획
9945,협,鋏,집게 협,15,"집게, 가위.",金,413,
9946,협,篋,상자 협,15,상자.,木,413,
9947,협,頰,뺨 협,16,"뺨, 쾌적하다, 기분이 좋다.",火,413,
9948,"형,황",兄,형 형/황,5,"형, 훌륭하다, 늘다, 붙다, 자라다. 두려워할 황.",木,413,
9949,형,刑,형벌 형,6,"형벌, 법, 벌하다, 제어하다. 모범이 되다, 탕기 형.",金,413,
9950,형,形,모양 형,7,"모양, 얼굴, 그릇, 세력, 모범.",火,413,
9951,"형,향,팽",亨,"형통할 형/향,팽",7,"형통하다, 통달하다, 올리다. 드리다, 드릴 향, 삶을 팽.","火,土,木",413,
9952,형,⿰亻利,이룰 형,8,"이루다, 모이다, 힘쓰는 모양.",火,413,
9953,형,㚾,즐거울 형,8,형. 즐거울 형,土,,"2024 보완전사(김기승 성명학 9,491자 기준본 대조 추가)"
9954,형,侀,이룰 형,8,이룰 형. 거푸집 형,火,,"2024 보완전사(김기승 성명학 9,491자 기준본 대조 추가)"
9955,형,型,모형 형,9,"모형, 본보기, 모범.",土,413,
9956,형,泂,멀 형,9,"멀다, 깊다, 깊고 넓은 모양.",水,413,옥편 8획
9957,형,炯,빛날 형,9,"빛나다, 밝다, 밝게 드러나다. 명백하다.",火,413,
9958,"형,경",娙,여관 형/경,10,"여관, 여자. 날씬할 경.",土,413,
9959,"형,경",邢,성씨 형/경,11,성의 하나. 땅이름 경.,土,413,옥편 7획
9960,형,珩,노리개 형,11,노리개.,金,413,옥편 10획
9961,형,浻,소용돌이칠 형,11,물소용돌이칠. 소용돌이칠 형,土,,"2024 보완전사(김기승 성명학 9,491자 기준본 대조 추가); 기준본 음(대표) 필드 오류로 뜻풀이 텍스트에서 재추출함"
9962,형,荊,가시나무 형,12,"가시나무, 아내, 곤장.",木,413,옥편 10획
9963,형,逈,뛰어날 형,12,"멀다, 판단하다, 아주 다르다. 뛰어나다, 빛나다.",土,413,옥편 9획
9964,형,詗,염탐할 형,12,"염탐하다, 깨닫다, 구하다.",金,413,
9965,형,迥,멀 형,13,"멀다, 판단하다, 아주 다르다. 뛰어나다, 빛나다.",土,413,옥편 10획
9966,형,脝,배 불룩할 형,13,배부릴. 배 불룩할 형,土,,"2024 보완전사(김기승 성명학 9,491자 기준본 대조 추가); 기준본 음(대표) 필드 오류로 뜻풀이 텍스트에서 재추출함"
9967,형,嵤,산 깊은 모양 형,13,산깊을. 산 깊은 모양 형,土,,"2024 보완전사(김기승 성명학 9,491자 기준본 대조 추가); 기준본 음(대표) 필드 오류로 뜻풀이 텍스트에서 재추출함"
9968,형,熉,등불 형,14,"등불, 개똥벌레, 빛나다, 번쩍이다. 현혹하다, 어지럽다.",火,413,
9969,"형,현",夐,멀 형/현,14,"멀다, 아득하다, 바라보는 모양. 구할 현.",土,414,
9970,형,滎,실개천 형,14,"실개천, 물결이 일다.",水,414,
9971,형,陘,지레목 형,15,"지레목, 비탈, 부뚜막.",土,414,옥편 10획
9972,"형,영,옥",瑩,"투명할 형/영,옥",15,"의혹하다, 밝다, 투명하다. 명백하게 하다, 밝을 영, 옥돌 옥.",金,414,
9973,"형,횡",衡,저울대 형/횡,16,저울대. 가로 횡.,火,414,
9974,형,螢,반딧불이 형,16,반딧불이.,水,414,
9975,"형,영",鎣,줄 형/영,18,"줄, 갈다, 문지르다, 꾸미다. 장식하다.",金,414,
9976,"형,영,경",瀯,"물맑을 형/영,경",19,"물이 맑다, 개천, 도량.",水,414,옥편 18획
9977,형,馨,꽃다울 형,20,"꽃답다, 향기롭다, 향기.",木,414,
9978,형,瀅,물이 맑을 형,20,"물이 맑다, 투명하고 깨끗하다. 잔잔한 물결이 반사되어 맑게 빛나다(물빛이 맑음)",水,,"2024 보완전사(김기승 성명학 9,491자 기준본 대조 추가)"
9979,형,蘅,족두리풀 형,21,두형초. 족두리풀 형,土,,"2024 보완전사(김기승 성명학 9,491자 기준본 대조 추가); 기준본 음(대표) 필드 오류로 뜻풀이 텍스트에서 재추출함"
9980,형,⿰氵䁝,물이름 형,22,물이름.,水,414,옥편 21획
9981,"형,강",灐,(고문헌·지명에 보이는) 강·하천 등의 이름으로 쓰이는 글자 · 물과 관계된 지명이나 수로를 나타내는 용어로 사용됨 형,23,"(고문헌, 지명에 보이는) 강, 하천 등의 이름으로 쓰이는 글자. 물과 관계된 지명이나 수로를 나타내는 용어로 사용됨",水,,"2024 보완전사(김기승 성명학 9,491자 기준본 대조 추가)"
9982,혜,匸,감출 혜,2,"감추다, 덮다.","水,土",414,
9983,혜,兮,어조사 혜,4,"어조사, 감탄사.",金,414,
9984,혜,盱,흘겨볼 혜,9,"흘겨보다, 돌아보다.",木,414,
9985,혜,恵,은혜 혜,10,"은혜, 사랑.",火,414,
9986,"혜,수",彗,살별 혜/수,11,"살별, 쓸다, 털다, 말리다. 총명하다, 살별 수.",火,414,
9987,"혜,예",⿰言兮,진실한말 혜/예,11,"진실한 말, 정성스러운 말.",金,414,
9988,"혜,예",䚷,농담할 혜,11,혜. 농담할 혜. 그러할 예,土,,"2024 보완전사(김기승 성명학 9,491자 기준본 대조 추가)"
9989,혜,惠,은혜 혜,12,"은혜, 사랑.",火,414,
9990,혜,傒,가둘 혜,12,"가두다, 붙좇다, 귀의하다. 기다리다.",火,414,
9991,혜,郋,마을 이름 혜,12,마을이름. 마을 이름 혜,土,,"2024 보완전사(김기승 성명학 9,491자 기준본 대조 추가); 기준본 음(대표) 필드 오류로 뜻풀이 텍스트에서 재추출함"
9992,혜,徯,기다릴 혜,13,가디리다 위태하다. 위태롭다. 샛길 혜,火,414,
9993,혜,嘒,밝을 혜,14,"작은 소리, 매미 소리. 별빛 작으면서 밝다.",水,414,
9994,혜,㨙,끼워넣을 혜,14,혜. 끼워넣을 혜,土,,"2024 보완전사(김기승 성명학 9,491자 기준본 대조 추가)"
9995,혜,僡,은혜 혜,14,혜. 은혜 혜,土,,"2024 보완전사(김기승 성명학 9,491자 기준본 대조 추가)"
9996,혜,榽,나무 이름 혜,14,나무이름. 나무 이름 혜,土,,"2024 보완전사(김기승 성명학 9,491자 기준본 대조 추가); 기준본 음(대표) 필드 오류로 뜻풀이 텍스트에서 재추출함"
9997,혜,幣,화폐 혜,15,"화폐, 비단, 재물, 폐백.",木,392,
9998,혜,槥,널 혜,15,널.,木,415,
9999,혜,憙,밝힐 혜,15,"밝히다, 깨닫다.",木,415,
10000,혜,慧,슬기로울 혜,15,"슬기롭다, 총명하다, 상쾌하다. 시원스럽다, 교활하다.",火,415,
10001,혜,曎,별반짝일 혜,15,"별 반짝이다, 작별.",火,415,
10002,혜,鞵,신 혜,15,"신, 신발.",金,415,
10003,혜,寭,밝힐 혜,15,"밝히다, 숨겨진 것을 드러내다(명백하게 하다). 빛으로 환하게 하다, 어두움을 없애다(조명, 해명)",木,,"2024 보완전사(김기승 성명학 9,491자 기준본 대조 추가)"
10004,혜,暳,별빛처럼 반짝일 혜,15,"별빛처럼 반짝이다, 빛이 깜박이다(반짝임). 눈빛이나 물결 등이 번쩍이며 빛나는 상태를 이룸",火,,"2024 보완전사(김기승 성명학 9,491자 기준본 대조 추가)"
10005,혜,鞋,신발 혜,15,"신발, 발을 보호하거나 장식하는 신는 물건(겉신). 특정한 형태의 신발을 가리키는 말로도 쓰임(전통, 현대의 여러 형태)",土,,"2024 보완전사(김기승 성명학 9,491자 기준본 대조 추가)"
10006,혜,憓,사랑할 혜,16,"사랑하다, 따르다, 순종하다. 은혜.",火,415,옥편 15획
10007,혜,橞,나무 이름 혜,16,나무이름. 나무 이름 혜,土,,"2024 보완전사(김기승 성명학 9,491자 기준본 대조 추가); 기준본 음(대표) 필드 오류로 뜻풀이 텍스트에서 재추출함"
10008,혜,潓,물결 혜,16,물이름. 물결 혜,土,,"2024 보완전사(김기승 성명학 9,491자 기준본 대조 추가); 기준본 음(대표) 필드 오류로 뜻풀이 텍스트에서 재추출함"
10009,"혜,계",蹊,좁을길 혜/계,17,"좁은 길, 지금 길, 지나다. 이상야릇할 계.",土,415,
10010,혜,謑,꾸짖을 혜,17,"꾸짖다, 욕보이다. 바르지 않은 모양.",金,415,
10011,혜,蕙,풀이름 혜,18,풀이름.,木,415,옥편 16획
10012,혜,醯,식혜 혜,19,"식혜, 식초.",金,415,
10013,혜,譓,슬기로울 혜,19,"슬기롭다, 좇다, 순종하다, 따르다. 명확히 분별하다, 불쌍히 여기다.",金,415,
10014,혜,⿰金焦,날카로울 혜,20,날카롭다.,金,415,
10015,혜,鏸,날카로울 혜,20,"날카롭다, 칼날처럼 예리하다(물리적 날카로움). 판단이나 눈빛 등이 예리하고 날카로운 성질(비유적 날카로움)",土,,"2024 보완전사(김기승 성명학 9,491자 기준본 대조 추가)"
10016,혜,譤,슬기로울 혜,22,"슬기롭다, 좇다, 순종하다, 따르다. 명확히 분별하다, 불쌍히 여기다.",金,415,
10017,혜,譿,슬기로울 혜,22,"슬기롭다, 지혜와 총명을 지님. 사리에 밝고 분별력이 있는 태도나 성품을 이룸",土,,"2024 보완전사(김기승 성명학 9,491자 기준본 대조 추가)"
10018,호,戶,집 호,4,"집, 구멍, 출입구, 사람, 막다. 지키다, 지게 호.",木,415,
10019,호,互,서로 호,4,"서로, 번갈아 들다, 어긋매기다.",木,415,
10020,호,乎,어조사 호,5,어조사.,金,415,
10021,호,号,이름 호,5,"이름, 부호, 명령, 차례, 번호. 부르짖다, 일컫다, 부르짖을 호.",水,415,
10022,"호,고",夰,놓을 호,5,높을. 놓을 호. 놓을 고,木,,"2024 보완전사(김기승 성명학 9,491자 기준본 대조 추가); 기준본 음(대표) 필드 오류로 뜻풀이 텍스트에서 재추출함"
10023,호,好,좋을 호,6,"좋다, 사이좋다, 좋아하다. 아름답다, 사랑하다.",土,415,
10024,호,冴,얼 호,6,"얼다, 얼어붙다, 차다굳다. 마르다, 막다, 단단하다. 폐쇄되다.",水,415,
10025,호,虍,호피 무늬 호,6,범의무늬. 호피 무늬 호,土,,"2024 보완전사(김기승 성명학 9,491자 기준본 대조 추가); 기준본 음(대표) 필드 오류로 뜻풀이 텍스트에서 재추출함"
10026,호,虎,범 호,8,"호랑이, 용맹스럽다.",木,415,
10027,호,昊,하늘 호,8,"하늘, 허공, 큰 모양, 희다, 밝다.",火,416,
10028,호,弧,활 호,8,"활, 외톨이. 어긋나다, 굽다, 휘다.","火,金,木",416,
10029,호,岮,산 호,8,산.,土,416,
10030,호,冴,얼 호,8,"얼다, 얼어붙다, 차다, 마르다, 굳다. 막다, 단단하다. 폐쇄되다.",水,416,옥편 7획
10031,호,呼,부를 호,8,"부르다, 내쉬다, 호통치다. 부르짖다, 슬프다.",水,416,
10032,"호,산,함",岵,작은 산 호,8,"작은 산, 언덕을 이르는 말(소봉우리). 바위가 많거나 험준한 산지의 지형을 가리키기도 함(지명, 지형어)",土,,"2024 보완전사(김기승 성명학 9,491자 기준본 대조 추가)"
10033,호,垀,낮은 담 호,8,낮은담. 낮은 담 호,土,,"2024 보완전사(김기승 성명학 9,491자 기준본 대조 추가); 기준본 음(대표) 필드 오류로 뜻풀이 텍스트에서 재추출함"
10034,호,昈,환히 호,8,문채날. 환히 호,土,,"2024 보완전사(김기승 성명학 9,491자 기준본 대조 추가); 기준본 음(대표) 필드 오류로 뜻풀이 텍스트에서 재추출함"
10035,호,汻,물가 호,8,물이름. 물가 호,土,,"2024 보완전사(김기승 성명학 9,491자 기준본 대조 추가); 기준본 음(대표) 필드 오류로 뜻풀이 텍스트에서 재추출함"
10036,호,枑,가로막이 호,8,울짱. 가로막이 호,土,,"2024 보완전사(김기승 성명학 9,491자 기준본 대조 추가); 기준본 음(대표) 필드 오류로 뜻풀이 텍스트에서 재추출함"
10037,호,芐,지황 호,9,지황,木,416,옥편 7획
10038,호,怙,믿을 호,9,"믿다, 의지하다, 아버지. 아버지 호.",火,416,옥편 8획
10039,호,狐,여우 호,9,"여우, 의심하다.",土,416,옥편 8획
10040,"호,학",沍,얼 호,9,얼 호. 막힐 호. 얼어붙을 학,水,,"2024 보완전사(김기승 성명학 9,491자 기준본 대조 추가)"
10041,호,皋,못 고,10,"못, 연못, 물가. 부를 호",金,36,
10042,"호,하,로",芦,"지황 호/하,로(노)",10,"지황. 지황 하, 갈대 로(노)",木,416,옥편 8획
10043,호,胡,반호 호,10,반호,土,416,
10044,호,祜,복 호,10,"복, 행복.",木,416,
10045,호,瓳,반호 호,10,"반호(약칭, 고문에 보이는 명칭으로 보존). 드물게 쓰이는 이체자(희귀한 글자)",土,,"2024 보완전사(김기승 성명학 9,491자 기준본 대조 추가)"
10046,호,哠,말 많을 호,10,말많을. 말 많을 호,土,,"2024 보완전사(김기승 성명학 9,491자 기준본 대조 추가); 기준본 음(대표) 필드 오류로 뜻풀이 텍스트에서 재추출함"
10047,호,皐,언덕 고,11,"언덕, 못, 늪, 물가, 논, 높다. 깊이, 심히, 부를 호, 皋의 本字",金,37,
10048,호,扈,따를 호,11,"따르다, 호종하다, 넓다, 광대하다. 입다, 말리다, 널리 퍼지다, 파랑새 호",木,416,
10049,호,瓠,박 호,11,"표주박, 항아리, 병.",木,416,
10050,호,晃,밝을 호,11,"밝다, 빛나다, 반짝이다, 넓고 크다. 희다, 해가 뜨다.",火,416,
10051,호,毫,터럭 호,11,"터럭, 털, 조금, 가늘다.",火,416,
10052,"호,효",⿰女乎,재치있을 호/효,11,"재치 있다, 영리하다. 재치 있을 호.",土,416,
10053,호,胡,클 호,11,"크다, 멀다, 되, 오래살다, 장수하다. 오랑캐이름, 수염, 어찌, 성씨.",水,416,옥편 9획
10054,호,浩,넓을 호,11,"넓다, 광대하다, 크다, 넉넉하다. 교만하다.",水,416,옥편 10획
10055,호,晧,밝을 호,11,밝다(빛이 밝고 환함). 빛이 희고 깨끗한 상태(희고 맑음),火,,"2024 보완전사(김기승 성명학 9,491자 기준본 대조 추가)"
10056,"호,효,하",唬,부르짖을 호,11,으를. 부르짖을 호. 범 울음 효. 으를 하,土,,"2024 보완전사(김기승 성명학 9,491자 기준본 대조 추가); 기준본 음(대표) 필드 오류로 뜻풀이 텍스트에서 재추출함"
10057,호,雇,품팔 고,12,"품 팔다, 품 사다, 고용하다. 빌리다, 두견새 호",火,37,
10058,호,壺,병 호,12,술병.,木,416,
10059,호,皓,흴 호,12,"희다, 깨끗하다, 밝다, 환하다. 넓다, 하늘, 늙은이.",金,416,
10060,호,淏,맑을 호,12,맑다.,水,417,옥편 11획
10061,"호,고",楛,나무 이름 호,12,나무이름. 나무 이름 호. 거칠 고,土,,"2024 보완전사(김기승 성명학 9,491자 기준본 대조 추가); 기준본 음(대표) 필드 오류로 뜻풀이 텍스트에서 재추출함"
10062,호,號,이름 호,13,"이름, 명령, 부르짖다, 일컫다. 차례, 부르짖을 호.",木,417,
10063,호,聕,들릴 호,13,"들리다, 긴 귀.",火,417,
10064,호,猢,원숭이 호,13,원숭이.,土,417,옥편 12획
10065,호,琥,호박 호,13,호박.,金,417,옥편 12획
10066,호,湖,호수 호,13,호수.,水,417,옥편 12획
10067,호,楜,후추 호,13,후추. 후추 호,土,,"2024 보완전사(김기승 성명학 9,491자 기준본 대조 추가); 기준본 음(대표) 필드 오류로 뜻풀이 텍스트에서 재추출함"
10068,호,犒,마를 고,14,"미르다, 여위다, 학대하다, 때리다. 위로할 호",木,37,
10069,호,嫮,아름다울 호,14,"아름답다, 자랑하다, 시기하다. 질투하다.",土,417,
10070,호,婟,아름다울 호,14,"아름답다, 자랑하다, 시기하다. 질투하다.",土,417,
10071,호,犒,호궤할 호,14,"호궤하다, 맛 좋은 음식.",土,417,
10072,호,瑚,산호 호,14,산호,金,417,옥편 13획
10073,호,皞,밝을 호,14,"밝다, 화락하다, 광대하다. 쾌적하다, 자적하다.",金,417,
10074,호,滈,장마 호,14,"장마, 물이 희게 빛나다.",水,417,옥편 13획
10075,호,豪,호걸 호,14,"호걸, 귀인, 우두머리, 용감하다. 빼어나다, 뛰어나다, 성하다.","水,土,火",417,
10076,호,嫭,아름다울 호,14,아름답다(미쁘고 곱다). 여자의 용모가 아름답고 고운 상태를 이르는 말(희귀 이체자로 쓰임),土,,"2024 보완전사(김기승 성명학 9,491자 기준본 대조 추가)"
10077,호,暤,밝을 호,14,밝을. 밝을 호,土,,"2024 보완전사(김기승 성명학 9,491자 기준본 대조 추가); 기준본 음(대표) 필드 오류로 뜻풀이 텍스트에서 재추출함"
10078,호,葫,마늘 호,15,마늘.,木,417,옥편 13획
10079,호,糊,풀칠할 호,15,"풀칠하다, 바르다, 먹다, 흐릿하다. 모호하다.",木,417,
10080,호,熩,빛날 호,15,"빛나다, 빛.",火,417,
10081,호,皜,밝을 호,15,"희다, 깨끗하다, 밝다, 환하다. 비추다, 넓다.",金,417,
10082,"호,허",滸,물가 호/허,15,물가. 물가 허.,水,417,옥편 14획
10083,호,滬,물이름 호,15,물이름.,水,417,옥편 14획
10084,호,嘷,울부짖을 호,15,"울부짖다, 부르짖다. 울다.",水,417,
10085,호,蝴,나비 호,15,나비.,水,418,
10086,호,滹,물가 호,15,물이름. 물가 호,土,,"2024 보완전사(김기승 성명학 9,491자 기준본 대조 추가); 기준본 음(대표) 필드 오류로 뜻풀이 텍스트에서 재추출함"
10087,"호,고",蒿,쑥 호/고,16,"쑥, 오르다, 나다, 흐트러지다. 어지러워지다, 지치다, 짚 고.",木,418,옥편 14획
10088,호,縞,명주 호,16,"명주, 고운빛깔, 희다, 비추다.",木,418,
10089,호,像,호걸 호,16,"호걸, 귀인, 사치, 우두머리. 뛰어나다, 빼어나다, 성하다.",火,418,
10090,호,醐,우락더껑이 호,16,우락(버터)더껑이. 우유에 갈분을 탄 미음 같은 죽,金,418,
10091,호,澔,넓을 호,16,"넓다, 광대하다, 크다, 성대하다. 넉넉하다, 교만하다.",水,418,옥편 15획
10092,호,儫,호걸 호,16,"호걸(힘 있고 용맹한 인물). 장대하고 빼어난 기개를 지닌 사람(영웅, 영웅적 인물)",火,,"2024 보완전사(김기승 성명학 9,491자 기준본 대조 추가)"
10093,호,鄗,고을 교,17,"고을이름, 산 이름",土,50,
10094,호,⿱艹高,흰빛 호,17,흰 빛.,木,418,옥편 15획
10095,호,郈,땅이름 호,17,땅이름,土,418,옥편 13획
10096,호,壕,해자 호,17,"해자, 도랑.",土,418,
10097,호,鍸,제기 호,17,쇠접시. 제기 호,土,,"2024 보완전사(김기승 성명학 9,491자 기준본 대조 추가); 기준본 음(대표) 필드 오류로 뜻풀이 텍스트에서 재추출함"
10098,호,嚎,큰 소리 호,17,울부짖을. 큰 소리 호,土,,"2024 보완전사(김기승 성명학 9,491자 기준본 대조 추가); 기준본 음(대표) 필드 오류로 뜻풀이 텍스트에서 재추출함"
10099,호,鵠,정곡 곡,18,"백조, 고니, 흰 빛. 과녁, 정곡, 클 호",火,39,
10100,호,鎬,호경 호,18,"곡괭이, 빛나는 모양, 빛나다.",金,418,
10101,"호,확",濩,퍼질 호/확,18,"퍼지다, 삶다, 익히다. 삶을 확.",水,418,옥편 17획
10102,호,濠,호주 호,18,"호주(나라이름). 해자, 강.",水,418,옥편 17획
10103,호,餬,죽 호,18,"죽, 풀칠하다, 바르다, 흐릿하다. 모호하다.",水,418,
10104,호,鵠,되 호,19,"되, 오래살다, 장수하다. 오랑캐이름 호, 수염 호.",火,418,
10105,호,蔰,빛 호,19,빛 호. 채색 모양 호,木,,"2024 보완전사(김기승 성명학 9,491자 기준본 대조 추가)"
10106,호,鬍,되 호,19,되 호. 수염 호,火,,"2024 보완전사(김기승 성명학 9,491자 기준본 대조 추가)"
10107,호,顥,클 호,21,"크다, 넓다, 빛나다, 희다. 빛나는 모양, 하늘가의 기운",火,418,
10108,호,護,도울 호,21,"돕다, 지키다, 보호하다, 통솔하다.",金,418,
10109,호,譹,부르짖을 호,21,부르짖을. 부르짖을 호,土,,"2024 보완전사(김기승 성명학 9,491자 기준본 대조 추가); 기준본 음(대표) 필드 오류로 뜻풀이 텍스트에서 재추출함"
10110,호,護,구할 호,23,"구하다, 구제하다, 보호하다. 지키다.",金,418,
10111,호,頀,구할 호,23,"구하다(찾거나 얻고자 하다, 요구하다, 고어적 용례). 구하는 행위나 요청과 관련된 뜻(요구, 청원, 구제의 의미)",土,,"2024 보완전사(김기승 성명학 9,491자 기준본 대조 추가)"
10112,호,灝,넓을 호,25,"넓다, 깊다, 밝고 맑다. 희다.",水,418,옥편 24획
10113,혹,或,혹 혹,8,"혹시, 어떤 경우. 존재하다, 의심하다, 미혹하다.",金,418,
10114,혹,惑,미혹할 혹,12,"미혹하다, 의심하다. 의아스럽게 여기다.",火,418,
10115,혹,酷,심할 혹,14,"심하다, 독하다, 괴롭다.",金,419,
10116,"혹,효,학,고",熇,"뜨거울 혹/효,학,고",14,"뜨겁다, 엄하다, 불꽃이 일다. 엄할 효, 불꽃일 학, 불에찔 고.",火,419,
10117,혼,昆,맏 곤,8,"형, 자손, 같이, 함께, 산 이름, 뒤. 다음, 나중, 벌레 곤, 뒤섞일 혼",火,39,
10118,"혼,민",昏,어두울 혼/민,8,"어둡다, 희미하다, 날이 저물다. 일찍 죽다, 장가들다, 힘쓸 민.",火,419,
10119,혼,忨,완전할 혼,9,"완전하다, 끝나다.",火,419,
10120,"혼,흔",俒,완전할 혼,9,완전할 혼. 완전할 흔,火,,"2024 보완전사(김기승 성명학 9,491자 기준본 대조 추가)"
10121,"혼,환",圂,뒷간 혼/환,10,뒷간.,水,419,
10122,혼,婚,혼인할 혼,11,혼인하다.,土,419,
10123,"혼,곤",焜,빛날 혼/곤,12,"빛나다, 빛내다, 밝다. 빛날 곤.",火,419,
10124,"혼,곤",混,섞을 혼/곤,12,"섞다, 합하다, 혼탁하다, 흐리다. 맞추다, 남을 속이다, 오랑케 곤.",水,419,옥편 11획
10125,혼,渾,흐릴 혼,13,"흐리다, 혼탁하다, 뒤섞이다. 멍청하다, 미련하다, 뒤섞일 혼.",水,419,옥편 12획
10126,"혼,민,면",湣,"어지러울 혼/민,면",13,"근심하다, 괴로워하다, 노력하다. 근심할 민, 시호 민, 어두울 면.",水,419,옥편 12획
10127,혼,魂,넋 혼,14,"넋, 마음, 생각.",火,419,
10128,혼,珲,아름다운옥 혼,14,아름다운 옥.,金,419,옥편 13획
10129,혼,湣,어지로울 혼,14,"어지럽다, 흐리다, 더럽다, 울다.",水,419,옥편 13획
10130,혼,溷,혼탁할 혼,15,"혼탁하다, 탁하다(물이나 상태가 흐려지고 더러워짐). 뒤섞여 어지럽다(여러 요소가 섞여 구분이 어려운 상태)",水,,"2024 보완전사(김기승 성명학 9,491자 기준본 대조 추가)"
10131,"혼,훈",琿,아름다운 옥 혼,15,아름다운 옥 혼. 아름다운 옥 훈,土,,"2024 보완전사(김기승 성명학 9,491자 기준본 대조 추가)"
10132,혼,闇,문지기 혼,16,"몹시 부는 바람, 문지기.",木,419,
10133,혼,閽,문지기 혼,16,"문지기(출입을 지키는 사람, 문지기, 문지방 수호자). 성문, 대문과 관련된 출입 관리의 기능(출입을 통제하는 장소나 직책을 가리키는 용례)",木,,"2024 보완전사(김기승 성명학 9,491자 기준본 대조 추가)"
10134,"혼,운",顚,둥글 혼/운,19,"둥글다, 혼혼하다. 둥글 운.",火,419,
10135,홀,囫,온전할 홀,7,"온전하다, 완전하다, 막연하다. 똑똑하지 않다.",水,419,
10136,홀,忽,갑자기 홀,8,"갑자기, 문득, 잊다. 마음에 두지 않다, 소홀히 하다.",火,419,
10137,홀,笏,홀 홀,10,"홀, 피리 가락에 맞추다.",木,419,
10138,홀,惚,황홀할 홀,12,"황홀하다, 흐릿하다.",火,419,옥편 11획
10139,"홀,아",珴,홀 아,12,홀. 홀 아,土,,"2024 보완전사(김기승 성명학 9,491자 기준본 대조 추가); 1차 음의 뜻풀이 누락으로 타 음(아)의 훈으로 대표훈음 대체"
10140,홍,弘,클 홍,5,"크다, 넓다, 넓히다,. 높다, 너그럽다",火,419,
10141,홍,仜,배 클 홍,5,배클. 배 클 홍,土,,"2024 보완전사(김기승 성명학 9,491자 기준본 대조 추가); 기준본 음(대표) 필드 오류로 뜻풀이 텍스트에서 재추출함"
10142,홍,汞,수은 홍,7,수은.,水,420,
10143,홍,灴,화톳불 홍,7,횃불. 화톳불 홍,土,,"2024 보완전사(김기승 성명학 9,491자 기준본 대조 추가); 기준본 음(대표) 필드 오류로 뜻풀이 텍스트에서 재추출함"
10144,"홍,공",紅,붉을 홍/공,9,"붉다, 빨개지다, 붉히다, 번창하다. 좋다, 순조롭다, 성공적이다, 상복 공",木,420,
10145,"홍,항,공",虹,"무지개 홍/항,공",9,"무지개, 공격하다, 어지럽다. 어지러울 항, 고을이름 공.",水,420,
10146,홍,哄,떠들썩할 홍,9,"떠들썩하다, 크게 웃다, 진작하다. 서로 화하는 소리, 속이다.",水,420,
10147,홍,泓,물깊을 홍,9,"물이 깊다, 맑은 모양.",水,420,옥편 8획
10148,홍,烘,밝을 홍,10,"화롯불, 피우다, 쬐다, 말리다. 밝다, 비추다.",火,420,
10149,홍,映,날밝으려할 홍,10,"날 밝으려 하다, 먼동이 트다.",火,420,
10150,홍,訌,어지러울 홍,10,"어지럽다, 무너지다, 뒤숭숭하다. 왁자지껄하다.",金,420,
10151,홍,洪,넓을 홍,10,"넓다, 크다, 여울.",水,420,옥편 9획
10152,홍,晎,날이 밝아올 홍,10,날이 밝아오다(새벽녘에 빛이 트는 상태). 밝게 빛나다(광명이 퍼지며 환해짐),火,,"2024 보완전사(김기승 성명학 9,491자 기준본 대조 추가)"
10153,"홍,강",洚,큰물 홍,10,큰물. 큰물 홍. 내릴 강,土,,"2024 보완전사(김기승 성명학 9,491자 기준본 대조 추가); 기준본 음(대표) 필드 오류로 뜻풀이 텍스트에서 재추출함"
10154,홍,⿰金瓠,쇠뇌고동 홍,14,"쇠뇌 고동, 석궁.",金,420,
10155,홍,鉷,쇠로 만든 석궁 홍,14,"쇠로 만든 석궁, 쇠뇌(금속제 활). 금속으로 된 기계장치나 타격용 기구(고동류)",土,,"2024 보완전사(김기승 성명학 9,491자 기준본 대조 추가)"
10156,홍,篊,통발 홍,15,통발.,木,420,
10157,홍,銾,종소리 홍,15,홍. 종소리 홍,土,,"2024 보완전사(김기승 성명학 9,491자 기준본 대조 추가)"
10158,"홍,항",鬨,싸울 홍/항,16,"싸우다, 떠들다.","金,木",420,
10159,홍,澒,수은 홍,16,"수은, 잇단 모양, 잇닿다. 덩어리지다, 혼돈하다.",水,420,옥편 15획
10160,홍,鴻,기러기 홍,17,"기러기, 크다, 넓다, 번성하다. 굳세다, 강하다, 같게 하다, 원기 홍.",火,420,
10161,화,火,불 화,4,"불, 화재, 한패, 동행자.",火,420,
10162,"화,와",化,될 화/와,4,"되다, 화하다, 감화시키다, 가르치다. 따르다, 본받다, 변천하다, 잘못 와.","金,火",420,
10163,화,禾,벼 화,5,"벼, 곡식, 화하다.",木,420,
10164,화,㶡,불타는 소리 화,6,화. 불타는 소리 화,土,,"2024 보완전사(김기승 성명학 9,491자 기준본 대조 추가)"
10165,화,伙,세간 화,6,세간. 세간 화,土,,"2024 보완전사(김기승 성명학 9,491자 기준본 대조 추가); 기준본 음(대표) 필드 오류로 뜻풀이 텍스트에서 재추출함"
10166,화,和,화할 화,8,"화하다, 화목하다, 온화하다, 순하다. 같다, 서로 응하다, 합치다.",水,420,
10167,화,姀,단정할 화,8,단정할. 단정할 화,土,,"2024 보완전사(김기승 성명학 9,491자 기준본 대조 추가); 기준본 음(대표) 필드 오류로 뜻풀이 텍스트에서 재추출함"
10168,화,杹,부용 화,8,목부용. 부용 화,土,,"2024 보완전사(김기승 성명학 9,491자 기준본 대조 추가); 기준본 음(대표) 필드 오류로 뜻풀이 텍스트에서 재추출함"
10169,화,花,꽃 화,10,"꽃, 비용.",木,420,옥편 8획
10170,화,俰,화할 화,10,화하다.,火,420,
10171,화,貨,재물 화,11,"재물, 재화, 화물, 화폐, 뇌물. 주다, 팔다, 사들이다.",金,421,
10172,"화,획",畫,그림 화/획,12,"그리다, 긋다, 설계하다. 그을 획.","土,木",421,
10173,화,訸,화할 화,12,화평할. 화할 화,土,,"2024 보완전사(김기승 성명학 9,491자 기준본 대조 추가); 기준본 음(대표) 필드 오류로 뜻풀이 텍스트에서 재추출함"
10174,화,畵,그림 화,13,"그리다, 긋다, 설계하다. 그을 획.","土,木",421,
10175,화,話,말씀 화,13,"대패, 말씀, 이야기, 좋은 말. 이야기하다, 말하다.",金,421,
10176,화,靴,신 화,13,"신, 어린아이가 신는 신.",金,421,
10177,화,鉌,방울 화,13,찻방울. 방울 화,土,,"2024 보완전사(김기승 성명학 9,491자 기준본 대조 추가); 기준본 음(대표) 필드 오류로 뜻풀이 텍스트에서 재추출함"
10178,화,夥,많을 과,14,"많다, 넉넉하다, 모이다, 동아리. 넉넉할 화",水,43,
10179,화,華,빛날 화,14,"빛나다, 찬란하다, 화려하다. 사치하다, 호화롭다, 번성하다.",木,421,옥편 12획
10180,화,禍,재앙 화,14,"재앙, 재화, 허물, 사고, 죄. 재앙을 내리다, 화를 입다, 해치다.",木,421,
10181,화,嬅,탐스러울 화,15,"탐스럽다, 준려하다, 아름답다.",土,421,
10182,"화,와",嘩,떠들썩할 화/와,15,"떠들썩하다, 들레다, 바뀌다. 바뀔 와.",水,421,
10183,화,樺,벚나무 화,16,"벚나무, 자작나무, 단풍나무.",木,421,
10184,화,澕,깊을 화,16,깊다.,水,421,옥편 15획
10185,화,鏵,삽 화,18,가래. 삽 화,土,,"2024 보완전사(김기승 성명학 9,491자 기준본 대조 추가); 기준본 음(대표) 필드 오류로 뜻풀이 텍스트에서 재추출함"
10186,화,⿰言華,시끄러울 화,19,"시끄럽다, 떠들썩하다. 시끄럽게 떠들다.",金,421,
10187,"화,와",譁,시끄러울 화,19,시끄러울 화. 바뀔 와,土,,"2024 보완전사(김기승 성명학 9,491자 기준본 대조 추가)"
10188,화,驊,준마 화,22,준마.,火,421,
10189,화,龤,화할 화,22,"화하다, 화목하다, 조화되다. 고르다.",火,421,
10190,화,龢,조화로울 화,22,"조화롭다, 화합하다(화합의 뜻). 음성이나 요소들이 어우러져 이루는 화음, 조화로운 소리",火,,"2024 보완전사(김기승 성명학 9,491자 기준본 대조 추가)"
10191,"확,관",廓,클 확/관,14,"크다, 넓다, 넓히다, 텅비다, 열리다. 확장하다, 바로잡다, 너그럽다, 둘레 곽.",木,421,
10192,확,確,굳을 확,15,"굳다, 단단하다, 견고하다, 확고하다. 확실하다, 진실하다, 튼튼하다.",金,421,
10193,"확,교",碻,굳을 확/교,15,"굳다, 단단하다, 견고하다, 확고하다. 확실하다, 진실하다, 고르지 않은 모양 교",金,421,
10194,"확,호",穫,거둘 확/호,19,"거두다, 아첨하다, 수확하다. 땅이름 호.",木,421,
10195,"확,황",擴,넓힐 확/황,19,"넓히다, 확대하다, 늘리다.",木,421,옥편 18획
10196,확,矔,두리번거릴 확,20,"두리번거리다, 눈빛이 빛나다.",木,421,
10197,확,矍,눈을 크게 뜨고 두리번거릴 확,20,눈을 크게 뜨고 두리번거리다(살펴봄). 놀라거나 정신이 번쩍 드는 상태(기운이 왕성하거나 반응이 날카로움),木,,"2024 보완전사(김기승 성명학 9,491자 기준본 대조 추가)"
10198,확,礭,회초리 확,21,"회초리, 확실하다.",金,422,
10199,확,鑃,가마솥 확,22,"가마솥, 새기다, 파다.",金,422,
10200,확,鑊,큰 쇠솥 확,22,"큰 쇠솥, 가마솥(대형 조리기구). 대량 조리나 끓이는 데 쓰이는 철제 용기(삶거나 끓이는 용기)",土,,"2024 보완전사(김기승 성명학 9,491자 기준본 대조 추가)"
10201,"확,국",攫,움킬 확/국,24,"움키다, 가로채다, 빼앗다.",木,422,옥편 23획
10202,확,⿰矛蒦,창 확,25,"창, 송곳.",金,422,
10203,확,矡,창 확,25,"창(길고 뾰족한 무기). 창처럼 길고 뾰족한 도구나 말뚝(관통, 지지용 도구)",土,,"2024 보완전사(김기승 성명학 9,491자 기준본 대조 추가)"
10204,환,丸,둥글 환,3,"둥글다, 둥글게 하다, 취하다.","木,火",422,
10205,환,幻,헛보일 환,4,"헛보이다, 미혹하다, 괴이하다. 신기하다, 현혹시키다, 변화하다.",火,422,
10206,환,芄,왕골 환,8,박주가리. 왕골 환,土,,"2024 보완전사(김기승 성명학 9,491자 기준본 대조 추가); 기준본 음(대표) 필드 오류로 뜻풀이 텍스트에서 재추출함"
10207,환,宦,벼슬 환,9,"벼슬, 관직.",木,422,
10208,환,紈,흰비단 환,9,"흰 비단, 고운비단, 맺다, 포개지다.",木,422,
10209,환,奐,빛날 환,9,"빛나다, 선명하다, 성대하다. 한가롭다.",木,422,
10210,환,峘,큰 산 환,9,작은산이 큰산보다 높을. 큰 산 환,土,,"2024 보완전사(김기승 성명학 9,491자 기준본 대조 추가); 기준본 음(대표) 필드 오류로 뜻풀이 텍스트에서 재추출함"
10211,환,桓,굳셀 환,10,"굳세다, 크다, 머뭇거리다.",木,422,
10212,"환,원",洹,세차게흐를 환/원,10,세차게 흐르다.,水,422,옥편 9획
10213,환,患,근심 환,11,"근심, 걱정, 질병, 재앙, 앏다. 걱정하다, 염려하다, 미워하다.",火,422,
10214,환,睆,환할 환,11,"환하다, 밝다, 밝은 별.",火,422,
10215,환,晥,밝고 환할 환,11,밝고 환하다. 빛나 보이다(눈에 띄게 밝음),火,,"2024 보완전사(김기승 성명학 9,491자 기준본 대조 추가)"
10216,"환,완",睆,가득찬모양 환/완,12,"가득찬 모양, 별이 밝은 모양. 바라보다, 끝까지 보다, 추파던질 완.",木,422,
10217,환,組,끈 환,12,"끈, 줄.",木,422,
10218,환,皖,환할 환,12,"환하다, 밝다, 밝은 별.",金,422,
10219,환,喚,부를 환,12,"맷돌, 부르다, 소환하다, 부르짖다. 외치다, 울다, 지저귀다.",火,422,
10220,"환,긍",絙,끈 환,12,끈 환. 밧줄 긍,木,,"2024 보완전사(김기승 성명학 9,491자 기준본 대조 추가)"
10221,환,換,바꿀 환,13,"누리다, 바꾸다, 교체되다, 고치다. 새롭게 하다, 주고받고 하다.",木,422,옥편 12획
10222,환,煥,불꽃 환,13,"불꽃, 빛나다, 밝다, 선명하다. 빛날 환",火,422,
10223,"환,희",渙,흩어질 환/희,13,"흩어지다, 풀리다, 빛나다. 찬란하다, 물이름 희.",水,422,옥편 12획
10224,환,豢,기를 환,13,"기르다, 치다, 꾀다, 탐하다.",水,423,
10225,환,愌,거스를 환,13,거스를. 거스를 환,土,,"2024 보완전사(김기승 성명학 9,491자 기준본 대조 추가); 기준본 음(대표) 필드 오류로 뜻풀이 텍스트에서 재추출함"
10226,환,瑍,환옥 환,14,환옥. 환옥 환,土,,"2024 보완전사(김기승 성명학 9,491자 기준본 대조 추가); 기준본 음(대표) 필드 오류로 뜻풀이 텍스트에서 재추출함"
10227,"환,현",寰,경기고을 환/현,16,"천하, 인간세상, 에워싸다. 고을 현.",木,423,
10228,"환,원",圜,둥글 환/원,16,"둥글다, 하늘, 에워싸다.",水,423,
10229,"환,관,선",擐,"꿸 환/관,선",17,"꿰다, 입다, 걷다. 꿸 관, 걸을 선.",木,423,옥편 16획
10230,환,⿰金睘,여섯냥쭝 환,17,고리.,金,423,
10231,"환,함",鍰,옛 화폐 환,17,"옛 화폐, 무게의 단위로 쓰임(여섯 냥쯤). 작은 쇠붙이로 된 장식이나 부속품을 이르기도 함",土,,"2024 보완전사(김기승 성명학 9,491자 기준본 대조 추가)"
10232,"환,현",懁,성급할 환,17,조급할. 성급할 환. 성급할 현,土,,"2024 보완전사(김기승 성명학 9,491자 기준본 대조 추가); 기준본 음(대표) 필드 오류로 뜻풀이 텍스트에서 재추출함"
10233,환,澴,소용돌이칠 환,17,물결꿈틀거려 흐를. 소용돌이칠 환,土,,"2024 보완전사(김기승 성명학 9,491자 기준본 대조 추가); 기준본 음(대표) 필드 오류로 뜻풀이 텍스트에서 재추출함"
10234,환,萑,황새 관,18,"황새. 박주가리, 물 억새 환(20획)",火,45,
10235,환,環,고리 환,18,"고리, 두루 미치다, 물러나다. 돌다, 두르다.",金,423,옥편 17획
10236,"환,선",還,돌아올 환/선,20,"돌아오다, 돌러보내다, 물러나다. 굴리다, 갚다, 빠르다, 돌 선.",土,423,옥편 17획
10237,환,轘,거열할 환,20,거열하다.,火,423,
10238,환,鐶,고리 환,21,"고리, 반지, 귀걸이.",金,423,
10239,"환,곤",鰀,환어 환/곤,21,"홀아버지, 앏다, 병들다. 홀아버지 환, 곤이 곤.",水,423,
10240,환,鰥,환어 환,21,환어 환. 홀아버지 환,水,,"2024 보완전사(김기승 성명학 9,491자 기준본 대조 추가)"
10241,환,懽,기뻐할 환,22,"기뻐하다, 좋아하다, 들어맞다. 맞다, 합당하다, 재앙 환.",火,423,옥편 21획
10242,환,歡,기쁠 환,22,"기쁘다, 기뻐하다, 사랑하다. 좋아하다, 즐거움.",金,423,
10243,환,鬟,쪽 환,23,"쪽, 쪽진머리, 여자 종.",火,423,
10244,"환,훤",讙,시끄러울 환,24,시끄러울. 시끄러울 환. 시끄러울 훤,土,,"2024 보완전사(김기승 성명학 9,491자 기준본 대조 추가); 기준본 음(대표) 필드 오류로 뜻풀이 텍스트에서 재추출함"
10245,"환,헌,얼",瓛,"옥홀 환/헌,얼",25,"옥홀. 옥홀 헌, 재갈 얼.",金,423,옥편 24획
10246,환,驩,기뻐할 환,28,"기뻐하다, 즐거워하다, 관찰하다. 사이좋게 지내다.",火,423,
10247,활,佸,도달할 괄,8,"이르다, 도달하다, 모이다, 만나다. 다다를 활",火,45,
10248,"활,괄",活,살 활/괄,10,"살다, 생존하다, 태어나다. 생기가 있다, 물콸콸흐를 괄.",水,423,옥편 9획
10249,활,蛞,올챙이 활,12,"올챙이, 새끼 두꺼비.",水,423,
10250,활,猾,교활할 활,14,"교활하다, 간사하다, 어지럽다. 희롱하다.",土,423,옥편 13획
10251,"활,골",滑,미끄러울 활/골,14,"미끄럽다, 반드럽다, 부드럽게 하다. 교활하다, 익살스러울 골.",水,423,옥편 13획
10252,활,闊,넓을 활,17,"넓다, 트이다, 멀다, 간략하다. 근고하다, 너그럽다, 거칠다.",木,423,
10253,활,豁,뚫린골 활,17,"뚫린 골짜기, 소통하다, 깨닫다. 넓다, 크다. 비다.",水,424,
10254,활,濶,넓을 활,18,"넓다, 트이다, 멀다, 간략하다. 근고하다, 너그럽다, 거칠다.",水,424,옥편 17획
10255,황,怳,어슴푸레할 황,9,"어슴푸레하다, 분명하지 않다 멍하다. 놀라서 바라보다, 황홀하다.",火,424,옥편 8획
10256,"황,완",皇,임금 황/완,9,"임금, 봉황, 면류관, 하늘. 갈 왕.",金,424,
10257,황,況,상황 황,9,"상황, 정황, 형편, 모양. 하물머 황.",水,424,옥편 8획
10258,황,肓,명치끝 황,9,"명치끝, 가슴.",水,424,옥편 7획
10259,황,洸,성낼 광,10,"용감하다, 굳세다, 깊다, 성내다. 횡홀하다, 깊을 황",水,46,
10260,"황,광",恍,황홀할 황/광,10,"황홀하다, 멍하다, 어슴푸레하다. 용맹스러운 모양 광.",火,424,옥편 9획
10261,황,晃,밝을 황,10,"밝다, 환하다, 빛나다. 빨리 지나가다.",火,424,
10262,황,晄,밝을 황,10,"밝다, 환하다, 빛나다. 빨리 지나가다.",火,424,
10263,황,凰,봉황 황,11,봉황.,"木,火",424,
10264,황,奛,밝고 훤할 황,11,밝고훤할. 밝고 훤할 황,土,,"2024 보완전사(김기승 성명학 9,491자 기준본 대조 추가); 기준본 음(대표) 필드 오류로 뜻풀이 텍스트에서 재추출함"
10265,"황,강",荒,거칠 황/강,12,"거칠다, 흉년들다, 덮다, 버리다. 차지하다, 넓히다, 공허할 강.",木,424,옥편 10획
10266,황,徨,헤맬 황,12,"헤매다, 방황하다, 노닐다 배회하다. 어정거리다, 불안하다.",火,424,
10267,황,媓,어머니 황,12,어머니.,土,424,
10268,황,黃,누를 황,12,"누렇다, 앏다, 황금. 병들고 지친 모양.",土,424,
10269,황,塎,당집 황,12,"당집, 벽이 없는 집.",土,424,
10270,황,貺,줄 황,12,"주다, 하사하다, 선사하다, 베풀다.",金,424,
10271,"황,횡",喤,울음소리 황/횡,12,"울음소리, 종소리, 떠들썩하다. 시끄럽다, 많다, 떠들썩한소리 횡",水,424,
10272,황,堭,당집 황,12,당집(제사나 의식을 지내는 집). 제례나 의례와 관련된 건물 또는 사당과 비슷한 장소,土,,"2024 보완전사(김기승 성명학 9,491자 기준본 대조 추가)"
10273,황,幌,휘장 황,13,휘장.,木,424,
10274,황,榥,깃대 황,13,깃대,木,424,
10275,황,惶,두려울 황,13,"두려워하다, 황공해하다, 당황하다.",火,424,옥편 12획
10276,황,熿,빛날 황,13,"빛나다, 성하다, 아름답다. 불안해 하다.",火,425,
10277,황,湟,성지 황,13,"성지, 우묵한 땅, 물에 빠지다.",水,425,옥편 12획
10278,황,楻,깃대 황,13,"깃대(깃발을 꽂는 막대). 기둥이나 지지대 역할을 하는 나무, 목제품",木,,"2024 보완전사(김기승 성명학 9,491자 기준본 대조 추가)"
10279,황,煌,반짝이며 빛날 황,13,반짝이며 빛나다(빛나고 환함). 화려하게 빛나거나 광채를 띠다(영광스러운 빛),火,,"2024 보완전사(김기승 성명학 9,491자 기준본 대조 추가)"
10280,황,榥,책상 황,14,책상.,木,425,
10281,황,愰,마음 밝을 황,14,"마음이 밝다, 들뜨다, 밝다. 요동하다.",火,425,옥편 13획
10282,황,慌,어리둥절 황,14,"어리둥절하다, 황홀하다. 다급하다. 어렴풋하다, 절박하다. 잃다.",火,425,옥편 13획
10283,"황,엽",熀,이글거릴 황/엽,14,"이글거리다, 환히 비치다. 밝은 모양, 이글거릴 엽.",火,425,
10284,황,瑻,옥소리 황,14,옥소리.,金,425,옥편 13획
10285,황,滉,깊을 황,14,"깊다, 물이 깊고 넓다. 흔들리다.",水,425,옥편 13획
10286,황,葟,무성할 황,14,무성할. 무성할 황,土,,"2024 보완전사(김기승 성명학 9,491자 기준본 대조 추가); 기준본 음(대표) 필드 오류로 뜻풀이 텍스트에서 재추출함"
10287,황,篁,대숲 황,15,"대숲, 대 이름.",木,425,옥편 15획
10288,황,蝗,메뚜기 황,15,메뚜기.,水,425,
10289,황,瑝,옥 구슬이나 옥 이름 황,15,옥 구슬이나 옥 이름(옥과 관련된 물건). 옥처럼 빛나고 아름다운 장식용 보석(장신구),土,,"2024 보완전사(김기승 성명학 9,491자 기준본 대조 추가)"
10290,황,皝,엄숙한 모양 황,15,사람이름. 엄숙한 모양 황,土,,"2024 보완전사(김기승 성명학 9,491자 기준본 대조 추가); 기준본 음(대표) 필드 오류로 뜻풀이 텍스트에서 재추출함"
10291,황,遑,급할 황,16,"급하다, 허둥거리다, 한가하다. 여유롭다, 두려워하다.",土,425,옥편 13획
10292,황,湟,웅덩이 황,16,"웅덩이, 깊다, 책을 꾸미다.",水,425,옥편 15획
10293,황,礦,쇳돌 광,17,"쇳돌, 조광 원석. 유황 황",木,47,
10294,황,隍,해자 황,17,"해자. 산골짜기, 비다, 공허하다.",土,425,옥편 12획
10295,황,璜,패옥 황,17,패옥.,金,425,옥편 16획
10296,황,簧,서 황,18,"서, 피리.",木,425,
10297,황,鎤,종소리 황,18,"종소리, 방울.",金,425,
10298,황,爌,밝을 광,19,"불빛 환하다, 훤히 밝다, 불빛. 밝을, 넓을 황",火,47,
10299,황,兤,불 밝을 황,20,밝을. 불 밝을 황,土,,"2024 보완전사(김기승 성명학 9,491자 기준본 대조 추가); 기준본 음(대표) 필드 오류로 뜻풀이 텍스트에서 재추출함"
10300,회,灰,재 회,6,"재, 석회, 잿빛, 재로 만들다. 실망하다, 낙심하다, 의기소침하다.",火,425,
10301,회,会,모일 회,6,"모이다, 만나다, 맞다, 능숙하다. 잘하다, 이해하다, 깨닫다.",水,425,
10302,회,回,돌아올 회,6,"돌아오다, 돌이키다, 간사하다. 피하다, 어기다, 굽히다.",水,425,
10303,회,佪,노닐 회,8,"노닐다, 배회하다, 머뭇거리다. 어정거리다, 어둡다, 혼란하다.",火,425,
10304,회,廻,돌 회,9,"돌다, 빙빙 돌다, 선회하다, 돌리다. 피하다, 회피하다, 통하다.",木,426,
10305,회,徊,머뭇거릴 회,9,"머뭇거리다, 노닐다, 배회하다. 어정거리다, 돌다.",火,426,
10306,회,恢,넓을 회,10,"넓다, 넓히다, 광대하다, 크다. 크게 하다, 갖추다, 돌이키다.",火,426,옥편 9획
10307,회,泂,돌아흐를 회,10,"돌아흐르다, 거슬러 올라가다. 어리석다, 밝지 못하다.",水,426,옥편 9획
10308,회,悔,뉘우칠 회,11,"뉘우치다, 스스로 꾸짖다. 분하게 여기다, 뉘우침, 후회, 과오.",火,426,옥편 10획
10309,회,晦,그믐 회,11,"그믐, 밤, 어둠, 희미하다, 어둡다. 어리석다, 감추다, 숨기다, 시들다.",火,426,
10310,회,⿱𠬝皿,주발 회,11,주발.,金,426,
10311,회,洄,돌아흐를 회,11,"돌아흐를 회. 물이 되돌아 흐르다(역류, 회류)",水,,"2024 보완전사(김기승 성명학 9,491자 기준본 대조 추가)"
10312,회,盔,주발 회,11,"주발(술잔, 그릇) 회. 투구(머리 보호구, 고어적 용법 존재)",土,,"2024 보완전사(김기승 성명학 9,491자 기준본 대조 추가)"
10313,회,茴,회향풀 회,12,회향풀.,木,426,옥편 10획
10314,회,絵,그림 회,12,"그림, 그리다, 채색하다.",木,426,
10315,회,蛕,회충 회,12,회충.,水,426,
10316,회,淮,물이름 회,12,물 이름.,水,426,옥편 11획
10317,회,蛔,회충 회,12,회충 회. 창자 등에 사는 기생충(의학적 용어),水,,"2024 보완전사(김기승 성명학 9,491자 기준본 대조 추가)"
10318,회,會,모일 회,13,"모이다, 만나다, 맞다, 능숙하다. 잘하다, 이해하다, 깨닫다.",火,426,
10319,회,迴,돌아올 회,13,"돌아오다, 돌다, 돌이키다, 간사하다. 피하다, 어기다, 굽히다.",土,426,옥편 10획
10320,회,匯,물돌아나갈 회,13,"물 돌아 나가다, 모으다, 모이다. 물가, 어음.","土,水",426,
10321,회,賄,재물 회,13,"재물, 뇌물, 예물, 선물. 선사하다.",金,426,
10322,회,詼,조롱할 회,13,"조롱하다, 비웃다, 농락하다.",金,426,
10323,회,誨,가르칠 회,14,"가르치다, 인도하다, 보이다. 유인하다, 회개하다.",金,426,
10324,회,頮,세수할 회,16,"세수하다, 얼굴을 씻다.",火,426,
10325,회,檜,전나무 회,17,전나무.,木,426,
10326,"회,쾌",獪,교활할 회/쾌,17,"교활하다, 간교하다, 어지럽다. 교활할 쾌.",土,426,옥편 16획
10327,회,澮,붓도랑 회,17,"붓도랑, 시내, 물이름.",水,427,옥편 16획
10328,"회,귀",繢,수놓을 궤,18,"수놓다, 채색하다, 수놓는 비단, 무늬. 토끌 회, 무늬 귀",木,59,
10329,회,壞,무너질 괴,19,"무너지다, 무너뜨리다, 허물어지다. 파괴하다, 망가지다, 앓을 회",土,48,
10330,회,繪,그림 회,19,"그림, 그리다, 채색하다.",木,427,
10331,회,⿰月曾,회 회,19,"회, 회치다, 얇게 썰다.",水,427,옥편 17획
10332,회,鄶,나라 이름 회,19,나라이름. 나라 이름 회,土,,"2024 보완전사(김기승 성명학 9,491자 기준본 대조 추가); 기준본 음(대표) 필드 오류로 뜻풀이 텍스트에서 재추출함"
10333,회,懷,품을 회,20,"품다, 임신하다, 생각하다, 싸다. 둘러싸다, 따르다, 위로하다, 달래다.",火,427,옥편 19획
10334,회,瀤,내 이름 회,20,물이름. 내 이름 회,土,,"2024 보완전사(김기승 성명학 9,491자 기준본 대조 추가); 기준본 음(대표) 필드 오류로 뜻풀이 텍스트에서 재추출함"
10335,회,膾,고기 요리) 회,21,"회(날것으로 썬 생선, 고기 요리) 회. 얇게 썬 생선, 고기를 양념해 먹는 음식(회무침 등)",水,,"2024 보완전사(김기승 성명학 9,491자 기준본 대조 추가)"
10336,회,鱠,회 회,24,"회, 뱅어.",水,427,
10337,"획,화",画,그을 획/화,8,"그리다, 긋다, 분할하다, 구분하다. 계획하다, 설계하다, 그림 화.","木,土",427,
10338,획,劃,그을 획,14,"긋다, 계획하다, 꾀하다, 쪼개다. 나누다, 구별하다.",金,427,
10339,획,嚄,깜짝놀라는소리 획,17,"깜짝 놀라는 소리, 외치다, 말 많다. 새 지저귀는 소리.",水,427,
10340,획,獲,얻을 획,18,"얻다, 얻어지다, 맞히다, 잡다. 붙잡다, 당하다, 그르치다, 잘못하다.",土,427,옥편 17획
10341,"횡,홍,굉",宖,"집울릴 횡/홍,굉",8,"집이 울리다. 클 홍, 클 굉.",木,427,
10342,횡,竑,넓을 횡,9,넓을. 넓을 횡,土,,"2024 보완전사(김기승 성명학 9,491자 기준본 대조 추가); 기준본 음(대표) 필드 오류로 뜻풀이 텍스트에서 재추출함"
10343,횡,鉱,쇳소리 횡,12,쇳소리.,金,427,
10344,횡,鈜,쇳소리 횡,12,"쇳소리(쇠붙이에서 나는 소리). 쇠붙이로 만든 작은 기구나 방울, 종과 관련된 소리(금속음)",土,,"2024 보완전사(김기승 성명학 9,491자 기준본 대조 추가)"
10345,횡,澋,물뻥돌아나갈 횡,16,물 뻥 돌아나가다. 빙빙 돌아가는 모양.,水,427,옥편 15획
10346,"횡,광",橫,"가로 횡,광",16,"가로, 곁, 섞이다, 뒤엉키다. 가로지르다. 빛 광.",木,427,
10347,횡,鏓,종 횡,20,"종, 큰 종, 종소리, 큰 낫.",金,427,
10348,횡,鐄,종 횡,20,"종, 방울 등 쇠로 만든 울림 기구(종). 종을 울리는 소리(종소리)",土,,"2024 보완전사(김기승 성명학 9,491자 기준본 대조 추가)"
10349,횡,鑅,종소리 횡,22,종소리. 종소리 횡,土,,"2024 보완전사(김기승 성명학 9,491자 기준본 대조 추가); 기준본 음(대표) 필드 오류로 뜻풀이 텍스트에서 재추출함"
10350,횡,黌,학교 횡,25,학교.,土,427,
10351,효,交,사귈 효,4,"사귀다, 본받다, 엇갈리다. 가로긋다, 변하다, 흐리다, 지우다.",火,427,
10352,효,爻,가로그을 효,4,가로그을 효. 사귈 효,火,,"2024 보완전사(김기승 성명학 9,491자 기준본 대조 추가)"
10353,효,灱,말릴 효,6,더울. 말릴 효,金,,"2024 보완전사(김기승 성명학 9,491자 기준본 대조 추가); 기준본 음(대표) 필드 오류로 뜻풀이 텍스트에서 재추출함"
10354,효,孝,효도 효,7,"효도, 본받다, 거상하다.",水,427,
10355,효,効,본받을 효,8,"본받다, 힘쓰다, 나타내다, 드리다. 주다.",土,427,
10356,효,㤊,쾌할 효,8,효. 쾌할 효,土,,"2024 보완전사(김기승 성명학 9,491자 기준본 대조 추가)"
10357,효,侾,점잖을 효,9,효. 점잖을 효,土,,"2024 보완전사(김기승 성명학 9,491자 기준본 대조 추가)"
10358,효,庨,높을 효,10,"높다, 깊다.",木,427,
10359,효,⿰口虎,범울부짖을 효,10,"범 울부짖다, 범 성내다.",木,427,
10360,"효,휴",⿰忄休,거들먹거릴 효/휴,10,"아름답다, 경사롭다, 행복. 아름다울 휴",火,428,
10361,효,效,본받을 효,10,"본받다, 배우다, 나타내다, 드러내다. 밝히다, 명백히 하다, 주다, 수여하다",金,428,
10362,효,洨,강이름 효,10,강이름.,水,428,옥편 9획
10363,효,哮,성낼 효,10,"성내다, 으르렁거리다, 울부짖다. 큰소리를 내다, 외치다.",水,428,
10364,효,肴,안주 효,10,"안주, 익힌 고기, 섞이다.",水,428,옥편 8획
10365,효,虓,범이 울부짖는 소리 효,10,범이 울부짖는 소리(호랑이의 포효). 맹렬하거나 용감한 기상(용맹함을 비유적으로 이르는 말),木,,"2024 보완전사(김기승 성명학 9,491자 기준본 대조 추가)"
10366,"효,휴",烋,거들먹거릴 효,10,거들먹거릴 효. 아름다울 휴,火,,"2024 보완전사(김기승 성명학 9,491자 기준본 대조 추가)"
10367,"효,교",梟,올빼미 효/교,11,"올빼미, 꼭대기, 영웅, 효용하다. 사납고 날래다, 목매달 교.",木,428,
10368,"효,호",婋,재치있을 효/호,11,"재치 있다, 영리하다. 재치 있을 호.",土,428,
10369,"효,호",嵱,산이름 효/호,11,산이름.,土,428,
10370,효,涍,성씨 효,11,"성의 하나, 물가.",水,428,옥편 10획
10371,"효,호",崤,산 이름 효,11,산 이름 효. 산 이름 호,土,,"2024 보완전사(김기승 성명학 9,491자 기준본 대조 추가)"
10372,효,絞,목맬 교,12,"목매다, 목매서 죽이다, 비방하다. 묶다, 염습하다, 초록빛 효",木,49,
10373,효,傚,본받을 효,12,"본받다, 배우다, 닮게 하다.",火,428,
10374,효,殽,섞일 효,12,"섞이다, 섞다, 어지럽다, 본받다. 배우다.",金,428,
10375,효,淆,뒤섞일 효,12,"뒤섞이다, 흐리다, 흐리게 하다. 어지럽다, 어지러워지다.",水,428,옥편 11획
10376,효,窙,높은기운 효,12,높은 기운. 기운이 올라 찌다.,水,428,
10377,효,㮁,치자나무 효,12,효. 치자나무 효,土,,"2024 보완전사(김기승 성명학 9,491자 기준본 대조 추가)"
10378,효,詨,부르짖을 효,13,부르짖을. 부르짖을 효,土,,"2024 보완전사(김기승 성명학 9,491자 기준본 대조 추가); 기준본 음(대표) 필드 오류로 뜻풀이 텍스트에서 재추출함"
10379,효,嘐,소리칠 교,14,"소리치다, 크다, 과장해서 말하다. 닭이 울다, 큰 소리 효",火,50,
10380,효,歆,오를 효,14,"오르다, 쉬다, 떠들썩하고 시끄럽다. 숨결, 열기, 무더위.","火,金",428,
10381,"효,혹,학,고",熇,"엄할 효/혹,학,고",14,"엄하다, 엄혹하다. 뜨거울 혹, 불꽃 일, 불에 찔 고.",火,428,
10382,"효,교",酵,삭힐 효/교,14,"삭히다, 괴다, 발효하다. 삭힐 교.",金,428,
10383,"효,혹",歊,오를 효,14,오를 효. 오를 혹,火,,"2024 보완전사(김기승 성명학 9,491자 기준본 대조 추가)"
10384,효,郩,땅 이름 효,14,땅이름. 땅 이름 효,土,,"2024 보완전사(김기승 성명학 9,491자 기준본 대조 추가); 기준본 음(대표) 필드 오류로 뜻풀이 텍스트에서 재추출함"
10385,"효,박",晶,나타날 효/박,15,"나타나다, 희다, 밝다, 치다, 때리다.",金,428,
10386,"효,박",皛,나타날 효,15,나타날 효. 칠 박,土,,"2024 보완전사(김기승 성명학 9,491자 기준본 대조 추가)"
10387,효,嘵,두려워할 효,15,두려워할. 두려워할 효,土,,"2024 보완전사(김기승 성명학 9,491자 기준본 대조 추가); 기준본 음(대표) 필드 오류로 뜻풀이 텍스트에서 재추출함"
10388,효,曉,새벽 효,16,"새벽, 깨닫다, 환히 알다, 이해하다. 밝다, 환하다, 타이르다, 일러주다.",火,428,
10389,효,嗃,울릴 효,17,"놀리다, 나다, 울다, 외치다. 부르짖다.",水,428,
10390,효,餚,섞일 효,17,"섞이다, 섞다, 어지럽다, 본받다. 어지럽히다.",水,428,
10391,효,嚆,크게 울릴 효,17,"크게 울리다, 소리를 내어 알리다(울림). 어떤 일의 시초나 시작을 알림(嚆矢의 뜻으로 첫째를 이룸)",水,,"2024 보완전사(김기승 성명학 9,491자 기준본 대조 추가)"
10392,"효,호",謼,부를 효/호,18,"부르다, 숨을 내쉬다, 호통치다. 아! 탄식하는 소리. 부를 호.",金,429,
10393,효,㵿,물 흐름 멀리 뻗은 모양 효,19,효. 물 흐름 멀리 뻗은 모양 효,土,,"2024 보완전사(김기승 성명학 9,491자 기준본 대조 추가)"
10394,효,敩,가르칠 효,20,"가르치다, 교도하다, 교육하다. 배우다, 본받다.",金,429,
10395,"효,학",斅,가르칠 효,20,가르칠 효. 가르칠 학,土,,"2024 보완전사(김기승 성명학 9,491자 기준본 대조 추가)"
10396,"효,오",囂,들렐 효/오,21,"들레다, 시끄럽다, 공허하다. 한가하다, 많을 오.",水,429,
10397,효,驍,날랠 효,22,"날래다, 굳세다, 용맹하다. 좋은 말.",火,429,
10398,후,夸,자랑할 과,6,"자랑하다, 뽐내다, 자만하다. 아름다울 후, 노래할 구",木,42,
10399,후,朽,썩을 후,6,"썩다, 늙다, 쇠하다, 소멸하다.",木,429,
10400,후,后,뒤 후,6,"뒤, 아랫사람, 뒤떨어지다, 뒤지다. 뒤서다, 늦다, 뒤로 하다.",水,429,
10401,후,吼,울부짖을 후,7,"울부짖다, 울다, 아우성치다.",水,429,
10402,"후,우,흠",吽,"짖을 후/우,흠",7,"짖다, 울다, 소리지르다, 싸우다. 물어뜯을 우, 진언 흠.",水,429,
10403,후,姁,아름다울 후,8,"아름답다, 예쁘다.",土,429,
10404,"후,우",芋,클 후/우,9,"크다, 덮다, 가리다. 토란 우.",木,429,옥편 7획
10405,"후,혜",侯,제후 후/혜,9,"제후, 임금, 아름답다. 어조사 혜.",火,429,
10406,후,後,뒤 후,9,"뒤, 아랫사람, 뒤떨어지다, 뒤지다. 뒤서다, 늦다, 뒤로 하다.",火,429,
10407,후,垕,두터울 후,9,"두텁다, 후하다, 두껍다, 질다. 진하다, 맛있다, 지극하다, 친하다.",土,429,
10408,후,厚,두터울 후,9,"두텁다, 후하다, 두껍다, 질다. 진하다, 맛있다, 지극하다, 친하다.","木,土",429,
10409,후,矦,임금 후,9,벼슬이름. 임금 후,土,,"2024 보완전사(김기승 성명학 9,491자 기준본 대조 추가); 기준본 음(대표) 필드 오류로 뜻풀이 텍스트에서 재추출함"
10410,후,候,기후 후,10,"기후, 계절, 상황, 상태, 조짐. 증상, 염탐꾼, 살피다, 망보다.",火,429,
10411,"후,호",欨,즐거워할 후/호,10,즐거워하다. 즐거워할 호.,金,429,
10412,"후,호",㰭,즐거워할 후,10,후. 즐거워할 후. 즐거워할 호,土,,"2024 보완전사(김기승 성명학 9,491자 기준본 대조 추가)"
10413,후,朐,육포 구,11,"육포, 구부러지다, 멀다, 아득하다. 고을이름, 후연 후",水,53,
10414,"후,허",珝,옥이름 후/허,11,옥이름.,金,429,옥편 10획
10415,후,酗,탐닉할 후,11,"주정하다, 술에 빠지다, 탐닉하다.",金,429,
10416,후,帿,제후 후,12,"제후, 임금. 아름답다.",木,429,
10417,후,堁,돈대 후,12,"돈대, 망대.",土,429,
10418,후,喉,목구멍 후,12,목구멍.,水,430,
10419,후,⿰火句,불 후,12,"갈다, 볶다, 내쉬다, 선웃음치다. 나타내다, 데우다.","水,火",430,
10420,"후,일",喣,불을 피우거나 불을 다루는 일 후,12,"불을 피우거나 불을 다루는 일(불을 붙이거나 부채질함). 김, 연기로 열을 가함(찜질, 훈증과 유사한 뜻으로 쓰임)",水,,"2024 보완전사(김기승 성명학 9,491자 기준본 대조 추가)"
10421,후,堠,돈대 후,12,"돈대(군사 방어를 위해 쌓은 제방이나 보루). 작은 요새, 경계 진지(출입을 통제하는 방어 시설)",土,,"2024 보완전사(김기승 성명학 9,491자 기준본 대조 추가)"
10422,후,煆,따뜻하게할 후,13,"따뜻하게 하다, 덥다, 찌다, 돌다. 은혜를 베풀다, 말리다, 가열하다.",火,430,
10423,후,逅,만날 후,13,"만나다, 우연히 만나다, 터놓다. 허물없이 사귀다.",土,430,옥편 10획
10424,후,猴,원숭이 후,13,원숭이.,土,430,옥편 12획
10425,"후,허",詡,자랑할 후/허,13,"자랑하다, 두루미치다, 크다, 날래다. 아리땁다, 자랑하다, 자랑할 허.",金,430,
10426,후,嗅,맡을 후,13,맡다.,水,430,
10427,후,煦,따뜻하게 할 후,13,"따뜻하게 하다, 온화하게 하다(햇볕으로 데우다). 날씨나 분위기가 포근하고 온화하다(온정, 온화함을 이름)",火,,"2024 보완전사(김기승 성명학 9,491자 기준본 대조 추가)"
10428,후,篌,공후 후,15,공후..,木,430,
10429,후,鄇,땅 이름 후,15,땅이름. 땅 이름 후,土,,"2024 보완전사(김기승 성명학 9,491자 기준본 대조 추가); 기준본 음(대표) 필드 오류로 뜻풀이 텍스트에서 재추출함"
10430,후,餱,건량 후,18,"건량, 말린 밥.",水,430,
10431,후,⿰言虎,거짓말할 후,19,"거짓말하다, 거짓말.",金,430,
10432,"후,허",譃,거짓말할 후,19,거짓말할 후. 거짓말 후. 거짓말 허,土,,"2024 보완전사(김기승 성명학 9,491자 기준본 대조 추가)"
10433,"훈,순",訓,가르칠 훈/순,10,"가르치다, 타이르다, 이끌다, 새기다. 인도하다, 길 순.",金,430,
10434,훈,煮,김쐴 훈,11,"김을 쐬다, 김 오르다, 그올리다. 위협하다, 핍박하다.",火,430,
10435,훈,焄,김을 쐴 훈,11,"김을 쐬다, 찜이나 증기로 데우다(김을 이용한 처리). 훈증하거나 훈연하다(연기, 김으로 처리함)",火,,"2024 보완전사(김기승 성명학 9,491자 기준본 대조 추가)"
10436,훈,勛,공 훈,12,"공, 보다, 공적.",土,430,
10437,"훈,운",暈,무리 훈/운,13,"무리, 햇무리, 달무리, 안개. 어지러울 운.",火,430,
10438,"훈,휘,운",煇,"빛날 훈/휘,운",13,"빛나다, 빛, 햇무리. 빛날 휘, 햇무리 운.",火,430,
10439,훈,塤,질나발 훈,13,"질나발, 축나다, 줄어서 작다.",土,430,
10440,훈,𤋱,불길 훈,13,훈. 불길 훈,土,,"2024 보완전사(김기승 성명학 9,491자 기준본 대조 추가)"
10441,훈,熏,불길 훈,14,"불길, 연기, 연기끼다, 타다, 태우다. 움직이다, 취하다, 불에 말리다.",火,430,
10442,훈,葷,훈채 훈,15,"훈채, 냄새나다, 맵다.",木,430,옥편 13획
10443,훈,勲,공 훈,15,"공, 보다, 공적.",土,430,
10444,훈,勳,공 훈,16,"공, 보다, 공적.",土,430,
10445,훈,壎,질나발 훈,17,"질나발, 악기 이름.",土,431,
10446,훈,獯,오랑캐이름 훈,18,오랑캐 이름.,土,431,옥편 17획
10447,훈,燻,연기낄 훈,18,"연기끼다, 질식하다.",火,431,
10448,훈,曛,어스레할 훈,18,"어스레하다, 어둡다, 황혼, 해질녘.",火,431,
10449,훈,薫,향풀 훈,19,"향풀, 교훈, 태우다, 솔솔불다. 향기롭다.",木,431,옥편 17획
10450,훈,薰,향풀 훈,20,"향풀, 교훈, 태우다, 솔솔불다. 향기롭다.",木,431,옥편 18획
10451,훈,纁,분홍빛 훈,20,"분홍빛, 노을.",木,431,
10452,훈,蘍,향초 훈,21,향풀. 향초 훈,土,,"2024 보완전사(김기승 성명학 9,491자 기준본 대조 추가); 기준본 음(대표) 필드 오류로 뜻풀이 텍스트에서 재추출함"
10453,훈,鑂,금빛투색할 훈,22,"금빛, 변하다.",金,431,
10454,훌,欻,문득 훌,12,"문득, 갑자기, 일다, 일어나다. 홀연하다, 움직이다, 희미하다.",金,431,
10455,"훙,횡",薨,홍서 훙/횡,19,"홍서하다, 죽이다, 무너지는 소리. 많을 횡.",木,431,옥편 17획
10456,훤,昍,밝을 훤,8,밝다.,火,431,
10457,훤,炟,마를 훤,10,"마르다, 말리다, 빛나다.",火,431,
10458,"훤,훼",烜,마를 훤,10,마를 훤. 불 훼,火,,"2024 보완전사(김기승 성명학 9,491자 기준본 대조 추가)"
10459,훤,喧,지껄일 훤,12,"지껄이다, 떠들썩하다, 시끄럽다. 빛나다, 찬란하다, 슬피 울다.",水,431,
10460,훤,暄,온난할 훤,13,"온난하다, 따뜻하다, 말리다. 건조시키다.",火,431,
10461,"훤,훼",煊,마를 훤/훼,13,"마르다, 말리다, 건조시키다. 빛나다, 밝게 비추다, 따뜻하다, 볼 훼",火,431,
10462,훤,愃,한탄할 훤,13,"한탄하다, 잊다, 후회하다.",火,431,옥편 12획
10463,훤,箮,대꽃 훤,15,대꽃.,木,431,
10464,훤,諠,잊을 훤,16,"잊다, 속이다, 지껄이다, 들레다. 떠들다, 드러나다, 기쁘다.",金,431,
10465,훤,諼,속일 훤,16,"속이다, 잊다, 시끄럽다.",金,431,
10466,훤,萱,원추리 훤,17,"원추리(꽃 이름, 萱草). 옛 시문에서 어머니나 회상을 상징하는 식물로 쓰임(상징적 용법)",木,,"2024 보완전사(김기승 성명학 9,491자 기준본 대조 추가)"
10467,훼,卉,풀 훼,5,"풀, 초목, 많다, 빠르다. 빠를 촬.",木,431,
10468,"훼,휘",芔,풀 훼/휘,9,"풀, 초목, 많다, 움직이다, 성하다. 성할 휘.",木,432,
10469,"훼,회",虺,살무사 훼/회,9,"살무사, 큰 뱀, 천둥소리. 고달플 회.",水,432,
10470,"훼,달",喙,부리 훼/달,12,"부리, 주둥이, 괴로워하다, 피곤하다. 숨이 차다, 성급하다, 부리 달.",水,432,
10471,훼,毁,헐 훼,13,"헐다, 부수다, 제거하다, 철거하다. 이지러지다, 무너지다, 훼손하다.",金,432,
10472,훼,毀,헐 훼,13,"헐다, 부수다, 제거하다, 철거하다. 이지러지다, 무너지다, 훼손하다.",金,432,
10473,훼,燬,불 훼,17,"불, 불꽃, 화염, 타다.",火,432,
10474,"휘,혼",揮,휘두를 휘/혼,13,"휘두르다, 지휘하다, 뿌리다, 날다. 흩어지다, 표기 휘, 휘두를 혼.",木,432,옥편 12획
10475,휘,彙,무리 휘,13,"무리, 고슴도치, 모으다, 성하다.",火,432,
10476,휘,暉,빛 휘,13,"빛, 광채, 빛나다, 밝다.",火,432,
10477,"휘,운",煒,빛날 휘/운,13,"빛나다, 지지다. 햇무리 운.",火,432,
10478,"휘,위",煒,빛 휘/위,13,"빛나다, 성하다. 빨갈 위.",火,432,
10479,"휘,혼",楎,옷걸이 휘,13,옷걸이. 옷걸이 휘. 쟁기 혼,土,,"2024 보완전사(김기승 성명학 9,491자 기준본 대조 추가); 기준본 음(대표) 필드 오류로 뜻풀이 텍스트에서 재추출함"
10480,휘,麾,기 휘,15,"기, 대장기, 가리키다, 부르다.",木,432,
10481,휘,輝,빛날 휘,15,"빛나다, 비추다, 빛아침 햇빛 불빛",火,432,
10482,휘,翬,훨훨날 휘,15,"훨훨날다, 보좌하다, 돕다. 공손하다.",火,432,
10483,"휘,위",⿰扌韋,찢을 휘/위,16,"찢다, 끌어당겨 찢다, 가리키다. 휘두르다, 겸손하다, 도울 위",木,432,옥편 15획
10484,휘,諱,숨길 휘,16,"숨기다, 싫어하다, 은휘하다. 꺼리다, 두려워하다, 꺼릴 휘.",金,432,
10485,휘,徽,아름다울 휘,17,"아름답다, 훌륭하다, 묶다. 표기 휘.",火,432,
10486,"휘,위",撝,찢을 휘,17,찢을 휘. 도울 위,木,,"2024 보완전사(김기승 성명학 9,491자 기준본 대조 추가)"
10487,"휴,후",休,쉴 휴/후,6,"쉬다, 휴식하다, 사직하다, 멈추다. 아름답다, 훌륭하다, 따뜻하게할 후.",火,432,
10488,휴,麻,그늘 휴,9,"그늘, 나무 그늘, 쉬다, 취하다. 가리다, 덮다, 감싸다.",木,432,
10489,"휴,후,효",咻,"신음소리 휴/후,효",9,"신음소리, 지껄이다, 헐떡이다. 위로하다, 따스히할 후, 외칠 효.",水,432,
10490,휴,庥,그늘 휴,9,"그늘(그늘진 곳). 쉬거나 피할 수 있는 장소(피난처, 휴식처로서의 그늘)",木,,"2024 보완전사(김기승 성명학 9,491자 기준본 대조 추가)"
10491,"휴,효",⿰忄休,아름다울 휴/효,10,"아름답다, 경사롭다, 행복. 거들먹거릴 효.",火,433,
10492,휴,畖,밭두둑 휴,11,밭두둑.,土,433,
10493,"휴,길",畦,밭두둑 휴,11,"밭두둑(논밭 사이의 두둑). 논두렁, 밭고랑을 나누는 길, 경계(농지의 구획을 이루는 부분)",土,,"2024 보완전사(김기승 성명학 9,491자 기준본 대조 추가)"
10494,휴,携,이끌 휴,14,"이끌다, 끌다, 가지다, 들다. 휴대하다, 잇다, 연하다, 떨어지다.",木,433,옥편 13획
10495,휴,髤,검붉은빛 휴,14,"검붉은빛(어두운 적갈색). (머리털, 동물 털 등이) 검붉은 빛을 띠다(색채를 이르는 말)",火,,"2024 보완전사(김기승 성명학 9,491자 기준본 대조 추가)"
10496,"휴,수",嶲,제비 휴,15,고을이름. 제비 휴. 고을 이름 수,金,,"2024 보완전사(김기승 성명학 9,491자 기준본 대조 추가); 기준본 음(대표) 필드 오류로 뜻풀이 텍스트에서 재추출함"
10497,휴,髹,검붉은빛 휴,16,"검붉은 빛, 두건, 옻칠하다.",火,433,
10498,휴,鵂,수리부엉이 휴,17,수리부엉이.,火,433,
10499,휴,虧,이지러질 휴,17,"이지러지다, 부족하다, 모자라다. 줄다, 기울다, 탄식하다, 저버리다.",木,433,
10500,"휴,타",隳,무너뜨릴 휴/타,23,"무너뜨리다, 훼손하다, 버려지다. 보내다, 떨어뜨리다, 떨어질 타.",土,433,옥편 18획
10501,"휼,솔",卹,진휼할 휼/솔,8,"진휼하다, 구제하다, 돌보다. 가엾게 여기다, 깔끔하다, 먼지떨 솔.",火,433,
10502,휼,恤,불쌍할 휼,10,"불쌍하다, 구휼하다, 근심하다. 사랑하다, 돌보다, 동정하다, 삼가다.",火,433,옥편 9획
10503,휼,遹,비뚤 휼,18,좇을. 비뚤 휼,土,,"2024 보완전사(김기승 성명학 9,491자 기준본 대조 추가); 기준본 음(대표) 필드 오류로 뜻풀이 텍스트에서 재추출함"
10504,휼,譎,속일 휼,19,"속이다, 기만하다, 어긋나다, 변하다. 굽다, 넌지시 비추다, 진기하다.",金,433,
10505,"휼,결",鐍,걸쇠 휼,20,고리. 걸쇠 휼. 고리 결,土,,"2024 보완전사(김기승 성명학 9,491자 기준본 대조 추가); 기준본 음(대표) 필드 오류로 뜻풀이 텍스트에서 재추출함"
10506,"휼,율",霱,상서로운 구름 휼,20,상서구름. 상서로운 구름 휼. 상서로운 구름 율,土,,"2024 보완전사(김기승 성명학 9,491자 기준본 대조 추가); 기준본 음(대표) 필드 오류로 뜻풀이 텍스트에서 재추출함"
10507,휼,鷸,도요새 휼,23,도요새.,火,433,
10508,흉,凶,흉할 흉,4,"흉하다, 해치다, 두려워하다. 근심하다, 부정하다.",水,433,
10509,흉,兇,흉악할 흉,6,"흉악하다, 모질고 사납다, 두렵다. 두려워하다.",木,433,
10510,흉,匈,오랑케 흉,6,"오랑캐, 흉흉하다, 떠들썩하다. 가슴, 가슴 흉.",金,433,
10511,흉,恟,두려워할 흉,10,"흉악하다, 모질고 사납다, 두렵다. 두려워하다, 떠들썩하다.",火,433,옥편 9획
10512,흉,洶,용솟음칠 흉,10,"용솟음치다, 물살이 세차다. 혼란스럽다, 시끄럽다.",水,433,옥편 9획
10513,흉,胷,가슴 흉,12,"가슴, 마음, 뜻, 의지, 도량.",水,433,옥편 10획
10514,흉,胸,가슴 흉,12,"가슴, 마음, 뜻, 의지, 도량.",水,433,옥편 10획
10515,흑,黑,검을 흑,12,"검다, 어둡다, 나쁘다, 악독하다. 고약하다, 사악하다, 횡령하다.",水,433,
10516,흔,妡,아름다울 흔,7,아름다울. 아름다울 흔,土,,"2024 보완전사(김기승 성명학 9,491자 기준본 대조 추가); 기준본 음(대표) 필드 오류로 뜻풀이 텍스트에서 재추출함"
10517,흔,欣,기쁠 흔,8,"기쁘다, 기뻐하다, 즐거워하다. 받들다, 흠모하다.","火,金",433,
10518,흔,忻,기쁠 흔,8,"기쁘다, 기뻐하다, 즐거워하다. 받들다, 흠모하다.",火,434,옥편 7획
10519,흔,炘,화끈거릴 흔,8,"화끈거리다, 불사르다, 기뻐하다. 즐거워하다, 열다, 계발하다.",火,434,
10520,흔,昕,새벽 흔,8,"새벽, 밝은 모양, 분명한 모양. 밝다, 선명하다.",火,434,
10521,흔,忨,완전할 흔,9,"완전하다, 끝나다.",火,434,
10522,흔,很,패려궂을 흔,9,"패려궂다, 듣지 아니하다, 다투다. 말다툼하다, 어기다. 거스르다.",火,434,
10523,흔,俽,기쁠 흔,10,흔. 기쁠 흔,土,,"2024 보완전사(김기승 성명학 9,491자 기준본 대조 추가)"
10524,흔,拫,당길 흔,10,끌어당길. 당길 흔,土,,"2024 보완전사(김기승 성명학 9,491자 기준본 대조 추가); 기준본 음(대표) 필드 오류로 뜻풀이 텍스트에서 재추출함"
10525,흔,痕,흔적 흔,11,"흔적, 그림자, 발뒤꿈치. 자취, 흉처.",水,434,
10526,"흔,헌",掀,번쩍들 흔/헌,12,"번쩍들다, 치켜들다, 당기다. 번쩍들 헌.",木,434,옥편 11획
10527,흔,焮,태울 흔,12,"태우다, 비추다, 빛나다.",火,434,
10528,흔,惞,기뻐할 흔,13,기뻐하다(즐거워하다). 기쁨으로 마음이 들뜨다(즐거운 감정이 일어남),火,,"2024 보완전사(김기승 성명학 9,491자 기준본 대조 추가)"
10529,"흔,희,흘",䛥,자랑할 흔,14,흔. 희. 말소리 희. 말할 흘. 자랑할 흔,土,,"2024 보완전사(김기승 성명학 9,491자 기준본 대조 추가)"
10530,흔,舋,피칠할 흔,26,"피 칠하다, 움직이다, 틈새, 불화. 분쟁의 발단, 틈 흔.",金,434,
10531,흔,釁,피 칠할 흔,26,피 칠할 흔. 틈 흔,土,,"2024 보완전사(김기승 성명학 9,491자 기준본 대조 추가)"
10532,"흘,올",佁,날랠 흘/올,5,"날래다, 높다, 머리를 들다. 흔들릴 올.",火,434,
10533,"흘,올",仡,날랠 흘,5,날랠 흘. 흔들릴 올,火,,"2024 보완전사(김기승 성명학 9,491자 기준본 대조 추가)"
10534,흘,屹,우뚝솟을 흘,6,우뚝솟다.,土,434,
10535,흘,吃,말더듬을 흘,6,"말 더듬다, 머뭇거리다, 어눌하다. 받다, 감수하다, 먹다, 마시다.",水,434,
10536,"흘,기,헐",汔,"거의 흘/기,헐",7,"거의, 마르다. 물 끓는 김 기, 소금 못 헐.",水,434,옥편 6획
10537,흘,疙,쥐부스럼 흘,8,"쥐부스럼, 머리종기. 어리석다.",水,434,
10538,흘,紇,묶을 흘,9,"묶다, 질이 낮은 명주실.",木,434,
10539,"흘,글",訖,이를 흘/글,10,"거문고, 이르다, 도달하다, 마치다. 그만두다, 다하다, 이글 글.",金,434,
10540,흘,迄,이를 흘,10,"이르다, 도달하다, 마치다. 그만두다, 다하다.",土,434,옥편 7획
10541,흘,齕,깨물 흘,18,"깨물다, 씹다.",金,434,
10542,"흠,결",欠,하품 흠/결,4,"우거지다, 하품, 무성한 풀, 흠, 결함. 부족하다, 모자라다, 이지러질 결.","火,金",434,
10543,"흠,음",欽,공경할 흠/음,12,"공경하다, 존경하다, 흠모하다. 상가다, 구부리다, 신음할 음.",金,434,
10544,흠,歆,흠향할 흠,13,"흠향하다, 제물을 바치다. 부러워하다. 탐하다, 심복하다, 감동하다.",火,435,
10545,"흠,감",歔,벌여놓을 흠/감,15,"벌여놓다, 진열하다, 일으키다. 일을 시작하다, 노하다, 꺼진모양 감.",木,435,
10546,"흠,감",廞,벌여놓을 흠,15,벌여놓을 흠. 꺼진 모양 감,木,,"2024 보완전사(김기승 성명학 9,491자 기준본 대조 추가)"
10547,흠,鑫,기쁠 흠,24,기쁘다.,金,435,
10548,흡,吸,마실 흡,7,"마시다, 빨다, 숨 들이쉬다, 불다. 끌다, 잡아당기다, 모이다, 모으다.",水,435,
10549,흡,恰,흡사할 흡,10,"흡사하다, 사이가 좋다, 융화하다. 쓰다.",火,435,옥편 9획
10550,"흡,강",洽,흡족할 흡/강,10,"흡족하다, 넉넉하게 하다, 젖다. 적시다, 넓다, 부합하다, 강이름 합.",水,435,옥편 9획
10551,흡,翕,합할 흡,12,"합하다, 일다, 성하다, 거두다. 모으다, 닫다, 많다, 당기다, 따르다.",火,435,
10552,흡,翎,합할 흡,12,"합하다, 일다, 한꺼번에 일어나다. 성하다, 거두다, 모으다, 많다, 닫다.",火,435,
10553,흡,翖,모을 흡,12,"모으다, 합치다(결집의 의미). (자형상) 접히거나 펼쳐지는 동작과 관련된 뜻(날개, 옷자락 등이 모이거나 펼쳐짐)",火,,"2024 보완전사(김기승 성명학 9,491자 기준본 대조 추가)"
10554,흡,噏,숨들이쉴 흡,15,"숨 들이쉬다, 거두다.",水,435,
10555,흡,歙,들이쉴 흡,16,"들위쉬다, 거두다, 줄어들다, 맞다.","火,金",435,
10556,"흡,압",潝,물빨리흐르는소리 흡/압,16,물 빨리 흐르는 소리. 웅덩이에 빠질 압.,水,435,옥편 15획
10557,"흥,흔",興,일 흥/흔,16,"일다, 일으키다, 시작하다, 창성하다. 기뻐하다, 성공하다, 피바를 흔.",土,435,
10558,"희,치",希,바랄 희/치,7,"바라다, 희망하다, 드물다. 사모하다, 성기다, 칙배 치.",木,435,
10559,"희,이,거",姬,"여자 희/이,거",9,"아가씨, 첩, 측실. 왕후 이, 앚을 거.",土,435,
10560,희,俙,비슷할 희,9,"비슷하다, 송사하다, 희미하다. 어슴푸레하다.",火,435,
10561,"희,질",咥,웃을 희/질,9,"웃다, 크게 허허 웃다, 웃음소리. 깨물다, 깨물 질.",水,435,
10562,"희,진",姫,여자 희/진,9,"조심하다, 상가다,",土,435,
10563,희,唏,훌쩍훌쩍울 희,10,"훌쩍훌쩍 울다, 곡하다, 슬프다. 슬퍄하다, 탄식하여 울다, 웃다.",水,435,
10564,희,晞,마를 희,11,"마르다, 말리다, 밝다, 밝아오다. 환해지다.",火,435,
10565,희,烯,불빛 희,11,불빛.,火,435,
10566,희,欷,한숨 쉴 희,11,한숨 쉬다(탄식하다). 흐느끼다(서글픈 감정으로 가볍게 울다),火,,"2024 보완전사(김기승 성명학 9,491자 기준본 대조 추가)"
10567,희,桸,국자 희,11,나무썩을. 국자 희,土,,"2024 보완전사(김기승 성명학 9,491자 기준본 대조 추가); 기준본 음(대표) 필드 오류로 뜻풀이 텍스트에서 재추출함"
10568,희,喜,기쁠 희,12,"기쁠 희. 즐거워하고 기뻐함(감정, 표현의 의미)",水,,"2024 보완전사(김기승 성명학 9,491자 기준본 대조 추가)"
10569,희,悕,원할 희,12,"원할 희. 바라거나 바라던 바를 원하는 마음(욕구, 소망)",火,,"2024 보완전사(김기승 성명학 9,491자 기준본 대조 추가)"
10570,희,稀,드물 희,12,드물 희. 드물고 희박함(빈도나 분포가 적음),木,,"2024 보완전사(김기승 성명학 9,491자 기준본 대조 추가)"
10571,희,琋,사람 이름 희,12,사람이름. 사람 이름 희,土,,"2024 보완전사(김기승 성명학 9,491자 기준본 대조 추가); 기준본 음(대표) 필드 오류로 뜻풀이 텍스트에서 재추출함"
10572,희,莃,토규 희,12,희나물. 토규 희,土,,"2024 보완전사(김기승 성명학 9,491자 기준본 대조 추가); 기준본 음(대표) 필드 오류로 뜻풀이 텍스트에서 재추출함"
10573,희,熺,빛날 희,13,"빛나다, 말리다, 쬐다, 화락하다. 기뻐하다, 놀다, 넓다, 넓어지다.",火,436,옥편 14획
10574,"희,이",煕,빛날 희,13,빛날 희. 복 희. 사람 이름 이,火,,"2024 보완전사(김기승 성명학 9,491자 기준본 대조 추가)"
10575,희,熺,빛날 희,14,"빛나다, 화락하다, 기뻐하다, 놀다. 일어나다, 넓어지다.",火,436,
10576,희,僖,기쁠 희,14,"기쁘다, 기뻐하다, 즐겁다, 즐기다. 좋아하다, 사랑하다.",火,436,
10577,희,豨,돼지 희,14,"돼지, 달리다.",水,436,
10578,희,熈,빛날 희,14,"빛날 희. 밝게 빛나거나 번성함(광채, 번영의 뜻)",火,,"2024 보완전사(김기승 성명학 9,491자 기준본 대조 추가)"
10579,희,熙,빛날 희,14,"빛날 희. 밝고 환함을 나타냄(빛, 화목, 번성의 의미)",火,,"2024 보완전사(김기승 성명학 9,491자 기준본 대조 추가)"
10580,"희,의",誒,탄식할 희,14,억지로할. 탄식할 희. 탄식할 의,土,,"2024 보완전사(김기승 성명학 9,491자 기준본 대조 추가); 기준본 음(대표) 필드 오류로 뜻풀이 텍스트에서 재추출함"
10581,희,熂,야화 희,14,풀베어태울. 야화 희,土,,"2024 보완전사(김기승 성명학 9,491자 기준본 대조 추가); 기준본 음(대표) 필드 오류로 뜻풀이 텍스트에서 재추출함"
10582,희,嬉,아름다울 희,15,"아름답다, 즐거워하다, 즐기다. 즐겁게 놀다, 기뻐하다, 장난하다.",土,436,
10583,"희,의",嘻,화락할 희/의,15,"화락하다, 웃다, 억지로 웃다. 자득하다, 신칙하다, 아 의.",水,436,
10584,희,熺,빛날 희,15,"빛나다, 말리다, 화락하다, 기뻐하다. 놀다, 넓다, 넓어지다, 일어나다.",水,436,옥편 16획
10585,희,橲,나무이름 희,16,나무이름.,木,436,
10586,희,憙,기쁠 희,16,"기쁘다, 기뻐하다, 즐겁다, 좋다. 좋아하다, 즐기다, 사랑하다.",火,436,옥편 15획
10587,희,暿,빛날 희,16,"빛나다, 밝다, 환하다, 성하다. 밝게 비추다, 희미하다.",火,436,
10588,희,熺,빛날 희,16,"빛나다, 밝다, 환하다, 성하다. 동이 트다, 밝게 비추다. 지을 희",火,436,
10589,희,熹,빛날 희,16,"빛나다, 밝다, 환하다, 성하다. 밝게 비추다, 희미하다, 세차게 타다.",火,436,
10590,희,憙,기뻐할 희,16,"기뻐하다, 좋아하다.",火,436,
10591,희,羲,복희씨 희,16,복희씨.,土,436,
10592,희,戲,희롱할 희,16,"희롱하다, 놀이하다, 놀다.",金,436,
10593,"희,애,억",噫,"한숨쉴 희/애,억",16,"한숨을 쉬다, 탄식하다, 느끼다. 트림하다, 트림할 애, 탄식할 억.",水,436,
10594,희,凞,빛날 희,16,빛날 희. 화할 희,水,,"2024 보완전사(김기승 성명학 9,491자 기준본 대조 추가)"
10595,희,戱,희롱할 희,16,"희롱할 희. 조롱하거나 가볍게 놀리다(희롱, 조소). 놀이, 연극 따위로 흥겹게 놀다(연희)",土,,"2024 보완전사(김기승 성명학 9,491자 기준본 대조 추가)"
10596,희,歖,기쁠 희,16,갑자기기뻐할. 기쁠 희,土,,"2024 보완전사(김기승 성명학 9,491자 기준본 대조 추가); 기준본 음(대표) 필드 오류로 뜻풀이 텍스트에서 재추출함"
10597,희,⿰欠喜,시시덕거릴 희,17,"시시덕거리다, 희롱하다. 서로 웃다.",火,437,
10598,희,⿰女熙,기쁠 희,17,"기쁘다, 부인의 호칭.",土,437,
10599,희,㜯,기쁠 희,17,희. 기쁠 희,土,,"2024 보완전사(김기승 성명학 9,491자 기준본 대조 추가)"
10600,희,㱆,시시덕거릴 희,17,희. 시시덕거릴 희,土,,"2024 보완전사(김기승 성명학 9,491자 기준본 대조 추가)"
10601,희,憘,기쁠 희,17,기쁠 희. 기쁘고 즐거워함. 만족스럽고 흐뭇한 마음,火,,"2024 보완전사(김기승 성명학 9,491자 기준본 대조 추가)"
10602,"희,선",燹,야화 희/선,18,"야화, 난리로 난 불, 봉화. 맞불 놓다, 태우다, 야화 선.",火,437,
10603,희,禧,복 희,18,"복 희. 복과 경사를 뜻함(경사, 복을 비는 뜻). 축하나 경사의 표시로 쓰임",木,,"2024 보완전사(김기승 성명학 9,491자 기준본 대조 추가)"
10604,희,繥,웃을 희,18,웃을. 웃을 희,土,,"2024 보완전사(김기승 성명학 9,491자 기준본 대조 추가); 기준본 음(대표) 필드 오류로 뜻풀이 텍스트에서 재추출함"
10605,희,譆,감탄할 희,19,"감탄하는 소리, 탄식하는 소리.",金,437,
10606,희,餼,보낼 희,19,"보내다, 쌀, 녹봉. 식량, 양식, 사료, 희생.",水,437,
10607,희,燨,불 희,20,"불, 햇빛.",火,437,
10608,희,曦,햇빛 희,20,"햇빛, 일광.",火,437,
10609,"희,사",犧,희생 희/사,20,"희생, 짐승. 술그릇 사.",土,437,
10610,희,爔,불 희,20,"불 희. 불이나 불빛을 이르는 말. 불길, 불꽃과 관련된 상태(타오름)",火,,"2024 보완전사(김기승 성명학 9,491자 기준본 대조 추가)"
10611,희,囍,쌍희 희,22,쌍희.,水,437,
10612,희,屭,힘 들일 희,24,힘쓸. 힘 들일 희,土,,"2024 보완전사(김기승 성명학 9,491자 기준본 대조 추가); 기준본 음(대표) 필드 오류로 뜻풀이 텍스트에서 재추출함"
10613,"흴,석",皙,흴 석,13,흴. 흴 석,金,,"2024 보완전사(김기승 성명학 9,491자 기준본 대조 추가); 1차 음의 뜻풀이 누락으로 타 음(석)의 훈으로 대표훈음 대체"
10614,"흴,교",皦,깨끗하고 흰 모양 교,18,흴. 깨끗하고 흰 모양 교,木,,"2024 보완전사(김기승 성명학 9,491자 기준본 대조 추가); 1차 음의 뜻풀이 누락으로 타 음(교)의 훈으로 대표훈음 대체"
10615,"흴,조,작",皭,흴 조,22,흴. 흴 조. 흴 작,金,,"2024 보완전사(김기승 성명학 9,491자 기준본 대조 추가); 1차 음의 뜻풀이 누락으로 타 음(조)의 훈으로 대표훈음 대체"
10616,힐,犵,오랑캐이름 힐,7,오랑케 이름.,土,437,옥편 6획
10617,힐,欯,기뻐할 힐,10,기쁠. 기뻐할 힐,土,,"2024 보완전사(김기승 성명학 9,491자 기준본 대조 추가); 기준본 음(대표) 필드 오류로 뜻풀이 텍스트에서 재추출함"
10618,힐,詰,물을 힐,13,"묻다, 따지다, 금지하다, 못하게하다. 경계하다, 꾸짖다, 다스리다. 벌하다.",金,437,
10619,"힐,갈",頡,곧은목 힐/갈,15,"곧은 목, 날아 올라가다, 크다. 겁략할 갈.",火,437,
10620,"힐,할",黠,약을 힐/할,18,"약다, 영리하다, 간교하다. 교활하다, 약을 할.",水,437,
10621,힐,纈,홀치기염색 힐,21,"홀치기 염색, 무늬 있는 비단. 맺다.",木,437,
10622,힐,襭,옷자락걷을 힐,21,옷자락 걷다.,木,437,옥편 20획
